anchor_sample_id,anchor_top1_error,sequence_id,neighbor_sample_id,relative_query_index,relative_time_sec,top1_error,current_support,history_has_any_support,last_support_age_sec,total_points,raw_top10_has_gt_1m
seq0001_valref_000001,60.33219528198242,seq0001,seq0001_valref_000000,-1,-0.04896974563598633,nan,False,False,nan,0,False
seq0001_valref_000001,60.33219528198242,seq0001,seq0001_valref_000001,0,0.0,60.33219528198242,True,True,0.013344526290893555,4111,True
seq0001_valref_000001,60.33219528198242,seq0001,seq0001_valref_000002,1,0.04957079887390137,0.4117949604988098,True,True,0.048903465270996094,4216,True
seq0001_valref_000001,60.33219528198242,seq0001,seq0001_valref_000003,2,0.10109853744506836,0.34609806537628174,True,True,0.0004792213439941406,8176,True
seq0001_valref_000001,60.33219528198242,seq0001,seq0001_valref_000004,3,0.14768314361572266,0.374412477016449,True,True,0.04706382751464844,8176,True
seq0001_valref_000001,60.33219528198242,seq0001,seq0001_valref_000005,4,0.1996002197265625,0.2914820611476898,True,True,0.01293492317199707,12153,True
seq0001_valref_000001,60.33219528198242,seq0001,seq0001_valref_000006,5,0.2464306354522705,0.2233492136001587,True,True,0.04573631286621094,12190,True
seq0001_valref_000097,8.507891654968262,seq0001,seq0001_valref_000092,-5,-0.40036582946777344,0.252672404050827,True,True,0.012328147888183594,42724,True
seq0001_valref_000097,8.507891654968262,seq0001,seq0001_valref_000093,-4,-0.3012704849243164,0.19082172214984894,True,True,0.011565446853637695,42773,True
seq0001_valref_000097,8.507891654968262,seq0001,seq0001_valref_000094,-3,-0.23515701293945312,0.15740589797496796,True,True,0.07767891883850098,42773,True
seq0001_valref_000097,8.507891654968262,seq0001,seq0001_valref_000095,-2,-0.1930372714996338,0.21618786454200745,True,True,0.019827604293823242,42832,True
seq0001_valref_000097,8.507891654968262,seq0001,seq0001_valref_000096,-1,-0.14711403846740723,0.19527171552181244,True,True,0.0657508373260498,42832,True
seq0001_valref_000097,8.507891654968262,seq0001,seq0001_valref_000097,0,0.0,8.507891654968262,True,True,0.11270594596862793,42774,True
seq0001_valref_000097,8.507891654968262,seq0001,seq0001_valref_000098,1,0.19971704483032227,8.570204734802246,True,True,0.3124229907989502,42774,True
seq0001_valref_000097,8.507891654968262,seq0001,seq0001_valref_000099,2,0.24536395072937012,8.591014862060547,True,True,0.35806989669799805,42774,True
seq0001_valref_000098,8.570204734802246,seq0001,seq0001_valref_000093,-5,-0.5009875297546387,0.19082172214984894,True,True,0.011565446853637695,42773,True
seq0001_valref_000098,8.570204734802246,seq0001,seq0001_valref_000094,-4,-0.4348740577697754,0.15740589797496796,True,True,0.07767891883850098,42773,True
seq0001_valref_000098,8.570204734802246,seq0001,seq0001_valref_000095,-3,-0.39275431632995605,0.21618786454200745,True,True,0.019827604293823242,42832,True
seq0001_valref_000098,8.570204734802246,seq0001,seq0001_valref_000096,-2,-0.3468310832977295,0.19527171552181244,True,True,0.0657508373260498,42832,True
seq0001_valref_000098,8.570204734802246,seq0001,seq0001_valref_000097,-1,-0.19971704483032227,8.507891654968262,True,True,0.11270594596862793,42774,True
seq0001_valref_000098,8.570204734802246,seq0001,seq0001_valref_000098,0,0.0,8.570204734802246,True,True,0.3124229907989502,42774,True
seq0001_valref_000098,8.570204734802246,seq0001,seq0001_valref_000099,1,0.04564690589904785,8.591014862060547,True,True,0.35806989669799805,42774,True
seq0001_valref_000099,8.591014862060547,seq0001,seq0001_valref_000094,-5,-0.48052096366882324,0.15740589797496796,True,True,0.07767891883850098,42773,True
seq0001_valref_000099,8.591014862060547,seq0001,seq0001_valref_000095,-4,-0.4384012222290039,0.21618786454200745,True,True,0.019827604293823242,42832,True
seq0001_valref_000099,8.591014862060547,seq0001,seq0001_valref_000096,-3,-0.39247798919677734,0.19527171552181244,True,True,0.0657508373260498,42832,True
seq0001_valref_000099,8.591014862060547,seq0001,seq0001_valref_000097,-2,-0.24536395072937012,8.507891654968262,True,True,0.11270594596862793,42774,True
seq0001_valref_000099,8.591014862060547,seq0001,seq0001_valref_000098,-1,-0.04564690589904785,8.570204734802246,True,True,0.3124229907989502,42774,True
seq0001_valref_000099,8.591014862060547,seq0001,seq0001_valref_000099,0,0.0,8.591014862060547,True,True,0.35806989669799805,42774,True
seq0002_valref_000101,47.64065170288086,seq0002,seq0002_valref_000100,-1,-0.048005104064941406,nan,False,False,nan,0,False
seq0002_valref_000101,47.64065170288086,seq0002,seq0002_valref_000101,0,0.0,47.64065170288086,False,False,nan,4413,False
seq0002_valref_000101,47.64065170288086,seq0002,seq0002_valref_000102,1,0.052721500396728516,47.644535064697266,False,False,nan,4413,False
seq0002_valref_000101,47.64065170288086,seq0002,seq0002_valref_000103,2,0.10088372230529785,0.8059970736503601,False,False,nan,8957,True
seq0002_valref_000101,47.64065170288086,seq0002,seq0002_valref_000104,3,0.15747952461242676,0.8799042701721191,False,False,nan,8957,True
seq0002_valref_000101,47.64065170288086,seq0002,seq0002_valref_000105,4,0.20146489143371582,0.4911669194698334,False,False,nan,13345,True
seq0002_valref_000101,47.64065170288086,seq0002,seq0002_valref_000106,5,0.2545619010925293,0.5611300468444824,False,False,nan,13345,True
seq0002_valref_000102,47.644535064697266,seq0002,seq0002_valref_000100,-2,-0.10072660446166992,nan,False,False,nan,0,False
seq0002_valref_000102,47.644535064697266,seq0002,seq0002_valref_000101,-1,-0.052721500396728516,47.64065170288086,False,False,nan,4413,False
seq0002_valref_000102,47.644535064697266,seq0002,seq0002_valref_000102,0,0.0,47.644535064697266,False,False,nan,4413,False
seq0002_valref_000102,47.644535064697266,seq0002,seq0002_valref_000103,1,0.048162221908569336,0.8059970736503601,False,False,nan,8957,True
seq0002_valref_000102,47.644535064697266,seq0002,seq0002_valref_000104,2,0.10475802421569824,0.8799042701721191,False,False,nan,8957,True
seq0002_valref_000102,47.644535064697266,seq0002,seq0002_valref_000105,3,0.1487433910369873,0.4911669194698334,False,False,nan,13345,True
seq0002_valref_000102,47.644535064697266,seq0002,seq0002_valref_000106,4,0.20184040069580078,0.5611300468444824,False,False,nan,13345,True
seq0002_valref_000102,47.644535064697266,seq0002,seq0002_valref_000107,5,0.24665141105651855,0.7526553869247437,False,False,nan,17769,True
seq0004_valref_000302,26.92884635925293,seq0004,seq0004_valref_000300,-2,-0.09829950332641602,nan,False,False,nan,0,False
seq0004_valref_000302,26.92884635925293,seq0004,seq0004_valref_000301,-1,-0.052010536193847656,nan,False,False,nan,0,False
seq0004_valref_000302,26.92884635925293,seq0004,seq0004_valref_000302,0,0.0,26.92884635925293,False,False,nan,4267,False
seq0004_valref_000302,26.92884635925293,seq0004,seq0004_valref_000303,1,0.04814887046813965,13.736903190612793,False,False,nan,4267,False
seq0004_valref_000302,26.92884635925293,seq0004,seq0004_valref_000304,2,0.10076904296875,62.50901412963867,False,False,nan,8858,False
seq0004_valref_000302,26.92884635925293,seq0004,seq0004_valref_000305,3,0.15105414390563965,17.107749938964844,False,False,nan,13277,False
seq0004_valref_000302,26.92884635925293,seq0004,seq0004_valref_000306,4,0.1992959976196289,17.159456253051758,False,False,nan,13277,False
seq0004_valref_000302,26.92884635925293,seq0004,seq0004_valref_000307,5,0.2483808994293213,17.2591552734375,False,False,nan,13277,False
seq0004_valref_000303,13.736903190612793,seq0004,seq0004_valref_000300,-3,-0.14644837379455566,nan,False,False,nan,0,False
seq0004_valref_000303,13.736903190612793,seq0004,seq0004_valref_000301,-2,-0.1001594066619873,nan,False,False,nan,0,False
seq0004_valref_000303,13.736903190612793,seq0004,seq0004_valref_000302,-1,-0.04814887046813965,26.92884635925293,False,False,nan,4267,False
seq0004_valref_000303,13.736903190612793,seq0004,seq0004_valref_000303,0,0.0,13.736903190612793,False,False,nan,4267,False
seq0004_valref_000303,13.736903190612793,seq0004,seq0004_valref_000304,1,0.05262017250061035,62.50901412963867,False,False,nan,8858,False
seq0004_valref_000303,13.736903190612793,seq0004,seq0004_valref_000305,2,0.1029052734375,17.107749938964844,False,False,nan,13277,False
seq0004_valref_000303,13.736903190612793,seq0004,seq0004_valref_000306,3,0.15114712715148926,17.159456253051758,False,False,nan,13277,False
seq0004_valref_000303,13.736903190612793,seq0004,seq0004_valref_000307,4,0.20023202896118164,17.2591552734375,False,False,nan,13277,False
seq0004_valref_000303,13.736903190612793,seq0004,seq0004_valref_000308,5,0.25687122344970703,26.49396324157715,False,False,nan,17605,False
seq0004_valref_000304,62.50901412963867,seq0004,seq0004_valref_000300,-4,-0.19906854629516602,nan,False,False,nan,0,False
seq0004_valref_000304,62.50901412963867,seq0004,seq0004_valref_000301,-3,-0.15277957916259766,nan,False,False,nan,0,False
seq0004_valref_000304,62.50901412963867,seq0004,seq0004_valref_000302,-2,-0.10076904296875,26.92884635925293,False,False,nan,4267,False
seq0004_valref_000304,62.50901412963867,seq0004,seq0004_valref_000303,-1,-0.05262017250061035,13.736903190612793,False,False,nan,4267,False
seq0004_valref_000304,62.50901412963867,seq0004,seq0004_valref_000304,0,0.0,62.50901412963867,False,False,nan,8858,False
seq0004_valref_000304,62.50901412963867,seq0004,seq0004_valref_000305,1,0.05028510093688965,17.107749938964844,False,False,nan,13277,False
seq0004_valref_000304,62.50901412963867,seq0004,seq0004_valref_000306,2,0.0985269546508789,17.159456253051758,False,False,nan,13277,False
seq0004_valref_000304,62.50901412963867,seq0004,seq0004_valref_000307,3,0.1476118564605713,17.2591552734375,False,False,nan,13277,False
seq0004_valref_000304,62.50901412963867,seq0004,seq0004_valref_000308,4,0.20425105094909668,26.49396324157715,False,False,nan,17605,False
seq0004_valref_000304,62.50901412963867,seq0004,seq0004_valref_000309,5,0.24713563919067383,26.56057357788086,False,False,nan,17605,False
seq0004_valref_000305,17.107749938964844,seq0004,seq0004_valref_000300,-5,-0.24935364723205566,nan,False,False,nan,0,False
seq0004_valref_000305,17.107749938964844,seq0004,seq0004_valref_000301,-4,-0.2030646800994873,nan,False,False,nan,0,False
seq0004_valref_000305,17.107749938964844,seq0004,seq0004_valref_000302,-3,-0.15105414390563965,26.92884635925293,False,False,nan,4267,False
seq0004_valref_000305,17.107749938964844,seq0004,seq0004_valref_000303,-2,-0.1029052734375,13.736903190612793,False,False,nan,4267,False
seq0004_valref_000305,17.107749938964844,seq0004,seq0004_valref_000304,-1,-0.05028510093688965,62.50901412963867,False,False,nan,8858,False
seq0004_valref_000305,17.107749938964844,seq0004,seq0004_valref_000305,0,0.0,17.107749938964844,False,False,nan,13277,False
seq0004_valref_000305,17.107749938964844,seq0004,seq0004_valref_000306,1,0.04824185371398926,17.159456253051758,False,False,nan,13277,False
seq0004_valref_000305,17.107749938964844,seq0004,seq0004_valref_000307,2,0.09732675552368164,17.2591552734375,False,False,nan,13277,False
seq0004_valref_000305,17.107749938964844,seq0004,seq0004_valref_000308,3,0.15396595001220703,26.49396324157715,False,False,nan,17605,False
seq0004_valref_000305,17.107749938964844,seq0004,seq0004_valref_000309,4,0.19685053825378418,26.56057357788086,False,False,nan,17605,False
seq0004_valref_000305,17.107749938964844,seq0004,seq0004_valref_000310,5,0.26603174209594727,26.646581649780273,False,False,nan,22201,False
seq0004_valref_000306,17.159456253051758,seq0004,seq0004_valref_000301,-5,-0.25130653381347656,nan,False,False,nan,0,False
seq0004_valref_000306,17.159456253051758,seq0004,seq0004_valref_000302,-4,-0.1992959976196289,26.92884635925293,False,False,nan,4267,False
seq0004_valref_000306,17.159456253051758,seq0004,seq0004_valref_000303,-3,-0.15114712715148926,13.736903190612793,False,False,nan,4267,False
seq0004_valref_000306,17.159456253051758,seq0004,seq0004_valref_000304,-2,-0.0985269546508789,62.50901412963867,False,False,nan,8858,False
seq0004_valref_000306,17.159456253051758,seq0004,seq0004_valref_000305,-1,-0.04824185371398926,17.107749938964844,False,False,nan,13277,False
seq0004_valref_000306,17.159456253051758,seq0004,seq0004_valref_000306,0,0.0,17.159456253051758,False,False,nan,13277,False
seq0004_valref_000306,17.159456253051758,seq0004,seq0004_valref_000307,1,0.04908490180969238,17.2591552734375,False,False,nan,13277,False
seq0004_valref_000306,17.159456253051758,seq0004,seq0004_valref_000308,2,0.10572409629821777,26.49396324157715,False,False,nan,17605,False
seq0004_valref_000306,17.159456253051758,seq0004,seq0004_valref_000309,3,0.14860868453979492,26.56057357788086,False,False,nan,17605,False
seq0004_valref_000306,17.159456253051758,seq0004,seq0004_valref_000310,4,0.217789888381958,26.646581649780273,False,False,nan,22201,False
seq0004_valref_000306,17.159456253051758,seq0004,seq0004_valref_000311,5,0.30190205574035645,26.841205596923828,False,False,nan,26741,False
seq0004_valref_000307,17.2591552734375,seq0004,seq0004_valref_000302,-5,-0.2483808994293213,26.92884635925293,False,False,nan,4267,False
seq0004_valref_000307,17.2591552734375,seq0004,seq0004_valref_000303,-4,-0.20023202896118164,13.736903190612793,False,False,nan,4267,False
seq0004_valref_000307,17.2591552734375,seq0004,seq0004_valref_000304,-3,-0.1476118564605713,62.50901412963867,False,False,nan,8858,False
seq0004_valref_000307,17.2591552734375,seq0004,seq0004_valref_000305,-2,-0.09732675552368164,17.107749938964844,False,False,nan,13277,False
seq0004_valref_000307,17.2591552734375,seq0004,seq0004_valref_000306,-1,-0.04908490180969238,17.159456253051758,False,False,nan,13277,False
seq0004_valref_000307,17.2591552734375,seq0004,seq0004_valref_000307,0,0.0,17.2591552734375,False,False,nan,13277,False
seq0004_valref_000307,17.2591552734375,seq0004,seq0004_valref_000308,1,0.05663919448852539,26.49396324157715,False,False,nan,17605,False
seq0004_valref_000307,17.2591552734375,seq0004,seq0004_valref_000309,2,0.09952378273010254,26.56057357788086,False,False,nan,17605,False
seq0004_valref_000307,17.2591552734375,seq0004,seq0004_valref_000310,3,0.16870498657226562,26.646581649780273,False,False,nan,22201,False
seq0004_valref_000307,17.2591552734375,seq0004,seq0004_valref_000311,4,0.25281715393066406,26.841205596923828,False,False,nan,26741,False
seq0004_valref_000307,17.2591552734375,seq0004,seq0004_valref_000312,5,0.3003408908843994,26.91518783569336,False,False,nan,26741,False
seq0004_valref_000308,26.49396324157715,seq0004,seq0004_valref_000303,-5,-0.25687122344970703,13.736903190612793,False,False,nan,4267,False
seq0004_valref_000308,26.49396324157715,seq0004,seq0004_valref_000304,-4,-0.20425105094909668,62.50901412963867,False,False,nan,8858,False
seq0004_valref_000308,26.49396324157715,seq0004,seq0004_valref_000305,-3,-0.15396595001220703,17.107749938964844,False,False,nan,13277,False
seq0004_valref_000308,26.49396324157715,seq0004,seq0004_valref_000306,-2,-0.10572409629821777,17.159456253051758,False,False,nan,13277,False
seq0004_valref_000308,26.49396324157715,seq0004,seq0004_valref_000307,-1,-0.05663919448852539,17.2591552734375,False,False,nan,13277,False
seq0004_valref_000308,26.49396324157715,seq0004,seq0004_valref_000308,0,0.0,26.49396324157715,False,False,nan,17605,False
seq0004_valref_000308,26.49396324157715,seq0004,seq0004_valref_000309,1,0.04288458824157715,26.56057357788086,False,False,nan,17605,False
seq0004_valref_000308,26.49396324157715,seq0004,seq0004_valref_000310,2,0.11206579208374023,26.646581649780273,False,False,nan,22201,False
seq0004_valref_000308,26.49396324157715,seq0004,seq0004_valref_000311,3,0.19617795944213867,26.841205596923828,False,False,nan,26741,False
seq0004_valref_000308,26.49396324157715,seq0004,seq0004_valref_000312,4,0.24370169639587402,26.91518783569336,False,False,nan,26741,False
seq0004_valref_000308,26.49396324157715,seq0004,seq0004_valref_000313,5,0.2965118885040283,26.278806686401367,False,False,nan,31167,False
seq0004_valref_000309,26.56057357788086,seq0004,seq0004_valref_000304,-5,-0.24713563919067383,62.50901412963867,False,False,nan,8858,False
seq0004_valref_000309,26.56057357788086,seq0004,seq0004_valref_000305,-4,-0.19685053825378418,17.107749938964844,False,False,nan,13277,False
seq0004_valref_000309,26.56057357788086,seq0004,seq0004_valref_000306,-3,-0.14860868453979492,17.159456253051758,False,False,nan,13277,False
seq0004_valref_000309,26.56057357788086,seq0004,seq0004_valref_000307,-2,-0.09952378273010254,17.2591552734375,False,False,nan,13277,False
seq0004_valref_000309,26.56057357788086,seq0004,seq0004_valref_000308,-1,-0.04288458824157715,26.49396324157715,False,False,nan,17605,False
seq0004_valref_000309,26.56057357788086,seq0004,seq0004_valref_000309,0,0.0,26.56057357788086,False,False,nan,17605,False
seq0004_valref_000309,26.56057357788086,seq0004,seq0004_valref_000310,1,0.06918120384216309,26.646581649780273,False,False,nan,22201,False
seq0004_valref_000309,26.56057357788086,seq0004,seq0004_valref_000311,2,0.15329337120056152,26.841205596923828,False,False,nan,26741,False
seq0004_valref_000309,26.56057357788086,seq0004,seq0004_valref_000312,3,0.20081710815429688,26.91518783569336,False,False,nan,26741,False
seq0004_valref_000309,26.56057357788086,seq0004,seq0004_valref_000313,4,0.25362730026245117,26.278806686401367,False,False,nan,31167,False
seq0004_valref_000309,26.56057357788086,seq0004,seq0004_valref_000314,5,0.30144834518432617,26.337905883789062,False,False,nan,31167,False
seq0004_valref_000310,26.646581649780273,seq0004,seq0004_valref_000305,-5,-0.26603174209594727,17.107749938964844,False,False,nan,13277,False
seq0004_valref_000310,26.646581649780273,seq0004,seq0004_valref_000306,-4,-0.217789888381958,17.159456253051758,False,False,nan,13277,False
seq0004_valref_000310,26.646581649780273,seq0004,seq0004_valref_000307,-3,-0.16870498657226562,17.2591552734375,False,False,nan,13277,False
seq0004_valref_000310,26.646581649780273,seq0004,seq0004_valref_000308,-2,-0.11206579208374023,26.49396324157715,False,False,nan,17605,False
seq0004_valref_000310,26.646581649780273,seq0004,seq0004_valref_000309,-1,-0.06918120384216309,26.56057357788086,False,False,nan,17605,False
seq0004_valref_000310,26.646581649780273,seq0004,seq0004_valref_000310,0,0.0,26.646581649780273,False,False,nan,22201,False
seq0004_valref_000310,26.646581649780273,seq0004,seq0004_valref_000311,1,0.08411216735839844,26.841205596923828,False,False,nan,26741,False
seq0004_valref_000310,26.646581649780273,seq0004,seq0004_valref_000312,2,0.1316359043121338,26.91518783569336,False,False,nan,26741,False
seq0004_valref_000310,26.646581649780273,seq0004,seq0004_valref_000313,3,0.18444609642028809,26.278806686401367,False,False,nan,31167,False
seq0004_valref_000310,26.646581649780273,seq0004,seq0004_valref_000314,4,0.23226714134216309,26.337905883789062,False,False,nan,31167,False
seq0004_valref_000310,26.646581649780273,seq0004,seq0004_valref_000315,5,0.28676462173461914,63.21643829345703,False,False,nan,35807,False
seq0004_valref_000311,26.841205596923828,seq0004,seq0004_valref_000306,-5,-0.30190205574035645,17.159456253051758,False,False,nan,13277,False
seq0004_valref_000311,26.841205596923828,seq0004,seq0004_valref_000307,-4,-0.25281715393066406,17.2591552734375,False,False,nan,13277,False
seq0004_valref_000311,26.841205596923828,seq0004,seq0004_valref_000308,-3,-0.19617795944213867,26.49396324157715,False,False,nan,17605,False
seq0004_valref_000311,26.841205596923828,seq0004,seq0004_valref_000309,-2,-0.15329337120056152,26.56057357788086,False,False,nan,17605,False
seq0004_valref_000311,26.841205596923828,seq0004,seq0004_valref_000310,-1,-0.08411216735839844,26.646581649780273,False,False,nan,22201,False
seq0004_valref_000311,26.841205596923828,seq0004,seq0004_valref_000311,0,0.0,26.841205596923828,False,False,nan,26741,False
seq0004_valref_000311,26.841205596923828,seq0004,seq0004_valref_000312,1,0.04752373695373535,26.91518783569336,False,False,nan,26741,False
seq0004_valref_000311,26.841205596923828,seq0004,seq0004_valref_000313,2,0.10033392906188965,26.278806686401367,False,False,nan,31167,False
seq0004_valref_000311,26.841205596923828,seq0004,seq0004_valref_000314,3,0.14815497398376465,26.337905883789062,False,False,nan,31167,False
seq0004_valref_000311,26.841205596923828,seq0004,seq0004_valref_000315,4,0.2026524543762207,63.21643829345703,False,False,nan,35807,False
seq0004_valref_000311,26.841205596923828,seq0004,seq0004_valref_000316,5,0.24889683723449707,26.424726486206055,False,False,nan,40337,False
seq0004_valref_000312,26.91518783569336,seq0004,seq0004_valref_000307,-5,-0.3003408908843994,17.2591552734375,False,False,nan,13277,False
seq0004_valref_000312,26.91518783569336,seq0004,seq0004_valref_000308,-4,-0.24370169639587402,26.49396324157715,False,False,nan,17605,False
seq0004_valref_000312,26.91518783569336,seq0004,seq0004_valref_000309,-3,-0.20081710815429688,26.56057357788086,False,False,nan,17605,False
seq0004_valref_000312,26.91518783569336,seq0004,seq0004_valref_000310,-2,-0.1316359043121338,26.646581649780273,False,False,nan,22201,False
seq0004_valref_000312,26.91518783569336,seq0004,seq0004_valref_000311,-1,-0.04752373695373535,26.841205596923828,False,False,nan,26741,False
seq0004_valref_000312,26.91518783569336,seq0004,seq0004_valref_000312,0,0.0,26.91518783569336,False,False,nan,26741,False
seq0004_valref_000312,26.91518783569336,seq0004,seq0004_valref_000313,1,0.0528101921081543,26.278806686401367,False,False,nan,31167,False
seq0004_valref_000312,26.91518783569336,seq0004,seq0004_valref_000314,2,0.1006312370300293,26.337905883789062,False,False,nan,31167,False
seq0004_valref_000312,26.91518783569336,seq0004,seq0004_valref_000315,3,0.15512871742248535,63.21643829345703,False,False,nan,35807,False
seq0004_valref_000312,26.91518783569336,seq0004,seq0004_valref_000316,4,0.20137310028076172,26.424726486206055,False,False,nan,40337,False
seq0004_valref_000312,26.91518783569336,seq0004,seq0004_valref_000317,5,0.25348925590515137,26.57147789001465,False,False,nan,40337,False
seq0004_valref_000313,26.278806686401367,seq0004,seq0004_valref_000308,-5,-0.2965118885040283,26.49396324157715,False,False,nan,17605,False
seq0004_valref_000313,26.278806686401367,seq0004,seq0004_valref_000309,-4,-0.25362730026245117,26.56057357788086,False,False,nan,17605,False
seq0004_valref_000313,26.278806686401367,seq0004,seq0004_valref_000310,-3,-0.18444609642028809,26.646581649780273,False,False,nan,22201,False
seq0004_valref_000313,26.278806686401367,seq0004,seq0004_valref_000311,-2,-0.10033392906188965,26.841205596923828,False,False,nan,26741,False
seq0004_valref_000313,26.278806686401367,seq0004,seq0004_valref_000312,-1,-0.0528101921081543,26.91518783569336,False,False,nan,26741,False
seq0004_valref_000313,26.278806686401367,seq0004,seq0004_valref_000313,0,0.0,26.278806686401367,False,False,nan,31167,False
seq0004_valref_000313,26.278806686401367,seq0004,seq0004_valref_000314,1,0.047821044921875,26.337905883789062,False,False,nan,31167,False
seq0004_valref_000313,26.278806686401367,seq0004,seq0004_valref_000315,2,0.10231852531433105,63.21643829345703,False,False,nan,35807,False
seq0004_valref_000313,26.278806686401367,seq0004,seq0004_valref_000316,3,0.14856290817260742,26.424726486206055,False,False,nan,40337,False
seq0004_valref_000313,26.278806686401367,seq0004,seq0004_valref_000317,4,0.20067906379699707,26.57147789001465,False,False,nan,40337,False
seq0004_valref_000313,26.278806686401367,seq0004,seq0004_valref_000318,5,0.24902820587158203,0.12971152365207672,True,True,0.0006103515625,44853,True
seq0004_valref_000314,26.337905883789062,seq0004,seq0004_valref_000309,-5,-0.30144834518432617,26.56057357788086,False,False,nan,17605,False
seq0004_valref_000314,26.337905883789062,seq0004,seq0004_valref_000310,-4,-0.23226714134216309,26.646581649780273,False,False,nan,22201,False
seq0004_valref_000314,26.337905883789062,seq0004,seq0004_valref_000311,-3,-0.14815497398376465,26.841205596923828,False,False,nan,26741,False
seq0004_valref_000314,26.337905883789062,seq0004,seq0004_valref_000312,-2,-0.1006312370300293,26.91518783569336,False,False,nan,26741,False
seq0004_valref_000314,26.337905883789062,seq0004,seq0004_valref_000313,-1,-0.047821044921875,26.278806686401367,False,False,nan,31167,False
seq0004_valref_000314,26.337905883789062,seq0004,seq0004_valref_000314,0,0.0,26.337905883789062,False,False,nan,31167,False
seq0004_valref_000314,26.337905883789062,seq0004,seq0004_valref_000315,1,0.054497480392456055,63.21643829345703,False,False,nan,35807,False
seq0004_valref_000314,26.337905883789062,seq0004,seq0004_valref_000316,2,0.10074186325073242,26.424726486206055,False,False,nan,40337,False
seq0004_valref_000314,26.337905883789062,seq0004,seq0004_valref_000317,3,0.15285801887512207,26.57147789001465,False,False,nan,40337,False
seq0004_valref_000314,26.337905883789062,seq0004,seq0004_valref_000318,4,0.20120716094970703,0.12971152365207672,True,True,0.0006103515625,44853,True
seq0004_valref_000314,26.337905883789062,seq0004,seq0004_valref_000319,5,0.25073933601379395,0.22243376076221466,True,True,0.050142526626586914,44853,True
seq0004_valref_000315,63.21643829345703,seq0004,seq0004_valref_000310,-5,-0.28676462173461914,26.646581649780273,False,False,nan,22201,False
seq0004_valref_000315,63.21643829345703,seq0004,seq0004_valref_000311,-4,-0.2026524543762207,26.841205596923828,False,False,nan,26741,False
seq0004_valref_000315,63.21643829345703,seq0004,seq0004_valref_000312,-3,-0.15512871742248535,26.91518783569336,False,False,nan,26741,False
seq0004_valref_000315,63.21643829345703,seq0004,seq0004_valref_000313,-2,-0.10231852531433105,26.278806686401367,False,False,nan,31167,False
seq0004_valref_000315,63.21643829345703,seq0004,seq0004_valref_000314,-1,-0.054497480392456055,26.337905883789062,False,False,nan,31167,False
seq0004_valref_000315,63.21643829345703,seq0004,seq0004_valref_000315,0,0.0,63.21643829345703,False,False,nan,35807,False
seq0004_valref_000315,63.21643829345703,seq0004,seq0004_valref_000316,1,0.04624438285827637,26.424726486206055,False,False,nan,40337,False
seq0004_valref_000315,63.21643829345703,seq0004,seq0004_valref_000317,2,0.09836053848266602,26.57147789001465,False,False,nan,40337,False
seq0004_valref_000315,63.21643829345703,seq0004,seq0004_valref_000318,3,0.14670968055725098,0.12971152365207672,True,True,0.0006103515625,44853,True
seq0004_valref_000315,63.21643829345703,seq0004,seq0004_valref_000319,4,0.1962418556213379,0.22243376076221466,True,True,0.050142526626586914,44853,True
seq0004_valref_000315,63.21643829345703,seq0004,seq0004_valref_000320,5,0.24382996559143066,0.3196077048778534,True,True,0.09773063659667969,44853,True
seq0004_valref_000316,26.424726486206055,seq0004,seq0004_valref_000311,-5,-0.24889683723449707,26.841205596923828,False,False,nan,26741,False
seq0004_valref_000316,26.424726486206055,seq0004,seq0004_valref_000312,-4,-0.20137310028076172,26.91518783569336,False,False,nan,26741,False
seq0004_valref_000316,26.424726486206055,seq0004,seq0004_valref_000313,-3,-0.14856290817260742,26.278806686401367,False,False,nan,31167,False
seq0004_valref_000316,26.424726486206055,seq0004,seq0004_valref_000314,-2,-0.10074186325073242,26.337905883789062,False,False,nan,31167,False
seq0004_valref_000316,26.424726486206055,seq0004,seq0004_valref_000315,-1,-0.04624438285827637,63.21643829345703,False,False,nan,35807,False
seq0004_valref_000316,26.424726486206055,seq0004,seq0004_valref_000316,0,0.0,26.424726486206055,False,False,nan,40337,False
seq0004_valref_000316,26.424726486206055,seq0004,seq0004_valref_000317,1,0.05211615562438965,26.57147789001465,False,False,nan,40337,False
seq0004_valref_000316,26.424726486206055,seq0004,seq0004_valref_000318,2,0.10046529769897461,0.12971152365207672,True,True,0.0006103515625,44853,True
seq0004_valref_000316,26.424726486206055,seq0004,seq0004_valref_000319,3,0.14999747276306152,0.22243376076221466,True,True,0.050142526626586914,44853,True
seq0004_valref_000316,26.424726486206055,seq0004,seq0004_valref_000320,4,0.1975855827331543,0.3196077048778534,True,True,0.09773063659667969,44853,True
seq0004_valref_000316,26.424726486206055,seq0004,seq0004_valref_000321,5,0.25200557708740234,0.2507462501525879,True,True,0.05213570594787598,45287,True
seq0004_valref_000317,26.57147789001465,seq0004,seq0004_valref_000312,-5,-0.25348925590515137,26.91518783569336,False,False,nan,26741,False
seq0004_valref_000317,26.57147789001465,seq0004,seq0004_valref_000313,-4,-0.20067906379699707,26.278806686401367,False,False,nan,31167,False
seq0004_valref_000317,26.57147789001465,seq0004,seq0004_valref_000314,-3,-0.15285801887512207,26.337905883789062,False,False,nan,31167,False
seq0004_valref_000317,26.57147789001465,seq0004,seq0004_valref_000315,-2,-0.09836053848266602,63.21643829345703,False,False,nan,35807,False
seq0004_valref_000317,26.57147789001465,seq0004,seq0004_valref_000316,-1,-0.05211615562438965,26.424726486206055,False,False,nan,40337,False
seq0004_valref_000317,26.57147789001465,seq0004,seq0004_valref_000317,0,0.0,26.57147789001465,False,False,nan,40337,False
seq0004_valref_000317,26.57147789001465,seq0004,seq0004_valref_000318,1,0.04834914207458496,0.12971152365207672,True,True,0.0006103515625,44853,True
seq0004_valref_000317,26.57147789001465,seq0004,seq0004_valref_000319,2,0.09788131713867188,0.22243376076221466,True,True,0.050142526626586914,44853,True
seq0004_valref_000317,26.57147789001465,seq0004,seq0004_valref_000320,3,0.14546942710876465,0.3196077048778534,True,True,0.09773063659667969,44853,True
seq0004_valref_000317,26.57147789001465,seq0004,seq0004_valref_000321,4,0.1998894214630127,0.2507462501525879,True,True,0.05213570594787598,45287,True
seq0004_valref_000317,26.57147789001465,seq0004,seq0004_valref_000322,5,0.24895882606506348,0.4849153161048889,True,True,0.10120511054992676,45189,True
seq0004_valref_000357,78.35645294189453,seq0004,seq0004_valref_000352,-5,-0.23533201217651367,0.40763700008392334,True,True,0.16489577293395996,46063,True
seq0004_valref_000357,78.35645294189453,seq0004,seq0004_valref_000353,-4,-0.19610977172851562,0.4198947548866272,False,True,0.204118013381958,46189,True
seq0004_valref_000357,78.35645294189453,seq0004,seq0004_valref_000354,-3,-0.1497805118560791,0.4682554304599762,False,True,0.25044727325439453,46189,True
seq0004_valref_000357,78.35645294189453,seq0004,seq0004_valref_000355,-2,-0.10379981994628906,0.5186820030212402,False,True,0.29642796516418457,46189,True
seq0004_valref_000357,78.35645294189453,seq0004,seq0004_valref_000356,-1,-0.05105137825012207,0.1427629142999649,True,True,0.04914259910583496,46077,True
seq0004_valref_000357,78.35645294189453,seq0004,seq0004_valref_000357,0,0.0,78.35645294189453,True,True,0.10019397735595703,46176,True
seq0004_valref_000357,78.35645294189453,seq0004,seq0004_valref_000358,1,0.05228161811828613,0.23133894801139832,True,True,0.15247559547424316,46176,True
seq0004_valref_000357,78.35645294189453,seq0004,seq0004_valref_000359,2,0.10034966468811035,78.3857650756836,False,True,0.20054364204406738,46274,True
seq0004_valref_000357,78.35645294189453,seq0004,seq0004_valref_000360,3,0.15061497688293457,30.138120651245117,False,True,0.2508089542388916,46274,True
seq0004_valref_000357,78.35645294189453,seq0004,seq0004_valref_000361,4,0.20044374465942383,30.20543098449707,False,True,0.30063772201538086,46034,True
seq0004_valref_000357,78.35645294189453,seq0004,seq0004_valref_000362,5,0.24968171119689941,30.23225212097168,False,True,0.34987568855285645,46034,True
seq0004_valref_000359,78.3857650756836,seq0004,seq0004_valref_000354,-5,-0.25013017654418945,0.4682554304599762,False,True,0.25044727325439453,46189,True
seq0004_valref_000359,78.3857650756836,seq0004,seq0004_valref_000355,-4,-0.20414948463439941,0.5186820030212402,False,True,0.29642796516418457,46189,True
seq0004_valref_000359,78.3857650756836,seq0004,seq0004_valref_000356,-3,-0.15140104293823242,0.1427629142999649,True,True,0.04914259910583496,46077,True
seq0004_valref_000359,78.3857650756836,seq0004,seq0004_valref_000357,-2,-0.10034966468811035,78.35645294189453,True,True,0.10019397735595703,46176,True
seq0004_valref_000359,78.3857650756836,seq0004,seq0004_valref_000358,-1,-0.04806804656982422,0.23133894801139832,True,True,0.15247559547424316,46176,True
seq0004_valref_000359,78.3857650756836,seq0004,seq0004_valref_000359,0,0.0,78.3857650756836,False,True,0.20054364204406738,46274,True
seq0004_valref_000359,78.3857650756836,seq0004,seq0004_valref_000360,1,0.05026531219482422,30.138120651245117,False,True,0.2508089542388916,46274,True
seq0004_valref_000359,78.3857650756836,seq0004,seq0004_valref_000361,2,0.10009407997131348,30.20543098449707,False,True,0.30063772201538086,46034,True
seq0004_valref_000359,78.3857650756836,seq0004,seq0004_valref_000362,3,0.14933204650878906,30.23225212097168,False,True,0.34987568855285645,46034,True
seq0004_valref_000359,78.3857650756836,seq0004,seq0004_valref_000363,4,0.20154476165771484,0.17887067794799805,True,True,0.002155303955078125,46204,True
seq0004_valref_000359,78.3857650756836,seq0004,seq0004_valref_000364,5,0.25032591819763184,0.198688805103302,True,True,0.05093646049499512,46204,True
seq0004_valref_000360,30.138120651245117,seq0004,seq0004_valref_000355,-5,-0.25441479682922363,0.5186820030212402,False,True,0.29642796516418457,46189,True
seq0004_valref_000360,30.138120651245117,seq0004,seq0004_valref_000356,-4,-0.20166635513305664,0.1427629142999649,True,True,0.04914259910583496,46077,True
seq0004_valref_000360,30.138120651245117,seq0004,seq0004_valref_000357,-3,-0.15061497688293457,78.35645294189453,True,True,0.10019397735595703,46176,True
seq0004_valref_000360,30.138120651245117,seq0004,seq0004_valref_000358,-2,-0.09833335876464844,0.23133894801139832,True,True,0.15247559547424316,46176,True
seq0004_valref_000360,30.138120651245117,seq0004,seq0004_valref_000359,-1,-0.05026531219482422,78.3857650756836,False,True,0.20054364204406738,46274,True
seq0004_valref_000360,30.138120651245117,seq0004,seq0004_valref_000360,0,0.0,30.138120651245117,False,True,0.2508089542388916,46274,True
seq0004_valref_000360,30.138120651245117,seq0004,seq0004_valref_000361,1,0.04982876777648926,30.20543098449707,False,True,0.30063772201538086,46034,True
seq0004_valref_000360,30.138120651245117,seq0004,seq0004_valref_000362,2,0.09906673431396484,30.23225212097168,False,True,0.34987568855285645,46034,True
seq0004_valref_000360,30.138120651245117,seq0004,seq0004_valref_000363,3,0.15127944946289062,0.17887067794799805,True,True,0.002155303955078125,46204,True
seq0004_valref_000360,30.138120651245117,seq0004,seq0004_valref_000364,4,0.20006060600280762,0.198688805103302,True,True,0.05093646049499512,46204,True
seq0004_valref_000360,30.138120651245117,seq0004,seq0004_valref_000365,5,0.24884748458862305,0.23048192262649536,True,True,0.09972333908081055,46204,True
seq0004_valref_000361,30.20543098449707,seq0004,seq0004_valref_000356,-5,-0.2514951229095459,0.1427629142999649,True,True,0.04914259910583496,46077,True
seq0004_valref_000361,30.20543098449707,seq0004,seq0004_valref_000357,-4,-0.20044374465942383,78.35645294189453,True,True,0.10019397735595703,46176,True
seq0004_valref_000361,30.20543098449707,seq0004,seq0004_valref_000358,-3,-0.1481621265411377,0.23133894801139832,True,True,0.15247559547424316,46176,True
seq0004_valref_000361,30.20543098449707,seq0004,seq0004_valref_000359,-2,-0.10009407997131348,78.3857650756836,False,True,0.20054364204406738,46274,True
seq0004_valref_000361,30.20543098449707,seq0004,seq0004_valref_000360,-1,-0.04982876777648926,30.138120651245117,False,True,0.2508089542388916,46274,True
seq0004_valref_000361,30.20543098449707,seq0004,seq0004_valref_000361,0,0.0,30.20543098449707,False,True,0.30063772201538086,46034,True
seq0004_valref_000361,30.20543098449707,seq0004,seq0004_valref_000362,1,0.049237966537475586,30.23225212097168,False,True,0.34987568855285645,46034,True
seq0004_valref_000361,30.20543098449707,seq0004,seq0004_valref_000363,2,0.10145068168640137,0.17887067794799805,True,True,0.002155303955078125,46204,True
seq0004_valref_000361,30.20543098449707,seq0004,seq0004_valref_000364,3,0.15023183822631836,0.198688805103302,True,True,0.05093646049499512,46204,True
seq0004_valref_000361,30.20543098449707,seq0004,seq0004_valref_000365,4,0.1990187168121338,0.23048192262649536,True,True,0.09972333908081055,46204,True
seq0004_valref_000361,30.20543098449707,seq0004,seq0004_valref_000366,5,0.24838757514953613,0.3063540458679199,True,True,0.04902219772338867,46161,True
seq0004_valref_000362,30.23225212097168,seq0004,seq0004_valref_000357,-5,-0.24968171119689941,78.35645294189453,True,True,0.10019397735595703,46176,True
seq0004_valref_000362,30.23225212097168,seq0004,seq0004_valref_000358,-4,-0.19740009307861328,0.23133894801139832,True,True,0.15247559547424316,46176,True
seq0004_valref_000362,30.23225212097168,seq0004,seq0004_valref_000359,-3,-0.14933204650878906,78.3857650756836,False,True,0.20054364204406738,46274,True
seq0004_valref_000362,30.23225212097168,seq0004,seq0004_valref_000360,-2,-0.09906673431396484,30.138120651245117,False,True,0.2508089542388916,46274,True
seq0004_valref_000362,30.23225212097168,seq0004,seq0004_valref_000361,-1,-0.049237966537475586,30.20543098449707,False,True,0.30063772201538086,46034,True
seq0004_valref_000362,30.23225212097168,seq0004,seq0004_valref_000362,0,0.0,30.23225212097168,False,True,0.34987568855285645,46034,True
seq0004_valref_000362,30.23225212097168,seq0004,seq0004_valref_000363,1,0.05221271514892578,0.17887067794799805,True,True,0.002155303955078125,46204,True
seq0004_valref_000362,30.23225212097168,seq0004,seq0004_valref_000364,2,0.10099387168884277,0.198688805103302,True,True,0.05093646049499512,46204,True
seq0004_valref_000362,30.23225212097168,seq0004,seq0004_valref_000365,3,0.1497807502746582,0.23048192262649536,True,True,0.09972333908081055,46204,True
seq0004_valref_000362,30.23225212097168,seq0004,seq0004_valref_000366,4,0.19914960861206055,0.3063540458679199,True,True,0.04902219772338867,46161,True
seq0004_valref_000362,30.23225212097168,seq0004,seq0004_valref_000367,5,0.2481706142425537,0.34140822291374207,True,True,0.09804320335388184,46161,True
seq0004_valref_000390,36.412227630615234,seq0004,seq0004_valref_000385,-5,-0.26270341873168945,0.17848165333271027,True,True,0.09880375862121582,46024,True
seq0004_valref_000390,36.412227630615234,seq0004,seq0004_valref_000386,-4,-0.21142196655273438,0.22547456622123718,True,True,0.05005621910095215,46102,True
seq0004_valref_000390,36.412227630615234,seq0004,seq0004_valref_000387,-3,-0.16221904754638672,0.24335893988609314,True,True,0.0992591381072998,46102,True
seq0004_valref_000390,36.412227630615234,seq0004,seq0004_valref_000388,-2,-0.11198544502258301,0.18523001670837402,True,True,0.14949274063110352,45934,True
seq0004_valref_000390,36.412227630615234,seq0004,seq0004_valref_000389,-1,-0.06397438049316406,0.2036466896533966,True,True,0.19750380516052246,45934,True
seq0004_valref_000390,36.412227630615234,seq0004,seq0004_valref_000390,0,0.0,36.412227630615234,True,True,0.061446189880371094,46113,True
seq0004_valref_000390,36.412227630615234,seq0004,seq0004_valref_000391,1,0.0386815071105957,36.38486099243164,True,True,0.1001276969909668,46037,True
seq0004_valref_000390,36.412227630615234,seq0004,seq0004_valref_000392,2,0.1079413890838623,36.39158630371094,True,True,0.1693875789642334,46037,True
seq0004_valref_000390,36.412227630615234,seq0004,seq0004_valref_000393,3,0.18645572662353516,29.50141716003418,False,True,0.24790191650390625,45963,True
seq0004_valref_000390,36.412227630615234,seq0004,seq0004_valref_000394,4,0.23700881004333496,29.427650451660156,False,True,0.29845499992370605,45963,True
seq0004_valref_000390,36.412227630615234,seq0004,seq0004_valref_000395,5,0.28751444816589355,0.2465113252401352,True,True,0.048961639404296875,46123,True
seq0004_valref_000391,36.38486099243164,seq0004,seq0004_valref_000386,-5,-0.2501034736633301,0.22547456622123718,True,True,0.05005621910095215,46102,True
seq0004_valref_000391,36.38486099243164,seq0004,seq0004_valref_000387,-4,-0.20090055465698242,0.24335893988609314,True,True,0.0992591381072998,46102,True
seq0004_valref_000391,36.38486099243164,seq0004,seq0004_valref_000388,-3,-0.1506669521331787,0.18523001670837402,True,True,0.14949274063110352,45934,True
seq0004_valref_000391,36.38486099243164,seq0004,seq0004_valref_000389,-2,-0.10265588760375977,0.2036466896533966,True,True,0.19750380516052246,45934,True
seq0004_valref_000391,36.38486099243164,seq0004,seq0004_valref_000390,-1,-0.0386815071105957,36.412227630615234,True,True,0.061446189880371094,46113,True
seq0004_valref_000391,36.38486099243164,seq0004,seq0004_valref_000391,0,0.0,36.38486099243164,True,True,0.1001276969909668,46037,True
seq0004_valref_000391,36.38486099243164,seq0004,seq0004_valref_000392,1,0.0692598819732666,36.39158630371094,True,True,0.1693875789642334,46037,True
seq0004_valref_000391,36.38486099243164,seq0004,seq0004_valref_000393,2,0.14777421951293945,29.50141716003418,False,True,0.24790191650390625,45963,True
seq0004_valref_000391,36.38486099243164,seq0004,seq0004_valref_000394,3,0.19832730293273926,29.427650451660156,False,True,0.29845499992370605,45963,True
seq0004_valref_000391,36.38486099243164,seq0004,seq0004_valref_000395,4,0.24883294105529785,0.2465113252401352,True,True,0.048961639404296875,46123,True
seq0004_valref_000391,36.38486099243164,seq0004,seq0004_valref_000396,5,0.2975943088531494,0.2576884925365448,True,True,0.09772300720214844,46123,True
seq0004_valref_000392,36.39158630371094,seq0004,seq0004_valref_000387,-5,-0.270160436630249,0.24335893988609314,True,True,0.0992591381072998,46102,True
seq0004_valref_000392,36.39158630371094,seq0004,seq0004_valref_000388,-4,-0.2199268341064453,0.18523001670837402,True,True,0.14949274063110352,45934,True
seq0004_valref_000392,36.39158630371094,seq0004,seq0004_valref_000389,-3,-0.17191576957702637,0.2036466896533966,True,True,0.19750380516052246,45934,True
seq0004_valref_000392,36.39158630371094,seq0004,seq0004_valref_000390,-2,-0.1079413890838623,36.412227630615234,True,True,0.061446189880371094,46113,True
seq0004_valref_000392,36.39158630371094,seq0004,seq0004_valref_000391,-1,-0.0692598819732666,36.38486099243164,True,True,0.1001276969909668,46037,True
seq0004_valref_000392,36.39158630371094,seq0004,seq0004_valref_000392,0,0.0,36.39158630371094,True,True,0.1693875789642334,46037,True
seq0004_valref_000392,36.39158630371094,seq0004,seq0004_valref_000393,1,0.07851433753967285,29.50141716003418,False,True,0.24790191650390625,45963,True
seq0004_valref_000392,36.39158630371094,seq0004,seq0004_valref_000394,2,0.12906742095947266,29.427650451660156,False,True,0.29845499992370605,45963,True
seq0004_valref_000392,36.39158630371094,seq0004,seq0004_valref_000395,3,0.17957305908203125,0.2465113252401352,True,True,0.048961639404296875,46123,True
seq0004_valref_000392,36.39158630371094,seq0004,seq0004_valref_000396,4,0.2283344268798828,0.2576884925365448,True,True,0.09772300720214844,46123,True
seq0004_valref_000392,36.39158630371094,seq0004,seq0004_valref_000397,5,0.28362560272216797,0.2807173728942871,True,True,0.1530141830444336,46038,True
seq0004_valref_000393,29.50141716003418,seq0004,seq0004_valref_000388,-5,-0.29844117164611816,0.18523001670837402,True,True,0.14949274063110352,45934,True
seq0004_valref_000393,29.50141716003418,seq0004,seq0004_valref_000389,-4,-0.2504301071166992,0.2036466896533966,True,True,0.19750380516052246,45934,True
seq0004_valref_000393,29.50141716003418,seq0004,seq0004_valref_000390,-3,-0.18645572662353516,36.412227630615234,True,True,0.061446189880371094,46113,True
seq0004_valref_000393,29.50141716003418,seq0004,seq0004_valref_000391,-2,-0.14777421951293945,36.38486099243164,True,True,0.1001276969909668,46037,True
seq0004_valref_000393,29.50141716003418,seq0004,seq0004_valref_000392,-1,-0.07851433753967285,36.39158630371094,True,True,0.1693875789642334,46037,True
seq0004_valref_000393,29.50141716003418,seq0004,seq0004_valref_000393,0,0.0,29.50141716003418,False,True,0.24790191650390625,45963,True
seq0004_valref_000393,29.50141716003418,seq0004,seq0004_valref_000394,1,0.050553083419799805,29.427650451660156,False,True,0.29845499992370605,45963,True
seq0004_valref_000393,29.50141716003418,seq0004,seq0004_valref_000395,2,0.1010587215423584,0.2465113252401352,True,True,0.048961639404296875,46123,True
seq0004_valref_000393,29.50141716003418,seq0004,seq0004_valref_000396,3,0.14982008934020996,0.2576884925365448,True,True,0.09772300720214844,46123,True
seq0004_valref_000393,29.50141716003418,seq0004,seq0004_valref_000397,4,0.20511126518249512,0.2807173728942871,True,True,0.1530141830444336,46038,True
seq0004_valref_000393,29.50141716003418,seq0004,seq0004_valref_000398,5,0.25166773796081543,0.31681954860687256,True,True,0.1995706558227539,46038,True
seq0004_valref_000394,29.427650451660156,seq0004,seq0004_valref_000389,-5,-0.300983190536499,0.2036466896533966,True,True,0.19750380516052246,45934,True
seq0004_valref_000394,29.427650451660156,seq0004,seq0004_valref_000390,-4,-0.23700881004333496,36.412227630615234,True,True,0.061446189880371094,46113,True
seq0004_valref_000394,29.427650451660156,seq0004,seq0004_valref_000391,-3,-0.19832730293273926,36.38486099243164,True,True,0.1001276969909668,46037,True
seq0004_valref_000394,29.427650451660156,seq0004,seq0004_valref_000392,-2,-0.12906742095947266,36.39158630371094,True,True,0.1693875789642334,46037,True
seq0004_valref_000394,29.427650451660156,seq0004,seq0004_valref_000393,-1,-0.050553083419799805,29.50141716003418,False,True,0.24790191650390625,45963,True
seq0004_valref_000394,29.427650451660156,seq0004,seq0004_valref_000394,0,0.0,29.427650451660156,False,True,0.29845499992370605,45963,True
seq0004_valref_000394,29.427650451660156,seq0004,seq0004_valref_000395,1,0.050505638122558594,0.2465113252401352,True,True,0.048961639404296875,46123,True
seq0004_valref_000394,29.427650451660156,seq0004,seq0004_valref_000396,2,0.09926700592041016,0.2576884925365448,True,True,0.09772300720214844,46123,True
seq0004_valref_000394,29.427650451660156,seq0004,seq0004_valref_000397,3,0.1545581817626953,0.2807173728942871,True,True,0.1530141830444336,46038,True
seq0004_valref_000394,29.427650451660156,seq0004,seq0004_valref_000398,4,0.20111465454101562,0.31681954860687256,True,True,0.1995706558227539,46038,True
seq0004_valref_000394,29.427650451660156,seq0004,seq0004_valref_000399,5,0.25730299949645996,0.557897686958313,True,True,0.055757999420166016,46033,True
seq0005_valref_000414,20.82744789123535,seq0005,seq0005_valref_000409,-5,-0.24718308448791504,0.20126746594905853,True,True,0.05283808708190918,22651,True
seq0005_valref_000414,20.82744789123535,seq0005,seq0005_valref_000410,-4,-0.20049262046813965,0.19805163145065308,True,True,0.09952855110168457,22651,True
seq0005_valref_000414,20.82744789123535,seq0005,seq0005_valref_000411,-3,-0.1347978115081787,0.32788509130477905,True,True,0.065185546875,27298,True
seq0005_valref_000414,20.82744789123535,seq0005,seq0005_valref_000412,-2,-0.09985184669494629,0.2541435658931732,True,True,0.0001354217529296875,31622,True
seq0005_valref_000414,20.82744789123535,seq0005,seq0005_valref_000413,-1,-0.04903817176818848,0.2732585668563843,True,True,0.0509490966796875,31622,True
seq0005_valref_000414,20.82744789123535,seq0005,seq0005_valref_000414,0,0.0,20.82744789123535,True,True,0.00010824203491210938,35993,True
seq0005_valref_000414,20.82744789123535,seq0005,seq0005_valref_000415,1,0.047565460205078125,20.829038619995117,True,True,0.047673702239990234,35993,True
seq0005_valref_000414,20.82744789123535,seq0005,seq0005_valref_000416,2,0.10000038146972656,0.20948511362075806,True,True,0.00017261505126953125,40723,True
seq0005_valref_000414,20.82744789123535,seq0005,seq0005_valref_000417,3,0.15190434455871582,0.20842431485652924,True,True,0.05207657814025879,40723,True
seq0005_valref_000414,20.82744789123535,seq0005,seq0005_valref_000418,4,0.19951772689819336,0.21416473388671875,True,True,0.09968996047973633,40723,True
seq0005_valref_000414,20.82744789123535,seq0005,seq0005_valref_000419,5,0.2574167251586914,0.22276590764522552,True,True,0.15758895874023438,45149,True
seq0005_valref_000415,20.829038619995117,seq0005,seq0005_valref_000410,-5,-0.24805808067321777,0.19805163145065308,True,True,0.09952855110168457,22651,True
seq0005_valref_000415,20.829038619995117,seq0005,seq0005_valref_000411,-4,-0.18236327171325684,0.32788509130477905,True,True,0.065185546875,27298,True
seq0005_valref_000415,20.829038619995117,seq0005,seq0005_valref_000412,-3,-0.14741730690002441,0.2541435658931732,True,True,0.0001354217529296875,31622,True
seq0005_valref_000415,20.829038619995117,seq0005,seq0005_valref_000413,-2,-0.0966036319732666,0.2732585668563843,True,True,0.0509490966796875,31622,True
seq0005_valref_000415,20.829038619995117,seq0005,seq0005_valref_000414,-1,-0.047565460205078125,20.82744789123535,True,True,0.00010824203491210938,35993,True
seq0005_valref_000415,20.829038619995117,seq0005,seq0005_valref_000415,0,0.0,20.829038619995117,True,True,0.047673702239990234,35993,True
seq0005_valref_000415,20.829038619995117,seq0005,seq0005_valref_000416,1,0.05243492126464844,0.20948511362075806,True,True,0.00017261505126953125,40723,True
seq0005_valref_000415,20.829038619995117,seq0005,seq0005_valref_000417,2,0.1043388843536377,0.20842431485652924,True,True,0.05207657814025879,40723,True
seq0005_valref_000415,20.829038619995117,seq0005,seq0005_valref_000418,3,0.15195226669311523,0.21416473388671875,True,True,0.09968996047973633,40723,True
seq0005_valref_000415,20.829038619995117,seq0005,seq0005_valref_000419,4,0.20985126495361328,0.22276590764522552,True,True,0.15758895874023438,45149,True
seq0005_valref_000415,20.829038619995117,seq0005,seq0005_valref_000420,5,0.2520108222961426,0.23443661630153656,True,True,0.19974851608276367,45149,True
seq0005_valref_000421,29.529788970947266,seq0005,seq0005_valref_000416,-5,-0.24878287315368652,0.20948511362075806,True,True,0.00017261505126953125,40723,True
seq0005_valref_000421,29.529788970947266,seq0005,seq0005_valref_000417,-4,-0.19687891006469727,0.20842431485652924,True,True,0.05207657814025879,40723,True
seq0005_valref_000421,29.529788970947266,seq0005,seq0005_valref_000418,-3,-0.14926552772521973,0.21416473388671875,True,True,0.09968996047973633,40723,True
seq0005_valref_000421,29.529788970947266,seq0005,seq0005_valref_000419,-2,-0.09136652946472168,0.22276590764522552,True,True,0.15758895874023438,45149,True
seq0005_valref_000421,29.529788970947266,seq0005,seq0005_valref_000420,-1,-0.04920697212219238,0.23443661630153656,True,True,0.19974851608276367,45149,True
seq0005_valref_000421,29.529788970947266,seq0005,seq0005_valref_000421,0,0.0,29.529788970947266,True,True,0.048836469650268555,44903,False
seq0005_valref_000421,29.529788970947266,seq0005,seq0005_valref_000422,1,0.05350613594055176,29.26328468322754,True,True,0.002287626266479492,44944,False
seq0005_valref_000421,29.529788970947266,seq0005,seq0005_valref_000423,2,0.10308718681335449,29.267587661743164,True,True,0.05186867713928223,44944,True
seq0005_valref_000421,29.529788970947266,seq0005,seq0005_valref_000424,3,0.15239930152893066,54.70550537109375,True,True,0.1011807918548584,44759,False
seq0005_valref_000421,29.529788970947266,seq0005,seq0005_valref_000425,4,0.2072746753692627,29.509897232055664,True,True,0.15605616569519043,44759,False
seq0005_valref_000421,29.529788970947266,seq0005,seq0005_valref_000426,5,0.24755859375,29.510576248168945,True,True,0.19634008407592773,44759,False
seq0005_valref_000422,29.26328468322754,seq0005,seq0005_valref_000417,-5,-0.250385046005249,0.20842431485652924,True,True,0.05207657814025879,40723,True
seq0005_valref_000422,29.26328468322754,seq0005,seq0005_valref_000418,-4,-0.20277166366577148,0.21416473388671875,True,True,0.09968996047973633,40723,True
seq0005_valref_000422,29.26328468322754,seq0005,seq0005_valref_000419,-3,-0.14487266540527344,0.22276590764522552,True,True,0.15758895874023438,45149,True
seq0005_valref_000422,29.26328468322754,seq0005,seq0005_valref_000420,-2,-0.10271310806274414,0.23443661630153656,True,True,0.19974851608276367,45149,True
seq0005_valref_000422,29.26328468322754,seq0005,seq0005_valref_000421,-1,-0.05350613594055176,29.529788970947266,True,True,0.048836469650268555,44903,False
seq0005_valref_000422,29.26328468322754,seq0005,seq0005_valref_000422,0,0.0,29.26328468322754,True,True,0.002287626266479492,44944,False
seq0005_valref_000422,29.26328468322754,seq0005,seq0005_valref_000423,1,0.049581050872802734,29.267587661743164,True,True,0.05186867713928223,44944,True
seq0005_valref_000422,29.26328468322754,seq0005,seq0005_valref_000424,2,0.0988931655883789,54.70550537109375,True,True,0.1011807918548584,44759,False
seq0005_valref_000422,29.26328468322754,seq0005,seq0005_valref_000425,3,0.15376853942871094,29.509897232055664,True,True,0.15605616569519043,44759,False
seq0005_valref_000422,29.26328468322754,seq0005,seq0005_valref_000426,4,0.19405245780944824,29.510576248168945,True,True,0.19634008407592773,44759,False
seq0005_valref_000422,29.26328468322754,seq0005,seq0005_valref_000427,5,0.24145007133483887,29.564533233642578,True,True,0.043791770935058594,44548,False
seq0005_valref_000423,29.267587661743164,seq0005,seq0005_valref_000418,-5,-0.2523527145385742,0.21416473388671875,True,True,0.09968996047973633,40723,True
seq0005_valref_000423,29.267587661743164,seq0005,seq0005_valref_000419,-4,-0.19445371627807617,0.22276590764522552,True,True,0.15758895874023438,45149,True
seq0005_valref_000423,29.267587661743164,seq0005,seq0005_valref_000420,-3,-0.15229415893554688,0.23443661630153656,True,True,0.19974851608276367,45149,True
seq0005_valref_000423,29.267587661743164,seq0005,seq0005_valref_000421,-2,-0.10308718681335449,29.529788970947266,True,True,0.048836469650268555,44903,False
seq0005_valref_000423,29.267587661743164,seq0005,seq0005_valref_000422,-1,-0.049581050872802734,29.26328468322754,True,True,0.002287626266479492,44944,False
seq0005_valref_000423,29.267587661743164,seq0005,seq0005_valref_000423,0,0.0,29.267587661743164,True,True,0.05186867713928223,44944,True
seq0005_valref_000423,29.267587661743164,seq0005,seq0005_valref_000424,1,0.04931211471557617,54.70550537109375,True,True,0.1011807918548584,44759,False
seq0005_valref_000423,29.267587661743164,seq0005,seq0005_valref_000425,2,0.1041874885559082,29.509897232055664,True,True,0.15605616569519043,44759,False
seq0005_valref_000423,29.267587661743164,seq0005,seq0005_valref_000426,3,0.1444714069366455,29.510576248168945,True,True,0.19634008407592773,44759,False
seq0005_valref_000423,29.267587661743164,seq0005,seq0005_valref_000427,4,0.19186902046203613,29.564533233642578,True,True,0.043791770935058594,44548,False
seq0005_valref_000423,29.267587661743164,seq0005,seq0005_valref_000428,5,0.2393946647644043,29.566463470458984,True,True,0.09131741523742676,44548,True
seq0005_valref_000424,54.70550537109375,seq0005,seq0005_valref_000419,-5,-0.24376583099365234,0.22276590764522552,True,True,0.15758895874023438,45149,True
seq0005_valref_000424,54.70550537109375,seq0005,seq0005_valref_000420,-4,-0.20160627365112305,0.23443661630153656,True,True,0.19974851608276367,45149,True
seq0005_valref_000424,54.70550537109375,seq0005,seq0005_valref_000421,-3,-0.15239930152893066,29.529788970947266,True,True,0.048836469650268555,44903,False
seq0005_valref_000424,54.70550537109375,seq0005,seq0005_valref_000422,-2,-0.0988931655883789,29.26328468322754,True,True,0.002287626266479492,44944,False
seq0005_valref_000424,54.70550537109375,seq0005,seq0005_valref_000423,-1,-0.04931211471557617,29.267587661743164,True,True,0.05186867713928223,44944,True
seq0005_valref_000424,54.70550537109375,seq0005,seq0005_valref_000424,0,0.0,54.70550537109375,True,True,0.1011807918548584,44759,False
seq0005_valref_000424,54.70550537109375,seq0005,seq0005_valref_000425,1,0.05487537384033203,29.509897232055664,True,True,0.15605616569519043,44759,False
seq0005_valref_000424,54.70550537109375,seq0005,seq0005_valref_000426,2,0.09515929222106934,29.510576248168945,True,True,0.19634008407592773,44759,False
seq0005_valref_000424,54.70550537109375,seq0005,seq0005_valref_000427,3,0.14255690574645996,29.564533233642578,True,True,0.043791770935058594,44548,False
seq0005_valref_000424,54.70550537109375,seq0005,seq0005_valref_000428,4,0.19008255004882812,29.566463470458984,True,True,0.09131741523742676,44548,True
seq0005_valref_000424,54.70550537109375,seq0005,seq0005_valref_000429,5,0.255875825881958,29.265933990478516,True,True,0.15711069107055664,44591,True
seq0005_valref_000425,29.509897232055664,seq0005,seq0005_valref_000420,-5,-0.2564816474914551,0.23443661630153656,True,True,0.19974851608276367,45149,True
seq0005_valref_000425,29.509897232055664,seq0005,seq0005_valref_000421,-4,-0.2072746753692627,29.529788970947266,True,True,0.048836469650268555,44903,False
seq0005_valref_000425,29.509897232055664,seq0005,seq0005_valref_000422,-3,-0.15376853942871094,29.26328468322754,True,True,0.002287626266479492,44944,False
seq0005_valref_000425,29.509897232055664,seq0005,seq0005_valref_000423,-2,-0.1041874885559082,29.267587661743164,True,True,0.05186867713928223,44944,True
seq0005_valref_000425,29.509897232055664,seq0005,seq0005_valref_000424,-1,-0.05487537384033203,54.70550537109375,True,True,0.1011807918548584,44759,False
seq0005_valref_000425,29.509897232055664,seq0005,seq0005_valref_000425,0,0.0,29.509897232055664,True,True,0.15605616569519043,44759,False
seq0005_valref_000425,29.509897232055664,seq0005,seq0005_valref_000426,1,0.040283918380737305,29.510576248168945,True,True,0.19634008407592773,44759,False
seq0005_valref_000425,29.509897232055664,seq0005,seq0005_valref_000427,2,0.08768153190612793,29.564533233642578,True,True,0.043791770935058594,44548,False
seq0005_valref_000425,29.509897232055664,seq0005,seq0005_valref_000428,3,0.1352071762084961,29.566463470458984,True,True,0.09131741523742676,44548,True
seq0005_valref_000425,29.509897232055664,seq0005,seq0005_valref_000429,4,0.20100045204162598,29.265933990478516,True,True,0.15711069107055664,44591,True
seq0005_valref_000425,29.509897232055664,seq0005,seq0005_valref_000430,5,0.2425687313079834,29.273256301879883,True,True,0.19867897033691406,44591,True
seq0005_valref_000426,29.510576248168945,seq0005,seq0005_valref_000421,-5,-0.24755859375,29.529788970947266,True,True,0.048836469650268555,44903,False
seq0005_valref_000426,29.510576248168945,seq0005,seq0005_valref_000422,-4,-0.19405245780944824,29.26328468322754,True,True,0.002287626266479492,44944,False
seq0005_valref_000426,29.510576248168945,seq0005,seq0005_valref_000423,-3,-0.1444714069366455,29.267587661743164,True,True,0.05186867713928223,44944,True
seq0005_valref_000426,29.510576248168945,seq0005,seq0005_valref_000424,-2,-0.09515929222106934,54.70550537109375,True,True,0.1011807918548584,44759,False
seq0005_valref_000426,29.510576248168945,seq0005,seq0005_valref_000425,-1,-0.040283918380737305,29.509897232055664,True,True,0.15605616569519043,44759,False
seq0005_valref_000426,29.510576248168945,seq0005,seq0005_valref_000426,0,0.0,29.510576248168945,True,True,0.19634008407592773,44759,False
seq0005_valref_000426,29.510576248168945,seq0005,seq0005_valref_000427,1,0.047397613525390625,29.564533233642578,True,True,0.043791770935058594,44548,False
seq0005_valref_000426,29.510576248168945,seq0005,seq0005_valref_000428,2,0.09492325782775879,29.566463470458984,True,True,0.09131741523742676,44548,True
seq0005_valref_000426,29.510576248168945,seq0005,seq0005_valref_000429,3,0.16071653366088867,29.265933990478516,True,True,0.15711069107055664,44591,True
seq0005_valref_000426,29.510576248168945,seq0005,seq0005_valref_000430,4,0.2022848129272461,29.273256301879883,True,True,0.19867897033691406,44591,True
seq0005_valref_000426,29.510576248168945,seq0005,seq0005_valref_000431,5,0.25266504287719727,29.804569244384766,True,True,0.04899406433105469,44272,True
seq0005_valref_000427,29.564533233642578,seq0005,seq0005_valref_000422,-5,-0.24145007133483887,29.26328468322754,True,True,0.002287626266479492,44944,False
seq0005_valref_000427,29.564533233642578,seq0005,seq0005_valref_000423,-4,-0.19186902046203613,29.267587661743164,True,True,0.05186867713928223,44944,True
seq0005_valref_000427,29.564533233642578,seq0005,seq0005_valref_000424,-3,-0.14255690574645996,54.70550537109375,True,True,0.1011807918548584,44759,False
seq0005_valref_000427,29.564533233642578,seq0005,seq0005_valref_000425,-2,-0.08768153190612793,29.509897232055664,True,True,0.15605616569519043,44759,False
seq0005_valref_000427,29.564533233642578,seq0005,seq0005_valref_000426,-1,-0.047397613525390625,29.510576248168945,True,True,0.19634008407592773,44759,False
seq0005_valref_000427,29.564533233642578,seq0005,seq0005_valref_000427,0,0.0,29.564533233642578,True,True,0.043791770935058594,44548,False
seq0005_valref_000427,29.564533233642578,seq0005,seq0005_valref_000428,1,0.047525644302368164,29.566463470458984,True,True,0.09131741523742676,44548,True
seq0005_valref_000427,29.564533233642578,seq0005,seq0005_valref_000429,2,0.11331892013549805,29.265933990478516,True,True,0.15711069107055664,44591,True
seq0005_valref_000427,29.564533233642578,seq0005,seq0005_valref_000430,3,0.15488719940185547,29.273256301879883,True,True,0.19867897033691406,44591,True
seq0005_valref_000427,29.564533233642578,seq0005,seq0005_valref_000431,4,0.20526742935180664,29.804569244384766,True,True,0.04899406433105469,44272,True
seq0005_valref_000427,29.564533233642578,seq0005,seq0005_valref_000432,5,0.25333714485168457,29.808156967163086,True,True,0.09706377983093262,44272,True
seq0005_valref_000428,29.566463470458984,seq0005,seq0005_valref_000423,-5,-0.2393946647644043,29.267587661743164,True,True,0.05186867713928223,44944,True
seq0005_valref_000428,29.566463470458984,seq0005,seq0005_valref_000424,-4,-0.19008255004882812,54.70550537109375,True,True,0.1011807918548584,44759,False
seq0005_valref_000428,29.566463470458984,seq0005,seq0005_valref_000425,-3,-0.1352071762084961,29.509897232055664,True,True,0.15605616569519043,44759,False
seq0005_valref_000428,29.566463470458984,seq0005,seq0005_valref_000426,-2,-0.09492325782775879,29.510576248168945,True,True,0.19634008407592773,44759,False
seq0005_valref_000428,29.566463470458984,seq0005,seq0005_valref_000427,-1,-0.047525644302368164,29.564533233642578,True,True,0.043791770935058594,44548,False
seq0005_valref_000428,29.566463470458984,seq0005,seq0005_valref_000428,0,0.0,29.566463470458984,True,True,0.09131741523742676,44548,True
seq0005_valref_000428,29.566463470458984,seq0005,seq0005_valref_000429,1,0.06579327583312988,29.265933990478516,True,True,0.15711069107055664,44591,True
seq0005_valref_000428,29.566463470458984,seq0005,seq0005_valref_000430,2,0.1073615550994873,29.273256301879883,True,True,0.19867897033691406,44591,True
seq0005_valref_000428,29.566463470458984,seq0005,seq0005_valref_000431,3,0.15774178504943848,29.804569244384766,True,True,0.04899406433105469,44272,True
seq0005_valref_000428,29.566463470458984,seq0005,seq0005_valref_000432,4,0.2058115005493164,29.808156967163086,True,True,0.09706377983093262,44272,True
seq0005_valref_000428,29.566463470458984,seq0005,seq0005_valref_000433,5,0.2560455799102783,29.318891525268555,True,True,0.04743385314941406,44284,True
seq0005_valref_000429,29.265933990478516,seq0005,seq0005_valref_000424,-5,-0.255875825881958,54.70550537109375,True,True,0.1011807918548584,44759,False
seq0005_valref_000429,29.265933990478516,seq0005,seq0005_valref_000425,-4,-0.20100045204162598,29.509897232055664,True,True,0.15605616569519043,44759,False
seq0005_valref_000429,29.265933990478516,seq0005,seq0005_valref_000426,-3,-0.16071653366088867,29.510576248168945,True,True,0.19634008407592773,44759,False
seq0005_valref_000429,29.265933990478516,seq0005,seq0005_valref_000427,-2,-0.11331892013549805,29.564533233642578,True,True,0.043791770935058594,44548,False
seq0005_valref_000429,29.265933990478516,seq0005,seq0005_valref_000428,-1,-0.06579327583312988,29.566463470458984,True,True,0.09131741523742676,44548,True
seq0005_valref_000429,29.265933990478516,seq0005,seq0005_valref_000429,0,0.0,29.265933990478516,True,True,0.15711069107055664,44591,True
seq0005_valref_000429,29.265933990478516,seq0005,seq0005_valref_000430,1,0.04156827926635742,29.273256301879883,True,True,0.19867897033691406,44591,True
seq0005_valref_000429,29.265933990478516,seq0005,seq0005_valref_000431,2,0.0919485092163086,29.804569244384766,True,True,0.04899406433105469,44272,True
seq0005_valref_000429,29.265933990478516,seq0005,seq0005_valref_000432,3,0.14001822471618652,29.808156967163086,True,True,0.09706377983093262,44272,True
seq0005_valref_000429,29.265933990478516,seq0005,seq0005_valref_000433,4,0.19025230407714844,29.318891525268555,True,True,0.04743385314941406,44284,True
seq0005_valref_000429,29.265933990478516,seq0005,seq0005_valref_000434,5,0.2393789291381836,29.328628540039062,True,True,0.09656047821044922,44284,True
seq0005_valref_000430,29.273256301879883,seq0005,seq0005_valref_000425,-5,-0.2425687313079834,29.509897232055664,True,True,0.15605616569519043,44759,False
seq0005_valref_000430,29.273256301879883,seq0005,seq0005_valref_000426,-4,-0.2022848129272461,29.510576248168945,True,True,0.19634008407592773,44759,False
seq0005_valref_000430,29.273256301879883,seq0005,seq0005_valref_000427,-3,-0.15488719940185547,29.564533233642578,True,True,0.043791770935058594,44548,False
seq0005_valref_000430,29.273256301879883,seq0005,seq0005_valref_000428,-2,-0.1073615550994873,29.566463470458984,True,True,0.09131741523742676,44548,True
seq0005_valref_000430,29.273256301879883,seq0005,seq0005_valref_000429,-1,-0.04156827926635742,29.265933990478516,True,True,0.15711069107055664,44591,True
seq0005_valref_000430,29.273256301879883,seq0005,seq0005_valref_000430,0,0.0,29.273256301879883,True,True,0.19867897033691406,44591,True
seq0005_valref_000430,29.273256301879883,seq0005,seq0005_valref_000431,1,0.05038022994995117,29.804569244384766,True,True,0.04899406433105469,44272,True
seq0005_valref_000430,29.273256301879883,seq0005,seq0005_valref_000432,2,0.0984499454498291,29.808156967163086,True,True,0.09706377983093262,44272,True
seq0005_valref_000430,29.273256301879883,seq0005,seq0005_valref_000433,3,0.14868402481079102,29.318891525268555,True,True,0.04743385314941406,44284,True
seq0005_valref_000430,29.273256301879883,seq0005,seq0005_valref_000434,4,0.19781064987182617,29.328628540039062,True,True,0.09656047821044922,44284,True
seq0005_valref_000430,29.273256301879883,seq0005,seq0005_valref_000435,5,0.24954652786254883,0.1409599632024765,True,True,0.14829635620117188,44416,True
seq0005_valref_000431,29.804569244384766,seq0005,seq0005_valref_000426,-5,-0.25266504287719727,29.510576248168945,True,True,0.19634008407592773,44759,False
seq0005_valref_000431,29.804569244384766,seq0005,seq0005_valref_000427,-4,-0.20526742935180664,29.564533233642578,True,True,0.043791770935058594,44548,False
seq0005_valref_000431,29.804569244384766,seq0005,seq0005_valref_000428,-3,-0.15774178504943848,29.566463470458984,True,True,0.09131741523742676,44548,True
seq0005_valref_000431,29.804569244384766,seq0005,seq0005_valref_000429,-2,-0.0919485092163086,29.265933990478516,True,True,0.15711069107055664,44591,True
seq0005_valref_000431,29.804569244384766,seq0005,seq0005_valref_000430,-1,-0.05038022994995117,29.273256301879883,True,True,0.19867897033691406,44591,True
seq0005_valref_000431,29.804569244384766,seq0005,seq0005_valref_000431,0,0.0,29.804569244384766,True,True,0.04899406433105469,44272,True
seq0005_valref_000431,29.804569244384766,seq0005,seq0005_valref_000432,1,0.04806971549987793,29.808156967163086,True,True,0.09706377983093262,44272,True
seq0005_valref_000431,29.804569244384766,seq0005,seq0005_valref_000433,2,0.09830379486083984,29.318891525268555,True,True,0.04743385314941406,44284,True
seq0005_valref_000431,29.804569244384766,seq0005,seq0005_valref_000434,3,0.147430419921875,29.328628540039062,True,True,0.09656047821044922,44284,True
seq0005_valref_000431,29.804569244384766,seq0005,seq0005_valref_000435,4,0.19916629791259766,0.1409599632024765,True,True,0.14829635620117188,44416,True
seq0005_valref_000431,29.804569244384766,seq0005,seq0005_valref_000436,5,0.25748777389526367,0.18460921943187714,True,True,0.006539821624755859,44004,True
seq0005_valref_000432,29.808156967163086,seq0005,seq0005_valref_000427,-5,-0.25333714485168457,29.564533233642578,True,True,0.043791770935058594,44548,False
seq0005_valref_000432,29.808156967163086,seq0005,seq0005_valref_000428,-4,-0.2058115005493164,29.566463470458984,True,True,0.09131741523742676,44548,True
seq0005_valref_000432,29.808156967163086,seq0005,seq0005_valref_000429,-3,-0.14001822471618652,29.265933990478516,True,True,0.15711069107055664,44591,True
seq0005_valref_000432,29.808156967163086,seq0005,seq0005_valref_000430,-2,-0.0984499454498291,29.273256301879883,True,True,0.19867897033691406,44591,True
seq0005_valref_000432,29.808156967163086,seq0005,seq0005_valref_000431,-1,-0.04806971549987793,29.804569244384766,True,True,0.04899406433105469,44272,True
seq0005_valref_000432,29.808156967163086,seq0005,seq0005_valref_000432,0,0.0,29.808156967163086,True,True,0.09706377983093262,44272,True
seq0005_valref_000432,29.808156967163086,seq0005,seq0005_valref_000433,1,0.050234079360961914,29.318891525268555,True,True,0.04743385314941406,44284,True
seq0005_valref_000432,29.808156967163086,seq0005,seq0005_valref_000434,2,0.09936070442199707,29.328628540039062,True,True,0.09656047821044922,44284,True
seq0005_valref_000432,29.808156967163086,seq0005,seq0005_valref_000435,3,0.15109658241271973,0.1409599632024765,True,True,0.14829635620117188,44416,True
seq0005_valref_000432,29.808156967163086,seq0005,seq0005_valref_000436,4,0.20941805839538574,0.18460921943187714,True,True,0.006539821624755859,44004,True
seq0005_valref_000432,29.808156967163086,seq0005,seq0005_valref_000437,5,0.25484251976013184,0.17186398804187775,True,True,0.05196428298950195,44004,True
seq0005_valref_000433,29.318891525268555,seq0005,seq0005_valref_000428,-5,-0.2560455799102783,29.566463470458984,True,True,0.09131741523742676,44548,True
seq0005_valref_000433,29.318891525268555,seq0005,seq0005_valref_000429,-4,-0.19025230407714844,29.265933990478516,True,True,0.15711069107055664,44591,True
seq0005_valref_000433,29.318891525268555,seq0005,seq0005_valref_000430,-3,-0.14868402481079102,29.273256301879883,True,True,0.19867897033691406,44591,True
seq0005_valref_000433,29.318891525268555,seq0005,seq0005_valref_000431,-2,-0.09830379486083984,29.804569244384766,True,True,0.04899406433105469,44272,True
seq0005_valref_000433,29.318891525268555,seq0005,seq0005_valref_000432,-1,-0.050234079360961914,29.808156967163086,True,True,0.09706377983093262,44272,True
seq0005_valref_000433,29.318891525268555,seq0005,seq0005_valref_000433,0,0.0,29.318891525268555,True,True,0.04743385314941406,44284,True
seq0005_valref_000433,29.318891525268555,seq0005,seq0005_valref_000434,1,0.049126625061035156,29.328628540039062,True,True,0.09656047821044922,44284,True
seq0005_valref_000433,29.318891525268555,seq0005,seq0005_valref_000435,2,0.10086250305175781,0.1409599632024765,True,True,0.14829635620117188,44416,True
seq0005_valref_000433,29.318891525268555,seq0005,seq0005_valref_000436,3,0.15918397903442383,0.18460921943187714,True,True,0.006539821624755859,44004,True
seq0005_valref_000433,29.318891525268555,seq0005,seq0005_valref_000437,4,0.20460844039916992,0.17186398804187775,True,True,0.05196428298950195,44004,True
seq0005_valref_000433,29.318891525268555,seq0005,seq0005_valref_000438,5,0.2508656978607178,0.16410380601882935,True,True,0.0982215404510498,44004,True
seq0005_valref_000434,29.328628540039062,seq0005,seq0005_valref_000429,-5,-0.2393789291381836,29.265933990478516,True,True,0.15711069107055664,44591,True
seq0005_valref_000434,29.328628540039062,seq0005,seq0005_valref_000430,-4,-0.19781064987182617,29.273256301879883,True,True,0.19867897033691406,44591,True
seq0005_valref_000434,29.328628540039062,seq0005,seq0005_valref_000431,-3,-0.147430419921875,29.804569244384766,True,True,0.04899406433105469,44272,True
seq0005_valref_000434,29.328628540039062,seq0005,seq0005_valref_000432,-2,-0.09936070442199707,29.808156967163086,True,True,0.09706377983093262,44272,True
seq0005_valref_000434,29.328628540039062,seq0005,seq0005_valref_000433,-1,-0.049126625061035156,29.318891525268555,True,True,0.04743385314941406,44284,True
seq0005_valref_000434,29.328628540039062,seq0005,seq0005_valref_000434,0,0.0,29.328628540039062,True,True,0.09656047821044922,44284,True
seq0005_valref_000434,29.328628540039062,seq0005,seq0005_valref_000435,1,0.051735877990722656,0.1409599632024765,True,True,0.14829635620117188,44416,True
seq0005_valref_000434,29.328628540039062,seq0005,seq0005_valref_000436,2,0.11005735397338867,0.18460921943187714,True,True,0.006539821624755859,44004,True
seq0005_valref_000434,29.328628540039062,seq0005,seq0005_valref_000437,3,0.15548181533813477,0.17186398804187775,True,True,0.05196428298950195,44004,True
seq0005_valref_000434,29.328628540039062,seq0005,seq0005_valref_000438,4,0.20173907279968262,0.16410380601882935,True,True,0.0982215404510498,44004,True
seq0005_valref_000434,29.328628540039062,seq0005,seq0005_valref_000439,5,0.26787900924682617,0.1612064093351364,True,True,0.06436848640441895,44022,True
seq0005_valref_000463,90.89231872558594,seq0005,seq0005_valref_000458,-5,-0.25824928283691406,0.3950454890727997,True,True,0.1522998809814453,44941,True
seq0005_valref_000463,90.89231872558594,seq0005,seq0005_valref_000459,-4,-0.21193480491638184,0.43619343638420105,True,True,0.19861435890197754,44941,True
seq0005_valref_000463,90.89231872558594,seq0005,seq0005_valref_000460,-3,-0.16143584251403809,0.5023553371429443,False,True,0.2491133213043213,44787,True
seq0005_valref_000463,90.89231872558594,seq0005,seq0005_valref_000461,-2,-0.11526918411254883,0.5442407131195068,False,True,0.29527997970581055,44787,True
seq0005_valref_000463,90.89231872558594,seq0005,seq0005_valref_000462,-1,-0.06189870834350586,0.4987046718597412,True,True,0.048740386962890625,45126,True
seq0005_valref_000463,90.89231872558594,seq0005,seq0005_valref_000463,0,0.0,90.89231872558594,True,True,0.11063909530639648,45197,True
seq0005_valref_000463,90.89231872558594,seq0005,seq0005_valref_000464,1,0.041655540466308594,0.6434750556945801,True,True,0.15229463577270508,45197,True
seq0005_valref_000463,90.89231872558594,seq0005,seq0005_valref_000465,2,0.08809280395507812,0.7563319206237793,True,True,0.1987318992614746,45197,True
seq0005_valref_000463,90.89231872558594,seq0005,seq0005_valref_000466,3,0.13784503936767578,91.08455657958984,True,True,0.04850316047668457,45140,True
seq0005_valref_000463,90.89231872558594,seq0005,seq0005_valref_000467,4,0.18993115425109863,0.5619794130325317,True,True,0.0004763603210449219,45380,True
seq0005_valref_000463,90.89231872558594,seq0005,seq0005_valref_000468,5,0.2360990047454834,0.6529639363288879,True,True,0.04664421081542969,45380,True
seq0005_valref_000466,91.08455657958984,seq0005,seq0005_valref_000461,-5,-0.2531142234802246,0.5442407131195068,False,True,0.29527997970581055,44787,True
seq0005_valref_000466,91.08455657958984,seq0005,seq0005_valref_000462,-4,-0.19974374771118164,0.4987046718597412,True,True,0.048740386962890625,45126,True
seq0005_valref_000466,91.08455657958984,seq0005,seq0005_valref_000463,-3,-0.13784503936767578,90.89231872558594,True,True,0.11063909530639648,45197,True
seq0005_valref_000466,91.08455657958984,seq0005,seq0005_valref_000464,-2,-0.09618949890136719,0.6434750556945801,True,True,0.15229463577270508,45197,True
seq0005_valref_000466,91.08455657958984,seq0005,seq0005_valref_000465,-1,-0.049752235412597656,0.7563319206237793,True,True,0.1987318992614746,45197,True
seq0005_valref_000466,91.08455657958984,seq0005,seq0005_valref_000466,0,0.0,91.08455657958984,True,True,0.04850316047668457,45140,True
seq0005_valref_000466,91.08455657958984,seq0005,seq0005_valref_000467,1,0.05208611488342285,0.5619794130325317,True,True,0.0004763603210449219,45380,True
seq0005_valref_000466,91.08455657958984,seq0005,seq0005_valref_000468,2,0.09825396537780762,0.6529639363288879,True,True,0.04664421081542969,45380,True
seq0005_valref_000466,91.08455657958984,seq0005,seq0005_valref_000469,3,0.1569979190826416,91.32872009277344,True,True,0.005352020263671875,45354,True
seq0005_valref_000466,91.08455657958984,seq0005,seq0005_valref_000470,4,0.21358394622802734,91.40477752685547,True,True,0.06193804740905762,45354,True
seq0005_valref_000466,91.08455657958984,seq0005,seq0005_valref_000471,5,0.24862217903137207,91.53533935546875,True,True,0.09697628021240234,45354,True
seq0005_valref_000469,91.32872009277344,seq0005,seq0005_valref_000464,-5,-0.2531874179840088,0.6434750556945801,True,True,0.15229463577270508,45197,True
seq0005_valref_000469,91.32872009277344,seq0005,seq0005_valref_000465,-4,-0.20675015449523926,0.7563319206237793,True,True,0.1987318992614746,45197,True
seq0005_valref_000469,91.32872009277344,seq0005,seq0005_valref_000466,-3,-0.1569979190826416,91.08455657958984,True,True,0.04850316047668457,45140,True
seq0005_valref_000469,91.32872009277344,seq0005,seq0005_valref_000467,-2,-0.10491180419921875,0.5619794130325317,True,True,0.0004763603210449219,45380,True
seq0005_valref_000469,91.32872009277344,seq0005,seq0005_valref_000468,-1,-0.058743953704833984,0.6529639363288879,True,True,0.04664421081542969,45380,True
seq0005_valref_000469,91.32872009277344,seq0005,seq0005_valref_000469,0,0.0,91.32872009277344,True,True,0.005352020263671875,45354,True
seq0005_valref_000469,91.32872009277344,seq0005,seq0005_valref_000470,1,0.05658602714538574,91.40477752685547,True,True,0.06193804740905762,45354,True
seq0005_valref_000469,91.32872009277344,seq0005,seq0005_valref_000471,2,0.09162425994873047,91.53533935546875,True,True,0.09697628021240234,45354,True
seq0005_valref_000469,91.32872009277344,seq0005,seq0005_valref_000472,3,0.13977408409118652,0.4019337594509125,True,True,0.04521322250366211,45467,True
seq0005_valref_000469,91.32872009277344,seq0005,seq0005_valref_000473,4,0.19313859939575195,0.49395951628685,True,True,0.09857773780822754,45467,True
seq0005_valref_000469,91.32872009277344,seq0005,seq0005_valref_000474,5,0.24235105514526367,0.5899216532707214,True,True,0.14779019355773926,45674,True
seq0005_valref_000470,91.40477752685547,seq0005,seq0005_valref_000465,-5,-0.263336181640625,0.7563319206237793,True,True,0.1987318992614746,45197,True
seq0005_valref_000470,91.40477752685547,seq0005,seq0005_valref_000466,-4,-0.21358394622802734,91.08455657958984,True,True,0.04850316047668457,45140,True
seq0005_valref_000470,91.40477752685547,seq0005,seq0005_valref_000467,-3,-0.1614978313446045,0.5619794130325317,True,True,0.0004763603210449219,45380,True
seq0005_valref_000470,91.40477752685547,seq0005,seq0005_valref_000468,-2,-0.11532998085021973,0.6529639363288879,True,True,0.04664421081542969,45380,True
seq0005_valref_000470,91.40477752685547,seq0005,seq0005_valref_000469,-1,-0.05658602714538574,91.32872009277344,True,True,0.005352020263671875,45354,True
seq0005_valref_000470,91.40477752685547,seq0005,seq0005_valref_000470,0,0.0,91.40477752685547,True,True,0.06193804740905762,45354,True
seq0005_valref_000470,91.40477752685547,seq0005,seq0005_valref_000471,1,0.03503823280334473,91.53533935546875,True,True,0.09697628021240234,45354,True
seq0005_valref_000470,91.40477752685547,seq0005,seq0005_valref_000472,2,0.08318805694580078,0.4019337594509125,True,True,0.04521322250366211,45467,True
seq0005_valref_000470,91.40477752685547,seq0005,seq0005_valref_000473,3,0.1365525722503662,0.49395951628685,True,True,0.09857773780822754,45467,True
seq0005_valref_000470,91.40477752685547,seq0005,seq0005_valref_000474,4,0.18576502799987793,0.5899216532707214,True,True,0.14779019355773926,45674,True
seq0005_valref_000470,91.40477752685547,seq0005,seq0005_valref_000475,5,0.23510408401489258,0.6825466752052307,True,True,0.1971292495727539,45674,True
seq0005_valref_000471,91.53533935546875,seq0005,seq0005_valref_000466,-5,-0.24862217903137207,91.08455657958984,True,True,0.04850316047668457,45140,True
seq0005_valref_000471,91.53533935546875,seq0005,seq0005_valref_000467,-4,-0.19653606414794922,0.5619794130325317,True,True,0.0004763603210449219,45380,True
seq0005_valref_000471,91.53533935546875,seq0005,seq0005_valref_000468,-3,-0.15036821365356445,0.6529639363288879,True,True,0.04664421081542969,45380,True
seq0005_valref_000471,91.53533935546875,seq0005,seq0005_valref_000469,-2,-0.09162425994873047,91.32872009277344,True,True,0.005352020263671875,45354,True
seq0005_valref_000471,91.53533935546875,seq0005,seq0005_valref_000470,-1,-0.03503823280334473,91.40477752685547,True,True,0.06193804740905762,45354,True
seq0005_valref_000471,91.53533935546875,seq0005,seq0005_valref_000471,0,0.0,91.53533935546875,True,True,0.09697628021240234,45354,True
seq0005_valref_000471,91.53533935546875,seq0005,seq0005_valref_000472,1,0.048149824142456055,0.4019337594509125,True,True,0.04521322250366211,45467,True
seq0005_valref_000471,91.53533935546875,seq0005,seq0005_valref_000473,2,0.10151433944702148,0.49395951628685,True,True,0.09857773780822754,45467,True
seq0005_valref_000471,91.53533935546875,seq0005,seq0005_valref_000474,3,0.1507267951965332,0.5899216532707214,True,True,0.14779019355773926,45674,True
seq0005_valref_000471,91.53533935546875,seq0005,seq0005_valref_000475,4,0.20006585121154785,0.6825466752052307,True,True,0.1971292495727539,45674,True
seq0005_valref_000471,91.53533935546875,seq0005,seq0005_valref_000476,5,0.26041460037231445,0.49232685565948486,True,True,0.057394981384277344,45545,True
seq0005_valref_000491,29.307828903198242,seq0005,seq0005_valref_000486,-5,-0.24565458297729492,0.38632670044898987,True,True,0.05467367172241211,45718,True
seq0005_valref_000491,29.307828903198242,seq0005,seq0005_valref_000487,-4,-0.20362353324890137,0.44232648611068726,True,True,0.09670472145080566,45718,True
seq0005_valref_000491,29.307828903198242,seq0005,seq0005_valref_000488,-3,-0.14718151092529297,0.2911940813064575,True,True,0.05323672294616699,45540,True
seq0005_valref_000491,29.307828903198242,seq0005,seq0005_valref_000489,-2,-0.09603261947631836,0.24554415047168732,True,True,0.004293680191040039,45684,True
seq0005_valref_000491,29.307828903198242,seq0005,seq0005_valref_000490,-1,-0.03653287887573242,0.29054713249206543,True,True,0.06379342079162598,45684,True
seq0005_valref_000491,29.307828903198242,seq0005,seq0005_valref_000491,0,0.0,29.307828903198242,True,True,0.00040912628173828125,45713,True
seq0005_valref_000491,29.307828903198242,seq0005,seq0005_valref_000492,1,0.04739642143249512,29.30691146850586,True,True,0.0478055477142334,45713,True
seq0005_valref_000491,29.307828903198242,seq0005,seq0005_valref_000493,2,0.09792566299438477,29.306293487548828,True,True,0.09833478927612305,45713,True
seq0005_valref_000491,29.307828903198242,seq0005,seq0005_valref_000494,3,0.14940285682678223,29.657482147216797,True,True,0.04981493949890137,45497,True
seq0005_valref_000491,29.307828903198242,seq0005,seq0005_valref_000495,4,0.19481801986694336,0.5580344796180725,True,True,0.0952301025390625,45497,True
seq0005_valref_000491,29.307828903198242,seq0005,seq0005_valref_000496,5,0.2461400032043457,30.603595733642578,True,True,0.046433210372924805,45676,False
seq0005_valref_000492,29.30691146850586,seq0005,seq0005_valref_000487,-5,-0.2510199546813965,0.44232648611068726,True,True,0.09670472145080566,45718,True
seq0005_valref_000492,29.30691146850586,seq0005,seq0005_valref_000488,-4,-0.19457793235778809,0.2911940813064575,True,True,0.05323672294616699,45540,True
seq0005_valref_000492,29.30691146850586,seq0005,seq0005_valref_000489,-3,-0.14342904090881348,0.24554415047168732,True,True,0.004293680191040039,45684,True
seq0005_valref_000492,29.30691146850586,seq0005,seq0005_valref_000490,-2,-0.08392930030822754,0.29054713249206543,True,True,0.06379342079162598,45684,True
seq0005_valref_000492,29.30691146850586,seq0005,seq0005_valref_000491,-1,-0.04739642143249512,29.307828903198242,True,True,0.00040912628173828125,45713,True
seq0005_valref_000492,29.30691146850586,seq0005,seq0005_valref_000492,0,0.0,29.30691146850586,True,True,0.0478055477142334,45713,True
seq0005_valref_000492,29.30691146850586,seq0005,seq0005_valref_000493,1,0.05052924156188965,29.306293487548828,True,True,0.09833478927612305,45713,True
seq0005_valref_000492,29.30691146850586,seq0005,seq0005_valref_000494,2,0.10200643539428711,29.657482147216797,True,True,0.04981493949890137,45497,True
seq0005_valref_000492,29.30691146850586,seq0005,seq0005_valref_000495,3,0.14742159843444824,0.5580344796180725,True,True,0.0952301025390625,45497,True
seq0005_valref_000492,29.30691146850586,seq0005,seq0005_valref_000496,4,0.19874358177185059,30.603595733642578,True,True,0.046433210372924805,45676,False
seq0005_valref_000492,29.30691146850586,seq0005,seq0005_valref_000497,5,0.2504091262817383,30.622032165527344,True,True,0.0980987548828125,45676,False
seq0005_valref_000493,29.306293487548828,seq0005,seq0005_valref_000488,-5,-0.24510717391967773,0.2911940813064575,True,True,0.05323672294616699,45540,True
seq0005_valref_000493,29.306293487548828,seq0005,seq0005_valref_000489,-4,-0.19395828247070312,0.24554415047168732,True,True,0.004293680191040039,45684,True
seq0005_valref_000493,29.306293487548828,seq0005,seq0005_valref_000490,-3,-0.1344585418701172,0.29054713249206543,True,True,0.06379342079162598,45684,True
seq0005_valref_000493,29.306293487548828,seq0005,seq0005_valref_000491,-2,-0.09792566299438477,29.307828903198242,True,True,0.00040912628173828125,45713,True
seq0005_valref_000493,29.306293487548828,seq0005,seq0005_valref_000492,-1,-0.05052924156188965,29.30691146850586,True,True,0.0478055477142334,45713,True
seq0005_valref_000493,29.306293487548828,seq0005,seq0005_valref_000493,0,0.0,29.306293487548828,True,True,0.09833478927612305,45713,True
seq0005_valref_000493,29.306293487548828,seq0005,seq0005_valref_000494,1,0.05147719383239746,29.657482147216797,True,True,0.04981493949890137,45497,True
seq0005_valref_000493,29.306293487548828,seq0005,seq0005_valref_000495,2,0.0968923568725586,0.5580344796180725,True,True,0.0952301025390625,45497,True
seq0005_valref_000493,29.306293487548828,seq0005,seq0005_valref_000496,3,0.14821434020996094,30.603595733642578,True,True,0.046433210372924805,45676,False
seq0005_valref_000493,29.306293487548828,seq0005,seq0005_valref_000497,4,0.19987988471984863,30.622032165527344,True,True,0.0980987548828125,45676,False
seq0005_valref_000493,29.306293487548828,seq0005,seq0005_valref_000498,5,0.25572943687438965,30.63176727294922,True,True,0.054082393646240234,45515,True
seq0005_valref_000494,29.657482147216797,seq0005,seq0005_valref_000489,-5,-0.24543547630310059,0.24554415047168732,True,True,0.004293680191040039,45684,True
seq0005_valref_000494,29.657482147216797,seq0005,seq0005_valref_000490,-4,-0.18593573570251465,0.29054713249206543,True,True,0.06379342079162598,45684,True
seq0005_valref_000494,29.657482147216797,seq0005,seq0005_valref_000491,-3,-0.14940285682678223,29.307828903198242,True,True,0.00040912628173828125,45713,True
seq0005_valref_000494,29.657482147216797,seq0005,seq0005_valref_000492,-2,-0.10200643539428711,29.30691146850586,True,True,0.0478055477142334,45713,True
seq0005_valref_000494,29.657482147216797,seq0005,seq0005_valref_000493,-1,-0.05147719383239746,29.306293487548828,True,True,0.09833478927612305,45713,True
seq0005_valref_000494,29.657482147216797,seq0005,seq0005_valref_000494,0,0.0,29.657482147216797,True,True,0.04981493949890137,45497,True
seq0005_valref_000494,29.657482147216797,seq0005,seq0005_valref_000495,1,0.04541516304016113,0.5580344796180725,True,True,0.0952301025390625,45497,True
seq0005_valref_000494,29.657482147216797,seq0005,seq0005_valref_000496,2,0.09673714637756348,30.603595733642578,True,True,0.046433210372924805,45676,False
seq0005_valref_000494,29.657482147216797,seq0005,seq0005_valref_000497,3,0.14840269088745117,30.622032165527344,True,True,0.0980987548828125,45676,False
seq0005_valref_000494,29.657482147216797,seq0005,seq0005_valref_000498,4,0.2042522430419922,30.63176727294922,True,True,0.054082393646240234,45515,True
seq0005_valref_000494,29.657482147216797,seq0005,seq0005_valref_000499,5,0.25092649459838867,30.60782814025879,True,True,0.0008084774017333984,45499,False
seq0005_valref_000496,30.603595733642578,seq0005,seq0005_valref_000491,-5,-0.2461400032043457,29.307828903198242,True,True,0.00040912628173828125,45713,True
seq0005_valref_000496,30.603595733642578,seq0005,seq0005_valref_000492,-4,-0.19874358177185059,29.30691146850586,True,True,0.0478055477142334,45713,True
seq0005_valref_000496,30.603595733642578,seq0005,seq0005_valref_000493,-3,-0.14821434020996094,29.306293487548828,True,True,0.09833478927612305,45713,True
seq0005_valref_000496,30.603595733642578,seq0005,seq0005_valref_000494,-2,-0.09673714637756348,29.657482147216797,True,True,0.04981493949890137,45497,True
seq0005_valref_000496,30.603595733642578,seq0005,seq0005_valref_000495,-1,-0.051321983337402344,0.5580344796180725,True,True,0.0952301025390625,45497,True
seq0005_valref_000496,30.603595733642578,seq0005,seq0005_valref_000496,0,0.0,30.603595733642578,True,True,0.046433210372924805,45676,False
seq0005_valref_000496,30.603595733642578,seq0005,seq0005_valref_000497,1,0.051665544509887695,30.622032165527344,True,True,0.0980987548828125,45676,False
seq0005_valref_000496,30.603595733642578,seq0005,seq0005_valref_000498,2,0.10751509666442871,30.63176727294922,True,True,0.054082393646240234,45515,True
seq0005_valref_000496,30.603595733642578,seq0005,seq0005_valref_000499,3,0.1541893482208252,30.60782814025879,True,True,0.0008084774017333984,45499,False
seq0005_valref_000497,30.622032165527344,seq0005,seq0005_valref_000492,-5,-0.2504091262817383,29.30691146850586,True,True,0.0478055477142334,45713,True
seq0005_valref_000497,30.622032165527344,seq0005,seq0005_valref_000493,-4,-0.19987988471984863,29.306293487548828,True,True,0.09833478927612305,45713,True
seq0005_valref_000497,30.622032165527344,seq0005,seq0005_valref_000494,-3,-0.14840269088745117,29.657482147216797,True,True,0.04981493949890137,45497,True
seq0005_valref_000497,30.622032165527344,seq0005,seq0005_valref_000495,-2,-0.10298752784729004,0.5580344796180725,True,True,0.0952301025390625,45497,True
seq0005_valref_000497,30.622032165527344,seq0005,seq0005_valref_000496,-1,-0.051665544509887695,30.603595733642578,True,True,0.046433210372924805,45676,False
seq0005_valref_000497,30.622032165527344,seq0005,seq0005_valref_000497,0,0.0,30.622032165527344,True,True,0.0980987548828125,45676,False
seq0005_valref_000497,30.622032165527344,seq0005,seq0005_valref_000498,1,0.055849552154541016,30.63176727294922,True,True,0.054082393646240234,45515,True
seq0005_valref_000497,30.622032165527344,seq0005,seq0005_valref_000499,2,0.1025238037109375,30.60782814025879,True,True,0.0008084774017333984,45499,False
seq0005_valref_000498,30.63176727294922,seq0005,seq0005_valref_000493,-5,-0.25572943687438965,29.306293487548828,True,True,0.09833478927612305,45713,True
seq0005_valref_000498,30.63176727294922,seq0005,seq0005_valref_000494,-4,-0.2042522430419922,29.657482147216797,True,True,0.04981493949890137,45497,True
seq0005_valref_000498,30.63176727294922,seq0005,seq0005_valref_000495,-3,-0.15883708000183105,0.5580344796180725,True,True,0.0952301025390625,45497,True
seq0005_valref_000498,30.63176727294922,seq0005,seq0005_valref_000496,-2,-0.10751509666442871,30.603595733642578,True,True,0.046433210372924805,45676,False
seq0005_valref_000498,30.63176727294922,seq0005,seq0005_valref_000497,-1,-0.055849552154541016,30.622032165527344,True,True,0.0980987548828125,45676,False
seq0005_valref_000498,30.63176727294922,seq0005,seq0005_valref_000498,0,0.0,30.63176727294922,True,True,0.054082393646240234,45515,True
seq0005_valref_000498,30.63176727294922,seq0005,seq0005_valref_000499,1,0.046674251556396484,30.60782814025879,True,True,0.0008084774017333984,45499,False
seq0005_valref_000499,30.60782814025879,seq0005,seq0005_valref_000494,-5,-0.25092649459838867,29.657482147216797,True,True,0.04981493949890137,45497,True
seq0005_valref_000499,30.60782814025879,seq0005,seq0005_valref_000495,-4,-0.20551133155822754,0.5580344796180725,True,True,0.0952301025390625,45497,True
seq0005_valref_000499,30.60782814025879,seq0005,seq0005_valref_000496,-3,-0.1541893482208252,30.603595733642578,True,True,0.046433210372924805,45676,False
seq0005_valref_000499,30.60782814025879,seq0005,seq0005_valref_000497,-2,-0.1025238037109375,30.622032165527344,True,True,0.0980987548828125,45676,False
seq0005_valref_000499,30.60782814025879,seq0005,seq0005_valref_000498,-1,-0.046674251556396484,30.63176727294922,True,True,0.054082393646240234,45515,True
seq0005_valref_000499,30.60782814025879,seq0005,seq0005_valref_000499,0,0.0,30.60782814025879,True,True,0.0008084774017333984,45499,False
seq0006_valref_000501,11.028169631958008,seq0006,seq0006_valref_000500,-1,-0.07876420021057129,nan,False,False,nan,0,False
seq0006_valref_000501,11.028169631958008,seq0006,seq0006_valref_000501,0,0.0,11.028169631958008,True,True,0.03476285934448242,4919,True
seq0006_valref_000501,11.028169631958008,seq0006,seq0006_valref_000502,1,0.039414405822753906,10.989352226257324,True,True,0.07417726516723633,4919,True
seq0006_valref_000501,11.028169631958008,seq0006,seq0006_valref_000503,2,0.08223319053649902,57.564048767089844,True,True,0.016875028610229492,9896,True
seq0006_valref_000501,11.028169631958008,seq0006,seq0006_valref_000504,3,0.1301741600036621,57.54668426513672,True,True,0.06481599807739258,9896,True
seq0006_valref_000501,11.028169631958008,seq0006,seq0006_valref_000505,4,0.17165756225585938,59.01719284057617,True,True,0.006341457366943359,14718,False
seq0006_valref_000501,11.028169631958008,seq0006,seq0006_valref_000506,5,0.22094488143920898,10.73363971710205,True,True,0.05562877655029297,14718,True
seq0006_valref_000502,10.989352226257324,seq0006,seq0006_valref_000500,-2,-0.1181786060333252,nan,False,False,nan,0,False
seq0006_valref_000502,10.989352226257324,seq0006,seq0006_valref_000501,-1,-0.039414405822753906,11.028169631958008,True,True,0.03476285934448242,4919,True
seq0006_valref_000502,10.989352226257324,seq0006,seq0006_valref_000502,0,0.0,10.989352226257324,True,True,0.07417726516723633,4919,True
seq0006_valref_000502,10.989352226257324,seq0006,seq0006_valref_000503,1,0.04281878471374512,57.564048767089844,True,True,0.016875028610229492,9896,True
seq0006_valref_000502,10.989352226257324,seq0006,seq0006_valref_000504,2,0.0907597541809082,57.54668426513672,True,True,0.06481599807739258,9896,True
seq0006_valref_000502,10.989352226257324,seq0006,seq0006_valref_000505,3,0.13224315643310547,59.01719284057617,True,True,0.006341457366943359,14718,False
seq0006_valref_000502,10.989352226257324,seq0006,seq0006_valref_000506,4,0.18153047561645508,10.73363971710205,True,True,0.05562877655029297,14718,True
seq0006_valref_000502,10.989352226257324,seq0006,seq0006_valref_000507,5,0.24674320220947266,59.687313079833984,True,True,0.02079153060913086,19590,False
seq0006_valref_000503,57.564048767089844,seq0006,seq0006_valref_000500,-3,-0.1609973907470703,nan,False,False,nan,0,False
seq0006_valref_000503,57.564048767089844,seq0006,seq0006_valref_000501,-2,-0.08223319053649902,11.028169631958008,True,True,0.03476285934448242,4919,True
seq0006_valref_000503,57.564048767089844,seq0006,seq0006_valref_000502,-1,-0.04281878471374512,10.989352226257324,True,True,0.07417726516723633,4919,True
seq0006_valref_000503,57.564048767089844,seq0006,seq0006_valref_000503,0,0.0,57.564048767089844,True,True,0.016875028610229492,9896,True
seq0006_valref_000503,57.564048767089844,seq0006,seq0006_valref_000504,1,0.047940969467163086,57.54668426513672,True,True,0.06481599807739258,9896,True
seq0006_valref_000503,57.564048767089844,seq0006,seq0006_valref_000505,2,0.08942437171936035,59.01719284057617,True,True,0.006341457366943359,14718,False
seq0006_valref_000503,57.564048767089844,seq0006,seq0006_valref_000506,3,0.13871169090270996,10.73363971710205,True,True,0.05562877655029297,14718,True
seq0006_valref_000503,57.564048767089844,seq0006,seq0006_valref_000507,4,0.20392441749572754,59.687313079833984,True,True,0.02079153060913086,19590,False
seq0006_valref_000503,57.564048767089844,seq0006,seq0006_valref_000508,5,0.2375950813293457,59.67166519165039,True,True,0.05446219444274902,19590,True
seq0006_valref_000504,57.54668426513672,seq0006,seq0006_valref_000500,-4,-0.2089383602142334,nan,False,False,nan,0,False
seq0006_valref_000504,57.54668426513672,seq0006,seq0006_valref_000501,-3,-0.1301741600036621,11.028169631958008,True,True,0.03476285934448242,4919,True
seq0006_valref_000504,57.54668426513672,seq0006,seq0006_valref_000502,-2,-0.0907597541809082,10.989352226257324,True,True,0.07417726516723633,4919,True
seq0006_valref_000504,57.54668426513672,seq0006,seq0006_valref_000503,-1,-0.047940969467163086,57.564048767089844,True,True,0.016875028610229492,9896,True
seq0006_valref_000504,57.54668426513672,seq0006,seq0006_valref_000504,0,0.0,57.54668426513672,True,True,0.06481599807739258,9896,True
seq0006_valref_000504,57.54668426513672,seq0006,seq0006_valref_000505,1,0.041483402252197266,59.01719284057617,True,True,0.006341457366943359,14718,False
seq0006_valref_000504,57.54668426513672,seq0006,seq0006_valref_000506,2,0.09077072143554688,10.73363971710205,True,True,0.05562877655029297,14718,True
seq0006_valref_000504,57.54668426513672,seq0006,seq0006_valref_000507,3,0.15598344802856445,59.687313079833984,True,True,0.02079153060913086,19590,False
seq0006_valref_000504,57.54668426513672,seq0006,seq0006_valref_000508,4,0.18965411186218262,59.67166519165039,True,True,0.05446219444274902,19590,True
seq0006_valref_000504,57.54668426513672,seq0006,seq0006_valref_000509,5,0.2367711067199707,23.95370101928711,True,True,0.0016021728515625,24534,True
seq0006_valref_000505,59.01719284057617,seq0006,seq0006_valref_000500,-5,-0.25042176246643066,nan,False,False,nan,0,False
seq0006_valref_000505,59.01719284057617,seq0006,seq0006_valref_000501,-4,-0.17165756225585938,11.028169631958008,True,True,0.03476285934448242,4919,True
seq0006_valref_000505,59.01719284057617,seq0006,seq0006_valref_000502,-3,-0.13224315643310547,10.989352226257324,True,True,0.07417726516723633,4919,True
seq0006_valref_000505,59.01719284057617,seq0006,seq0006_valref_000503,-2,-0.08942437171936035,57.564048767089844,True,True,0.016875028610229492,9896,True
seq0006_valref_000505,59.01719284057617,seq0006,seq0006_valref_000504,-1,-0.041483402252197266,57.54668426513672,True,True,0.06481599807739258,9896,True
seq0006_valref_000505,59.01719284057617,seq0006,seq0006_valref_000505,0,0.0,59.01719284057617,True,True,0.006341457366943359,14718,False
seq0006_valref_000505,59.01719284057617,seq0006,seq0006_valref_000506,1,0.04928731918334961,10.73363971710205,True,True,0.05562877655029297,14718,True
seq0006_valref_000505,59.01719284057617,seq0006,seq0006_valref_000507,2,0.11450004577636719,59.687313079833984,True,True,0.02079153060913086,19590,False
seq0006_valref_000505,59.01719284057617,seq0006,seq0006_valref_000508,3,0.14817070960998535,59.67166519165039,True,True,0.05446219444274902,19590,True
seq0006_valref_000505,59.01719284057617,seq0006,seq0006_valref_000509,4,0.19528770446777344,23.95370101928711,True,True,0.0016021728515625,24534,True
seq0006_valref_000505,59.01719284057617,seq0006,seq0006_valref_000510,5,0.26766324043273926,23.86351203918457,True,True,0.07397770881652832,24534,True
seq0006_valref_000506,10.73363971710205,seq0006,seq0006_valref_000501,-5,-0.22094488143920898,11.028169631958008,True,True,0.03476285934448242,4919,True
seq0006_valref_000506,10.73363971710205,seq0006,seq0006_valref_000502,-4,-0.18153047561645508,10.989352226257324,True,True,0.07417726516723633,4919,True
seq0006_valref_000506,10.73363971710205,seq0006,seq0006_valref_000503,-3,-0.13871169090270996,57.564048767089844,True,True,0.016875028610229492,9896,True
seq0006_valref_000506,10.73363971710205,seq0006,seq0006_valref_000504,-2,-0.09077072143554688,57.54668426513672,True,True,0.06481599807739258,9896,True
seq0006_valref_000506,10.73363971710205,seq0006,seq0006_valref_000505,-1,-0.04928731918334961,59.01719284057617,True,True,0.006341457366943359,14718,False
seq0006_valref_000506,10.73363971710205,seq0006,seq0006_valref_000506,0,0.0,10.73363971710205,True,True,0.05562877655029297,14718,True
seq0006_valref_000506,10.73363971710205,seq0006,seq0006_valref_000507,1,0.06521272659301758,59.687313079833984,True,True,0.02079153060913086,19590,False
seq0006_valref_000506,10.73363971710205,seq0006,seq0006_valref_000508,2,0.09888339042663574,59.67166519165039,True,True,0.05446219444274902,19590,True
seq0006_valref_000506,10.73363971710205,seq0006,seq0006_valref_000509,3,0.14600038528442383,23.95370101928711,True,True,0.0016021728515625,24534,True
seq0006_valref_000506,10.73363971710205,seq0006,seq0006_valref_000510,4,0.21837592124938965,23.86351203918457,True,True,0.07397770881652832,24534,True
seq0006_valref_000506,10.73363971710205,seq0006,seq0006_valref_000511,5,0.2526998519897461,23.82529640197754,True,True,0.008342742919921875,29291,False
seq0006_valref_000507,59.687313079833984,seq0006,seq0006_valref_000502,-5,-0.24674320220947266,10.989352226257324,True,True,0.07417726516723633,4919,True
seq0006_valref_000507,59.687313079833984,seq0006,seq0006_valref_000503,-4,-0.20392441749572754,57.564048767089844,True,True,0.016875028610229492,9896,True
seq0006_valref_000507,59.687313079833984,seq0006,seq0006_valref_000504,-3,-0.15598344802856445,57.54668426513672,True,True,0.06481599807739258,9896,True
seq0006_valref_000507,59.687313079833984,seq0006,seq0006_valref_000505,-2,-0.11450004577636719,59.01719284057617,True,True,0.006341457366943359,14718,False
seq0006_valref_000507,59.687313079833984,seq0006,seq0006_valref_000506,-1,-0.06521272659301758,10.73363971710205,True,True,0.05562877655029297,14718,True
seq0006_valref_000507,59.687313079833984,seq0006,seq0006_valref_000507,0,0.0,59.687313079833984,True,True,0.02079153060913086,19590,False
seq0006_valref_000507,59.687313079833984,seq0006,seq0006_valref_000508,1,0.033670663833618164,59.67166519165039,True,True,0.05446219444274902,19590,True
seq0006_valref_000507,59.687313079833984,seq0006,seq0006_valref_000509,2,0.08078765869140625,23.95370101928711,True,True,0.0016021728515625,24534,True
seq0006_valref_000507,59.687313079833984,seq0006,seq0006_valref_000510,3,0.15316319465637207,23.86351203918457,True,True,0.07397770881652832,24534,True
seq0006_valref_000507,59.687313079833984,seq0006,seq0006_valref_000511,4,0.18748712539672852,23.82529640197754,True,True,0.008342742919921875,29291,False
seq0006_valref_000507,59.687313079833984,seq0006,seq0006_valref_000512,5,0.23400640487670898,23.7756404876709,True,True,0.054862022399902344,29291,True
seq0006_valref_000508,59.67166519165039,seq0006,seq0006_valref_000503,-5,-0.2375950813293457,57.564048767089844,True,True,0.016875028610229492,9896,True
seq0006_valref_000508,59.67166519165039,seq0006,seq0006_valref_000504,-4,-0.18965411186218262,57.54668426513672,True,True,0.06481599807739258,9896,True
seq0006_valref_000508,59.67166519165039,seq0006,seq0006_valref_000505,-3,-0.14817070960998535,59.01719284057617,True,True,0.006341457366943359,14718,False
seq0006_valref_000508,59.67166519165039,seq0006,seq0006_valref_000506,-2,-0.09888339042663574,10.73363971710205,True,True,0.05562877655029297,14718,True
seq0006_valref_000508,59.67166519165039,seq0006,seq0006_valref_000507,-1,-0.033670663833618164,59.687313079833984,True,True,0.02079153060913086,19590,False
seq0006_valref_000508,59.67166519165039,seq0006,seq0006_valref_000508,0,0.0,59.67166519165039,True,True,0.05446219444274902,19590,True
seq0006_valref_000508,59.67166519165039,seq0006,seq0006_valref_000509,1,0.047116994857788086,23.95370101928711,True,True,0.0016021728515625,24534,True
seq0006_valref_000508,59.67166519165039,seq0006,seq0006_valref_000510,2,0.1194925308227539,23.86351203918457,True,True,0.07397770881652832,24534,True
seq0006_valref_000508,59.67166519165039,seq0006,seq0006_valref_000511,3,0.15381646156311035,23.82529640197754,True,True,0.008342742919921875,29291,False
seq0006_valref_000508,59.67166519165039,seq0006,seq0006_valref_000512,4,0.20033574104309082,23.7756404876709,True,True,0.054862022399902344,29291,True
seq0006_valref_000508,59.67166519165039,seq0006,seq0006_valref_000513,5,0.2658531665802002,57.126590728759766,True,True,0.02044224739074707,34250,True
seq0006_valref_000509,23.95370101928711,seq0006,seq0006_valref_000504,-5,-0.2367711067199707,57.54668426513672,True,True,0.06481599807739258,9896,True
seq0006_valref_000509,23.95370101928711,seq0006,seq0006_valref_000505,-4,-0.19528770446777344,59.01719284057617,True,True,0.006341457366943359,14718,False
seq0006_valref_000509,23.95370101928711,seq0006,seq0006_valref_000506,-3,-0.14600038528442383,10.73363971710205,True,True,0.05562877655029297,14718,True
seq0006_valref_000509,23.95370101928711,seq0006,seq0006_valref_000507,-2,-0.08078765869140625,59.687313079833984,True,True,0.02079153060913086,19590,False
seq0006_valref_000509,23.95370101928711,seq0006,seq0006_valref_000508,-1,-0.047116994857788086,59.67166519165039,True,True,0.05446219444274902,19590,True
seq0006_valref_000509,23.95370101928711,seq0006,seq0006_valref_000509,0,0.0,23.95370101928711,True,True,0.0016021728515625,24534,True
seq0006_valref_000509,23.95370101928711,seq0006,seq0006_valref_000510,1,0.07237553596496582,23.86351203918457,True,True,0.07397770881652832,24534,True
seq0006_valref_000509,23.95370101928711,seq0006,seq0006_valref_000511,2,0.10669946670532227,23.82529640197754,True,True,0.008342742919921875,29291,False
seq0006_valref_000509,23.95370101928711,seq0006,seq0006_valref_000512,3,0.15321874618530273,23.7756404876709,True,True,0.054862022399902344,29291,True
seq0006_valref_000509,23.95370101928711,seq0006,seq0006_valref_000513,4,0.2187361717224121,57.126590728759766,True,True,0.02044224739074707,34250,True
seq0006_valref_000509,23.95370101928711,seq0006,seq0006_valref_000514,5,0.2531278133392334,57.102012634277344,True,True,0.05483388900756836,34250,True
seq0006_valref_000510,23.86351203918457,seq0006,seq0006_valref_000505,-5,-0.26766324043273926,59.01719284057617,True,True,0.006341457366943359,14718,False
seq0006_valref_000510,23.86351203918457,seq0006,seq0006_valref_000506,-4,-0.21837592124938965,10.73363971710205,True,True,0.05562877655029297,14718,True
seq0006_valref_000510,23.86351203918457,seq0006,seq0006_valref_000507,-3,-0.15316319465637207,59.687313079833984,True,True,0.02079153060913086,19590,False
seq0006_valref_000510,23.86351203918457,seq0006,seq0006_valref_000508,-2,-0.1194925308227539,59.67166519165039,True,True,0.05446219444274902,19590,True
seq0006_valref_000510,23.86351203918457,seq0006,seq0006_valref_000509,-1,-0.07237553596496582,23.95370101928711,True,True,0.0016021728515625,24534,True
seq0006_valref_000510,23.86351203918457,seq0006,seq0006_valref_000510,0,0.0,23.86351203918457,True,True,0.07397770881652832,24534,True
seq0006_valref_000510,23.86351203918457,seq0006,seq0006_valref_000511,1,0.034323930740356445,23.82529640197754,True,True,0.008342742919921875,29291,False
seq0006_valref_000510,23.86351203918457,seq0006,seq0006_valref_000512,2,0.08084321022033691,23.7756404876709,True,True,0.054862022399902344,29291,True
seq0006_valref_000510,23.86351203918457,seq0006,seq0006_valref_000513,3,0.1463606357574463,57.126590728759766,True,True,0.02044224739074707,34250,True
seq0006_valref_000510,23.86351203918457,seq0006,seq0006_valref_000514,4,0.18075227737426758,57.102012634277344,True,True,0.05483388900756836,34250,True
seq0006_valref_000510,23.86351203918457,seq0006,seq0006_valref_000515,5,0.23108339309692383,0.0844322144985199,True,True,0.004782199859619141,39194,True
seq0006_valref_000511,23.82529640197754,seq0006,seq0006_valref_000506,-5,-0.2526998519897461,10.73363971710205,True,True,0.05562877655029297,14718,True
seq0006_valref_000511,23.82529640197754,seq0006,seq0006_valref_000507,-4,-0.18748712539672852,59.687313079833984,True,True,0.02079153060913086,19590,False
seq0006_valref_000511,23.82529640197754,seq0006,seq0006_valref_000508,-3,-0.15381646156311035,59.67166519165039,True,True,0.05446219444274902,19590,True
seq0006_valref_000511,23.82529640197754,seq0006,seq0006_valref_000509,-2,-0.10669946670532227,23.95370101928711,True,True,0.0016021728515625,24534,True
seq0006_valref_000511,23.82529640197754,seq0006,seq0006_valref_000510,-1,-0.034323930740356445,23.86351203918457,True,True,0.07397770881652832,24534,True
seq0006_valref_000511,23.82529640197754,seq0006,seq0006_valref_000511,0,0.0,23.82529640197754,True,True,0.008342742919921875,29291,False
seq0006_valref_000511,23.82529640197754,seq0006,seq0006_valref_000512,1,0.04651927947998047,23.7756404876709,True,True,0.054862022399902344,29291,True
seq0006_valref_000511,23.82529640197754,seq0006,seq0006_valref_000513,2,0.11203670501708984,57.126590728759766,True,True,0.02044224739074707,34250,True
seq0006_valref_000511,23.82529640197754,seq0006,seq0006_valref_000514,3,0.14642834663391113,57.102012634277344,True,True,0.05483388900756836,34250,True
seq0006_valref_000511,23.82529640197754,seq0006,seq0006_valref_000515,4,0.19675946235656738,0.0844322144985199,True,True,0.004782199859619141,39194,True
seq0006_valref_000511,23.82529640197754,seq0006,seq0006_valref_000516,5,0.24698352813720703,0.08476059138774872,True,True,0.05500626564025879,39194,True
seq0006_valref_000512,23.7756404876709,seq0006,seq0006_valref_000507,-5,-0.23400640487670898,59.687313079833984,True,True,0.02079153060913086,19590,False
seq0006_valref_000512,23.7756404876709,seq0006,seq0006_valref_000508,-4,-0.20033574104309082,59.67166519165039,True,True,0.05446219444274902,19590,True
seq0006_valref_000512,23.7756404876709,seq0006,seq0006_valref_000509,-3,-0.15321874618530273,23.95370101928711,True,True,0.0016021728515625,24534,True
seq0006_valref_000512,23.7756404876709,seq0006,seq0006_valref_000510,-2,-0.08084321022033691,23.86351203918457,True,True,0.07397770881652832,24534,True
seq0006_valref_000512,23.7756404876709,seq0006,seq0006_valref_000511,-1,-0.04651927947998047,23.82529640197754,True,True,0.008342742919921875,29291,False
seq0006_valref_000512,23.7756404876709,seq0006,seq0006_valref_000512,0,0.0,23.7756404876709,True,True,0.054862022399902344,29291,True
seq0006_valref_000512,23.7756404876709,seq0006,seq0006_valref_000513,1,0.06551742553710938,57.126590728759766,True,True,0.02044224739074707,34250,True
seq0006_valref_000512,23.7756404876709,seq0006,seq0006_valref_000514,2,0.09990906715393066,57.102012634277344,True,True,0.05483388900756836,34250,True
seq0006_valref_000512,23.7756404876709,seq0006,seq0006_valref_000515,3,0.15024018287658691,0.0844322144985199,True,True,0.004782199859619141,39194,True
seq0006_valref_000512,23.7756404876709,seq0006,seq0006_valref_000516,4,0.20046424865722656,0.08476059138774872,True,True,0.05500626564025879,39194,True
seq0006_valref_000512,23.7756404876709,seq0006,seq0006_valref_000517,5,0.25244855880737305,0.0911775454878807,True,True,0.006921529769897461,44018,True
seq0006_valref_000513,57.126590728759766,seq0006,seq0006_valref_000508,-5,-0.2658531665802002,59.67166519165039,True,True,0.05446219444274902,19590,True
seq0006_valref_000513,57.126590728759766,seq0006,seq0006_valref_000509,-4,-0.2187361717224121,23.95370101928711,True,True,0.0016021728515625,24534,True
seq0006_valref_000513,57.126590728759766,seq0006,seq0006_valref_000510,-3,-0.1463606357574463,23.86351203918457,True,True,0.07397770881652832,24534,True
seq0006_valref_000513,57.126590728759766,seq0006,seq0006_valref_000511,-2,-0.11203670501708984,23.82529640197754,True,True,0.008342742919921875,29291,False
seq0006_valref_000513,57.126590728759766,seq0006,seq0006_valref_000512,-1,-0.06551742553710938,23.7756404876709,True,True,0.054862022399902344,29291,True
seq0006_valref_000513,57.126590728759766,seq0006,seq0006_valref_000513,0,0.0,57.126590728759766,True,True,0.02044224739074707,34250,True
seq0006_valref_000513,57.126590728759766,seq0006,seq0006_valref_000514,1,0.03439164161682129,57.102012634277344,True,True,0.05483388900756836,34250,True
seq0006_valref_000513,57.126590728759766,seq0006,seq0006_valref_000515,2,0.08472275733947754,0.0844322144985199,True,True,0.004782199859619141,39194,True
seq0006_valref_000513,57.126590728759766,seq0006,seq0006_valref_000516,3,0.1349468231201172,0.08476059138774872,True,True,0.05500626564025879,39194,True
seq0006_valref_000513,57.126590728759766,seq0006,seq0006_valref_000517,4,0.18693113327026367,0.0911775454878807,True,True,0.006921529769897461,44018,True
seq0006_valref_000513,57.126590728759766,seq0006,seq0006_valref_000518,5,0.23371028900146484,0.07780472189188004,True,True,0.05370068550109863,44018,True
seq0006_valref_000514,57.102012634277344,seq0006,seq0006_valref_000509,-5,-0.2531278133392334,23.95370101928711,True,True,0.0016021728515625,24534,True
seq0006_valref_000514,57.102012634277344,seq0006,seq0006_valref_000510,-4,-0.18075227737426758,23.86351203918457,True,True,0.07397770881652832,24534,True
seq0006_valref_000514,57.102012634277344,seq0006,seq0006_valref_000511,-3,-0.14642834663391113,23.82529640197754,True,True,0.008342742919921875,29291,False
seq0006_valref_000514,57.102012634277344,seq0006,seq0006_valref_000512,-2,-0.09990906715393066,23.7756404876709,True,True,0.054862022399902344,29291,True
seq0006_valref_000514,57.102012634277344,seq0006,seq0006_valref_000513,-1,-0.03439164161682129,57.126590728759766,True,True,0.02044224739074707,34250,True
seq0006_valref_000514,57.102012634277344,seq0006,seq0006_valref_000514,0,0.0,57.102012634277344,True,True,0.05483388900756836,34250,True
seq0006_valref_000514,57.102012634277344,seq0006,seq0006_valref_000515,1,0.05033111572265625,0.0844322144985199,True,True,0.004782199859619141,39194,True
seq0006_valref_000514,57.102012634277344,seq0006,seq0006_valref_000516,2,0.1005551815032959,0.08476059138774872,True,True,0.05500626564025879,39194,True
seq0006_valref_000514,57.102012634277344,seq0006,seq0006_valref_000517,3,0.15253949165344238,0.0911775454878807,True,True,0.006921529769897461,44018,True
seq0006_valref_000514,57.102012634277344,seq0006,seq0006_valref_000518,4,0.19931864738464355,0.07780472189188004,True,True,0.05370068550109863,44018,True
seq0006_valref_000514,57.102012634277344,seq0006,seq0006_valref_000519,5,0.2665212154388428,0.10958877950906754,True,True,0.020922183990478516,49024,True
seq0008_valref_000701,62.3467903137207,seq0008,seq0008_valref_000700,-1,-0.05024313926696777,nan,False,False,nan,0,False
seq0008_valref_000701,62.3467903137207,seq0008,seq0008_valref_000701,0,0.0,62.3467903137207,False,False,nan,4730,False
seq0008_valref_000701,62.3467903137207,seq0008,seq0008_valref_000702,1,0.04974222183227539,56.3089485168457,False,False,nan,4730,False
seq0008_valref_000701,62.3467903137207,seq0008,seq0008_valref_000703,2,0.10975837707519531,0.3627118766307831,True,True,0.015807390213012695,9316,True
seq0008_valref_000701,62.3467903137207,seq0008,seq0008_valref_000704,3,0.15712881088256836,0.3784509301185608,True,True,0.06317782402038574,9316,True
seq0008_valref_000701,62.3467903137207,seq0008,seq0008_valref_000705,4,0.20630383491516113,0.2257990539073944,True,True,0.012447834014892578,14014,True
seq0008_valref_000701,62.3467903137207,seq0008,seq0008_valref_000706,5,0.25079345703125,0.24364562332630157,True,True,0.056937456130981445,14014,True
seq0008_valref_000702,56.3089485168457,seq0008,seq0008_valref_000700,-2,-0.09998536109924316,nan,False,False,nan,0,False
seq0008_valref_000702,56.3089485168457,seq0008,seq0008_valref_000701,-1,-0.04974222183227539,62.3467903137207,False,False,nan,4730,False
seq0008_valref_000702,56.3089485168457,seq0008,seq0008_valref_000702,0,0.0,56.3089485168457,False,False,nan,4730,False
seq0008_valref_000702,56.3089485168457,seq0008,seq0008_valref_000703,1,0.06001615524291992,0.3627118766307831,True,True,0.015807390213012695,9316,True
seq0008_valref_000702,56.3089485168457,seq0008,seq0008_valref_000704,2,0.10738658905029297,0.3784509301185608,True,True,0.06317782402038574,9316,True
seq0008_valref_000702,56.3089485168457,seq0008,seq0008_valref_000705,3,0.15656161308288574,0.2257990539073944,True,True,0.012447834014892578,14014,True
seq0008_valref_000702,56.3089485168457,seq0008,seq0008_valref_000706,4,0.2010512351989746,0.24364562332630157,True,True,0.056937456130981445,14014,True
seq0008_valref_000702,56.3089485168457,seq0008,seq0008_valref_000707,5,0.2605290412902832,0.2795797288417816,True,True,0.11641526222229004,18729,True
seq0008_valref_000787,27.285816192626953,seq0008,seq0008_valref_000782,-5,-0.24856305122375488,0.958517849445343,True,True,0.0544734001159668,48809,True
seq0008_valref_000787,27.285816192626953,seq0008,seq0008_valref_000783,-4,-0.18753480911254883,1.0216362476348877,True,True,0.015590667724609375,48911,False
seq0008_valref_000787,27.285816192626953,seq0008,seq0008_valref_000784,-3,-0.14401507377624512,1.0675172805786133,True,True,0.059110403060913086,48911,False
seq0008_valref_000787,27.285816192626953,seq0008,seq0008_valref_000785,-2,-0.0957937240600586,1.1957191228866577,True,True,0.007359743118286133,48979,False
seq0008_valref_000787,27.285816192626953,seq0008,seq0008_valref_000786,-1,-0.04896712303161621,1.2356760501861572,True,True,0.054186344146728516,48979,False
seq0008_valref_000787,27.285816192626953,seq0008,seq0008_valref_000787,0,0.0,27.285816192626953,True,True,0.0030596256256103516,48818,True
seq0008_valref_000787,27.285816192626953,seq0008,seq0008_valref_000788,1,0.05022835731506348,27.292104721069336,True,True,0.05328798294067383,48818,True
seq0008_valref_000787,27.285816192626953,seq0008,seq0008_valref_000789,2,0.10154414176940918,27.296438217163086,True,True,0.004666566848754883,48956,False
seq0008_valref_000787,27.285816192626953,seq0008,seq0008_valref_000790,3,0.1517343521118164,27.302814483642578,True,True,0.05485677719116211,48956,False
seq0008_valref_000787,27.285816192626953,seq0008,seq0008_valref_000791,4,0.2145073413848877,26.619298934936523,True,True,0.01753997802734375,49004,True
seq0008_valref_000787,27.285816192626953,seq0008,seq0008_valref_000792,5,0.2500424385070801,26.618896484375,True,True,0.05307507514953613,49004,True
seq0008_valref_000788,27.292104721069336,seq0008,seq0008_valref_000783,-5,-0.2377631664276123,1.0216362476348877,True,True,0.015590667724609375,48911,False
seq0008_valref_000788,27.292104721069336,seq0008,seq0008_valref_000784,-4,-0.1942434310913086,1.0675172805786133,True,True,0.059110403060913086,48911,False
seq0008_valref_000788,27.292104721069336,seq0008,seq0008_valref_000785,-3,-0.14602208137512207,1.1957191228866577,True,True,0.007359743118286133,48979,False
seq0008_valref_000788,27.292104721069336,seq0008,seq0008_valref_000786,-2,-0.09919548034667969,1.2356760501861572,True,True,0.054186344146728516,48979,False
seq0008_valref_000788,27.292104721069336,seq0008,seq0008_valref_000787,-1,-0.05022835731506348,27.285816192626953,True,True,0.0030596256256103516,48818,True
seq0008_valref_000788,27.292104721069336,seq0008,seq0008_valref_000788,0,0.0,27.292104721069336,True,True,0.05328798294067383,48818,True
seq0008_valref_000788,27.292104721069336,seq0008,seq0008_valref_000789,1,0.0513157844543457,27.296438217163086,True,True,0.004666566848754883,48956,False
seq0008_valref_000788,27.292104721069336,seq0008,seq0008_valref_000790,2,0.10150599479675293,27.302814483642578,True,True,0.05485677719116211,48956,False
seq0008_valref_000788,27.292104721069336,seq0008,seq0008_valref_000791,3,0.16427898406982422,26.619298934936523,True,True,0.01753997802734375,49004,True
seq0008_valref_000788,27.292104721069336,seq0008,seq0008_valref_000792,4,0.1998140811920166,26.618896484375,True,True,0.05307507514953613,49004,True
seq0008_valref_000788,27.292104721069336,seq0008,seq0008_valref_000793,5,0.24939990043640137,35.3763427734375,True,True,0.002675771713256836,49005,False
seq0008_valref_000789,27.296438217163086,seq0008,seq0008_valref_000784,-5,-0.2455592155456543,1.0675172805786133,True,True,0.059110403060913086,48911,False
seq0008_valref_000789,27.296438217163086,seq0008,seq0008_valref_000785,-4,-0.19733786582946777,1.1957191228866577,True,True,0.007359743118286133,48979,False
seq0008_valref_000789,27.296438217163086,seq0008,seq0008_valref_000786,-3,-0.1505112648010254,1.2356760501861572,True,True,0.054186344146728516,48979,False
seq0008_valref_000789,27.296438217163086,seq0008,seq0008_valref_000787,-2,-0.10154414176940918,27.285816192626953,True,True,0.0030596256256103516,48818,True
seq0008_valref_000789,27.296438217163086,seq0008,seq0008_valref_000788,-1,-0.0513157844543457,27.292104721069336,True,True,0.05328798294067383,48818,True
seq0008_valref_000789,27.296438217163086,seq0008,seq0008_valref_000789,0,0.0,27.296438217163086,True,True,0.004666566848754883,48956,False
seq0008_valref_000789,27.296438217163086,seq0008,seq0008_valref_000790,1,0.05019021034240723,27.302814483642578,True,True,0.05485677719116211,48956,False
seq0008_valref_000789,27.296438217163086,seq0008,seq0008_valref_000791,2,0.11296319961547852,26.619298934936523,True,True,0.01753997802734375,49004,True
seq0008_valref_000789,27.296438217163086,seq0008,seq0008_valref_000792,3,0.1484982967376709,26.618896484375,True,True,0.05307507514953613,49004,True
seq0008_valref_000789,27.296438217163086,seq0008,seq0008_valref_000793,4,0.19808411598205566,35.3763427734375,True,True,0.002675771713256836,49005,False
seq0008_valref_000789,27.296438217163086,seq0008,seq0008_valref_000794,5,0.25220441818237305,35.38032913208008,True,True,0.05679607391357422,49005,False
seq0008_valref_000790,27.302814483642578,seq0008,seq0008_valref_000785,-5,-0.247528076171875,1.1957191228866577,True,True,0.007359743118286133,48979,False
seq0008_valref_000790,27.302814483642578,seq0008,seq0008_valref_000786,-4,-0.20070147514343262,1.2356760501861572,True,True,0.054186344146728516,48979,False
seq0008_valref_000790,27.302814483642578,seq0008,seq0008_valref_000787,-3,-0.1517343521118164,27.285816192626953,True,True,0.0030596256256103516,48818,True
seq0008_valref_000790,27.302814483642578,seq0008,seq0008_valref_000788,-2,-0.10150599479675293,27.292104721069336,True,True,0.05328798294067383,48818,True
seq0008_valref_000790,27.302814483642578,seq0008,seq0008_valref_000789,-1,-0.05019021034240723,27.296438217163086,True,True,0.004666566848754883,48956,False
seq0008_valref_000790,27.302814483642578,seq0008,seq0008_valref_000790,0,0.0,27.302814483642578,True,True,0.05485677719116211,48956,False
seq0008_valref_000790,27.302814483642578,seq0008,seq0008_valref_000791,1,0.06277298927307129,26.619298934936523,True,True,0.01753997802734375,49004,True
seq0008_valref_000790,27.302814483642578,seq0008,seq0008_valref_000792,2,0.09830808639526367,26.618896484375,True,True,0.05307507514953613,49004,True
seq0008_valref_000790,27.302814483642578,seq0008,seq0008_valref_000793,3,0.14789390563964844,35.3763427734375,True,True,0.002675771713256836,49005,False
seq0008_valref_000790,27.302814483642578,seq0008,seq0008_valref_000794,4,0.20201420783996582,35.38032913208008,True,True,0.05679607391357422,49005,False
seq0008_valref_000790,27.302814483642578,seq0008,seq0008_valref_000795,5,0.2575833797454834,35.41746520996094,True,True,0.012441158294677734,49150,False
seq0008_valref_000791,26.619298934936523,seq0008,seq0008_valref_000786,-5,-0.2634744644165039,1.2356760501861572,True,True,0.054186344146728516,48979,False
seq0008_valref_000791,26.619298934936523,seq0008,seq0008_valref_000787,-4,-0.2145073413848877,27.285816192626953,True,True,0.0030596256256103516,48818,True
seq0008_valref_000791,26.619298934936523,seq0008,seq0008_valref_000788,-3,-0.16427898406982422,27.292104721069336,True,True,0.05328798294067383,48818,True
seq0008_valref_000791,26.619298934936523,seq0008,seq0008_valref_000789,-2,-0.11296319961547852,27.296438217163086,True,True,0.004666566848754883,48956,False
seq0008_valref_000791,26.619298934936523,seq0008,seq0008_valref_000790,-1,-0.06277298927307129,27.302814483642578,True,True,0.05485677719116211,48956,False
seq0008_valref_000791,26.619298934936523,seq0008,seq0008_valref_000791,0,0.0,26.619298934936523,True,True,0.01753997802734375,49004,True
seq0008_valref_000791,26.619298934936523,seq0008,seq0008_valref_000792,1,0.03553509712219238,26.618896484375,True,True,0.05307507514953613,49004,True
seq0008_valref_000791,26.619298934936523,seq0008,seq0008_valref_000793,2,0.08512091636657715,35.3763427734375,True,True,0.002675771713256836,49005,False
seq0008_valref_000791,26.619298934936523,seq0008,seq0008_valref_000794,3,0.13924121856689453,35.38032913208008,True,True,0.05679607391357422,49005,False
seq0008_valref_000791,26.619298934936523,seq0008,seq0008_valref_000795,4,0.1948103904724121,35.41746520996094,True,True,0.012441158294677734,49150,False
seq0008_valref_000791,26.619298934936523,seq0008,seq0008_valref_000796,5,0.23804998397827148,35.41950988769531,True,True,0.05568075180053711,49150,False
seq0008_valref_000792,26.618896484375,seq0008,seq0008_valref_000787,-5,-0.2500424385070801,27.285816192626953,True,True,0.0030596256256103516,48818,True
seq0008_valref_000792,26.618896484375,seq0008,seq0008_valref_000788,-4,-0.1998140811920166,27.292104721069336,True,True,0.05328798294067383,48818,True
seq0008_valref_000792,26.618896484375,seq0008,seq0008_valref_000789,-3,-0.1484982967376709,27.296438217163086,True,True,0.004666566848754883,48956,False
seq0008_valref_000792,26.618896484375,seq0008,seq0008_valref_000790,-2,-0.09830808639526367,27.302814483642578,True,True,0.05485677719116211,48956,False
seq0008_valref_000792,26.618896484375,seq0008,seq0008_valref_000791,-1,-0.03553509712219238,26.619298934936523,True,True,0.01753997802734375,49004,True
seq0008_valref_000792,26.618896484375,seq0008,seq0008_valref_000792,0,0.0,26.618896484375,True,True,0.05307507514953613,49004,True
seq0008_valref_000792,26.618896484375,seq0008,seq0008_valref_000793,1,0.049585819244384766,35.3763427734375,True,True,0.002675771713256836,49005,False
seq0008_valref_000792,26.618896484375,seq0008,seq0008_valref_000794,2,0.10370612144470215,35.38032913208008,True,True,0.05679607391357422,49005,False
seq0008_valref_000792,26.618896484375,seq0008,seq0008_valref_000795,3,0.15927529335021973,35.41746520996094,True,True,0.012441158294677734,49150,False
seq0008_valref_000792,26.618896484375,seq0008,seq0008_valref_000796,4,0.2025148868560791,35.41950988769531,True,True,0.05568075180053711,49150,False
seq0008_valref_000792,26.618896484375,seq0008,seq0008_valref_000797,5,0.2497997283935547,23.908447265625,True,True,0.002995729446411133,48977,False
seq0008_valref_000793,35.3763427734375,seq0008,seq0008_valref_000788,-5,-0.24939990043640137,27.292104721069336,True,True,0.05328798294067383,48818,True
seq0008_valref_000793,35.3763427734375,seq0008,seq0008_valref_000789,-4,-0.19808411598205566,27.296438217163086,True,True,0.004666566848754883,48956,False
seq0008_valref_000793,35.3763427734375,seq0008,seq0008_valref_000790,-3,-0.14789390563964844,27.302814483642578,True,True,0.05485677719116211,48956,False
seq0008_valref_000793,35.3763427734375,seq0008,seq0008_valref_000791,-2,-0.08512091636657715,26.619298934936523,True,True,0.01753997802734375,49004,True
seq0008_valref_000793,35.3763427734375,seq0008,seq0008_valref_000792,-1,-0.049585819244384766,26.618896484375,True,True,0.05307507514953613,49004,True
seq0008_valref_000793,35.3763427734375,seq0008,seq0008_valref_000793,0,0.0,35.3763427734375,True,True,0.002675771713256836,49005,False
seq0008_valref_000793,35.3763427734375,seq0008,seq0008_valref_000794,1,0.05412030220031738,35.38032913208008,True,True,0.05679607391357422,49005,False
seq0008_valref_000793,35.3763427734375,seq0008,seq0008_valref_000795,2,0.10968947410583496,35.41746520996094,True,True,0.012441158294677734,49150,False
seq0008_valref_000793,35.3763427734375,seq0008,seq0008_valref_000796,3,0.15292906761169434,35.41950988769531,True,True,0.05568075180053711,49150,False
seq0008_valref_000793,35.3763427734375,seq0008,seq0008_valref_000797,4,0.20021390914916992,23.908447265625,True,True,0.002995729446411133,48977,False
seq0008_valref_000793,35.3763427734375,seq0008,seq0008_valref_000798,5,0.25461506843566895,23.911283493041992,True,True,0.057396888732910156,48977,False
seq0008_valref_000794,35.38032913208008,seq0008,seq0008_valref_000789,-5,-0.25220441818237305,27.296438217163086,True,True,0.004666566848754883,48956,False
seq0008_valref_000794,35.38032913208008,seq0008,seq0008_valref_000790,-4,-0.20201420783996582,27.302814483642578,True,True,0.05485677719116211,48956,False
seq0008_valref_000794,35.38032913208008,seq0008,seq0008_valref_000791,-3,-0.13924121856689453,26.619298934936523,True,True,0.01753997802734375,49004,True
seq0008_valref_000794,35.38032913208008,seq0008,seq0008_valref_000792,-2,-0.10370612144470215,26.618896484375,True,True,0.05307507514953613,49004,True
seq0008_valref_000794,35.38032913208008,seq0008,seq0008_valref_000793,-1,-0.05412030220031738,35.3763427734375,True,True,0.002675771713256836,49005,False
seq0008_valref_000794,35.38032913208008,seq0008,seq0008_valref_000794,0,0.0,35.38032913208008,True,True,0.05679607391357422,49005,False
seq0008_valref_000794,35.38032913208008,seq0008,seq0008_valref_000795,1,0.05556917190551758,35.41746520996094,True,True,0.012441158294677734,49150,False
seq0008_valref_000794,35.38032913208008,seq0008,seq0008_valref_000796,2,0.09880876541137695,35.41950988769531,True,True,0.05568075180053711,49150,False
seq0008_valref_000794,35.38032913208008,seq0008,seq0008_valref_000797,3,0.14609360694885254,23.908447265625,True,True,0.002995729446411133,48977,False
seq0008_valref_000794,35.38032913208008,seq0008,seq0008_valref_000798,4,0.20049476623535156,23.911283493041992,True,True,0.057396888732910156,48977,False
seq0008_valref_000794,35.38032913208008,seq0008,seq0008_valref_000799,5,0.25350499153137207,67.29985809326172,True,True,0.11040711402893066,48932,False
seq0008_valref_000795,35.41746520996094,seq0008,seq0008_valref_000790,-5,-0.2575833797454834,27.302814483642578,True,True,0.05485677719116211,48956,False
seq0008_valref_000795,35.41746520996094,seq0008,seq0008_valref_000791,-4,-0.1948103904724121,26.619298934936523,True,True,0.01753997802734375,49004,True
seq0008_valref_000795,35.41746520996094,seq0008,seq0008_valref_000792,-3,-0.15927529335021973,26.618896484375,True,True,0.05307507514953613,49004,True
seq0008_valref_000795,35.41746520996094,seq0008,seq0008_valref_000793,-2,-0.10968947410583496,35.3763427734375,True,True,0.002675771713256836,49005,False
seq0008_valref_000795,35.41746520996094,seq0008,seq0008_valref_000794,-1,-0.05556917190551758,35.38032913208008,True,True,0.05679607391357422,49005,False
seq0008_valref_000795,35.41746520996094,seq0008,seq0008_valref_000795,0,0.0,35.41746520996094,True,True,0.012441158294677734,49150,False
seq0008_valref_000795,35.41746520996094,seq0008,seq0008_valref_000796,1,0.043239593505859375,35.41950988769531,True,True,0.05568075180053711,49150,False
seq0008_valref_000795,35.41746520996094,seq0008,seq0008_valref_000797,2,0.09052443504333496,23.908447265625,True,True,0.002995729446411133,48977,False
seq0008_valref_000795,35.41746520996094,seq0008,seq0008_valref_000798,3,0.14492559432983398,23.911283493041992,True,True,0.057396888732910156,48977,False
seq0008_valref_000795,35.41746520996094,seq0008,seq0008_valref_000799,4,0.1979358196258545,67.29985809326172,True,True,0.11040711402893066,48932,False
seq0008_valref_000796,35.41950988769531,seq0008,seq0008_valref_000791,-5,-0.23804998397827148,26.619298934936523,True,True,0.01753997802734375,49004,True
seq0008_valref_000796,35.41950988769531,seq0008,seq0008_valref_000792,-4,-0.2025148868560791,26.618896484375,True,True,0.05307507514953613,49004,True
seq0008_valref_000796,35.41950988769531,seq0008,seq0008_valref_000793,-3,-0.15292906761169434,35.3763427734375,True,True,0.002675771713256836,49005,False
seq0008_valref_000796,35.41950988769531,seq0008,seq0008_valref_000794,-2,-0.09880876541137695,35.38032913208008,True,True,0.05679607391357422,49005,False
seq0008_valref_000796,35.41950988769531,seq0008,seq0008_valref_000795,-1,-0.043239593505859375,35.41746520996094,True,True,0.012441158294677734,49150,False
seq0008_valref_000796,35.41950988769531,seq0008,seq0008_valref_000796,0,0.0,35.41950988769531,True,True,0.05568075180053711,49150,False
seq0008_valref_000796,35.41950988769531,seq0008,seq0008_valref_000797,1,0.047284841537475586,23.908447265625,True,True,0.002995729446411133,48977,False
seq0008_valref_000796,35.41950988769531,seq0008,seq0008_valref_000798,2,0.10168600082397461,23.911283493041992,True,True,0.057396888732910156,48977,False
seq0008_valref_000796,35.41950988769531,seq0008,seq0008_valref_000799,3,0.15469622611999512,67.29985809326172,True,True,0.11040711402893066,48932,False
seq0008_valref_000797,23.908447265625,seq0008,seq0008_valref_000792,-5,-0.2497997283935547,26.618896484375,True,True,0.05307507514953613,49004,True
seq0008_valref_000797,23.908447265625,seq0008,seq0008_valref_000793,-4,-0.20021390914916992,35.3763427734375,True,True,0.002675771713256836,49005,False
seq0008_valref_000797,23.908447265625,seq0008,seq0008_valref_000794,-3,-0.14609360694885254,35.38032913208008,True,True,0.05679607391357422,49005,False
seq0008_valref_000797,23.908447265625,seq0008,seq0008_valref_000795,-2,-0.09052443504333496,35.41746520996094,True,True,0.012441158294677734,49150,False
seq0008_valref_000797,23.908447265625,seq0008,seq0008_valref_000796,-1,-0.047284841537475586,35.41950988769531,True,True,0.05568075180053711,49150,False
seq0008_valref_000797,23.908447265625,seq0008,seq0008_valref_000797,0,0.0,23.908447265625,True,True,0.002995729446411133,48977,False
seq0008_valref_000797,23.908447265625,seq0008,seq0008_valref_000798,1,0.05440115928649902,23.911283493041992,True,True,0.057396888732910156,48977,False
seq0008_valref_000797,23.908447265625,seq0008,seq0008_valref_000799,2,0.10741138458251953,67.29985809326172,True,True,0.11040711402893066,48932,False
seq0008_valref_000798,23.911283493041992,seq0008,seq0008_valref_000793,-5,-0.25461506843566895,35.3763427734375,True,True,0.002675771713256836,49005,False
seq0008_valref_000798,23.911283493041992,seq0008,seq0008_valref_000794,-4,-0.20049476623535156,35.38032913208008,True,True,0.05679607391357422,49005,False
seq0008_valref_000798,23.911283493041992,seq0008,seq0008_valref_000795,-3,-0.14492559432983398,35.41746520996094,True,True,0.012441158294677734,49150,False
seq0008_valref_000798,23.911283493041992,seq0008,seq0008_valref_000796,-2,-0.10168600082397461,35.41950988769531,True,True,0.05568075180053711,49150,False
seq0008_valref_000798,23.911283493041992,seq0008,seq0008_valref_000797,-1,-0.05440115928649902,23.908447265625,True,True,0.002995729446411133,48977,False
seq0008_valref_000798,23.911283493041992,seq0008,seq0008_valref_000798,0,0.0,23.911283493041992,True,True,0.057396888732910156,48977,False
seq0008_valref_000798,23.911283493041992,seq0008,seq0008_valref_000799,1,0.05301022529602051,67.29985809326172,True,True,0.11040711402893066,48932,False
seq0008_valref_000799,67.29985809326172,seq0008,seq0008_valref_000794,-5,-0.25350499153137207,35.38032913208008,True,True,0.05679607391357422,49005,False
seq0008_valref_000799,67.29985809326172,seq0008,seq0008_valref_000795,-4,-0.1979358196258545,35.41746520996094,True,True,0.012441158294677734,49150,False
seq0008_valref_000799,67.29985809326172,seq0008,seq0008_valref_000796,-3,-0.15469622611999512,35.41950988769531,True,True,0.05568075180053711,49150,False
seq0008_valref_000799,67.29985809326172,seq0008,seq0008_valref_000797,-2,-0.10741138458251953,23.908447265625,True,True,0.002995729446411133,48977,False
seq0008_valref_000799,67.29985809326172,seq0008,seq0008_valref_000798,-1,-0.05301022529602051,23.911283493041992,True,True,0.057396888732910156,48977,False
seq0008_valref_000799,67.29985809326172,seq0008,seq0008_valref_000799,0,0.0,67.29985809326172,True,True,0.11040711402893066,48932,False
