sequence_id,sample_id,t0,gt_x,gt_y,gt_z,pred_x,pred_y,pred_z,top1_error,empty_input,empty_output,top1_success_0p5m,top1_success_1m,top1_success_2m,raw_top10_has_gt_0p5m,raw_top10_has_gt_1m,nms_top10_has_gt_0p5m,nms_top10_has_gt_1m,best_raw_candidate_error,best_nms_candidate_error,top1_score,best_gt_near_candidate_score,best_gt_near_candidate_rank,event_count,total_point_count,avia_point_count,mid360_point_count,history_span_sec,oldest_event_age_sec,newest_event_age_sec,num_support_events_0p5m,num_support_events_1m,num_support_events_2m,num_support_points_0p5m,num_support_points_1m,num_support_points_2m,last_support_timestamp_1m,last_support_age_sec_1m,last_support_event_index,last_support_sensor,num_support_events_in_last4,num_support_points_in_last4,history_has_any_support,current_support,exported_support_flag
seq0001,seq0001_valref_000000,1706255621.564602,-0.7345520257949829,-1.2626270055770874,2.174375057220459,nan,nan,nan,nan,True,True,False,False,False,False,False,False,False,nan,nan,nan,nan,,0,0,0,0,nan,nan,nan,0,0,0,0,0,0,nan,nan,,,0,0,False,False,NO_CURRENT_SUPPORT
seq0001,seq0001_valref_000001,1706255621.6135716,-0.7519720196723938,-1.2679959535598755,2.1726019382476807,-51.6171875,-17.69140625,30.154296875,60.33219528198242,False,False,False,False,False,True,True,True,True,0.16681072115898132,0.16681072115898132,0.0966796875,0.0849609375,4,1,4111,0,4111,0.0,0.013344526290893555,0.013344526290893555,1,1,1,2,31,31,1706255621.600227,0.013344526290893555,0,Mid360,1,31,True,True,CURRENT_SUPPORT
seq0001,seq0001_valref_000002,1706255621.6631424,-0.7688279747962952,-1.2720999717712402,2.1714839935302734,-0.38671875,-1.130859375,2.111328125,0.4117949604988098,False,False,True,True,True,True,True,True,True,0.26343050599098206,0.4117949604988098,0.98828125,0.98828125,1,2,4216,105,4111,0.014011859893798828,0.06291532516479492,0.048903465270996094,2,2,2,19,126,135,1706255621.614239,0.048903465270996094,1,Avia,2,126,True,True,CURRENT_SUPPORT
seq0001,seq0001_valref_000003,1706255621.7146702,-0.8007190227508545,-1.2773070335388184,2.170245885848999,-0.513671875,-1.0859375,2.142578125,0.34609806537628174,False,False,True,True,True,True,True,True,True,0.14571772515773773,0.34609806537628174,0.98828125,0.98828125,1,4,8176,153,8023,0.11396384239196777,0.11444306373596191,0.0004792213439941406,4,4,4,41,204,214,1706255621.714191,0.0004792213439941406,3,Avia,4,204,True,True,CURRENT_SUPPORT
seq0001,seq0001_valref_000004,1706255621.7612548,-0.8162630200386047,-1.2784899473190308,2.1702721118927,-0.5078125,-1.0673828125,2.1484375,0.374412477016449,False,False,True,True,True,True,True,True,True,0.18267802894115448,0.374412477016449,0.98828125,0.98828125,1,4,8176,153,8023,0.11396384239196777,0.1610276699066162,0.04706382751464844,4,4,4,32,204,214,1706255621.714191,0.04706382751464844,3,Avia,4,204,True,True,CURRENT_SUPPORT
seq0001,seq0001_valref_000005,1706255621.8131719,-0.8320599794387817,-1.2786519527435303,2.1703009605407715,-0.603515625,-1.1025390625,2.12890625,0.2914820611476898,False,False,True,True,True,True,True,True,True,0.17623910307884216,0.2914820611476898,0.984375,0.984375,1,5,12153,153,12000,0.20000982284545898,0.21294474601745605,0.01293492317199707,4,5,5,26,246,256,1706255621.800237,0.01293492317199707,4,Mid360,4,215,True,True,CURRENT_SUPPORT
seq0001,seq0001_valref_000006,1706255621.8600023,-0.8479400277137756,-1.2773619890213013,2.1706979274749756,-0.6484375,-1.18359375,2.134765625,0.2233492136001587,False,False,True,True,True,True,True,True,True,0.20163138210773468,0.2233492136001587,0.984375,0.984375,1,6,12190,190,12000,0.21403884887695312,0.25977516174316406,0.04573631286621094,5,6,6,24,283,293,1706255621.814266,0.04573631286621094,5,Avia,4,157,True,True,CURRENT_SUPPORT
seq0001,seq0001_valref_000007,1706255621.913219,-0.8622729778289795,-1.2751330137252808,2.1717920303344727,-0.64453125,-1.0986328125,2.1875,0.280732125043869,False,False,True,True,True,True,True,True,True,0.20267850160598755,0.280732125043869,0.984375,0.984375,1,7,16313,190,16123,0.2999229431152344,0.3129918575286865,0.013068914413452148,5,7,7,21,328,338,1706255621.90015,0.013068914413452148,6,Mid360,4,171,True,True,CURRENT_SUPPORT
seq0001,seq0001_valref_000008,1706255621.9637177,-0.8884000182151794,-1.268193006515503,2.1740190982818604,-0.623046875,-1.115234375,2.203125,0.3076618015766144,False,False,True,True,True,True,True,True,True,0.24863950908184052,0.3076618015766144,0.98046875,0.98046875,1,8,16327,204,16123,0.3139817714691162,0.36349058151245117,0.04950881004333496,6,8,8,18,342,352,1706255621.914209,0.04950881004333496,7,Avia,4,138,True,True,CURRENT_SUPPORT
seq0001,seq0001_valref_000009,1706255622.0144038,-0.90208899974823,-1.262434959411621,2.1751298904418945,-0.7789306640625,-1.05078125,2.119140625,0.25119727849960327,False,False,True,True,True,True,True,True,True,0.16746582090854645,0.25119727849960327,0.98828125,0.98828125,1,10,20296,209,20087,0.41298580169677734,0.41417670249938965,0.0011909008026123047,6,10,10,17,383,393,1706255622.013213,0.0011909008026123047,9,Avia,4,100,True,True,CURRENT_SUPPORT
seq0001,seq0001_valref_000010,1706255622.0623717,-0.9155269861221313,-1.2548600435256958,2.1763269901275635,-0.7694091796875,-1.017578125,2.1328125,0.2820401191711426,False,False,True,True,True,True,True,True,True,0.18616724014282227,0.2820401191711426,0.98828125,0.98828125,1,10,20296,209,20087,0.41298580169677734,0.4621446132659912,0.04915881156921387,5,10,10,14,383,393,1706255622.013213,0.04915881156921387,9,Avia,4,100,True,True,CURRENT_SUPPORT
seq0001,seq0001_valref_000011,1706255622.1129491,-0.9271479845046997,-1.2467559576034546,2.177112102508545,-0.75518798828125,-1.123046875,2.10546875,0.22362232208251953,False,False,True,True,True,True,True,True,True,0.13768938183784485,0.22362232208251953,0.98828125,0.98828125,1,11,24396,209,24187,0.500006914138794,0.5127220153808594,0.01271510124206543,6,11,11,13,423,433,1706255622.100234,0.01271510124206543,10,Mid360,4,95,True,True,CURRENT_SUPPORT
seq0001,seq0001_valref_000012,1706255622.1629977,-0.9399070143699646,-1.2371089458465576,2.177884101867676,-0.705810546875,-1.177734375,2.130859375,0.2460443377494812,False,False,True,True,True,True,True,True,True,0.1603824645280838,0.2460443377494812,0.984375,0.984375,1,12,24419,232,24187,0.5140049457550049,0.5627706050872803,0.04876565933227539,7,12,12,24,446,456,1706255622.114232,0.04876565933227539,11,Avia,4,104,True,True,CURRENT_SUPPORT
seq0001,seq0001_valref_000013,1706255622.2146866,-0.9511070251464844,-1.2264289855957031,2.1782279014587402,-0.59375,-1.2734375,2.1640625,0.3607138693332672,False,False,True,True,True,True,True,True,True,0.279815673828125,0.3607138693332672,0.98046875,0.98046875,1,14,28505,235,28270,0.6139488220214844,0.6144595146179199,0.0005106925964355469,8,14,14,25,481,491,1706255622.214176,0.0005106925964355469,13,Avia,4,98,True,True,CURRENT_SUPPORT
seq0001,seq0001_valref_000014,1706255622.2625082,-0.9621289968490601,-1.2151800394058228,2.178157091140747,-0.743988037109375,-1.0029296875,2.1484375,0.3058086633682251,False,False,True,True,True,True,True,True,True,0.3058086633682251,0.3058086633682251,0.96875,0.96875,1,14,28505,235,28270,0.6139488220214844,0.6622810363769531,0.04833221435546875,8,14,14,23,481,491,1706255622.214176,0.04833221435546875,13,Avia,4,98,True,True,CURRENT_SUPPORT
seq0001,seq0001_valref_000015,1706255622.3101718,-0.9856659770011902,-1.1866029500961304,2.1767399311065674,-0.7939453125,-1.1201171875,2.177734375,0.20292402803897858,False,False,True,True,True,True,True,True,True,0.20292402803897858,0.20292402803897858,0.98046875,0.98046875,1,15,32523,235,32288,0.7000079154968262,0.7099447250366211,0.009936809539794922,8,15,15,23,524,534,1706255622.300235,0.009936809539794922,14,Mid360,4,101,True,True,CURRENT_SUPPORT
seq0001,seq0001_valref_000016,1706255622.3612218,-0.99760502576828,-1.1702369451522827,2.174880027770996,-1.025390625,-1.0185546875,2.091796875,0.17516379058361053,False,False,True,True,True,True,True,True,True,0.17516379058361053,0.17516379058361053,0.9765625,0.9765625,1,16,32538,250,32288,0.7140119075775146,0.7609946727752686,0.046982765197753906,7,16,16,26,536,546,1706255622.314239,0.046982765197753906,15,Avia,4,90,True,True,CURRENT_SUPPORT
seq0001,seq0001_valref_000017,1706255622.4120169,-1.0093669891357422,-1.1529769897460938,2.1728711128234863,-0.814453125,-1.1416015625,2.197265625,0.19676358997821808,False,False,True,True,True,True,True,True,True,0.19676358997821808,0.19676358997821808,0.9765625,0.9765625,1,17,36632,250,36382,0.8000738620758057,0.8117897510528564,0.011715888977050781,8,17,17,29,573,583,1706255622.400301,0.011715888977050781,16,Mid360,4,95,True,True,CURRENT_SUPPORT
seq0001,seq0001_valref_000018,1706255622.4592087,-1.021718978881836,-1.1332030296325684,2.1706130504608154,-0.80615234375,-1.1474609375,2.21875,0.22133556008338928,False,False,True,True,True,True,True,True,True,0.22133556008338928,0.22133556008338928,0.97265625,0.97265625,1,18,36633,251,36382,0.8130209445953369,0.8589816093444824,0.04596066474914551,8,17,17,29,573,583,1706255622.400301,0.05890774726867676,16,Mid360,3,92,True,True,CURRENT_SUPPORT
seq0001,seq0001_valref_000019,1706255622.5654428,-1.0564099550247192,-1.0720839500427246,2.1651809215545654,-0.74383544921875,-1.166015625,2.103515625,0.3321574628353119,False,False,True,True,True,True,True,True,True,0.2018609493970871,0.3321574628353119,0.9765625,0.9765625,1,20,40739,252,40487,0.9129848480224609,0.9652156829833984,0.0522308349609375,6,19,19,21,624,634,1706255622.513212,0.0522308349609375,19,Avia,3,88,True,True,CURRENT_SUPPORT
seq0001,seq0001_valref_000020,1706255622.6136754,-1.068071961402893,-1.0494450330734253,2.163433074951172,-0.76513671875,-1.166015625,1.91015625,0.41171300411224365,False,False,True,True,True,True,True,True,True,0.1905105859041214,0.41171300411224365,0.95703125,0.95703125,1,20,40616,252,40364,0.9861500263214111,0.9994363784790039,0.013286352157592773,6,19,19,18,626,636,1706255622.600389,0.013286352157592773,19,Mid360,3,84,True,True,CURRENT_SUPPORT
seq0001,seq0001_valref_000021,1706255622.659827,-1.0793670415878296,-1.0262000560760498,2.161771059036255,-0.8759765625,-1.140625,2.103515625,0.24052952229976654,False,False,True,True,True,True,True,True,True,0.20901964604854584,0.24052952229976654,0.9765625,0.9765625,1,20,40516,152,40364,0.9139909744262695,0.9595398902893066,0.04554891586303711,6,19,19,16,536,537,1706255622.614278,0.04554891586303711,19,Avia,4,89,True,True,CURRENT_SUPPORT
seq0001,seq0001_valref_000022,1706255622.7102263,-1.0902739763259888,-1.0030440092086792,2.1603200435638428,-1.289794921875,-0.7598876953125,1.91796875,0.39707398414611816,False,False,True,True,True,True,True,True,True,0.2105279117822647,0.39707398414611816,0.96484375,0.96484375,1,20,40738,152,40586,0.9859859943389893,0.9960353374481201,0.01004934310913086,5,19,19,14,545,546,1706255622.700177,0.01004934310913086,19,Mid360,4,79,True,True,CURRENT_SUPPORT
seq0001,seq0001_valref_000023,1706255622.7644916,-1.100780963897705,-0.9796370267868042,2.159550905227661,-0.9306640625,-0.9599609375,2.21484375,0.1799561232328415,False,False,True,True,True,True,True,True,True,0.1799561232328415,0.1799561232328415,0.98828125,0.98828125,1,20,40701,115,40586,0.9139511585235596,0.96425461769104,0.05030345916748047,5,19,19,17,509,509,1706255622.714188,0.05030345916748047,19,Avia,4,89,True,True,CURRENT_SUPPORT
seq0001,seq0001_valref_000024,1706255622.814757,-1.1221020221710205,-0.9284819960594177,2.1590631008148193,-1.0234375,-0.60546875,2.078125,0.34730854630470276,False,False,True,True,True,True,True,True,True,0.11749713122844696,0.34730854630470276,0.984375,0.984375,1,20,40932,85,40847,0.9141039848327637,0.914607048034668,0.0005030632019042969,7,19,19,22,484,484,1706255622.814254,0.0005030632019042969,19,Avia,4,105,True,True,CURRENT_SUPPORT
seq0001,seq0001_valref_000025,1706255622.8605106,-1.1320329904556274,-0.9009760022163391,2.1592469215393066,-0.884765625,-0.8984375,2.3046875,0.2868807315826416,False,False,True,True,True,True,True,True,True,0.09336977452039719,0.2868807315826416,0.984375,0.984375,1,20,40932,85,40847,0.9141039848327637,0.9603605270385742,0.04625654220581055,4,19,19,16,484,484,1706255622.814254,0.04625654220581055,19,Avia,4,105,True,True,CURRENT_SUPPORT
seq0001,seq0001_valref_000026,1706255622.9128802,-1.14124596118927,-0.87323397397995,2.160085916519165,-0.8798828125,-0.83056640625,2.24609375,0.2784394919872284,False,False,True,True,True,True,True,True,True,0.062314923852682114,0.2784394919872284,0.95703125,0.95703125,1,20,40944,85,40859,0.9860470294952393,0.998671293258667,0.012624263763427734,4,19,19,15,488,488,1706255622.900256,0.012624263763427734,19,Mid360,4,114,True,True,CURRENT_SUPPORT
seq0001,seq0001_valref_000027,1706255622.9758358,-1.151136040687561,-0.8436359763145447,2.161118984222412,-0.818359375,-0.853515625,2.208984375,0.3363465666770935,False,False,True,True,True,True,True,True,True,0.053853850811719894,0.3363465666770935,0.98046875,0.98046875,1,20,40951,92,40859,0.9129910469055176,0.9755387306213379,0.06254768371582031,4,19,19,15,495,495,1706255622.913288,0.06254768371582031,19,Avia,4,124,True,True,CURRENT_SUPPORT
seq0001,seq0001_valref_000028,1706255623.0148919,-1.1593910455703735,-0.8155980110168457,2.162187099456787,-0.85791015625,-0.9140625,2.36328125,0.37553274631500244,False,False,True,True,True,True,True,True,True,0.06779538840055466,0.37553274631500244,0.984375,0.984375,1,20,41165,96,41069,0.9129629135131836,0.9146578311920166,0.0016949176788330078,4,19,19,17,498,498,1706255623.013197,0.0016949176788330078,19,Avia,4,114,True,True,CURRENT_SUPPORT
seq0001,seq0001_valref_000029,1706255623.0625055,-1.1753100156784058,-0.7573789954185486,2.1648190021514893,-0.8583984375,-0.9345703125,2.37890625,0.42150095105171204,False,False,True,True,True,True,True,True,True,0.07125591486692429,0.42150095105171204,0.98046875,0.98046875,1,20,41165,96,41069,0.9129629135131836,0.9622714519500732,0.04930853843688965,3,19,19,15,498,498,1706255623.013197,0.04930853843688965,19,Avia,4,114,True,True,CURRENT_SUPPORT
seq0001,seq0001_valref_000030,1706255623.1119761,-1.1828570365905762,-0.7263299822807312,2.166003942489624,-0.876953125,-0.7537994384765625,2.1953125,0.3085300028324127,False,False,True,True,True,True,True,True,True,0.14518722891807556,0.3085300028324127,0.97265625,0.97265625,1,20,41170,96,41074,0.9858870506286621,0.997744083404541,0.011857032775878906,4,19,19,13,491,491,1706255623.100119,0.011857032775878906,19,Mid360,4,98,True,True,CURRENT_SUPPORT
seq0001,seq0001_valref_000031,1706255623.1699274,-1.1902379989624023,-0.6940019726753235,2.166917085647583,-0.8779296875,-0.9951171875,2.36328125,0.47619926929473877,False,False,True,True,True,True,True,True,True,0.1763913482427597,0.47619926929473877,0.98046875,0.98046875,1,20,41171,97,41074,0.914099931716919,0.9697682857513428,0.05566835403442383,5,19,19,25,492,492,1706255623.114259,0.05566835403442383,19,Avia,4,101,True,True,CURRENT_SUPPORT
seq0001,seq0001_valref_000032,1706255623.2135847,-1.1970069408416748,-0.6640250086784363,2.1676011085510254,-0.927734375,-1.04296875,2.33984375,0.4957556128501892,False,False,True,True,True,True,True,True,True,0.14355771243572235,0.4957556128501892,0.97265625,0.97265625,1,20,41236,97,41139,0.9861199855804443,0.9994087219238281,0.013288736343383789,5,19,19,20,494,495,1706255623.200296,0.013288736343383789,19,Mid360,4,101,True,True,CURRENT_SUPPORT
seq0001,seq0001_valref_000033,1706255623.262338,-1.2041020393371582,-0.6318550109863281,2.1678879261016846,-0.9404296875,-0.6044921875,2.25390625,0.27869513630867004,False,False,True,True,True,True,True,True,True,0.06509526073932648,0.27869513630867004,0.98046875,0.98046875,1,20,41263,124,41139,0.9139220714569092,0.9621028900146484,0.04818081855773926,5,19,19,23,518,522,1706255623.214157,0.04818081855773926,19,Avia,4,120,True,True,CURRENT_SUPPORT
seq0001,seq0001_valref_000034,1706255623.3157856,-1.2177890539169312,-0.5643609762191772,2.1678578853607178,-0.974609375,-0.722900390625,2.27734375,0.31025514006614685,False,False,True,True,True,True,True,True,True,0.14141617715358734,0.31025514006614685,0.98828125,0.98828125,1,20,41470,117,41353,0.9139430522918701,0.9154846668243408,0.0015416145324707031,3,19,19,23,490,497,1706255623.314244,0.0015416145324707031,19,Avia,4,93,True,True,CURRENT_SUPPORT
seq0001,seq0001_valref_000035,1706255623.3624735,-1.2242929935455322,-0.531141996383667,2.167646884918213,-0.97265625,-0.7191162109375,2.296875,0.33963990211486816,False,False,True,True,True,True,True,True,True,0.179962620139122,0.33963990211486816,0.984375,0.984375,1,20,41470,117,41353,0.9139430522918701,0.9621725082397461,0.04822945594787598,2,19,19,14,487,497,1706255623.314244,0.04822945594787598,19,Avia,4,93,True,True,CURRENT_SUPPORT
seq0001,seq0001_valref_000036,1706255623.4127522,-1.2311110496520996,-0.4948759973049164,2.1676108837127686,-0.744537353515625,-0.439453125,1.80078125,0.6118738651275635,False,False,False,True,True,True,True,False,True,0.20530550181865692,0.6118738651275635,0.984375,0.984375,1,20,41532,117,41415,0.9869089126586914,0.9995040893554688,0.012595176696777344,3,19,19,11,475,488,1706255623.400157,0.012595176696777344,19,Mid360,4,86,True,True,CURRENT_SUPPORT
seq0001,seq0001_valref_000037,1706255623.4607608,-1.2385690212249756,-0.45712798833847046,2.166923999786377,-0.921875,-0.36376953125,2.19140625,0.33107444643974304,False,False,True,True,True,True,True,True,True,0.1859205663204193,0.33107444643974304,0.9765625,0.9765625,1,20,41546,131,41415,0.9131300449371338,0.9606528282165527,0.047522783279418945,3,20,20,11,489,503,1706255623.413238,0.047522783279418945,19,Avia,4,73,True,True,CURRENT_SUPPORT
seq0001,seq0001_valref_000038,1706255623.5122232,-1.2451000213623047,-0.41955500841140747,2.166948080062866,-0.947265625,-0.4130859375,2.216796875,0.3020464777946472,False,False,True,True,True,True,True,True,True,0.2113940417766571,0.3020464777946472,0.98828125,0.98828125,1,20,41632,131,41501,0.9870779514312744,0.9990112781524658,0.011933326721191406,2,20,20,5,466,476,1706255623.50029,0.011933326721191406,19,Mid360,4,74,True,True,CURRENT_SUPPORT
seq0001,seq0001_valref_000039,1706255623.566274,-1.2524820566177368,-0.38251200318336487,2.1661689281463623,-0.923828125,-0.4765625,2.2578125,0.35391730070114136,False,False,True,True,True,True,True,True,True,0.19911345839500427,0.35391730070114136,0.9921875,0.9921875,1,20,41767,266,41501,0.9128038883209229,0.9658849239349365,0.05308103561401367,2,20,20,37,594,610,1706255623.513193,0.05308103561401367,19,Avia,4,200,True,True,CURRENT_SUPPORT
seq0001,seq0001_valref_000040,1706255623.613407,-1.2662110328674316,-0.3060379922389984,2.164731979370117,-1.01171875,-0.302978515625,2.185546875,0.2553604245185852,False,False,True,True,True,True,True,True,True,0.1638375073671341,0.2553604245185852,0.98828125,0.98828125,1,20,42052,266,41786,0.9860379695892334,0.9991288185119629,0.013090848922729492,2,20,20,14,584,612,1706255623.600316,0.013090848922729492,19,Mid360,4,207,True,True,CURRENT_SUPPORT
seq0001,seq0001_valref_000041,1706255623.6624346,-1.2729270458221436,-0.2678839862346649,2.164216995239258,-1.037109375,-0.4091796875,2.26171875,0.2916865348815918,False,False,True,True,True,True,True,True,True,0.2725929915904999,0.2916865348815918,0.9921875,0.9921875,1,20,42108,322,41786,0.9140801429748535,0.9622576236724854,0.048177480697631836,2,20,20,15,624,668,1706255623.614257,0.048177480697631836,19,Avia,4,253,True,True,CURRENT_SUPPORT
seq0001,seq0001_valref_000042,1706255623.713156,-1.2793829441070557,-0.23153799772262573,2.163796901702881,-0.8984375,-0.4228515625,1.732421875,0.6064690947532654,False,False,False,True,True,True,True,False,True,0.24990080296993256,0.6064690947532654,0.9921875,0.9921875,1,20,42102,322,41780,0.9859437942504883,0.9989678859710693,0.013024091720581055,2,20,20,12,616,653,1706255623.700132,0.013024091720581055,19,Mid360,4,255,True,True,CURRENT_SUPPORT
seq0001,seq0001_valref_000043,1706255623.7636855,-1.2873040437698364,-0.189193993806839,2.1633169651031494,-0.95703125,-0.375,2.244140625,0.3874744474887848,False,False,True,True,True,True,True,True,True,0.31233781576156616,0.3874744474887848,0.98828125,0.98828125,1,20,42199,419,41780,0.9139800071716309,0.9635305404663086,0.049550533294677734,3,20,20,19,691,750,1706255623.714135,0.049550533294677734,19,Avia,4,226,True,True,CURRENT_SUPPORT
seq0001,seq0001_valref_000044,1706255623.8143525,-1.2934199571609497,-0.15298399329185486,2.1637160778045654,-0.9267578125,-0.199462890625,1.693359375,0.5981945991516113,False,False,False,True,True,True,True,False,True,0.2852858901023865,0.5981945991516113,0.98828125,0.98828125,1,20,42355,545,41810,0.9139680862426758,0.9140965938568115,0.0001285076141357422,4,20,20,59,812,856,1706255623.814224,0.0001285076141357422,19,Avia,4,288,True,True,CURRENT_SUPPORT
seq0001,seq0001_valref_000045,1706255623.8631923,-1.3003339767456055,-0.11443500220775604,2.1639339923858643,-0.9228515625,-0.18017578125,1.708984375,0.5948058366775513,False,False,False,True,True,True,True,False,True,0.3001793920993805,0.5948058366775513,0.98828125,0.98828125,1,20,42355,545,41810,0.9139680862426758,0.9629364013671875,0.04896831512451172,2,20,20,38,794,856,1706255623.814224,0.04896831512451172,19,Avia,4,288,True,True,CURRENT_SUPPORT
seq0001,seq0001_valref_000046,1706255623.9132583,-1.313850998878479,-0.039701998233795166,2.164923906326294,-1.1328125,-0.34765625,2.158203125,0.35728970170021057,False,False,True,True,True,True,True,True,True,0.23256929218769073,0.35728970170021057,0.98046875,0.98046875,1,20,42578,702,41876,0.9129500389099121,0.9129862785339355,3.62396240234375e-05,3,20,20,63,930,992,1706255623.913222,3.62396240234375e-05,19,Avia,4,364,True,True,CURRENT_SUPPORT
seq0001,seq0001_valref_000047,1706255623.9614794,-1.3204749822616577,-0.003544999985024333,2.1653709411621094,-1.1142578125,-0.34765625,2.18359375,0.40158456563949585,False,False,True,True,True,True,True,True,True,0.22465118765830994,0.40158456563949585,0.98046875,0.98046875,1,20,42578,702,41876,0.9129500389099121,0.961207389831543,0.04825735092163086,3,20,20,41,904,992,1706255623.913222,0.04825735092163086,19,Avia,4,364,True,True,CURRENT_SUPPORT
seq0001,seq0001_valref_000048,1706255624.0149078,-1.3279110193252563,0.034143999218940735,2.1655960083007812,-1.083984375,-0.140625,2.185546875,0.30073651671409607,False,False,True,True,True,True,True,True,True,0.30073651671409607,0.30073651671409607,0.984375,0.984375,1,20,42587,749,41838,0.9130678176879883,0.9147887229919434,0.0017209053039550781,3,20,20,30,955,1029,1706255624.013187,0.0017209053039550781,19,Avia,4,286,True,True,CURRENT_SUPPORT
seq0001,seq0001_valref_000049,1706255624.0636938,-1.3350199460983276,0.07047700136899948,2.165389060974121,-1.0810546875,-0.14697265625,2.208984375,0.33716949820518494,False,False,True,True,True,True,True,True,True,0.33716949820518494,0.33716949820518494,0.984375,0.984375,1,20,42587,749,41838,0.9130678176879883,0.9635746479034424,0.0505068302154541,3,20,20,12,943,1029,1706255624.013187,0.0505068302154541,19,Avia,4,286,True,True,CURRENT_SUPPORT
seq0001,seq0001_valref_000050,1706255624.1149766,-1.3501689434051514,0.1383810043334961,2.165004014968872,-1.095703125,-0.103515625,2.224609375,0.35611745715141296,False,False,True,True,True,True,True,True,True,0.35611745715141296,0.35611745715141296,0.984375,0.984375,1,20,42755,749,42006,0.9138960838317871,0.9146807193756104,0.0007846355438232422,2,20,20,10,958,1038,1706255624.114192,0.0007846355438232422,19,Avia,4,147,True,True,CURRENT_SUPPORT
seq0001,seq0001_valref_000051,1706255624.1657264,-1.357846975326538,0.17172400653362274,2.1646111011505127,-1.095703125,-0.1162109375,2.25390625,0.39949914813041687,False,False,True,True,True,True,True,True,True,0.39949914813041687,0.39949914813041687,0.984375,0.984375,1,20,42755,749,42006,0.9138960838317871,0.965430498123169,0.051534414291381836,2,19,20,6,924,1038,1706255624.114192,0.051534414291381836,19,Avia,4,147,True,True,CURRENT_SUPPORT
seq0001,seq0001_valref_000052,1706255624.2134647,-1.366454005241394,0.20524799823760986,2.1644959449768066,-1.0888671875,-0.076171875,2.27734375,0.4110793173313141,False,False,True,True,True,True,True,True,True,0.4110793173313141,0.4110793173313141,0.984375,0.984375,1,20,42791,801,41990,0.9130380153656006,0.9133007526397705,0.0002627372741699219,3,19,20,11,985,1074,1706255624.213202,0.0002627372741699219,19,Avia,4,166,True,True,CURRENT_SUPPORT
seq0001,seq0001_valref_000053,1706255624.2616708,-1.3745030164718628,0.2391200065612793,2.164047956466675,-1.07421875,-0.0859375,2.3125,0.4667665660381317,False,False,True,True,True,True,True,True,True,0.4667665660381317,0.4667665660381317,0.984375,0.984375,1,20,42791,801,41990,0.9130380153656006,0.9615068435668945,0.048468828201293945,3,18,20,7,958,1074,1706255624.213202,0.048468828201293945,19,Avia,4,166,True,True,CURRENT_SUPPORT
seq0001,seq0001_valref_000054,1706255624.313459,-1.382539987564087,0.27081099152565,2.16388201713562,-1.111328125,0.197021484375,2.244140625,0.29230499267578125,False,False,True,True,True,True,True,True,True,0.2753619849681854,0.29230499267578125,0.98828125,0.98828125,1,20,42719,801,41918,0.98586106300354,0.9992148876190186,0.013353824615478516,3,19,20,5,955,1089,1706255624.300105,0.013353824615478516,19,Mid360,4,161,True,True,CURRENT_SUPPORT
seq0001,seq0001_valref_000055,1706255624.368204,-1.3976370096206665,0.3327290117740631,2.1633551120758057,-1.1025390625,0.21240234375,2.296875,0.34552693367004395,False,False,True,True,True,True,True,True,True,0.21794626116752625,0.34552693367004395,0.98828125,0.98828125,1,20,42723,805,41918,0.9140920639038086,0.9680471420288086,0.053955078125,1,19,20,3,899,1093,1706255624.314249,0.053955078125,19,Avia,4,149,True,True,CURRENT_SUPPORT
seq0001,seq0001_valref_000056,1706255624.4096477,-1.4048999547958374,0.3632830083370209,2.163144111633301,-1.1875,0.27197265625,2.240234375,0.2480790764093399,False,False,True,True,True,True,True,True,True,0.2480790764093399,0.2480790764093399,0.984375,0.984375,1,20,42812,805,42007,0.987062931060791,0.9964096546173096,0.009346723556518555,1,20,20,3,882,1093,1706255624.400301,0.009346723556518555,19,Mid360,4,157,True,True,CURRENT_SUPPORT
seq0001,seq0001_valref_000057,1706255624.46201,-1.411473035812378,0.3916899859905243,2.162925958633423,-1.0712890625,0.37890625,2.2109375,0.3437930643558502,False,False,True,True,True,True,True,True,True,0.3014555871486664,0.3437930643558502,0.98046875,0.98046875,1,20,42815,808,42007,0.9138660430908203,0.9617199897766113,0.047853946685791016,2,19,20,10,851,1096,1706255624.414156,0.047853946685791016,19,Avia,4,95,True,True,CURRENT_SUPPORT
seq0001,seq0001_valref_000058,1706255624.5131967,-1.418586015701294,0.4210380017757416,2.1627249717712402,-1.1171875,0.4619140625,2.1796875,0.3046303391456604,False,False,True,True,True,True,True,True,True,0.3046303391456604,0.3046303391456604,0.97265625,0.97265625,1,20,42853,808,42045,0.9870431423187256,1.0000038146972656,0.012960672378540039,3,20,20,7,845,1122,1706255624.500236,0.012960672378540039,19,Mid360,4,107,True,True,CURRENT_SUPPORT
seq0001,seq0001_valref_000059,1706255624.574875,-1.4249409437179565,0.44993099570274353,2.162374973297119,-1.11328125,0.470703125,2.205078125,0.3152567148208618,False,False,True,True,True,True,True,True,True,0.3152567148208618,0.3152567148208618,0.96875,0.96875,1,20,42717,672,42045,0.9139208793640137,0.9745590686798096,0.0606381893157959,3,19,19,7,774,987,1706255624.500236,0.07463908195495605,18,Mid360,3,95,True,True,CURRENT_SUPPORT
seq0001,seq0001_valref_000060,1706255624.615028,-1.4376269578933716,0.5060579776763916,2.161020040512085,-1.22509765625,0.53125,2.16796875,0.21412992477416992,False,False,True,True,True,True,True,True,True,0.21412992477416992,0.21412992477416992,0.96484375,0.96484375,1,20,42617,611,42006,0.9140591621398926,0.9148960113525391,0.0008368492126464844,4,18,18,6,727,929,1706255624.600176,0.014851808547973633,18,Mid360,2,87,True,True,CURRENT_SUPPORT
seq0001,seq0001_valref_000061,1706255624.6632724,-1.4442600011825562,0.5328220129013062,2.160191059112549,-1.3544921875,0.931640625,2.03515625,0.4274906516075134,False,False,True,True,True,True,True,True,True,0.220414400100708,0.4274906516075134,0.96484375,0.96484375,1,20,42617,611,42006,0.9140591621398926,0.9631404876708984,0.04908132553100586,3,18,18,5,694,929,1706255624.600176,0.06309628486633301,18,Mid360,2,87,True,True,CURRENT_SUPPORT
seq0001,seq0001_valref_000062,1706255624.7123601,-1.4517149925231934,0.5636969804763794,2.15864896774292,-1.447265625,0.7392578125,2.095703125,0.18655718863010406,False,False,True,True,True,True,True,True,True,0.1287851780653,0.18655718863010406,0.98046875,0.98046875,1,20,42789,611,42178,0.9861371517181396,0.998225212097168,0.01208806037902832,2,18,18,3,701,949,1706255624.700272,0.01208806037902832,19,Mid360,2,83,True,True,CURRENT_SUPPORT
seq0001,seq0001_valref_000063,1706255624.7607377,-1.4589320421218872,0.5937780141830444,2.1573240756988525,-1.4453125,0.71875,2.109375,0.13454590737819672,False,False,True,True,True,True,True,True,True,0.10853729397058487,0.13454590737819672,0.98046875,0.98046875,1,20,42681,503,42178,0.9128921031951904,0.9604387283325195,0.0475466251373291,1,17,17,2,651,841,1706255624.700272,0.06046557426452637,18,Mid360,2,83,True,True,CURRENT_SUPPORT
seq0001,seq0001_valref_000064,1706255624.8109279,-1.466088056564331,0.6197800040245056,2.156485080718994,-1.5390625,0.7667236328125,2.099609375,0.17364488542079926,False,False,True,True,True,True,True,True,True,0.15608762204647064,0.17364488542079926,0.97265625,0.97265625,1,20,42603,503,42100,0.986016035079956,0.9967038631439209,0.010687828063964844,1,17,17,1,648,853,1706255624.80024,0.010687828063964844,19,Mid360,2,84,True,True,CURRENT_SUPPORT
seq0001,seq0001_valref_000065,1706255624.8627815,-1.4725630283355713,0.6446359753608704,2.1556220054626465,-1.517578125,0.7806396484375,2.111328125,0.1499510109424591,False,False,True,True,True,True,True,True,True,0.12954804301261902,0.1499510109424591,0.96875,0.96875,1,20,42470,370,42100,0.9139599800109863,0.9625394344329834,0.04857945442199707,0,16,16,0,599,720,1706255624.80024,0.06254148483276367,18,Mid360,2,84,True,True,CURRENT_SUPPORT
seq0001,seq0001_valref_000066,1706255624.9146326,-1.4865959882736206,0.6980929970741272,2.1543779373168945,-1.50390625,0.8046875,2.1171875,0.1142154186964035,False,False,True,True,True,True,True,True,True,0.1142154186964035,0.1142154186964035,0.9609375,0.9609375,1,20,42386,192,42194,0.9139940738677979,0.9144835472106934,0.0004894733428955078,1,15,15,2,491,557,1706255624.900112,0.014520645141601562,18,Mid360,2,82,True,True,CURRENT_SUPPORT
seq0001,seq0001_valref_000067,1706255624.9669635,-1.4933799505233765,0.724806010723114,2.1547470092773438,-1.505859375,0.8125,2.126953125,0.09283572435379028,False,False,True,True,True,True,True,True,True,0.09283572435379028,0.09283572435379028,0.95703125,0.95703125,1,20,42386,192,42194,0.9139940738677979,0.9668145179748535,0.052820444107055664,1,15,15,2,458,557,1706255624.900112,0.06685161590576172,18,Mid360,2,82,True,True,CURRENT_SUPPORT
seq0001,seq0001_valref_000068,1706255625.0141618,-1.4996310472488403,0.7509469985961914,2.154697895050049,-1.4501953125,0.780517578125,2.12109375,0.06668995320796967,False,False,True,True,True,True,True,True,True,0.06668995320796967,0.06668995320796967,0.94921875,0.94921875,1,20,42546,192,42354,0.9870960712432861,1.0009748935699463,0.013878822326660156,1,15,15,2,474,567,1706255625.000283,0.013878822326660156,19,Mid360,2,79,True,True,CURRENT_SUPPORT
seq0001,seq0001_valref_000069,1706255625.060099,-1.5061379671096802,0.7786359786987305,2.1548380851745605,-1.4638671875,0.876953125,2.072265625,0.1351713389158249,False,False,True,True,True,True,True,True,True,0.10484135895967484,0.1351713389158249,0.76171875,0.76171875,1,20,42491,137,42354,0.9140219688415527,0.9598178863525391,0.04579591751098633,1,14,14,2,465,512,1706255625.000283,0.05981588363647461,18,Mid360,2,79,True,True,CURRENT_SUPPORT
seq0001,seq0001_valref_000070,1706255625.1119514,-1.511780023574829,0.8048880100250244,2.155216932296753,-1.435546875,0.9521484375,2.05078125,0.19596922397613525,False,False,True,True,True,True,True,True,True,0.09989407658576965,0.19596922397613525,0.890625,0.890625,1,20,42385,137,42248,0.9859800338745117,0.9977593421936035,0.011779308319091797,1,14,14,1,457,502,1706255625.100172,0.011779308319091797,19,Mid360,2,68,True,True,CURRENT_SUPPORT
seq0001,seq0001_valref_000071,1706255625.1631703,-1.516983985900879,0.8308259844779968,2.1557281017303467,-1.44140625,0.9716796875,2.06640625,0.18311241269111633,False,False,True,True,True,True,True,True,True,0.09351806342601776,0.18311241269111633,0.90625,0.90625,1,20,42361,113,42248,0.9139599800109863,0.9629323482513428,0.048972368240356445,1,13,13,1,414,478,1706255625.100172,0.06299829483032227,18,Mid360,2,68,True,True,CURRENT_SUPPORT
seq0001,seq0001_valref_000072,1706255625.2152574,-1.5272430181503296,0.882099986076355,2.156766891479492,-1.427734375,0.982421875,1.9716796875,0.23285989463329315,False,False,True,True,True,True,True,True,True,0.1855689436197281,0.23285989463329315,0.875,0.875,1,20,42438,31,42407,0.9131238460540771,0.9151523113250732,0.0020284652709960938,1,12,12,2,396,410,1706255625.200137,0.015120506286621094,18,Mid360,2,65,True,True,CURRENT_SUPPORT
seq0001,seq0001_valref_000073,1706255625.2594204,-1.532155990600586,0.908282995223999,2.156765937805176,-1.431640625,0.9921875,1.9853515625,0.21569931507110596,False,False,True,True,True,True,True,True,True,0.15945744514465332,0.21569931507110596,0.8671875,0.8671875,1,20,42438,31,42407,0.9131238460540771,0.959315299987793,0.04619145393371582,1,12,12,2,394,410,1706255625.200137,0.05928349494934082,18,Mid360,2,65,True,True,CURRENT_SUPPORT
seq0001,seq0001_valref_000074,1706255625.313051,-1.5361560583114624,0.9329720139503479,2.156471014022827,-1.4375,1.029296875,2.0625,0.16685937345027924,False,False,True,True,True,True,True,True,True,0.16685937345027924,0.16685937345027924,0.96875,0.96875,1,20,42528,31,42497,0.9859979152679443,0.9988019466400146,0.012804031372070312,1,12,12,2,391,401,1706255625.300247,0.012804031372070312,19,Mid360,2,61,True,True,CURRENT_SUPPORT
seq0001,seq0001_valref_000075,1706255625.3640754,-1.5405670404434204,0.9591820240020752,2.1559948921203613,-1.43359375,1.037109375,2.080078125,0.15257559716701508,False,False,True,True,True,True,True,True,True,0.15257559716701508,0.15257559716701508,0.96484375,0.96484375,1,20,42516,19,42497,0.9128389358520508,0.9637744426727295,0.05093550682067871,1,11,11,2,374,389,1706255625.300247,0.0638284683227539,18,Mid360,2,61,True,True,CURRENT_SUPPORT
seq0001,seq0001_valref_000076,1706255625.414765,-1.5440889596939087,0.9828879833221436,2.155163049697876,-1.4912109375,1.09375,1.9931640625,0.2032981663942337,False,False,True,True,True,True,True,True,True,0.2032981663942337,0.2032981663942337,0.96875,0.96875,1,20,42479,1,42478,0.9129800796508789,0.9145288467407227,0.00154876708984375,1,10,10,2,374,379,1706255625.400233,0.014531850814819336,18,Mid360,2,64,True,True,CURRENT_SUPPORT
seq0001,seq0001_valref_000077,1706255625.4617598,-1.5507529973983765,1.0279170274734497,2.1540749073028564,-1.4970703125,1.095703125,2.00390625,0.17328418791294098,False,False,True,True,True,True,True,True,True,0.16982035338878632,0.17328418791294098,0.9609375,0.9609375,1,20,42479,1,42478,0.9129800796508789,0.9615237712860107,0.048543691635131836,1,10,10,1,368,379,1706255625.400233,0.06152677536010742,18,Mid360,2,64,True,True,CURRENT_SUPPORT
seq0001,seq0001_valref_000078,1706255625.5135486,-1.553189992904663,1.0503770112991333,2.153564929962158,-1.521484375,1.109375,2.048828125,0.12432138621807098,False,False,True,True,True,True,True,True,True,0.12432138621807098,0.12432138621807098,0.9609375,0.9609375,1,20,42540,1,42539,0.9129669666290283,0.9133725166320801,0.0004055500030517578,0,10,10,0,350,351,1706255625.500108,0.013440608978271484,18,Mid360,2,57,True,True,CURRENT_SUPPORT
seq0001,seq0001_valref_000079,1706255625.5654886,-1.5563310384750366,1.072167992591858,2.152923107147217,-1.5234375,1.11328125,2.056640625,0.1097387820482254,False,False,True,True,True,True,True,True,True,0.1097387820482254,0.1097387820482254,0.953125,0.953125,1,20,42540,1,42539,0.9129669666290283,0.9653124809265137,0.05234551429748535,0,10,10,0,349,351,1706255625.500108,0.06538057327270508,18,Mid360,2,57,True,True,CURRENT_SUPPORT
seq0001,seq0001_valref_000080,1706255625.6109529,-1.5579630136489868,1.0924750566482544,2.1525371074676514,-1.509765625,1.12109375,2.001953125,0.1606784164905548,False,False,True,True,True,True,True,True,True,0.1606784164905548,0.1606784164905548,0.9375,0.9375,1,20,42547,1,42546,0.9860758781433105,0.9967617988586426,0.010685920715332031,0,10,10,0,333,334,1706255625.600267,0.010685920715332031,19,Mid360,2,42,True,True,CURRENT_SUPPORT
seq0001,seq0001_valref_000081,1706255625.6616302,-1.5599479675292969,1.1123080253601074,2.1522018909454346,-1.51171875,1.126953125,2.0078125,0.15293408930301666,False,False,True,True,True,True,True,True,True,0.15293408930301666,0.15293408930301666,0.92578125,0.92578125,1,20,42548,2,42546,0.9139230251312256,0.9613580703735352,0.04743504524230957,0,10,10,0,331,334,1706255625.600267,0.06136322021484375,18,Mid360,2,42,True,True,CURRENT_SUPPORT
seq0001,seq0001_valref_000082,1706255625.7138336,-1.5620280504226685,1.153272032737732,2.151676893234253,-1.513671875,1.282958984375,2.052734375,0.17013713717460632,False,False,True,True,True,True,True,True,True,0.11610248684883118,0.17013713717460632,0.9453125,0.9453125,1,20,42453,2,42451,0.9870040416717529,1.0006425380706787,0.013638496398925781,0,10,10,0,312,312,1706255625.700195,0.013638496398925781,19,Mid360,2,44,True,True,CURRENT_SUPPORT
seq0001,seq0001_valref_000083,1706255625.762679,-1.5620720386505127,1.173632025718689,2.1518828868865967,-1.50390625,1.278564453125,2.056640625,0.15318343043327332,False,False,True,True,True,True,True,True,True,0.09855213016271591,0.15318343043327332,0.93359375,0.93359375,1,20,42454,3,42451,0.9138760566711426,0.9624390602111816,0.04856300354003906,0,10,10,0,312,312,1706255625.700195,0.062484025955200195,18,Mid360,2,44,True,True,CURRENT_SUPPORT
seq0001,seq0001_valref_000084,1706255625.815201,-1.5617400407791138,1.1916340589523315,2.151905059814453,-1.474609375,1.134765625,1.970703125,0.20894955098628998,False,False,True,True,True,True,True,True,True,0.12586121261119843,0.20894955098628998,0.87109375,0.87109375,1,20,42677,10,42667,0.9141039848327637,0.9150891304016113,0.0009851455688476562,0,10,10,0,288,288,1706255625.800119,0.015082120895385742,18,Mid360,2,38,True,True,CURRENT_SUPPORT
seq0001,seq0001_valref_000085,1706255625.8726132,-1.5606989860534668,1.2104229927062988,2.152237892150879,-1.47265625,1.13671875,1.9931640625,0.1961844116449356,False,False,True,True,True,True,True,True,True,0.10923489183187485,0.1961844116449356,0.82421875,0.82421875,1,20,42677,10,42667,0.9141039848327637,0.972501277923584,0.05839729309082031,0,10,10,0,288,288,1706255625.800119,0.0724942684173584,18,Mid360,2,38,True,True,CURRENT_SUPPORT
seq0001,seq0001_valref_000086,1706255625.9191134,-1.5591139793395996,1.228767991065979,2.152513027191162,-1.5673828125,1.37158203125,2.09765625,0.1532106101512909,False,False,True,True,True,True,True,True,True,0.1105382889509201,0.1532106101512909,0.87109375,0.87109375,1,20,42637,16,42621,0.9129230976104736,0.918830394744873,0.005907297134399414,1,10,10,1,271,271,1706255625.900251,0.018862485885620117,18,Mid360,2,41,True,True,CURRENT_SUPPORT
seq0001,seq0001_valref_000087,1706255625.963272,-1.5541609525680542,1.2662190198898315,2.1527819633483887,-1.56640625,1.3740234375,2.109375,0.11685848236083984,False,False,True,True,True,True,True,True,True,0.11685848236083984,0.11685848236083984,0.86328125,0.86328125,1,20,42637,16,42621,0.9129230976104736,0.962989091873169,0.05006599426269531,1,10,10,1,270,271,1706255625.900251,0.06302118301391602,18,Mid360,2,41,True,True,CURRENT_SUPPORT
seq0001,seq0001_valref_000088,1706255626.0114195,-1.5541609525680542,1.2662190198898315,2.152782917022705,-1.587890625,1.4736328125,2.083984375,0.22111402451992035,False,False,True,True,True,True,True,True,True,0.10051648318767548,0.22111402451992035,0.96484375,0.96484375,1,20,42642,16,42626,0.9859330654144287,0.9971165657043457,0.011183500289916992,1,10,10,1,258,258,1706255626.000236,0.011183500289916992,19,Mid360,2,49,True,True,CURRENT_SUPPORT
seq0001,seq0001_valref_000089,1706255626.0601587,-1.5468250513076782,1.3020590543746948,2.1536478996276855,-1.6162109375,1.55078125,2.0703125,0.27133360505104065,False,False,True,True,True,True,True,True,True,0.08551906794309616,0.27133360505104065,0.95703125,0.95703125,1,20,42641,15,42626,0.9129660129547119,0.959986686706543,0.047020673751831055,1,10,10,1,257,258,1706255626.000236,0.05992269515991211,18,Mid360,2,49,True,True,CURRENT_SUPPORT
seq0001,seq0001_valref_000090,1706255626.1128416,-1.5432369709014893,1.3205610513687134,2.1537859439849854,-1.53125,1.4462890625,1.98828125,0.20818987488746643,False,False,True,True,True,True,True,True,True,0.11274783313274384,0.20818987488746643,0.9609375,0.9609375,1,20,42823,15,42808,0.9859061241149902,0.9986436367034912,0.012737512588500977,1,10,10,1,236,236,1706255626.100104,0.012737512588500977,19,Mid360,2,33,True,True,CURRENT_SUPPORT
seq0001,seq0001_valref_000091,1706255626.16801,-1.5377449989318848,1.3392390012741089,2.153933048248291,-1.5791015625,1.53515625,2.0703125,0.21699385344982147,False,False,True,True,True,True,True,True,True,0.129227876663208,0.21699385344982147,0.953125,0.953125,1,20,42823,15,42808,0.914046049118042,0.9678730964660645,0.05382704734802246,1,10,10,1,236,236,1706255626.100104,0.06790590286254883,18,Mid360,2,33,True,True,CURRENT_SUPPORT
seq0001,seq0001_valref_000092,1706255626.2126122,-1.5320760011672974,1.3578729629516602,2.153722047805786,-1.6240234375,1.572265625,2.056640625,0.252672404050827,False,False,True,True,True,True,True,True,True,0.16994819045066833,0.252672404050827,0.92578125,0.92578125,1,20,42724,15,42709,0.9870550632476807,0.9993832111358643,0.012328147888183594,0,10,10,0,217,217,1706255626.200284,0.012328147888183594,19,Mid360,2,24,True,True,CURRENT_SUPPORT
seq0001,seq0001_valref_000093,1706255626.3117075,-1.5075269937515259,1.4131619930267334,2.153831958770752,-1.4853515625,1.548828125,2.021484375,0.19082172214984894,False,False,True,True,True,True,True,True,True,0.19082172214984894,0.19082172214984894,0.9375,0.9375,1,20,42773,15,42758,0.9870021343231201,0.9985675811767578,0.011565446853637695,0,10,10,0,202,202,1706255626.300142,0.011565446853637695,19,Mid360,2,27,True,True,CURRENT_SUPPORT
seq0001,seq0001_valref_000094,1706255626.377821,-1.4841430187225342,1.4512590169906616,2.154165029525757,-1.4814453125,1.55859375,2.0390625,0.15740589797496796,False,False,True,True,True,True,True,True,True,0.15740589797496796,0.15740589797496796,0.9296875,0.9296875,1,20,42773,15,42758,0.914017915725708,0.9775879383087158,0.06357002258300781,0,10,10,0,202,202,1706255626.300142,0.07767891883850098,18,Mid360,2,27,True,True,CURRENT_SUPPORT
seq0001,seq0001_valref_000095,1706255626.4199407,-1.471011996269226,1.4698389768600464,2.153964042663574,-1.4404296875,1.634765625,2.017578125,0.21618786454200745,False,False,True,True,True,True,True,True,True,0.21618786454200745,0.21618786454200745,0.89453125,0.89453125,1,20,42832,15,42817,0.9140219688415527,0.919832706451416,0.005810737609863281,0,10,10,0,187,187,1706255626.400113,0.019827604293823242,18,Mid360,2,34,True,True,CURRENT_SUPPORT
seq0001,seq0001_valref_000096,1706255626.465864,-1.4570300579071045,1.4879839420318604,2.1538989543914795,-1.4375,1.638671875,2.03125,0.19527171552181244,False,False,True,True,True,True,True,True,True,0.19527171552181244,0.19527171552181244,0.88671875,0.88671875,1,20,42832,15,42817,0.9140219688415527,0.9657559394836426,0.051733970642089844,0,10,10,0,187,187,1706255626.400113,0.0657508373260498,18,Mid360,2,34,True,True,CURRENT_SUPPORT
seq0001,seq0001_valref_000097,1706255626.612978,-1.4116530418395996,1.5384470224380493,2.1526360511779785,-8.474609375,6.2706298828125,1.828125,8.507891654968262,False,False,False,False,False,True,True,True,True,0.13951654732227325,0.13951654732227325,0.90625,0.71484375,7,20,42774,16,42758,0.9139420986175537,1.0127110481262207,0.09876894950866699,0,10,10,0,177,177,1706255626.500272,0.11270594596862793,18,Mid360,2,32,True,True,CURRENT_SUPPORT
seq0001,seq0001_valref_000098,1706255626.812695,-1.3387149572372437,1.6025669574737549,2.1504249572753906,-8.490234375,6.318359375,1.89453125,8.570204734802246,False,False,False,False,False,True,True,True,True,0.0634952113032341,0.0634952113032341,0.875,0.1259765625,9,20,42774,16,42758,0.9139420986175537,1.212428092956543,0.29848599433898926,0,10,10,0,176,177,1706255626.500272,0.3124229907989502,18,Mid360,2,32,True,True,CURRENT_SUPPORT
seq0001,seq0001_valref_000099,1706255626.858342,-1.3250360488891602,1.613036036491394,2.1509780883789062,-8.501953125,6.3291015625,1.9140625,8.591014862060547,False,False,False,False,False,True,True,True,True,0.06711515039205551,0.06711515039205551,0.84765625,0.058349609375,10,20,42774,16,42758,0.9139420986175537,1.2580749988555908,0.3441329002380371,0,10,10,0,176,177,1706255626.500272,0.35806989669799805,18,Mid360,2,32,True,True,CURRENT_SUPPORT
seq0002,seq0002_valref_000100,1706255054.386069,13.315584182739258,-15.910148620605469,39.37453842163086,nan,nan,nan,nan,True,True,False,False,False,False,False,False,False,nan,nan,nan,nan,,0,0,0,0,nan,nan,nan,0,0,0,0,0,0,nan,nan,,,0,0,False,False,NO_CURRENT_SUPPORT
seq0002,seq0002_valref_000101,1706255054.4340742,13.420022010803223,-15.942671775817871,39.374942779541016,-7.958984375,-0.6943359375,-0.375,47.64065170288086,False,False,False,False,False,False,False,False,False,45.763587951660156,41.681983947753906,0.1337890625,nan,,2,4413,0,4413,0.017401933670043945,0.0339961051940918,0.01659417152404785,0,0,0,0,0,0,nan,nan,,,0,0,False,False,NO_CURRENT_SUPPORT
seq0002,seq0002_valref_000102,1706255054.4867957,13.509367942810059,-15.97374153137207,39.37639236450195,-7.9521484375,-0.70068359375,-0.32421875,47.644535064697266,False,False,False,False,False,False,False,False,False,41.676753997802734,41.676753997802734,0.09521484375,nan,,2,4413,0,4413,0.017401933670043945,0.08671760559082031,0.06931567192077637,0,0,0,0,0,0,nan,nan,,,0,0,False,False,NO_CURRENT_SUPPORT
seq0002,seq0002_valref_000103,1706255054.534958,13.603705406188965,-16.009798049926758,39.37628936767578,12.865234375,-15.69140625,39.322265625,0.8059970736503601,False,False,False,True,True,False,True,False,True,0.5016661286354065,0.8059970736503601,0.97265625,0.97265625,1,4,8957,10,8947,0.11735892295837402,0.13487982749938965,0.017520904541015625,0,0,1,0,0,9,nan,nan,,,0,0,False,False,NO_CURRENT_SUPPORT
seq0002,seq0002_valref_000104,1706255054.5915537,13.686041831970215,-16.045692443847656,39.37881088256836,12.87890625,-15.69921875,39.32666015625,0.8799042701721191,False,False,False,True,True,False,True,False,True,0.5737617611885071,0.8799042701721191,0.97265625,0.97265625,1,4,8957,10,8947,0.11735892295837402,0.19147562980651855,0.07411670684814453,0,0,1,0,0,9,nan,nan,,,0,0,False,False,NO_CURRENT_SUPPORT
seq0002,seq0002_valref_000105,1706255054.635539,13.86143970489502,-16.13169288635254,39.3820915222168,13.4375,-15.88671875,39.34326171875,0.4911669194698334,False,False,True,True,True,True,True,True,True,0.4911669194698334,0.4911669194698334,0.984375,0.984375,1,6,13345,12,13333,0.2174830436706543,0.23546099662780762,0.01797795295715332,0,0,2,0,0,11,nan,nan,,,0,0,False,False,NO_CURRENT_SUPPORT
seq0002,seq0002_valref_000106,1706255054.688636,13.9409818649292,-16.175411224365234,39.3841667175293,13.458984375,-15.890625,39.34619140625,0.5611300468444824,False,False,False,True,True,False,True,False,True,0.5611300468444824,0.5611300468444824,0.984375,0.984375,1,6,13345,12,13333,0.2174830436706543,0.2885580062866211,0.0710749626159668,0,0,2,0,0,11,nan,nan,,,0,0,False,False,NO_CURRENT_SUPPORT
seq0002,seq0002_valref_000107,1706255054.733447,14.025630950927734,-16.224504470825195,39.38691711425781,13.427734375,-15.77734375,39.291748046875,0.7526553869247437,False,False,False,True,True,False,True,False,True,0.7526553869247437,0.7526553869247437,0.9765625,0.9765625,1,8,17769,12,17757,0.31738805770874023,0.33336901664733887,0.015980958938598633,0,0,2,0,0,11,nan,nan,,,0,0,False,False,NO_CURRENT_SUPPORT
seq0002,seq0002_valref_000108,1706255054.7896876,14.09964370727539,-16.27039337158203,39.39034652709961,13.4609375,-15.77734375,39.29150390625,0.8129043579101562,False,False,False,True,True,False,True,False,True,0.8129043579101562,0.8129043579101562,0.9765625,0.9765625,1,8,17769,12,17757,0.31738805770874023,0.38960957527160645,0.07222151756286621,0,0,2,0,0,11,nan,nan,,,0,0,False,False,NO_CURRENT_SUPPORT
seq0002,seq0002_valref_000109,1706255054.8361409,14.24941635131836,-16.367481231689453,39.401309967041016,13.41015625,-15.66015625,39.32666015625,1.1001085042953491,False,False,False,False,True,False,True,False,False,0.8184969425201416,1.1001085042953491,0.9765625,0.96875,2,10,22317,15,22302,0.4175128936767578,0.4360628128051758,0.01854991912841797,0,0,3,0,0,13,nan,nan,,,0,0,False,False,NO_CURRENT_SUPPORT
seq0002,seq0002_valref_000110,1706255054.8896735,14.324540138244629,-16.419727325439453,39.40633010864258,13.4453125,-15.63671875,39.3359375,1.1794484853744507,False,False,False,False,True,False,True,False,False,0.8898007869720459,1.1794484853744507,0.9765625,0.9609375,3,10,22317,15,22302,0.4175128936767578,0.4895954132080078,0.07208251953125,0,0,3,0,0,11,nan,nan,,,0,0,False,False,NO_CURRENT_SUPPORT
seq0002,seq0002_valref_000111,1706255054.9331877,14.395702362060547,-16.4703426361084,39.41293716430664,13.4921875,-15.61328125,39.3251953125,1.2484358549118042,False,False,False,False,True,False,True,False,False,0.8912150859832764,1.2484358549118042,0.97265625,0.97265625,2,12,26680,16,26664,0.5174078941345215,0.5331096649169922,0.015701770782470703,0,0,4,0,0,12,nan,nan,,,0,0,False,False,NO_CURRENT_SUPPORT
seq0002,seq0002_valref_000112,1706255054.9866877,14.461402893066406,-16.520315170288086,39.422088623046875,13.908203125,-15.75,39.310302734375,0.9549405574798584,False,False,False,True,True,False,True,False,True,0.9549405574798584,0.9549405574798584,0.97265625,0.97265625,1,12,26680,16,26664,0.5174078941345215,0.5866096019744873,0.06920170783996582,0,0,4,0,0,11,nan,nan,,,0,0,False,False,NO_CURRENT_SUPPORT
seq0002,seq0002_valref_000113,1706255055.0369864,14.525761604309082,-16.56808853149414,39.42888641357422,13.931640625,-15.7265625,39.3076171875,1.0372328758239746,False,False,False,False,True,False,False,False,False,1.0372328758239746,1.0372328758239746,0.98046875,nan,,14,31143,16,31127,0.6173689365386963,0.6369082927703857,0.019539356231689453,0,0,4,0,0,9,nan,nan,,,0,0,False,False,NO_CURRENT_SUPPORT
seq0002,seq0002_valref_000114,1706255055.0913954,14.649381637573242,-16.66815757751465,39.441768646240234,13.9765625,-15.7109375,39.304931640625,1.177998423576355,False,False,False,False,True,False,False,False,False,1.177998423576355,1.177998423576355,0.98046875,nan,,14,31143,16,31127,0.6173689365386963,0.6913173198699951,0.07394838333129883,0,0,4,0,0,6,nan,nan,,,0,0,False,False,NO_CURRENT_SUPPORT
seq0002,seq0002_valref_000115,1706255055.1344028,14.709816932678223,-16.719221115112305,39.44614028930664,14.408203125,-16.3515625,39.3095703125,0.4947677254676819,False,False,True,True,True,True,True,True,True,0.4947677254676819,0.4947677254676819,0.98046875,0.98046875,1,16,35625,17,35608,0.7174739837646484,0.7343246936798096,0.016850709915161133,0,0,4,0,0,5,nan,nan,,,0,0,False,False,NO_CURRENT_SUPPORT
seq0002,seq0002_valref_000116,1706255055.1942399,14.766792297363281,-16.768980026245117,39.451263427734375,14.439453125,-16.34765625,39.31494140625,0.5506799221038818,False,False,False,True,True,False,True,False,True,0.5506799221038818,0.5506799221038818,0.9765625,0.9765625,1,16,35625,17,35608,0.7174739837646484,0.7941617965698242,0.07668781280517578,0,0,4,0,0,5,nan,nan,,,0,0,False,False,NO_CURRENT_SUPPORT
seq0002,seq0002_valref_000117,1706255055.2343419,14.81910228729248,-16.815614700317383,39.45674514770508,14.73046875,-16.4453125,39.27197265625,0.4232262969017029,False,False,True,True,True,True,True,True,True,0.397361695766449,0.4232262969017029,0.97265625,0.97265625,1,18,40053,22,40031,0.8173849582672119,0.834263801574707,0.016878843307495117,0,0,4,0,0,9,nan,nan,,,0,0,False,False,NO_CURRENT_SUPPORT
seq0002,seq0002_valref_000118,1706255055.298,14.868395805358887,-16.86075210571289,39.46245193481445,14.759765625,-16.421875,39.257568359375,0.4963777959346771,False,False,True,True,True,True,True,True,True,0.4963777959346771,0.4963777959346771,0.96875,0.96875,1,18,40053,22,40031,0.8173849582672119,0.8979220390319824,0.08053708076477051,0,0,3,0,0,7,nan,nan,,,0,0,False,False,NO_CURRENT_SUPPORT
seq0002,seq0002_valref_000119,1706255055.3348489,14.960482597351074,-16.952465057373047,39.47564697265625,14.912109375,-16.25390625,39.1171875,0.7866495847702026,False,False,False,True,True,False,True,False,True,0.7412062883377075,0.7866495847702026,0.98046875,0.98046875,1,20,44635,25,44610,0.917496919631958,0.9347708225250244,0.017273902893066406,0,0,3,0,0,9,nan,nan,,,0,0,False,False,NO_CURRENT_SUPPORT
seq0002,seq0002_valref_000120,1706255055.3911362,15.006141662597656,-17.000234603881836,39.483604431152344,14.93359375,-16.220703125,39.10546875,0.8694361448287964,False,False,False,True,True,False,True,False,True,0.8694361448287964,0.8694361448287964,0.9765625,0.9765625,1,20,44635,25,44610,0.917496919631958,0.9910581111907959,0.07356119155883789,0,0,3,0,0,9,nan,nan,,,0,0,False,False,NO_CURRENT_SUPPORT
seq0002,seq0002_valref_000121,1706255055.432614,15.048749923706055,-17.04339599609375,39.49029541015625,14.857421875,-16.134765625,39.08203125,1.0143446922302246,False,False,False,False,True,False,False,False,False,1.0143446922302246,1.0143446922302246,0.9765625,nan,,20,44672,25,44647,0.9174339771270752,0.9325649738311768,0.015130996704101562,0,0,3,0,0,9,nan,nan,,,0,0,False,False,NO_CURRENT_SUPPORT
seq0002,seq0002_valref_000122,1706255055.4995704,15.084192276000977,-17.08953857421875,39.499183654785156,14.88671875,-16.09375,39.072265625,1.1012945175170898,False,False,False,False,True,False,False,False,False,1.1012945175170898,1.1012945175170898,0.96875,nan,,20,44672,25,44647,0.9174339771270752,0.9995212554931641,0.08208727836608887,0,0,3,0,0,9,nan,nan,,,0,0,False,False,NO_CURRENT_SUPPORT
seq0002,seq0002_valref_000123,1706255055.534947,15.122342109680176,-17.13182830810547,39.505958557128906,14.958984375,-16.0859375,39.12890625,1.1237179040908813,False,False,False,False,True,False,False,False,False,1.1237179040908813,1.1237179040908813,0.97265625,nan,,20,44448,15,44433,0.9172680377960205,0.9347829818725586,0.017514944076538086,0,0,3,0,0,9,nan,nan,,,0,0,False,False,NO_CURRENT_SUPPORT
seq0002,seq0002_valref_000124,1706255055.58734,15.187801361083984,-17.2208194732666,39.520687103271484,14.98046875,-16.046875,39.12890625,1.2548404932022095,False,False,False,False,True,False,False,False,False,1.2548404932022095,1.2548404932022095,0.96484375,nan,,20,44448,15,44433,0.9172680377960205,0.9871761798858643,0.06990814208984375,0,0,3,0,0,9,nan,nan,,,0,0,False,False,NO_CURRENT_SUPPORT
seq0002,seq0002_valref_000125,1706255055.63411,15.22032356262207,-17.265127182006836,39.52974319458008,14.953125,-16.04296875,39.1484375,1.3078457117080688,False,False,False,False,True,False,False,False,False,1.3078457117080688,1.3078457117080688,0.94140625,nan,,20,44599,13,44586,0.9174599647521973,0.9340178966522217,0.016557931900024414,0,0,3,0,0,9,nan,nan,,,0,0,False,False,NO_CURRENT_SUPPORT
seq0002,seq0002_valref_000126,1706255055.6978438,15.246596336364746,-17.308399200439453,39.53840637207031,14.9921875,-16.041015625,39.177734375,1.3420392274856567,False,False,False,False,True,False,False,False,False,1.3420392274856567,1.3420392274856567,0.92578125,nan,,20,44599,13,44586,0.9174599647521973,0.9977517127990723,0.080291748046875,0,0,3,0,0,9,nan,nan,,,0,0,False,False,NO_CURRENT_SUPPORT
seq0002,seq0002_valref_000127,1706255055.7325592,15.270980834960938,-17.34943389892578,39.54745101928711,15.1171875,-16.7109375,39.505859375,0.6580728888511658,False,False,False,True,True,False,True,False,True,0.6225337982177734,0.6580728888511658,0.98828125,0.98828125,1,20,44611,16,44595,0.917449951171875,0.9325211048126221,0.01507115364074707,0,0,4,0,0,12,nan,nan,,,0,0,False,False,NO_CURRENT_SUPPORT
seq0002,seq0002_valref_000128,1706255055.81961,15.312687873840332,-17.433685302734375,39.5668830871582,15.234375,-16.630859375,39.3759765625,0.8289195895195007,False,False,False,True,True,False,True,False,True,0.8289195895195007,0.8289195895195007,0.98828125,0.98828125,1,20,44413,13,44400,0.9173660278320312,0.9194211959838867,0.0020551681518554688,0,0,4,0,0,8,nan,nan,,,0,0,False,False,NO_CURRENT_SUPPORT
seq0002,seq0002_valref_000129,1706255055.9072924,15.356133460998535,-17.555662155151367,39.59773254394531,15.25,-16.53125,39.37890625,1.0528862476348877,False,False,False,False,True,False,False,False,False,1.0528862476348877,1.0528862476348877,0.984375,nan,,20,44562,13,44549,0.9825880527496338,0.9898064136505127,0.007218360900878906,0,0,2,0,0,5,nan,nan,,,0,0,False,False,NO_CURRENT_SUPPORT
seq0002,seq0002_valref_000130,1706255055.9477205,15.365506172180176,-17.594003677368164,39.60825729370117,15.26171875,-16.4990234375,39.3779296875,1.1237456798553467,False,False,False,False,True,False,False,False,False,1.1237456798553467,1.1237456798553467,0.98046875,nan,,20,44561,12,44549,0.917396068572998,0.947643518447876,0.03024744987487793,0,0,2,0,0,4,nan,nan,,,0,0,False,False,NO_CURRENT_SUPPORT
seq0002,seq0002_valref_000131,1706255055.9912345,15.373371124267578,-17.63377571105957,39.62089920043945,15.28125,-16.462890625,39.376953125,1.1995699405670166,False,False,False,False,True,False,False,False,False,1.1995699405670166,1.1995699405670166,0.9765625,nan,,20,44561,12,44549,0.917396068572998,0.9911575317382812,0.0737614631652832,0,0,2,0,0,4,nan,nan,,,0,0,False,False,NO_CURRENT_SUPPORT
seq0002,seq0002_valref_000132,1706255056.0406184,15.378846168518066,-17.67206573486328,39.632598876953125,15.2734375,-16.419921875,39.376953125,1.2823143005371094,False,False,False,False,True,False,False,False,False,1.2823143005371094,1.2823143005371094,0.96484375,nan,,20,44377,12,44365,0.917241096496582,0.9404294490814209,0.023188352584838867,0,0,1,0,0,3,nan,nan,,,0,0,False,False,NO_CURRENT_SUPPORT
seq0002,seq0002_valref_000133,1706255056.0893023,15.381813049316406,-17.713314056396484,39.64497756958008,15.326171875,-16.42578125,39.390625,1.3135950565338135,False,False,False,False,True,False,False,False,False,1.3135950565338135,1.3135950565338135,0.953125,nan,,20,44377,12,44365,0.917241096496582,0.9891133308410645,0.07187223434448242,0,0,1,0,0,3,nan,nan,,,0,0,False,False,NO_CURRENT_SUPPORT
seq0002,seq0002_valref_000134,1706255056.1343222,15.383601188659668,-17.752338409423828,39.656890869140625,15.421875,-16.51953125,39.4140625,1.2570775747299194,False,False,False,False,True,False,False,False,False,1.2570775747299194,1.2570775747299194,0.94140625,nan,,20,44205,11,44194,0.9173200130462646,0.9341270923614502,0.016807079315185547,0,0,1,0,0,3,nan,nan,,,0,0,False,False,NO_CURRENT_SUPPORT
seq0002,seq0002_valref_000135,1706255056.1893275,15.383379936218262,-17.791622161865234,39.67149353027344,15.51171875,-16.607421875,39.4443359375,1.2126011848449707,False,False,False,False,True,False,False,False,False,1.2126011848449707,1.2126011848449707,0.91796875,nan,,20,44205,11,44194,0.9173200130462646,0.9891324043273926,0.07181239128112793,0,0,1,0,0,3,nan,nan,,,0,0,False,False,NO_CURRENT_SUPPORT
seq0002,seq0002_valref_000136,1706255056.2375703,15.376023292541504,-17.86971664428711,39.696773529052734,15.794921875,-17.3359375,39.474609375,0.7139699459075928,False,False,False,True,True,False,True,False,True,0.6024843454360962,0.7139699459075928,0.94921875,0.94921875,1,20,44314,11,44303,0.917402982711792,0.9375321865081787,0.02012920379638672,0,0,2,0,0,8,nan,nan,,,0,0,False,False,NO_CURRENT_SUPPORT
seq0002,seq0002_valref_000137,1706255056.2885334,15.369641304016113,-17.907238006591797,39.710472106933594,15.8359375,-17.34375,39.486328125,0.7649779915809631,False,False,False,True,True,False,True,False,True,0.6442147493362427,0.7649779915809631,0.94921875,0.94921875,1,20,44314,11,44303,0.917402982711792,0.9884953498840332,0.07109236717224121,0,0,2,0,0,8,nan,nan,,,0,0,False,False,NO_CURRENT_SUPPORT
seq0002,seq0002_valref_000138,1706255056.3318543,15.3614501953125,-17.94589614868164,39.72539520263672,15.837890625,-17.4609375,39.587890625,0.6936050057411194,False,False,False,True,True,False,True,False,True,0.5859882831573486,0.6936050057411194,0.95703125,0.95703125,1,20,43900,10,43890,0.9175608158111572,0.9318592548370361,0.014298439025878906,0,0,3,0,0,10,nan,nan,,,0,0,False,False,NO_CURRENT_SUPPORT
seq0002,seq0002_valref_000139,1706255056.3862524,15.351245880126953,-17.983388900756836,39.73863220214844,15.869140625,-17.4609375,39.599609375,0.7486639618873596,False,False,False,True,True,False,True,False,True,0.6395152807235718,0.7486639618873596,0.94921875,0.94921875,1,20,43900,10,43890,0.9175608158111572,0.9862573146820068,0.06869649887084961,0,0,3,0,0,10,nan,nan,,,0,0,False,False,NO_CURRENT_SUPPORT
seq0002,seq0002_valref_000140,1706255056.4327123,15.340498924255371,-18.019315719604492,39.753238677978516,15.7099609375,-17.8671875,39.5703125,0.439439594745636,False,False,True,True,True,True,True,True,True,0.3581908047199249,0.439439594745636,0.97265625,0.97265625,1,20,43701,21,43680,0.9172568321228027,0.9325191974639893,0.015262365341186523,0,0,4,0,0,20,nan,nan,,,0,0,False,False,NO_CURRENT_SUPPORT
seq0002,seq0002_valref_000141,1706255056.487955,15.312616348266602,-18.090858459472656,39.78068923950195,15.719482421875,-17.86328125,39.576171875,0.5090763568878174,False,False,False,True,True,True,True,False,True,0.4517937898635864,0.5090763568878174,0.96875,0.96875,1,20,43701,21,43680,0.9172568321228027,0.9877619743347168,0.07050514221191406,0,0,3,0,0,18,nan,nan,,,0,0,False,False,NO_CURRENT_SUPPORT
seq0002,seq0002_valref_000142,1706255056.5330129,15.297343254089355,-18.12441062927246,39.794708251953125,15.5546875,-17.88671875,39.671875,0.37122970819473267,False,False,True,True,True,True,True,True,True,0.37122970819473267,0.37122970819473267,0.97265625,0.97265625,1,20,43878,22,43856,0.9173719882965088,0.932938814163208,0.015566825866699219,0,0,4,0,0,19,nan,nan,,,0,0,False,False,NO_CURRENT_SUPPORT
seq0002,seq0002_valref_000143,1706255056.5860841,15.27902889251709,-18.16151237487793,39.80945587158203,15.560546875,-17.859375,39.6796875,0.4328732192516327,False,False,True,True,True,True,True,True,True,0.4328732192516327,0.4328732192516327,0.96875,0.96875,1,20,43878,22,43856,0.9173719882965088,0.9860100746154785,0.06863808631896973,0,0,4,0,0,19,nan,nan,,,0,0,False,False,NO_CURRENT_SUPPORT
seq0002,seq0002_valref_000144,1706255056.6326675,15.260834693908691,-18.19647216796875,39.82399368286133,15.548828125,-17.83984375,39.7109375,0.4721289575099945,False,False,True,True,True,True,True,True,True,0.4721289575099945,0.4721289575099945,0.953125,0.953125,1,20,43614,24,43590,0.9174628257751465,0.9326214790344238,0.015158653259277344,0,0,5,0,0,21,nan,nan,,,0,0,False,False,NO_CURRENT_SUPPORT
seq0002,seq0002_valref_000145,1706255056.6870914,15.241315841674805,-18.230846405029297,39.838722229003906,15.5654296875,-17.8046875,39.716796875,0.5491147637367249,False,False,False,True,True,False,True,False,True,0.5491147637367249,0.5491147637367249,0.94140625,0.94140625,1,20,43614,24,43590,0.9174628257751465,0.9870452880859375,0.06958246231079102,0,0,5,0,0,19,nan,nan,,,0,0,False,False,NO_CURRENT_SUPPORT
seq0002,seq0002_valref_000146,1706255056.735852,15.221200942993164,-18.26219367980957,39.852073669433594,15.23828125,-17.59375,39.87255859375,0.6689755916595459,False,False,False,True,True,False,True,False,True,0.6507551074028015,0.6689755916595459,0.96875,0.96875,1,20,43335,22,43313,0.9172449111938477,0.9356639385223389,0.01841902732849121,0,0,6,0,0,20,nan,nan,,,0,0,False,False,NO_CURRENT_SUPPORT
seq0002,seq0002_valref_000147,1706255056.7862134,15.176548957824707,-18.32884979248047,39.881591796875,15.265625,-17.58984375,39.880859375,0.7443554401397705,False,False,False,True,True,False,True,False,True,0.7392107844352722,0.7443554401397705,0.9609375,0.9609375,1,20,43335,22,43313,0.9172449111938477,0.986025333404541,0.06878042221069336,0,0,6,0,0,19,nan,nan,,,0,0,False,False,NO_CURRENT_SUPPORT
seq0002,seq0002_valref_000148,1706255056.8343942,15.151062965393066,-18.361957550048828,39.89562225341797,15.107421875,-17.984375,39.8095703125,0.38971537351608276,False,False,True,True,True,True,True,True,True,0.38326194882392883,0.38971537351608276,0.984375,0.984375,1,20,43243,25,43218,0.9174919128417969,0.9343202114105225,0.016828298568725586,0,0,7,0,0,20,nan,nan,,,0,0,False,False,NO_CURRENT_SUPPORT
seq0002,seq0002_valref_000149,1706255056.8970594,15.126723289489746,-18.393476486206055,39.91050720214844,15.14404296875,-17.98046875,39.810302734375,0.4253425896167755,False,False,True,True,True,True,True,True,True,0.4253425896167755,0.4253425896167755,0.984375,0.984375,1,20,43243,25,43218,0.9174919128417969,0.9969854354858398,0.07949352264404297,0,0,6,0,0,19,nan,nan,,,0,0,False,False,NO_CURRENT_SUPPORT
seq0002,seq0002_valref_000150,1706255056.932537,15.100543975830078,-18.425281524658203,39.925537109375,15.1591796875,-17.9921875,39.83203125,0.44693616032600403,False,False,True,True,True,True,True,True,True,0.44693616032600403,0.44693616032600403,0.98046875,0.98046875,1,20,43042,25,43017,0.9174239635467529,0.9324951171875,0.01507115364074707,0,0,5,0,0,17,nan,nan,,,0,0,False,False,NO_CURRENT_SUPPORT
seq0002,seq0002_valref_000151,1706255056.9871643,15.07667064666748,-18.45462417602539,39.93893814086914,15.18408203125,-17.984375,39.8271484375,0.49514487385749817,False,False,True,True,True,True,True,True,True,0.49514487385749817,0.49514487385749817,0.9765625,0.9765625,1,20,43042,25,43017,0.9174239635467529,0.9871222972869873,0.06969833374023438,0,0,5,0,0,16,nan,nan,,,0,0,False,False,NO_CURRENT_SUPPORT
seq0002,seq0002_valref_000152,1706255057.0359986,15.024457931518555,-18.51527214050293,39.96884536743164,15.19482421875,-17.953125,39.83056640625,0.6034526824951172,False,False,False,True,True,False,True,False,True,0.6034526824951172,0.6034526824951172,0.97265625,0.97265625,1,20,43019,25,42994,0.9174289703369141,0.935868501663208,0.018439531326293945,0,0,5,0,0,14,nan,nan,,,0,0,False,False,NO_CURRENT_SUPPORT
seq0002,seq0002_valref_000153,1706255057.085959,14.998918533325195,-18.5421142578125,39.98173522949219,15.228515625,-17.95703125,39.82568359375,0.6476025581359863,False,False,False,True,True,False,True,False,True,0.6476025581359863,0.6476025581359863,0.96484375,0.96484375,1,20,43019,25,42994,0.9174289703369141,0.9858288764953613,0.06839990615844727,0,0,5,0,0,13,nan,nan,,,0,0,False,False,NO_CURRENT_SUPPORT
seq0002,seq0002_valref_000154,1706255057.1315417,14.970603942871094,-18.57223892211914,39.99729537963867,15.2554931640625,-17.984375,39.82177734375,0.6764262318611145,False,False,False,True,True,False,True,False,True,0.6764262318611145,0.6764262318611145,0.93359375,0.93359375,1,20,43064,25,43039,0.9174168109893799,0.9314656257629395,0.01404881477355957,0,0,5,0,0,10,nan,nan,,,0,0,False,False,NO_CURRENT_SUPPORT
seq0002,seq0002_valref_000155,1706255057.1846895,14.945699691772461,-18.5983829498291,40.00981903076172,15.2861328125,-17.98828125,39.81640625,0.7249326109886169,False,False,False,True,True,False,True,False,True,0.7249326109886169,0.7249326109886169,0.90625,0.90625,1,20,43064,25,43039,0.9174168109893799,0.9846134185791016,0.06719660758972168,0,0,5,0,0,9,nan,nan,,,0,0,False,False,NO_CURRENT_SUPPORT
seq0002,seq0002_valref_000156,1706255057.2381907,14.895478248596191,-18.650320053100586,40.035125732421875,14.951171875,-18.0703125,40.072265625,0.5838577747344971,False,False,False,True,True,False,True,False,True,0.5838577747344971,0.5838577747344971,0.984375,0.984375,1,20,42868,23,42845,0.9172508716583252,0.9380176067352295,0.020766735076904297,0,0,5,0,0,9,nan,nan,,,0,0,False,False,NO_CURRENT_SUPPORT
seq0002,seq0002_valref_000157,1706255057.2897956,14.867767333984375,-18.67791175842285,40.049285888671875,14.9921875,-18.05859375,40.08203125,0.6325404644012451,False,False,False,True,True,False,True,False,True,0.6325404644012451,0.6325404644012451,0.984375,0.984375,1,20,42868,23,42845,0.9172508716583252,0.9896225929260254,0.0723717212677002,0,0,3,0,0,7,nan,nan,,,0,0,False,False,NO_CURRENT_SUPPORT
seq0002,seq0002_valref_000158,1706255057.3341868,14.841621398925781,-18.70464324951172,40.063472747802734,15.349609375,-18.21484375,39.9521484375,0.7143867611885071,False,False,False,True,True,False,True,False,True,0.687079131603241,0.7143867611885071,0.98046875,0.98046875,1,20,43030,21,43009,0.9173390865325928,0.9340147972106934,0.016675710678100586,0,0,3,0,0,7,nan,nan,,,0,0,False,False,NO_CURRENT_SUPPORT
seq0002,seq0002_valref_000159,1706255057.38573,14.817095756530762,-18.72860336303711,40.07590866088867,15.369140625,-18.19921875,39.9541015625,0.7744925022125244,False,False,False,True,True,False,True,False,True,0.7432694435119629,0.7744925022125244,0.98046875,0.98046875,1,20,43030,21,43009,0.9173390865325928,0.985558032989502,0.06821894645690918,0,0,2,0,0,6,nan,nan,,,0,0,False,False,NO_CURRENT_SUPPORT
seq0002,seq0002_valref_000160,1706255057.433069,14.791068077087402,-18.753503799438477,40.09029006958008,15.19140625,-18.12890625,39.9326171875,0.7584546804428101,False,False,False,True,True,True,True,False,True,0.3288513720035553,0.7584546804428101,0.9765625,0.9765625,1,20,43078,11,43067,0.9173870086669922,0.9330010414123535,0.015614032745361328,0,0,3,0,0,7,nan,nan,,,0,0,False,False,NO_CURRENT_SUPPORT
seq0002,seq0002_valref_000161,1706255057.4879928,14.767399787902832,-18.776264190673828,40.10346984863281,15.2109375,-18.1171875,39.9375,0.8115748763084412,False,False,False,True,True,True,True,False,True,0.3780463635921478,0.8115748763084412,0.96875,0.96875,1,20,43078,11,43067,0.9173870086669922,0.9879248142242432,0.07053780555725098,0,0,3,0,0,6,nan,nan,,,0,0,False,False,NO_CURRENT_SUPPORT
seq0002,seq0002_valref_000162,1706255057.5360987,14.742607116699219,-18.799232482910156,40.118431091308594,14.96875,-18.5234375,39.8857421875,0.4258492887020111,False,False,True,True,True,True,True,True,True,0.4258492887020111,0.4258492887020111,0.9765625,0.9765625,1,20,42773,10,42763,0.9172468185424805,0.9359066486358643,0.01865983009338379,0,0,3,0,0,6,nan,nan,,,0,0,False,False,NO_CURRENT_SUPPORT
seq0002,seq0002_valref_000163,1706255057.5859435,14.694636344909668,-18.84408950805664,40.14668273925781,14.998046875,-18.5234375,39.888671875,0.5113171935081482,False,False,False,True,True,False,True,False,True,0.5113171935081482,0.5113171935081482,0.97265625,0.97265625,1,20,42773,10,42763,0.9172468185424805,0.9857513904571533,0.06850457191467285,0,0,3,0,0,6,nan,nan,,,0,0,False,False,NO_CURRENT_SUPPORT
seq0002,seq0002_valref_000164,1706255057.634247,14.670388221740723,-18.867210388183594,40.162498474121094,14.71875,-18.390625,40.091796875,0.48422226309776306,False,False,True,True,True,True,True,True,True,0.48422226309776306,0.48422226309776306,0.96484375,0.96484375,1,20,42982,10,42972,0.9173309803009033,0.93408203125,0.01675105094909668,0,0,4,0,0,7,nan,nan,,,0,0,False,False,NO_CURRENT_SUPPORT
seq0002,seq0002_valref_000165,1706255057.6873255,14.645459175109863,-18.889266967773438,40.1769905090332,14.72265625,-18.36328125,40.099609375,0.537222683429718,False,False,False,True,True,False,True,False,True,0.537222683429718,0.537222683429718,0.9609375,0.9609375,1,20,42982,10,42972,0.9173309803009033,0.9871604442596436,0.06982946395874023,0,0,4,0,0,7,nan,nan,,,0,0,False,False,NO_CURRENT_SUPPORT
seq0002,seq0002_valref_000166,1706255057.7330158,14.621382713317871,-18.910921096801758,40.191368103027344,14.837890625,-18.4453125,40.171875,0.5138550400733948,False,False,False,True,True,False,True,False,True,0.5138550400733948,0.5138550400733948,0.95703125,0.95703125,1,20,43308,9,43299,0.9174020290374756,0.9329807758331299,0.015578746795654297,0,0,3,0,0,5,nan,nan,,,0,0,False,False,NO_CURRENT_SUPPORT
seq0002,seq0002_valref_000167,1706255057.787703,14.597829818725586,-18.93108367919922,40.20650100708008,14.85546875,-18.4140625,40.185546875,0.5780378580093384,False,False,False,True,True,False,True,False,True,0.5780378580093384,0.5780378580093384,0.953125,0.953125,1,20,43308,9,43299,0.9174020290374756,0.9876680374145508,0.0702660083770752,0,0,3,0,0,5,nan,nan,,,0,0,False,False,NO_CURRENT_SUPPORT
seq0002,seq0002_valref_000168,1706255057.8465877,14.553101539611816,-18.968650817871094,40.235416412353516,14.79296875,-18.15625,40.05078125,0.8669610619544983,False,False,False,True,True,False,True,False,True,0.8669610619544983,0.8669610619544983,0.9453125,0.9453125,1,20,43179,6,43173,0.9175660610198975,0.9465487003326416,0.02898263931274414,0,0,3,0,0,5,nan,nan,,,0,0,False,False,NO_CURRENT_SUPPORT
seq0002,seq0002_valref_000169,1706255057.891256,14.525602340698242,-18.989213943481445,40.25002670288086,14.828125,-18.162109375,40.072265625,0.8984547257423401,False,False,False,True,True,False,True,False,True,0.8984547257423401,0.8984547257423401,0.93359375,0.93359375,1,20,43179,6,43173,0.9175660610198975,0.9912171363830566,0.07365107536315918,0,0,3,0,0,5,nan,nan,,,0,0,False,False,NO_CURRENT_SUPPORT
seq0002,seq0002_valref_000170,1706255057.9366124,14.503666877746582,-19.009204864501953,40.26961135864258,14.8984375,-18.16796875,40.0625,0.9520593881607056,False,False,False,True,True,False,True,False,True,0.9520593881607056,0.9520593881607056,0.91015625,0.91015625,1,20,43324,6,43318,0.9172959327697754,0.9364492893218994,0.019153356552124023,0,0,3,0,0,4,nan,nan,,,0,0,False,False,NO_CURRENT_SUPPORT
seq0002,seq0002_valref_000171,1706255057.9870772,14.482437133789062,-19.029529571533203,40.284324645996094,14.955078125,-18.208984375,40.09375,0.9659205675125122,False,False,False,True,True,False,True,False,True,0.9651976823806763,0.9659205675125122,0.87890625,0.87890625,1,20,43324,6,43318,0.9172959327697754,0.9869141578674316,0.06961822509765625,0,0,3,0,0,4,nan,nan,,,0,0,False,False,NO_CURRENT_SUPPORT
seq0002,seq0002_valref_000172,1706255058.0407405,14.460476875305176,-19.0482120513916,40.30098342895508,14.734375,-18.4453125,40.285888671875,0.6623713970184326,False,False,False,True,True,False,True,False,True,0.5839872360229492,0.6623713970184326,0.9921875,0.9921875,1,20,43466,8,43458,0.9173629283905029,0.9406723976135254,0.02330946922302246,0,0,3,0,0,5,nan,nan,,,0,0,False,False,NO_CURRENT_SUPPORT
seq0002,seq0002_valref_000173,1706255058.1024675,14.415776252746582,-19.080371856689453,40.329193115234375,14.791015625,-18.51171875,40.218505859375,0.6902337074279785,False,False,False,True,True,False,True,False,True,0.5695887207984924,0.6902337074279785,0.9765625,0.9765625,1,20,43459,8,43451,0.9826810359954834,0.9849746227264404,0.0022935867309570312,0,0,3,0,0,5,nan,nan,,,0,0,False,False,NO_CURRENT_SUPPORT
seq0002,seq0002_valref_000174,1706255058.193946,14.374247550964355,-19.11627769470215,40.3622932434082,14.57421875,-18.8984375,40.13671875,0.37192294001579285,False,False,True,True,True,True,True,True,True,0.37192294001579285,0.37192294001579285,0.9609375,0.9609375,1,20,43466,15,43451,0.9175090789794922,0.9939548969268799,0.0764458179473877,0,0,4,0,0,12,nan,nan,,,0,0,False,False,NO_CURRENT_SUPPORT
seq0002,seq0002_valref_000175,1706255058.234158,14.350996017456055,-19.132949829101562,40.37981033325195,14.76953125,-18.48046875,40.154296875,0.8073163032531738,False,False,False,True,True,True,True,False,True,0.4442163407802582,0.8073163032531738,0.96484375,0.96484375,1,20,43680,12,43668,0.9173929691314697,0.9341199398040771,0.016726970672607422,0,0,4,0,0,12,nan,nan,,,0,0,False,False,NO_CURRENT_SUPPORT
seq0002,seq0002_valref_000176,1706255058.2874694,14.330791473388672,-19.149351119995117,40.394866943359375,14.787109375,-18.4609375,40.1640625,0.8575605154037476,False,False,False,True,True,True,True,False,True,0.48564672470092773,0.8575605154037476,0.9609375,0.9609375,1,20,43680,12,43668,0.9173929691314697,0.9874312877655029,0.0700383186340332,0,0,4,0,0,12,nan,nan,,,0,0,False,False,NO_CURRENT_SUPPORT
seq0002,seq0002_valref_000177,1706255058.3343644,14.285761833190918,-19.18268585205078,40.42998123168945,14.462890625,-19.0625,40.14453125,0.3567925691604614,False,False,True,True,True,True,True,True,True,0.21406535804271698,0.3567925691604614,0.97265625,0.97265625,1,20,43772,28,43744,0.9174468517303467,0.934307336807251,0.016860485076904297,0,0,5,0,0,28,nan,nan,,,0,0,False,False,NO_CURRENT_SUPPORT
seq0002,seq0002_valref_000178,1706255058.399995,14.263763427734375,-19.19874382019043,40.447959899902344,14.47265625,-19.01171875,40.146484375,0.4117062985897064,False,False,True,True,True,True,True,True,True,0.260215699672699,0.4117062985897064,0.97265625,0.97265625,1,20,43772,28,43744,0.9174468517303467,0.9999380111694336,0.08249115943908691,0,0,5,0,0,28,nan,nan,,,0,0,False,False,NO_CURRENT_SUPPORT
seq0002,seq0002_valref_000179,1706255058.434069,14.240649223327637,-19.214248657226562,40.46571731567383,14.5537109375,-19.0,40.130859375,0.5060039162635803,False,False,False,True,True,True,True,False,True,0.3932965397834778,0.5060039162635803,0.96875,0.96875,1,20,43780,27,43753,0.9174940586090088,0.9340689182281494,0.016574859619140625,0,0,4,0,0,27,nan,nan,,,0,0,False,False,NO_CURRENT_SUPPORT
seq0002,seq0002_valref_000180,1706255058.4940498,14.219244003295898,-19.229541778564453,40.48359680175781,14.5771484375,-18.92578125,40.1015625,0.6052406430244446,False,False,False,True,True,True,True,False,True,0.4687975347042084,0.6052406430244446,0.953125,0.953125,1,20,43780,27,43753,0.9174940586090088,0.9940497875213623,0.07655572891235352,0,0,4,0,0,26,nan,nan,,,0,0,False,False,NO_CURRENT_SUPPORT
seq0002,seq0002_valref_000181,1706255058.5374782,14.197668075561523,-19.243818283081055,40.50062942504883,14.203125,-18.91796875,40.515625,0.32624003291130066,False,False,True,True,True,True,True,True,True,0.32624003291130066,0.32624003291130066,0.97265625,0.97265625,1,20,44203,29,44174,0.9172630310058594,0.9373133182525635,0.0200502872467041,0,0,5,0,0,28,nan,nan,,,0,0,False,False,NO_CURRENT_SUPPORT
seq0002,seq0002_valref_000182,1706255058.5892317,14.1551513671875,-19.271791458129883,40.536521911621094,14.203125,-18.8828125,40.513671875,0.3925916850566864,False,False,True,True,True,True,True,True,True,0.3925916850566864,0.3925916850566864,0.9765625,0.9765625,1,20,44203,29,44174,0.9172630310058594,0.9890668392181396,0.07180380821228027,0,0,4,0,0,27,nan,nan,,,0,0,False,False,NO_CURRENT_SUPPORT
seq0002,seq0002_valref_000183,1706255058.6353061,14.132219314575195,-19.286090850830078,40.55567932128906,14.23046875,-18.91015625,40.4794921875,0.3959599435329437,False,False,True,True,True,True,True,True,True,0.3959599435329437,0.3959599435329437,0.98046875,0.98046875,1,20,44195,29,44166,0.9174261093139648,0.9352412223815918,0.017815113067626953,0,0,5,0,0,29,nan,nan,,,0,0,False,False,NO_CURRENT_SUPPORT
seq0002,seq0002_valref_000184,1706255058.690912,14.109821319580078,-19.300304412841797,40.57441711425781,14.2421875,-18.88671875,40.48828125,0.4427112936973572,False,False,True,True,True,True,True,True,True,0.4427112936973572,0.4427112936973572,0.98046875,0.98046875,1,20,44195,29,44166,0.9174261093139648,0.990847110748291,0.07342100143432617,0,0,5,0,0,29,nan,nan,,,0,0,False,False,NO_CURRENT_SUPPORT
seq0002,seq0002_valref_000185,1706255058.7378135,14.085771560668945,-19.31394386291504,40.594417572021484,14.263671875,-19.06640625,40.384765625,0.36996936798095703,False,False,True,True,True,True,True,True,True,0.36996936798095703,0.36996936798095703,0.98046875,0.98046875,1,20,44168,30,44138,0.9172990322113037,0.937645435333252,0.020346403121948242,0,0,6,0,0,30,nan,nan,,,0,0,False,False,NO_CURRENT_SUPPORT
seq0002,seq0002_valref_000186,1706255058.7995489,14.0398530960083,-19.3411808013916,40.632755279541016,14.28125,-19.06640625,40.396484375,0.4354279041290283,False,False,True,True,True,True,True,True,True,0.4354279041290283,0.4354279041290283,0.98046875,0.98046875,1,20,44168,30,44138,0.9172990322113037,0.9993808269500732,0.08208179473876953,0,0,6,0,0,28,nan,nan,,,0,0,False,False,NO_CURRENT_SUPPORT
seq0002,seq0002_valref_000187,1706255058.842012,14.017983436584473,-19.35419464111328,40.65207290649414,14.291015625,-19.078125,40.4267578125,0.4489186108112335,False,False,True,True,True,True,True,True,True,0.4489186108112335,0.4489186108112335,0.9765625,0.9765625,1,20,44644,30,44614,0.9173450469970703,0.9418449401855469,0.024499893188476562,0,0,6,0,0,26,nan,nan,,,0,0,False,False,NO_CURRENT_SUPPORT
seq0002,seq0002_valref_000188,1706255058.8921552,13.995259284973145,-19.366897583007812,40.671260833740234,14.302734375,-19.06640625,40.431640625,0.4921928644180298,False,False,True,True,True,True,True,True,True,0.4921928644180298,0.4921928644180298,0.9765625,0.9765625,1,20,44644,30,44614,0.9173450469970703,0.9919881820678711,0.07464313507080078,0,0,6,0,0,26,nan,nan,,,0,0,False,False,NO_CURRENT_SUPPORT
seq0002,seq0002_valref_000189,1706255058.9333196,13.97216510772705,-19.37940788269043,40.69116973876953,14.28125,-19.02734375,40.4287109375,0.5369983911514282,False,False,False,True,True,False,True,False,True,0.5369983911514282,0.5369983911514282,0.9765625,0.9765625,1,20,44649,30,44619,0.9174098968505859,0.9332585334777832,0.015848636627197266,0,0,6,0,0,25,nan,nan,,,0,0,False,False,NO_CURRENT_SUPPORT
seq0002,seq0002_valref_000190,1706255059.00873,13.926223754882812,-19.40419578552246,40.73048782348633,14.349609375,-19.08203125,40.501953125,0.5790280699729919,False,False,False,True,True,False,True,False,True,0.5790280699729919,0.5790280699729919,0.9296875,0.9296875,1,20,44745,30,44715,0.9826099872589111,0.9912989139556885,0.008688926696777344,0,0,6,0,0,24,nan,nan,,,0,0,False,False,NO_CURRENT_SUPPORT
seq0002,seq0002_valref_000191,1706255059.051975,13.904189109802246,-19.41628646850586,40.75092315673828,14.10546875,-19.0703125,40.587890625,0.4321933388710022,False,False,True,True,True,True,True,True,True,0.4321933388710022,0.4321933388710022,0.94921875,0.94921875,1,20,44744,29,44715,0.9183089733123779,0.951801061630249,0.033492088317871094,0,0,6,0,0,24,nan,nan,,,0,0,False,False,NO_CURRENT_SUPPORT
seq0002,seq0002_valref_000192,1706255059.09643,13.87997055053711,-19.42852020263672,40.77183532714844,14.1015625,-19.05859375,40.595703125,0.4658015966415405,False,False,True,True,True,True,True,True,True,0.4658015966415405,0.4658015966415405,0.94140625,0.94140625,1,20,44744,29,44715,0.9183089733123779,0.9962561130523682,0.07794713973999023,0,0,6,0,0,22,nan,nan,,,0,0,False,False,NO_CURRENT_SUPPORT
seq0002,seq0002_valref_000193,1706255059.1374047,13.85836410522461,-19.439315795898438,40.791595458984375,14.0546875,-19.0,40.58984375,0.5217710137367249,False,False,False,True,True,False,True,False,True,0.5217710137367249,0.5217710137367249,0.953125,0.953125,1,20,45032,22,45010,0.9174299240112305,0.9372925758361816,0.019862651824951172,0,0,5,0,0,19,nan,nan,,,0,0,False,False,NO_CURRENT_SUPPORT
seq0002,seq0002_valref_000194,1706255059.1918228,13.835942268371582,-19.450115203857422,40.81204605102539,14.046875,-18.984375,40.599609375,0.553656816482544,False,False,False,True,True,False,True,False,True,0.553656816482544,0.553656816482544,0.94140625,0.94140625,1,20,45032,22,45010,0.9174299240112305,0.9917106628417969,0.0742807388305664,0,0,5,0,0,19,nan,nan,,,0,0,False,False,NO_CURRENT_SUPPORT
seq0002,seq0002_valref_000195,1706255059.2335577,13.811241149902344,-19.461902618408203,40.833770751953125,13.771484375,-18.984375,41.013671875,0.5118375420570374,False,False,False,True,True,False,True,False,True,0.5118375420570374,0.5118375420570374,0.9609375,0.9609375,1,20,44941,23,44918,0.9172570705413818,0.9333846569061279,0.016127586364746094,0,0,6,0,0,18,nan,nan,,,0,0,False,False,NO_CURRENT_SUPPORT
seq0002,seq0002_valref_000196,1706255059.2879677,13.787628173828125,-19.472715377807617,40.85444641113281,13.759765625,-18.9765625,41.025390625,0.5255149006843567,False,False,False,True,True,False,True,False,True,0.5255149006843567,0.5255149006843567,0.9609375,0.9609375,1,20,44941,23,44918,0.9172570705413818,0.9877946376800537,0.07053756713867188,0,0,6,0,0,18,nan,nan,,,0,0,False,False,NO_CURRENT_SUPPORT
seq0002,seq0002_valref_000197,1706255059.3348417,13.763345718383789,-19.4832706451416,40.87529373168945,13.76953125,-18.99609375,41.046875,0.5165459513664246,False,False,False,True,True,False,True,False,True,0.5165459513664246,0.5165459513664246,0.93359375,0.93359375,1,20,45127,7,45120,0.9175081253051758,0.9348018169403076,0.017293691635131836,0,0,5,0,0,7,nan,nan,,,0,0,False,False,NO_CURRENT_SUPPORT
seq0002,seq0002_valref_000198,1706255059.387743,13.74221420288086,-19.492782592773438,40.89387130737305,13.76953125,-18.984375,41.0546875,0.5339347720146179,False,False,False,True,True,False,True,False,True,0.5339347720146179,0.5339347720146179,0.92578125,0.92578125,1,20,45127,7,45120,0.9175081253051758,0.9877030849456787,0.07019495964050293,0,0,5,0,0,7,nan,nan,,,0,0,False,False,NO_CURRENT_SUPPORT
seq0002,seq0002_valref_000199,1706255059.4371493,13.695292472839355,-19.51229476928711,40.93398666381836,13.76953125,-18.95703125,41.0625,0.5747561454772949,False,False,False,True,True,False,True,False,True,0.5747561454772949,0.5747561454772949,0.890625,0.890625,1,20,45393,7,45386,0.9173429012298584,0.9370312690734863,0.01968836784362793,0,0,5,0,0,7,nan,nan,,,0,0,False,False,NO_CURRENT_SUPPORT
seq0003,seq0003_valref_000200,1706257431.6998613,1.9754339456558228,4.2217488288879395,6.025299072265625,nan,nan,nan,nan,True,True,False,False,False,False,False,False,False,nan,nan,nan,nan,,0,0,0,0,nan,nan,nan,0,0,0,0,0,0,nan,nan,,,0,0,False,False,NO_CURRENT_SUPPORT
seq0003,seq0003_valref_000201,1706257431.7489169,1.9075740575790405,4.2641167640686035,6.025383949279785,nan,nan,nan,nan,True,True,False,False,False,False,False,False,False,nan,nan,nan,nan,,1,0,0,0,0.0,0.046982765197753906,0.046982765197753906,0,0,0,0,0,0,nan,nan,,,0,0,False,False,NO_CURRENT_SUPPORT
seq0003,seq0003_valref_000202,1706257431.796906,1.8399770259857178,4.304972171783447,6.025771141052246,nan,nan,nan,nan,True,True,False,False,False,False,False,False,False,nan,nan,nan,nan,,1,0,0,0,0.0,0.09497189521789551,0.09497189521789551,0,0,0,0,0,0,nan,nan,,,0,0,False,False,NO_CURRENT_SUPPORT
seq0003,seq0003_valref_000203,1706257431.8485208,1.7736179828643799,4.344029903411865,6.025628089904785,1.85107421875,4.23291015625,5.9658203125,0.1480676829814911,False,False,True,True,True,True,True,True,True,0.1480676829814911,0.1480676829814911,0.91796875,0.91796875,1,3,4553,0,4553,0.09990787506103516,0.14658665657043457,0.046678781509399414,0,1,1,0,2,2,1706257431.799921,0.0485997200012207,1,Mid360,1,2,True,True,CURRENT_SUPPORT
seq0003,seq0003_valref_000204,1706257431.8963192,1.7016220092773438,4.385666847229004,6.026042938232422,1.84423828125,4.236328125,5.9755859375,0.21257320046424866,False,False,True,True,True,True,True,True,True,0.21257320046424866,0.21257320046424866,0.8984375,0.8984375,1,3,4553,0,4553,0.09990787506103516,0.19438505172729492,0.09447717666625977,0,1,1,0,2,2,1706257431.799921,0.09639811515808105,1,Mid360,1,2,True,True,CURRENT_SUPPORT
seq0003,seq0003_valref_000205,1706257431.9530203,1.6285810470581055,4.429401874542236,6.025284767150879,1.66357421875,4.529296875,6.0390625,0.10673967748880386,False,False,True,True,True,True,True,True,True,0.10673967748880386,0.10673967748880386,0.97265625,0.97265625,1,5,9140,1,9139,0.20096588134765625,0.2510862350463867,0.05012035369873047,0,3,3,0,9,9,1706257431.9029,0.05012035369873047,4,Avia,3,9,True,True,CURRENT_SUPPORT
seq0003,seq0003_valref_000206,1706257432.0046492,1.4849330186843872,4.510402202606201,6.025394916534424,1.458984375,3.951171875,6.142578125,0.5719648599624634,False,False,False,True,True,True,True,False,True,0.0835566371679306,0.5719648599624634,0.98046875,0.98046875,1,7,13760,4,13756,0.29995179176330566,0.3027150630950928,0.0027632713317871094,0,4,5,0,16,17,1706257432.001886,0.0027632713317871094,6,Avia,3,14,True,True,CURRENT_SUPPORT
seq0003,seq0003_valref_000207,1706257432.0629644,1.4165890216827393,4.548346996307373,6.025352954864502,1.44921875,3.970703125,6.1484375,0.5915124416351318,False,False,False,True,True,True,True,False,True,0.13684424757957458,0.5915124416351318,0.98046875,0.98046875,1,7,13760,4,13756,0.29995179176330566,0.36103034019470215,0.061078548431396484,0,4,5,0,16,17,1706257432.001886,0.061078548431396484,6,Avia,3,14,True,True,CURRENT_SUPPORT
seq0003,seq0003_valref_000208,1706257432.0974858,1.3502229452133179,4.584011077880859,6.025266170501709,1.443359375,3.98046875,6.150390625,0.6233729720115662,False,False,False,True,True,True,True,False,True,0.18659885227680206,0.6233729720115662,0.98046875,0.98046875,1,7,13760,4,13756,0.29995179176330566,0.3955516815185547,0.09559988975524902,0,4,5,0,16,17,1706257432.001886,0.09559988975524902,6,Avia,3,14,True,True,CURRENT_SUPPORT
seq0003,seq0003_valref_000209,1706257432.1490307,1.2793869972229004,4.6221818923950195,6.025853157043457,1.39453125,3.853515625,6.1015625,0.780921220779419,False,False,False,True,True,True,True,False,True,0.09541328996419907,0.780921220779419,0.98046875,0.98046875,1,9,18231,4,18227,0.3998730182647705,0.447096586227417,0.047223567962646484,0,5,6,0,17,19,1706257432.099921,0.049109697341918945,7,Mid360,3,10,True,True,CURRENT_SUPPORT
seq0003,seq0003_valref_000210,1706257432.1980417,1.2106549739837646,4.657717227935791,6.025983810424805,1.392578125,3.86328125,6.1015625,0.8184966444969177,False,False,False,True,True,True,True,False,True,0.10862386971712112,0.8184966444969177,0.9765625,0.9765625,1,9,18231,4,18227,0.3998730182647705,0.4961075782775879,0.09623456001281738,0,5,6,0,17,19,1706257432.099921,0.09812068939208984,7,Mid360,3,10,True,True,CURRENT_SUPPORT
seq0003,seq0003_valref_000211,1706257432.2502165,1.1390550136566162,4.694499969482422,6.02653694152832,1.17919921875,4.67724609375,6.0234375,0.04380479454994202,False,False,True,True,True,True,True,True,True,0.04380479454994202,0.04380479454994202,0.97265625,0.97265625,1,11,22920,4,22916,0.49996495246887207,0.5482823848724365,0.04831743240356445,0,5,7,0,17,21,1706257432.199794,0.05042243003845215,9,Mid360,2,4,True,True,CURRENT_SUPPORT
seq0003,seq0003_valref_000212,1706257432.2993925,1.0047379732131958,4.760243892669678,6.026769161224365,1.181640625,4.681640625,6.05078125,0.19506306946277618,False,False,True,True,True,True,True,True,True,0.19506306946277618,0.19506306946277618,0.97265625,0.97265625,1,11,22920,4,22916,0.49996495246887207,0.5974583625793457,0.09749341011047363,0,4,7,0,12,21,1706257432.199794,0.09959840774536133,9,Mid360,2,4,True,True,CURRENT_SUPPORT
seq0003,seq0003_valref_000213,1706257432.3505175,0.9397479891777039,4.791431903839111,6.026537895202637,0.939453125,4.7239990234375,6.03125,0.06759795546531677,False,False,True,True,True,True,True,True,True,0.06759795546531677,0.06759795546531677,0.984375,0.984375,1,13,27516,4,27512,0.5998978614807129,0.6485834121704102,0.048685550689697266,0,5,8,0,13,24,1706257432.299761,0.05075645446777344,11,Mid360,2,5,True,True,CURRENT_SUPPORT
seq0003,seq0003_valref_000214,1706257432.396875,0.8764520287513733,4.820346832275391,6.026806831359863,0.9375,4.7388916015625,6.04296875,0.1030680239200592,False,False,True,True,True,True,True,True,True,0.1030680239200592,0.1030680239200592,0.98046875,0.98046875,1,13,27516,4,27512,0.5998978614807129,0.6949408054351807,0.09504294395446777,0,3,8,0,7,24,1706257432.299761,0.09711384773254395,11,Mid360,2,5,True,True,CURRENT_SUPPORT
seq0003,seq0003_valref_000215,1706257432.4496787,0.814877986907959,4.847365856170654,6.026936054229736,1.0703125,4.99609375,6.041015625,0.29591384530067444,False,False,True,True,True,True,True,True,True,0.06937316060066223,0.29591384530067444,0.984375,0.984375,1,15,32022,4,32018,0.7010068893432617,0.7477445602416992,0.0467376708984375,0,4,9,0,11,28,1706257432.399765,0.049913644790649414,13,Mid360,2,7,True,True,CURRENT_SUPPORT
seq0003,seq0003_valref_000216,1706257432.5070374,0.6842489838600159,4.902554988861084,6.026614189147949,0.702880859375,4.798095703125,6.05078125,0.10882525891065598,False,False,True,True,True,True,True,True,True,0.10882525891065598,0.10882525891065598,0.984375,0.984375,1,17,36738,4,36734,0.799968957901001,0.8051033020019531,0.0051343441009521484,0,4,10,0,14,33,1706257432.499967,0.007070302963256836,15,Mid360,2,9,True,True,CURRENT_SUPPORT
seq0003,seq0003_valref_000217,1706257432.5945399,0.5504590272903442,4.953980922698975,6.0263237953186035,0.69775390625,4.78955078125,6.09375,0.23082318902015686,False,False,True,True,True,True,True,True,True,0.23082318902015686,0.23082318902015686,0.984375,0.984375,1,17,36738,4,36734,0.799968957901001,0.8926057815551758,0.0926368236541748,0,4,9,0,14,32,1706257432.499967,0.09457278251647949,15,Mid360,2,9,True,True,CURRENT_SUPPORT
seq0003,seq0003_valref_000218,1706257432.6395059,0.48811599612236023,4.977695941925049,6.026137828826904,0.45703125,4.77392578125,6.11328125,0.2237912267446518,False,False,True,True,True,True,True,True,True,0.2237912267446518,0.2237912267446518,0.9765625,0.9765625,1,19,41324,4,41320,0.8999438285827637,0.9375717639923096,0.0376279354095459,0,4,10,0,13,33,1706257432.599754,0.03975176811218262,17,Mid360,2,6,True,True,CURRENT_SUPPORT
seq0003,seq0003_valref_000219,1706257432.6797924,0.42602699995040894,4.999296188354492,6.027196884155273,0.453125,4.7718505859375,6.12890625,0.25062042474746704,False,False,True,True,True,True,True,True,True,0.25062042474746704,0.25062042474746704,0.9765625,0.9765625,1,19,41324,4,41320,0.8999438285827637,0.977858304977417,0.07791447639465332,0,4,10,0,12,33,1706257432.599754,0.08003830909729004,17,Mid360,2,6,True,True,CURRENT_SUPPORT
seq0003,seq0003_valref_000220,1706257432.715762,0.36762699484825134,5.020064830780029,6.028463840484619,0.35009765625,4.8671875,6.05078125,0.155488982796669,False,False,True,True,True,True,True,True,True,0.155488982796669,0.155488982796669,0.984375,0.984375,1,20,45887,4,45883,0.902014970779419,0.9158408641815186,0.01382589340209961,0,4,11,0,14,38,1706257432.699817,0.015944957733154297,18,Mid360,2,6,True,True,CURRENT_SUPPORT
seq0003,seq0003_valref_000221,1706257432.7627947,0.3051770031452179,5.041313171386719,6.029229164123535,0.3505859375,4.86865234375,6.0625,0.18160583078861237,False,False,True,True,True,True,True,True,True,0.18160583078861237,0.18160583078861237,0.984375,0.984375,1,20,45887,4,45883,0.902014970779419,0.9628736972808838,0.060858726501464844,0,4,11,0,14,37,1706257432.699817,0.06297779083251953,18,Mid360,2,6,True,True,CURRENT_SUPPORT
seq0003,seq0003_valref_000222,1706257432.801665,0.24647699296474457,5.060737133026123,6.029949188232422,0.18505859375,5.15625,5.93359375,0.14892715215682983,False,False,True,True,True,True,True,True,True,0.10172460228204727,0.14892715215682983,0.9765625,0.9765625,1,20,46004,4,46000,0.9979619979858398,0.9998230934143066,0.0018610954284667969,0,5,11,0,25,49,1706257432.799804,0.0018610954284667969,19,Mid360,2,18,True,True,CURRENT_SUPPORT
seq0003,seq0003_valref_000223,1706257432.8655937,0.18644599616527557,5.079945087432861,6.031507968902588,0.17529296875,5.16015625,5.96484375,0.10489203780889511,False,False,True,True,True,True,True,True,True,0.10489203780889511,0.10489203780889511,0.9765625,0.9765625,1,20,46004,4,46000,0.9019968509674072,0.965768575668335,0.06377172470092773,0,4,11,0,24,49,1706257432.799804,0.06578969955444336,18,Mid360,2,18,True,True,CURRENT_SUPPORT
seq0003,seq0003_valref_000224,1706257432.9072428,0.12815099954605103,5.097471237182617,6.0326361656188965,0.095703125,5.42578125,5.94140625,0.3422911465167999,False,False,True,True,True,True,True,True,True,0.10130392760038376,0.3422911465167999,0.984375,0.984375,1,20,45958,3,45955,0.9029591083526611,0.9073138236999512,0.004354715347290039,0,5,11,0,29,49,1706257432.899909,0.0073337554931640625,18,Mid360,2,19,True,True,CURRENT_SUPPORT
seq0003,seq0003_valref_000225,1706257432.95487,0.07262399792671204,5.113626003265381,6.0348358154296875,0.0947265625,5.431640625,5.9609375,0.32723507285118103,False,False,True,True,True,True,True,True,True,0.15282700955867767,0.32723507285118103,0.984375,0.984375,1,20,45958,3,45955,0.9029591083526611,0.9549410343170166,0.05198192596435547,0,5,11,0,26,49,1706257432.899909,0.05496096611022949,18,Mid360,2,19,True,True,CURRENT_SUPPORT
seq0003,seq0003_valref_000226,1706257433.0115032,-0.048457998782396317,5.146091938018799,6.0359787940979,-0.021484375,5.443359375,5.9765625,0.30434486269950867,False,False,True,True,True,True,True,True,True,0.058651771396398544,0.30434486269950867,0.98046875,0.98046875,1,20,46000,0,46000,0.9019780158996582,0.9115822315216064,0.009604215621948242,0,5,10,0,38,54,1706257432.999932,0.011571168899536133,18,Mid360,2,19,True,True,CURRENT_SUPPORT
seq0003,seq0003_valref_000227,1706257433.056749,-0.10837700217962265,5.160800933837891,6.036548137664795,-0.0234375,5.4462890625,5.98828125,0.30174142122268677,False,False,True,True,True,True,True,True,True,0.09577233344316483,0.30174142122268677,0.98046875,0.98046875,1,20,46000,0,46000,0.9019780158996582,0.9568281173706055,0.054850101470947266,0,4,10,0,36,54,1706257432.999932,0.056817054748535156,18,Mid360,2,19,True,True,CURRENT_SUPPORT
seq0003,seq0003_valref_000228,1706257433.1019673,-0.1720529943704605,5.175222873687744,6.036459922790527,-0.26171875,5.4150390625,5.90234375,0.2890309691429138,False,False,True,True,True,True,True,True,True,0.022567633539438248,0.2890309691429138,0.9765625,0.9765625,1,20,46178,0,46178,0.9020049571990967,0.9021732807159424,0.00016832351684570312,0,5,10,0,47,63,1706257433.09979,0.0021772384643554688,18,Mid360,2,24,True,True,CURRENT_SUPPORT
seq0003,seq0003_valref_000229,1706257433.1507852,-0.22921699285507202,5.18752384185791,6.035551071166992,-0.26171875,5.42578125,5.9140625,0.26941126585006714,False,False,True,True,True,True,True,True,True,0.07889922708272934,0.26941126585006714,0.97265625,0.97265625,1,20,46178,0,46178,0.9020049571990967,0.950991153717041,0.048986196517944336,0,5,10,0,43,63,1706257433.09979,0.0509951114654541,18,Mid360,2,24,True,True,CURRENT_SUPPORT
seq0003,seq0003_valref_000230,1706257433.198318,-0.2897700071334839,5.199324131011963,6.034997940063477,-0.2578125,5.4287109375,5.92578125,0.25606223940849304,False,False,True,True,True,True,True,True,True,0.15064437687397003,0.25606223940849304,0.96875,0.96875,1,20,46178,0,46178,0.9020049571990967,0.9985239505767822,0.09651899337768555,0,5,10,0,38,63,1706257433.09979,0.09852790832519531,18,Mid360,2,23,True,True,CURRENT_SUPPORT
seq0003,seq0003_valref_000231,1706257433.2488565,-0.34730100631713867,5.210061073303223,6.033803939819336,-0.2880859375,5.443359375,6.01171875,0.2417069971561432,False,False,True,True,True,True,True,True,True,0.06765075027942657,0.2417069971561432,0.97265625,0.97265625,1,20,46051,0,46051,0.9021258354187012,0.9490954875946045,0.04696965217590332,0,6,10,0,45,71,1706257433.199999,0.04885745048522949,18,Mid360,2,21,True,True,CURRENT_SUPPORT
seq0003,seq0003_valref_000232,1706257433.296956,-0.40741100907325745,5.220411777496338,6.032899856567383,-0.2919921875,5.443359375,6.0390625,0.251127690076828,False,False,True,True,True,True,True,True,True,0.12463629990816116,0.251127690076828,0.97265625,0.97265625,1,20,46051,0,46051,0.9021258354187012,0.9971950054168701,0.09506916999816895,0,5,10,0,41,71,1706257433.199999,0.09695696830749512,18,Mid360,2,21,True,True,CURRENT_SUPPORT
seq0003,seq0003_valref_000233,1706257433.353125,-0.465844988822937,5.229528903961182,6.031779766082764,-0.44140625,5.35546875,6.0390625,0.12849566340446472,False,False,True,True,True,True,True,True,True,0.12849566340446472,0.12849566340446472,0.97265625,0.97265625,1,20,46172,0,46172,0.9020540714263916,0.9533600807189941,0.05130600929260254,0,6,10,0,44,74,1706257433.299894,0.053231000900268555,18,Mid360,2,16,True,True,CURRENT_SUPPORT
seq0003,seq0003_valref_000234,1706257433.403535,-0.5857260227203369,5.247838973999023,6.026988983154297,-0.56640625,5.3515625,6.03515625,0.1058230921626091,False,False,True,True,True,True,True,True,True,0.09141159057617188,0.1058230921626091,0.9765625,0.9765625,1,20,46320,0,46320,0.9029269218444824,0.9035677909851074,0.000640869140625,0,6,10,0,38,74,1706257433.399956,0.0035789012908935547,18,Mid360,2,10,True,True,CURRENT_SUPPORT
seq0003,seq0003_valref_000235,1706257433.451592,-0.6456069946289062,5.256028175354004,6.024290084838867,-0.57421875,5.361328125,6.05078125,0.12994669377803802,False,False,True,True,True,True,True,True,True,0.12905241549015045,0.12994669377803802,0.9765625,0.9765625,1,20,46320,0,46320,0.9029269218444824,0.951624870300293,0.04869794845581055,0,5,10,0,30,74,1706257433.399956,0.0516359806060791,18,Mid360,2,10,True,True,CURRENT_SUPPORT
seq0003,seq0003_valref_000236,1706257433.4989696,-0.7040740251541138,5.263728141784668,6.020363807678223,-0.580078125,5.369140625,6.06640625,0.16913510859012604,False,False,True,True,True,True,True,True,True,0.16913510859012604,0.16913510859012604,0.97265625,0.97265625,1,20,46320,0,46320,0.9029269218444824,0.9990024566650391,0.09607553482055664,0,5,10,0,27,74,1706257433.399956,0.0990135669708252,18,Mid360,2,10,True,True,CURRENT_SUPPORT
seq0003,seq0003_valref_000237,1706257433.5496726,-0.7644190192222595,5.27105188369751,6.016349792480469,-0.7703857421875,5.4228515625,6.078125,0.16399671137332916,False,False,True,True,True,True,True,True,True,0.16399671137332916,0.16399671137332916,0.98046875,0.98046875,1,20,46160,0,46160,0.9021368026733398,0.9499185085296631,0.04778170585632324,0,6,10,0,37,80,1706257433.499962,0.04971051216125488,18,Mid360,2,15,True,True,CURRENT_SUPPORT
seq0003,seq0003_valref_000238,1706257433.5978255,-0.8236820101737976,5.278059005737305,6.0120320320129395,-0.767822265625,5.4267578125,6.109375,0.18629895150661469,False,False,True,True,True,True,True,True,True,0.18629895150661469,0.18629895150661469,0.9765625,0.9765625,1,20,46160,0,46160,0.9021368026733398,0.9980714321136475,0.09593462944030762,0,6,10,0,32,80,1706257433.499962,0.09786343574523926,18,Mid360,2,15,True,True,CURRENT_SUPPORT
seq0003,seq0003_valref_000239,1706257433.652428,-0.8832600116729736,5.284969806671143,6.006814002990723,-0.83203125,5.505859375,6.015625,0.2269233912229538,False,False,True,True,True,True,True,True,True,0.2269233912229538,0.2269233912229538,0.98046875,0.98046875,1,20,46325,0,46325,0.901993989944458,0.952610969543457,0.05061697959899902,0,6,10,0,39,89,1706257433.59979,0.05263781547546387,18,Mid360,2,21,True,True,CURRENT_SUPPORT
seq0003,seq0003_valref_000240,1706257433.6989906,-1.0012789964675903,5.298459053039551,5.9953131675720215,-0.83203125,5.5078125,6.03515625,0.2721417546272278,False,False,True,True,True,True,True,True,True,0.2721417546272278,0.2721417546272278,0.98046875,0.98046875,1,20,46325,0,46325,0.901993989944458,0.999173641204834,0.09717965126037598,0,6,10,0,32,89,1706257433.59979,0.09920048713684082,18,Mid360,2,21,True,True,CURRENT_SUPPORT
seq0003,seq0003_valref_000241,1706257433.750249,-1.0584100484848022,5.304987907409668,5.988828182220459,-0.869140625,5.44140625,5.98828125,0.23330917954444885,False,False,True,True,True,True,True,True,True,0.23330917954444885,0.23330917954444885,0.98046875,0.98046875,1,20,46396,0,46396,0.9020900726318359,0.9504449367523193,0.0483548641204834,0,5,10,0,30,88,1706257433.699792,0.050457000732421875,18,Mid360,2,14,True,True,CURRENT_SUPPORT
seq0003,seq0003_valref_000242,1706257433.7967713,-1.1142040491104126,5.311532020568848,5.982468128204346,-0.87060546875,5.4482421875,6.00390625,0.2801598310470581,False,False,True,True,True,True,True,True,True,0.2801598310470581,0.2801598310470581,0.9765625,0.9765625,1,20,46396,0,46396,0.9020900726318359,0.9969673156738281,0.09487724304199219,0,5,10,0,28,88,1706257433.699792,0.09697937965393066,18,Mid360,2,14,True,True,CURRENT_SUPPORT
seq0003,seq0003_valref_000243,1706257433.8624296,-1.1707179546356201,5.31906795501709,5.9757280349731445,-1.30615234375,5.4140625,5.96875,0.16557514667510986,False,False,True,True,True,True,True,True,True,0.16557514667510986,0.16557514667510986,0.97265625,0.97265625,1,20,46270,0,46270,0.9019179344177246,0.9625205993652344,0.060602664947509766,0,5,10,0,34,82,1706257433.799882,0.06254768371582031,18,Mid360,2,11,True,True,CURRENT_SUPPORT
seq0003,seq0003_valref_000244,1706257433.8959763,-1.2295559644699097,5.326594829559326,5.968544960021973,-1.305908203125,5.4150390625,5.98828125,0.11849711835384369,False,False,True,True,True,True,True,True,True,0.11849711835384369,0.11849711835384369,0.97265625,0.97265625,1,20,46270,0,46270,0.9019179344177246,0.9960672855377197,0.09414935111999512,0,4,10,0,30,82,1706257433.799882,0.09609436988830566,18,Mid360,2,11,True,True,CURRENT_SUPPORT
seq0003,seq0003_valref_000245,1706257433.9553497,-1.2884939908981323,5.335058212280273,5.9608612060546875,-1.2684326171875,5.580078125,5.9296875,0.24780842661857605,False,False,True,True,True,True,True,True,True,0.18966102600097656,0.24780842661857605,0.984375,0.984375,1,20,46427,0,46427,0.9029679298400879,0.9554176330566406,0.052449703216552734,1,5,10,1,42,88,1706257433.899873,0.05547666549682617,18,Mid360,2,19,True,True,CURRENT_SUPPORT
seq0003,seq0003_valref_000246,1706257434.0001912,-1.4044729471206665,5.353952884674072,5.944705963134766,-1.501953125,5.568359375,5.87890625,0.24454474449157715,False,False,True,True,True,True,True,True,True,0.24454474449157715,0.24454474449157715,0.98046875,0.98046875,1,20,46314,0,46314,0.9978909492492676,0.9982922077178955,0.0004012584686279297,1,6,10,1,34,80,1706257433.99979,0.0004012584686279297,19,Mid360,2,17,True,True,CURRENT_SUPPORT
seq0003,seq0003_valref_000247,1706257434.0498993,-1.461817979812622,5.364877223968506,5.936611175537109,-1.509765625,5.568359375,5.90234375,0.211844801902771,False,False,True,True,True,True,True,True,True,0.211844801902771,0.211844801902771,0.9765625,0.9765625,1,20,46314,0,46314,0.9020988941192627,0.9501092433929443,0.04801034927368164,1,5,10,1,31,80,1706257433.99979,0.0501093864440918,18,Mid360,2,17,True,True,CURRENT_SUPPORT
seq0003,seq0003_valref_000248,1706257434.0966227,-1.5151410102844238,5.375790119171143,5.928695201873779,-1.51953125,5.564453125,5.921875,0.18883727490901947,False,False,True,True,True,True,True,True,True,0.18883727490901947,0.18883727490901947,0.9765625,0.9765625,1,20,46314,0,46314,0.9020988941192627,0.9968326091766357,0.09473371505737305,1,5,10,1,28,80,1706257433.99979,0.0968327522277832,18,Mid360,2,17,True,True,CURRENT_SUPPORT
seq0003,seq0003_valref_000249,1706257434.1510432,-1.5679110288619995,5.387581825256348,5.92064094543457,-1.537109375,5.55859375,5.94140625,0.17500005662441254,False,False,True,True,True,True,True,True,True,0.17500005662441254,0.17500005662441254,0.98046875,0.98046875,1,20,46236,0,46236,0.901810884475708,0.9510440826416016,0.049233198165893555,0,5,10,0,29,71,1706257434.099968,0.05107522010803223,18,Mid360,2,7,True,True,CURRENT_SUPPORT
seq0003,seq0003_valref_000250,1706257434.2004135,-1.6250749826431274,5.400827884674072,5.911684036254883,-1.7494049072265625,5.4951171875,5.9375,0.15816088020801544,False,False,True,True,True,True,True,True,True,0.12277187407016754,0.15816088020801544,0.98828125,0.98828125,1,20,46362,0,46362,0.9978761672973633,0.9985265731811523,0.0006504058837890625,0,6,10,0,38,72,1706257434.199763,0.0006504058837890625,19,Mid360,2,13,True,True,CURRENT_SUPPORT
seq0003,seq0003_valref_000251,1706257434.2588575,-1.7323429584503174,5.429213047027588,5.89425802230835,-1.7408447265625,5.5078125,5.9609375,0.10342295467853546,False,False,True,True,True,True,True,True,True,0.10342295467853546,0.10342295467853546,0.98828125,0.98828125,1,20,46362,0,46362,0.9019958972930908,0.9589633941650391,0.05696749687194824,0,5,10,0,36,72,1706257434.199763,0.05909442901611328,18,Mid360,2,13,True,True,CURRENT_SUPPORT
seq0003,seq0003_valref_000252,1706257434.2976408,-1.7903870344161987,5.446028232574463,5.884785175323486,-1.73541259765625,5.51171875,5.98046875,0.12842421233654022,False,False,True,True,True,True,True,True,True,0.12842421233654022,0.12842421233654022,0.98828125,0.98828125,1,20,46362,0,46362,0.9019958972930908,0.9977467060089111,0.09575080871582031,0,5,10,0,35,72,1706257434.199763,0.09787774085998535,18,Mid360,2,13,True,True,CURRENT_SUPPORT
seq0003,seq0003_valref_000253,1706257434.3515675,-1.8445539474487305,5.462806224822998,5.876389026641846,-1.970703125,5.8310546875,5.88671875,0.3893934190273285,False,False,True,True,True,True,True,True,True,0.1388140469789505,0.3893934190273285,0.98828125,0.98828125,1,20,46164,0,46164,0.9018409252166748,0.9516115188598633,0.04977059364318848,0,6,10,0,32,69,1706257434.299946,0.051621437072753906,18,Mid360,2,14,True,True,CURRENT_SUPPORT
seq0003,seq0003_valref_000254,1706257434.3983362,-1.8963539600372314,5.479959964752197,5.867404937744141,-1.962890625,5.83544921875,5.90625,0.3637425899505615,False,False,True,True,True,True,True,True,True,0.17746293544769287,0.3637425899505615,0.984375,0.984375,1,20,46164,0,46164,0.9018409252166748,0.998380184173584,0.09653925895690918,0,6,10,0,30,69,1706257434.299946,0.09839010238647461,18,Mid360,2,14,True,True,CURRENT_SUPPORT
seq0003,seq0003_valref_000255,1706257434.449451,-1.949995994567871,5.498767852783203,5.858197212219238,-1.84521484375,5.689208984375,5.87890625,0.21834783256053925,False,False,True,True,True,True,True,True,True,0.21834783256053925,0.21834783256053925,0.9921875,0.9921875,1,20,46103,0,46103,0.9017999172210693,0.9494888782501221,0.047688961029052734,0,7,10,0,27,66,1706257434.399914,0.049536943435668945,18,Mid360,2,4,True,True,CURRENT_SUPPORT
seq0003,seq0003_valref_000256,1706257434.499868,-2.005506992340088,5.517827987670898,5.848196029663086,-2.189453125,5.7188720703125,5.81640625,0.2743455767631531,False,False,True,True,True,True,True,True,True,0.11634135246276855,0.2743455767631531,0.98828125,0.98828125,1,20,46167,0,46167,0.9979031085968018,0.9979770183563232,7.390975952148438e-05,0,8,10,0,30,61,1706257434.499794,7.390975952148438e-05,19,Mid360,2,7,True,True,CURRENT_SUPPORT
seq0003,seq0003_valref_000257,1706257434.5515049,-2.113981008529663,5.559412002563477,5.827087879180908,-2.189453125,5.71044921875,5.83203125,0.16891629993915558,False,False,True,True,True,True,True,True,True,0.10892139375209808,0.16891629993915558,0.984375,0.984375,1,20,46167,0,46167,0.9020168781280518,0.9517147541046143,0.0496978759765625,0,7,10,0,27,61,1706257434.499794,0.05171084403991699,18,Mid360,2,7,True,True,CURRENT_SUPPORT
seq0003,seq0003_valref_000258,1706257434.5978622,-2.1673779487609863,5.580712795257568,5.816878795623779,-2.185546875,5.705322265625,5.84375,0.1287621557712555,False,False,True,True,True,True,True,True,True,0.1287621557712555,0.1287621557712555,0.984375,0.984375,1,20,46167,0,46167,0.9020168781280518,0.9980721473693848,0.09605526924133301,0,7,10,0,24,61,1706257434.499794,0.0980682373046875,18,Mid360,2,7,True,True,CURRENT_SUPPORT
seq0003,seq0003_valref_000259,1706257434.6653516,-2.218194007873535,5.6020941734313965,5.806099891662598,-2.17578125,5.7720947265625,5.83984375,0.1784311681985855,False,False,True,True,True,True,True,True,True,0.13370300829410553,0.1784311681985855,0.98828125,0.98828125,1,20,45946,0,45946,0.9030930995941162,0.965559720993042,0.06246662139892578,0,5,10,0,29,60,1706257434.599781,0.06557059288024902,18,Mid360,2,15,True,True,CURRENT_SUPPORT
seq0003,seq0003_valref_000260,1706257434.7534423,-2.3206069469451904,5.646961212158203,5.785096168518066,-2.2216796875,5.716552734375,5.72265625,0.1361187994480133,False,False,True,True,True,True,True,True,True,0.1361187994480133,0.1361187994480133,0.98828125,0.98828125,1,20,45988,0,45988,0.902008056640625,0.9535603523254395,0.05155229568481445,0,6,10,0,24,57,1706257434.699883,0.053559303283691406,18,Mid360,2,10,True,True,CURRENT_SUPPORT
seq0003,seq0003_valref_000261,1706257434.798667,-2.4247539043426514,5.695342063903809,5.763366222381592,-2.217041015625,5.708251953125,5.73828125,0.20962005853652954,False,False,True,True,True,True,True,True,True,0.20962005853652954,0.20962005853652954,0.98828125,0.98828125,1,20,45988,0,45988,0.902008056640625,0.9987850189208984,0.09677696228027344,0,6,10,0,20,57,1706257434.699883,0.09878396987915039,18,Mid360,2,10,True,True,CURRENT_SUPPORT
seq0003,seq0003_valref_000262,1706257434.849289,-2.4771640300750732,5.720952033996582,5.751491069793701,-2.0908203125,5.5908203125,5.734375,0.40803027153015137,False,False,True,True,True,True,True,True,True,0.40803027153015137,0.40803027153015137,0.98046875,0.98046875,1,20,46040,0,46040,0.9019310474395752,0.949415922164917,0.0474848747253418,0,5,9,0,18,50,1706257434.699883,0.14940595626831055,16,Mid360,1,1,True,True,CURRENT_SUPPORT
seq0003,seq0003_valref_000263,1706257434.89704,-2.5284719467163086,5.7463250160217285,5.739153861999512,-2.0693359375,5.5751953125,5.75,0.4901111125946045,False,False,True,True,True,True,True,True,True,0.4901111125946045,0.4901111125946045,0.9765625,0.9765625,1,20,46040,0,46040,0.9019310474395752,0.9971668720245361,0.09523582458496094,0,5,9,0,17,50,1706257434.699883,0.1971569061279297,16,Mid360,1,1,True,True,CURRENT_SUPPORT
seq0003,seq0003_valref_000264,1706257434.9498942,-2.578136920928955,5.772445201873779,5.726343154907227,-2.615234375,5.7666015625,5.708984375,0.04137265309691429,False,False,True,True,True,True,True,True,True,0.04137265309691429,0.04137265309691429,0.984375,0.984375,1,20,45849,0,45849,0.9019849300384521,0.9501042366027832,0.048119306564331055,0,6,9,0,19,40,1706257434.899792,0.05010223388671875,18,Mid360,1,2,True,True,CURRENT_SUPPORT
seq0003,seq0003_valref_000265,1706257435.0003424,-2.628835916519165,5.798745155334473,5.714043140411377,-2.365234375,5.537109375,5.8046875,0.382302850484848,False,False,True,True,True,True,True,True,True,0.1971430480480194,0.382302850484848,0.98828125,0.98828125,1,20,45991,0,45991,0.9980740547180176,0.9984533786773682,0.00037932395935058594,0,6,9,0,21,40,1706257434.999963,0.00037932395935058594,19,Mid360,2,7,True,True,CURRENT_SUPPORT
seq0003,seq0003_valref_000266,1706257435.0606067,-2.730319023132324,5.854497909545898,5.689476013183594,-2.3603515625,5.546875,5.8125,0.49663132429122925,False,False,True,True,True,True,True,True,True,0.2023993283510208,0.49663132429122925,0.98828125,0.98828125,1,20,45991,0,45991,0.9019520282745361,0.9606387615203857,0.05868673324584961,0,5,9,0,18,40,1706257434.999963,0.060643672943115234,18,Mid360,2,7,True,True,CURRENT_SUPPORT
seq0003,seq0003_valref_000267,1706257435.0955498,-2.7869091033935547,5.887078762054443,5.675717830657959,-2.587890625,6.009765625,5.703125,0.2353966236114502,False,False,True,True,True,True,True,True,True,0.2353966236114502,0.2353966236114502,0.98828125,0.98828125,1,20,45991,0,45991,0.9019520282745361,0.995581865310669,0.09362983703613281,0,5,9,0,16,40,1706257434.999963,0.09558677673339844,18,Mid360,2,7,True,True,CURRENT_SUPPORT
seq0003,seq0003_valref_000268,1706257435.1509793,-2.8339760303497314,5.916407108306885,5.663951873779297,-2.692138671875,5.9873046875,5.5859375,0.17672166228294373,False,False,True,True,True,True,True,True,True,0.17672166228294373,0.17672166228294373,0.98828125,0.98828125,1,20,45922,0,45922,0.9020400047302246,0.9512162208557129,0.04917621612548828,0,6,9,0,14,40,1706257435.099815,0.05116438865661621,18,Mid360,2,7,True,True,CURRENT_SUPPORT
seq0003,seq0003_valref_000269,1706257435.1983912,-2.8866169452667236,5.948195934295654,5.651485919952393,-2.69091796875,5.9921875,5.595703125,0.2081947773694992,False,False,True,True,True,True,True,True,True,0.2081947773694992,0.2081947773694992,0.98828125,0.98828125,1,20,45922,0,45922,0.9020400047302246,0.9986281394958496,0.096588134765625,0,5,9,0,12,40,1706257435.099815,0.09857630729675293,18,Mid360,2,7,True,True,CURRENT_SUPPORT
seq0003,seq0003_valref_000270,1706257435.248763,-2.9370930194854736,5.980775833129883,5.639486789703369,-2.86279296875,6.125,5.640625,0.16224180161952972,False,False,True,True,True,True,True,True,True,0.16224180161952972,0.16224180161952972,0.984375,0.984375,1,20,45737,0,45737,0.9019498825073242,0.9488170146942139,0.04686713218688965,0,5,9,0,11,30,1706257435.199768,0.048995018005371094,18,Mid360,2,3,True,True,CURRENT_SUPPORT
seq0003,seq0003_valref_000271,1706257435.298772,-2.9864330291748047,6.0130839347839355,5.627324104309082,-2.8681640625,6.130859375,5.654296875,0.16907434165477753,False,False,True,True,True,True,True,True,True,0.16907434165477753,0.16907434165477753,0.984375,0.984375,1,20,45737,0,45737,0.9019498825073242,0.9988260269165039,0.09687614440917969,0,4,9,0,10,30,1706257435.199768,0.09900403022766113,18,Mid360,2,3,True,True,CURRENT_SUPPORT
seq0003,seq0003_valref_000272,1706257435.366896,-3.0887529850006104,6.083367824554443,5.601554870605469,-3.021484375,6.134765625,5.61328125,0.08546524494886398,False,False,True,True,True,True,True,True,True,0.0562867596745491,0.08546524494886398,0.98046875,0.98046875,1,20,45766,0,45766,0.901885986328125,0.9669818878173828,0.06509590148925781,0,5,9,0,16,34,1706257435.299951,0.06694483757019043,18,Mid360,2,8,True,True,CURRENT_SUPPORT
seq0003,seq0003_valref_000273,1706257435.4495025,-3.192425012588501,6.159865856170654,5.574655055999756,-3.025390625,6.0625,5.69921875,0.2299928516149521,False,False,True,True,True,True,True,True,True,0.2149239480495453,0.2299928516149521,0.984375,0.984375,1,20,45629,0,45629,0.9030570983886719,0.9497084617614746,0.046651363372802734,0,5,9,0,15,34,1706257435.399879,0.04962348937988281,18,Mid360,2,8,True,True,CURRENT_SUPPORT
seq0003,seq0003_valref_000274,1706257435.497159,-3.2415430545806885,6.196868896484375,5.560956954956055,-3.0234375,6.060546875,5.716796875,0.3007321059703827,False,False,True,True,True,True,True,True,True,0.28800153732299805,0.3007321059703827,0.98046875,0.98046875,1,20,45629,0,45629,0.9030570983886719,0.9973649978637695,0.09430789947509766,0,5,9,0,13,34,1706257435.399879,0.09728002548217773,18,Mid360,2,8,True,True,CURRENT_SUPPORT
seq0003,seq0003_valref_000275,1706257435.5502224,-3.2918589115142822,6.234825134277344,5.547186851501465,-2.9931640625,5.9892578125,5.7890625,0.45609840750694275,False,False,True,True,True,True,True,True,True,0.3875291347503662,0.45609840750694275,0.9765625,0.9765625,1,20,45501,0,45501,0.9021048545837402,0.9504413604736328,0.04833650588989258,0,5,8,0,13,28,1706257435.399879,0.1503434181213379,16,Mid360,1,1,True,True,CURRENT_SUPPORT
seq0003,seq0003_valref_000276,1706257435.5993385,-3.3392369747161865,6.272747993469238,5.532505989074707,-2.986328125,5.982421875,5.80859375,0.5339086055755615,False,False,False,True,True,True,True,False,True,0.4622606337070465,0.5339086055755615,0.96875,0.96875,1,20,45501,0,45501,0.9021048545837402,0.9995574951171875,0.09745264053344727,0,4,8,0,11,28,1706257435.399879,0.19945955276489258,16,Mid360,1,1,True,True,CURRENT_SUPPORT
seq0003,seq0003_valref_000277,1706257435.6585855,-3.3926820755004883,6.314394950866699,5.515646934509277,-2.82080078125,5.9794921875,5.796875,0.7199286818504333,False,False,False,True,True,True,True,False,True,0.26781201362609863,0.7199286818504333,0.93359375,0.93359375,1,20,45489,0,45489,0.9019660949707031,0.958702564239502,0.05673646926879883,0,5,8,0,12,21,1706257435.599947,0.058638572692871094,18,Mid360,1,2,True,True,CURRENT_SUPPORT
seq0003,seq0003_valref_000278,1706257435.6974528,-3.4917941093444824,6.396152973175049,5.481795787811279,-2.807373046875,5.974609375,5.81640625,0.8706867098808289,False,False,False,True,True,True,True,False,True,0.4108988642692566,0.8706867098808289,0.91796875,0.91796875,1,20,45489,0,45489,0.9019660949707031,0.9975697994232178,0.09560370445251465,0,4,8,0,11,21,1706257435.599947,0.09750580787658691,18,Mid360,1,2,True,True,CURRENT_SUPPORT
seq0003,seq0003_valref_000279,1706257435.7500958,-3.538351058959961,6.43522310256958,5.465400218963623,-3.15966796875,6.33935546875,5.5546875,0.4007039964199066,False,False,True,True,True,True,True,True,True,0.4007039964199066,0.4007039964199066,0.9765625,0.9765625,1,20,45162,0,45162,0.9019999504089355,0.9502098560333252,0.04820990562438965,0,4,8,0,17,28,1706257435.699802,0.050293922424316406,18,Mid360,2,10,True,True,CURRENT_SUPPORT
seq0003,seq0003_valref_000280,1706257435.7984316,-3.5871870517730713,6.477688789367676,5.447056770324707,-3.1513671875,6.3427734375,5.564453125,0.4710870385169983,False,False,True,True,True,True,True,True,True,0.4710870385169983,0.4710870385169983,0.9765625,0.9765625,1,20,45162,0,45162,0.9019999504089355,0.9985456466674805,0.09654569625854492,0,4,8,0,15,28,1706257435.699802,0.09862971305847168,18,Mid360,2,10,True,True,CURRENT_SUPPORT
seq0003,seq0003_valref_000281,1706257435.8570566,-3.635232925415039,6.519619941711426,5.429407119750977,-3.13916015625,6.31884765625,5.576171875,0.5549212694168091,False,False,False,True,True,True,True,False,True,0.43415579199790955,0.5549212694168091,0.9765625,0.9765625,1,20,44949,0,44949,0.9020030498504639,0.9572646617889404,0.05526161193847656,0,5,9,0,13,29,1706257435.799949,0.05710768699645996,18,Mid360,2,9,True,True,CURRENT_SUPPORT
seq0003,seq0003_valref_000282,1706257435.8973868,-3.683461904525757,6.562653064727783,5.41038179397583,-3.13037109375,6.318359375,5.587890625,0.6301573514938354,False,False,False,True,True,False,True,False,True,0.5138221383094788,0.6301573514938354,0.97265625,0.97265625,1,20,44949,0,44949,0.9020030498504639,0.9975948333740234,0.09559178352355957,0,4,9,0,12,29,1706257435.799949,0.09743785858154297,18,Mid360,2,9,True,True,CURRENT_SUPPORT
seq0003,seq0003_valref_000283,1706257435.9645815,-3.774022102355957,6.648421764373779,5.3736090660095215,-3.18359375,6.292236328125,5.630859375,0.7359697222709656,False,False,False,True,True,False,True,False,True,0.5941421389579773,0.7359697222709656,0.9765625,0.9765625,1,20,44955,0,44955,0.9029240608215332,0.964618444442749,0.06169438362121582,0,4,9,0,12,28,1706257435.899936,0.06464552879333496,18,Mid360,2,2,True,True,CURRENT_SUPPORT
seq0003,seq0003_valref_000284,1706257436.0812547,-3.912729024887085,6.787222862243652,5.314935207366943,-3.5908203125,6.303466796875,5.57421875,0.6362963914871216,False,False,False,True,True,False,True,False,True,0.6362963914871216,0.6362963914871216,0.97265625,0.97265625,1,20,44661,0,44661,0.9020650386810303,0.9814398288726807,0.07937479019165039,0,5,9,0,13,25,1706257435.999912,0.08134269714355469,18,Mid360,2,3,True,True,CURRENT_SUPPORT
seq0003,seq0003_valref_000285,1706257436.1196055,-3.958249092102051,6.832877159118652,5.295756816864014,-3.48828125,6.7437744140625,5.3203125,0.4789697825908661,False,False,True,True,True,True,True,True,True,0.4789697825908661,0.4789697825908661,0.984375,0.984375,1,20,44572,0,44572,0.9020290374755859,0.919837474822998,0.01780843734741211,0,5,9,0,10,25,1706257436.099816,0.019789457321166992,18,Mid360,2,4,True,True,CURRENT_SUPPORT
seq0003,seq0003_valref_000286,1706257436.1684494,-4.004589080810547,6.879607200622559,5.27570104598999,-3.4765625,6.73828125,5.33984375,0.5503630042076111,False,False,False,True,True,False,True,False,True,0.5503630042076111,0.5503630042076111,0.984375,0.984375,1,20,44572,0,44572,0.9020290374755859,0.9686813354492188,0.06665229797363281,0,5,9,0,7,25,1706257436.099816,0.0686333179473877,18,Mid360,2,4,True,True,CURRENT_SUPPORT
seq0003,seq0003_valref_000287,1706257436.2124557,-4.051112174987793,6.931642055511475,5.253713130950928,-3.529296875,6.7523040771484375,5.375,0.5649458765983582,False,False,False,True,True,True,True,False,True,0.348296195268631,0.5649458765983582,0.98046875,0.98046875,1,20,44541,0,44541,0.9019339084625244,0.9125046730041504,0.010570764541625977,0,5,9,0,7,25,1706257436.199931,0.012524843215942383,18,Mid360,2,3,True,True,CURRENT_SUPPORT
seq0003,seq0003_valref_000288,1706257436.258059,-4.0956339836120605,6.980522155761719,5.233623027801514,-3.5185546875,6.752410888671875,5.390625,0.6400819420814514,False,False,False,True,True,True,True,False,True,0.4239029586315155,0.6400819420814514,0.98046875,0.98046875,1,20,44541,0,44541,0.9019339084625244,0.9581079483032227,0.05617403984069824,0,5,9,0,7,25,1706257436.199931,0.05812811851501465,18,Mid360,2,3,True,True,CURRENT_SUPPORT
seq0003,seq0003_valref_000289,1706257436.3021765,-4.136960029602051,7.027482986450195,5.213720798492432,-3.490234375,6.704345703125,5.390625,0.7442895174026489,False,False,False,True,True,False,True,False,True,0.5046854019165039,0.7442895174026489,0.9609375,0.9609375,1,20,44259,0,44259,0.9019601345062256,0.9022974967956543,0.00033736228942871094,0,4,8,0,6,18,1706257436.199931,0.10224556922912598,16,Mid360,1,1,True,True,CURRENT_SUPPORT
seq0003,seq0003_valref_000290,1706257436.3585691,-4.17943000793457,7.076166152954102,5.1926069259643555,-3.47265625,6.69677734375,5.41796875,0.8332184553146362,False,False,False,True,True,False,True,False,True,0.583764374256134,0.8332184553146362,0.94921875,0.94921875,1,20,44259,0,44259,0.9019601345062256,0.9586901664733887,0.056730031967163086,0,3,8,0,5,18,1706257436.199931,0.15863823890686035,16,Mid360,1,1,True,True,CURRENT_SUPPORT
seq0003,seq0003_valref_000291,1706257436.4176958,-4.222190856933594,7.125969886779785,5.171652793884277,-3.875,6.83447265625,5.3671875,0.4937063455581665,False,False,True,True,True,True,True,True,True,0.4937063455581665,0.4937063455581665,0.97265625,0.97265625,1,20,44344,0,44344,0.9031109809875488,0.917921781539917,0.014810800552368164,0,4,8,0,10,22,1706257436.399778,0.017917871475219727,18,Mid360,1,5,True,True,CURRENT_SUPPORT
seq0003,seq0003_valref_000292,1706257436.4700322,-4.304143905639648,7.227163791656494,5.129001140594482,-3.8671875,6.83447265625,5.390625,0.6431052088737488,False,False,False,True,True,False,True,False,True,0.6263077855110168,0.6431052088737488,0.97265625,0.97265625,1,20,44344,0,44344,0.9031109809875488,0.9702582359313965,0.06714725494384766,0,3,8,0,8,22,1706257436.399778,0.07025432586669922,18,Mid360,1,5,True,True,CURRENT_SUPPORT
seq0003,seq0003_valref_000293,1706257436.513038,-4.345306873321533,7.27641487121582,5.10683012008667,-3.880859375,6.81689453125,5.41015625,0.7203312516212463,False,False,False,True,True,True,True,False,True,0.4018465280532837,0.7203312516212463,0.96875,0.96875,1,20,44253,0,44253,0.9019520282745361,0.9130909442901611,0.011138916015625,0,4,9,0,9,23,1706257436.499945,0.013092994689941406,18,Mid360,2,6,True,True,CURRENT_SUPPORT
seq0003,seq0003_valref_000294,1706257436.560351,-4.385434150695801,7.32821798324585,5.084160804748535,-3.865234375,6.8056640625,5.4296875,0.8142844438552856,False,False,False,True,True,True,True,False,True,0.4733155369758606,0.8142844438552856,0.96484375,0.96484375,1,20,44253,0,44253,0.9019520282745361,0.9604039192199707,0.05845189094543457,0,4,9,0,8,23,1706257436.499945,0.06040596961975098,18,Mid360,2,6,True,True,CURRENT_SUPPORT
seq0003,seq0003_valref_000295,1706257436.604528,-4.426154136657715,7.38021183013916,5.0596442222595215,-3.853515625,6.8310546875,5.55859375,0.9372507929801941,False,False,False,True,True,False,True,False,True,0.5222107768058777,0.9372507929801941,0.9296875,0.9296875,1,20,44055,0,44055,0.9019780158996582,0.9047260284423828,0.0027480125427246094,0,3,8,0,7,21,1706257436.499945,0.1045830249786377,16,Mid360,1,1,True,True,CURRENT_SUPPORT
seq0003,seq0003_valref_000296,1706257436.6513965,-4.465688228607178,7.432175159454346,5.0337347984313965,-3.849609375,6.8251953125,5.578125,1.0219287872314453,False,False,False,False,True,False,True,False,False,0.5959800481796265,1.0219287872314453,0.921875,0.875,2,20,44055,0,44055,0.9019780158996582,0.9515945911407471,0.04961657524108887,0,3,8,0,7,21,1706257436.499945,0.15145158767700195,16,Mid360,1,1,True,True,CURRENT_SUPPORT
seq0003,seq0003_valref_000297,1706257436.6978376,-4.502596855163574,7.480568885803223,5.0105671882629395,-3.845703125,6.81396484375,5.59765625,1.104782223701477,False,False,False,False,True,False,True,False,False,0.6634324789047241,1.104782223701477,0.90625,0.8359375,2,20,44055,0,44055,0.9019780158996582,0.9980356693267822,0.09605765342712402,0,3,8,0,7,21,1706257436.499945,0.1978926658630371,16,Mid360,1,1,True,True,CURRENT_SUPPORT
seq0003,seq0003_valref_000298,1706257436.748197,-4.541006088256836,7.531713008880615,4.985970973968506,-4.37890625,7.3740234375,5.1796875,0.29777246713638306,False,False,True,True,True,True,True,True,True,0.2803550064563751,0.29777246713638306,0.95703125,0.95703125,1,20,44199,0,44199,0.9019410610198975,0.9482481479644775,0.04630708694458008,0,3,8,0,8,15,1706257436.699768,0.048429012298583984,18,Mid360,1,2,True,True,CURRENT_SUPPORT
seq0003,seq0003_valref_000299,1706257436.800148,-4.581332206726074,7.5852789878845215,4.958652973175049,-4.6015625,7.501953125,5.04296875,0.1202564537525177,False,False,True,True,True,True,True,True,True,0.1202564537525177,0.1202564537525177,0.96484375,0.96484375,1,20,44180,0,44180,0.9980819225311279,0.9983530044555664,0.00027108192443847656,0,4,8,0,9,15,1706257436.799877,0.00027108192443847656,19,Mid360,2,3,True,True,CURRENT_SUPPORT
seq0004,seq0004_valref_000300,1706257436.8516316,-4.623345851898193,7.639476776123047,4.933034896850586,nan,nan,nan,nan,True,True,False,False,False,False,False,False,False,nan,nan,nan,nan,,0,0,0,0,nan,nan,nan,0,0,0,0,0,0,nan,nan,,,0,0,False,False,NO_CURRENT_SUPPORT
seq0004,seq0004_valref_000301,1706257436.8979206,-4.662352085113525,7.694049835205078,4.908463001251221,nan,nan,nan,nan,True,True,False,False,False,False,False,False,False,nan,nan,nan,nan,,0,0,0,0,nan,nan,nan,0,0,0,0,0,0,nan,nan,,,0,0,False,False,NO_CURRENT_SUPPORT
seq0004,seq0004_valref_000302,1706257436.9499311,-4.7490692138671875,7.808938026428223,4.853124141693115,-23.9423828125,-3.9208984375,19.658203125,26.92884635925293,False,False,False,False,False,False,False,False,False,13.800317764282227,13.800317764282227,0.04736328125,nan,,2,4267,0,4267,0.0030879974365234375,0.05016922950744629,0.04708123207092285,0,0,0,0,0,0,nan,nan,,,0,0,False,False,NO_CURRENT_SUPPORT
seq0004,seq0004_valref_000303,1706257436.99808,-4.788221836090088,7.861423969268799,4.8288068771362305,-11.26385498046875,19.7381591796875,7.21875,13.736903190612793,False,False,False,False,False,False,False,False,False,13.736903190612793,13.736903190612793,0.0272216796875,nan,,2,4267,0,4267,0.0030879974365234375,0.09831809997558594,0.0952301025390625,0,0,0,0,0,0,nan,nan,,,0,0,False,False,NO_CURRENT_SUPPORT
seq0004,seq0004_valref_000304,1706257437.0507002,-4.8283491134643555,7.916347980499268,4.803595066070557,-6.53515625,-54.529296875,2.56640625,62.50901412963867,False,False,False,False,False,False,False,False,False,12.848857879638672,12.848857879638672,0.1083984375,nan,,4,8858,0,8858,0.1020660400390625,0.1509382724761963,0.04887223243713379,0,0,0,0,0,0,nan,nan,,,0,0,False,False,NO_CURRENT_SUPPORT
seq0004,seq0004_valref_000305,1706257437.1009853,-4.867366790771484,7.970365047454834,4.776495933532715,11.873046875,4.93359375,2.984375,17.107749938964844,False,False,False,False,False,False,False,False,False,17.107749938964844,17.107749938964844,0.126953125,nan,,5,13277,0,13277,0.2001171112060547,0.20122337341308594,0.00110626220703125,0,0,0,0,0,0,nan,nan,,,0,0,False,False,NO_CURRENT_SUPPORT
seq0004,seq0004_valref_000306,1706257437.1492271,-4.909698963165283,8.025955200195312,4.7486572265625,11.876953125,4.92578125,3.00390625,17.159456253051758,False,False,False,False,False,False,False,False,False,17.159456253051758,17.159456253051758,0.142578125,nan,,6,13277,0,13277,0.20200204849243164,0.2494652271270752,0.047463178634643555,0,0,0,0,0,0,nan,nan,,,0,0,False,False,NO_CURRENT_SUPPORT
seq0004,seq0004_valref_000307,1706257437.198312,-4.991878032684326,8.137405395507812,4.691857814788818,11.8828125,4.921875,3.0234375,17.2591552734375,False,False,False,False,False,False,False,False,False,17.2591552734375,17.2591552734375,0.138671875,nan,,6,13277,0,13277,0.20200204849243164,0.2985501289367676,0.09654808044433594,0,0,0,0,0,0,nan,nan,,,0,0,False,False,NO_CURRENT_SUPPORT
seq0004,seq0004_valref_000308,1706257437.2549512,-5.0324249267578125,8.193309783935547,4.663710117340088,16.67724609375,-6.833984375,2.47265625,26.49396324157715,False,False,False,False,False,False,False,False,False,17.314844131469727,17.37511444091797,0.21484375,nan,,8,17605,0,17605,0.3020761013031006,0.35518932342529297,0.05311322212219238,0,0,0,0,0,0,nan,nan,,,0,0,False,False,NO_CURRENT_SUPPORT
seq0004,seq0004_valref_000309,1706257437.2978358,-5.075973987579346,8.248577117919922,4.634311199188232,16.681640625,-6.83447265625,2.49609375,26.56057357788086,False,False,False,False,False,False,False,False,False,17.36605453491211,17.425519943237305,0.2236328125,nan,,8,17605,0,17605,0.3020761013031006,0.3980739116668701,0.09599781036376953,0,0,0,0,0,0,nan,nan,,,0,0,False,False,NO_CURRENT_SUPPORT
seq0004,seq0004_valref_000310,1706257437.367017,-5.116026878356934,8.302172660827637,4.605517864227295,16.67822265625,-6.8876953125,2.52734375,26.646581649780273,False,False,False,False,False,False,False,False,False,17.437999725341797,11.657167434692383,0.138671875,nan,,10,22201,0,22201,0.40203404426574707,0.4672551155090332,0.06522107124328613,0,0,0,0,0,0,nan,nan,,,0,0,False,False,NO_CURRENT_SUPPORT
seq0004,seq0004_valref_000311,1706257437.4511292,-5.200797080993652,8.413192749023438,4.545355796813965,16.6826171875,-6.98828125,2.45703125,26.841205596923828,False,False,False,False,False,False,False,False,False,17.498502731323242,17.498502731323242,0.1474609375,nan,,12,26741,0,26741,0.5020041465759277,0.5513672828674316,0.049363136291503906,0,0,0,0,0,0,nan,nan,,,0,0,False,False,NO_CURRENT_SUPPORT
seq0004,seq0004_valref_000312,1706257437.498653,-5.24613094329834,8.471918106079102,4.512146949768066,16.68994140625,-6.9912109375,2.48046875,26.91518783569336,False,False,False,False,False,False,False,False,False,17.5557804107666,17.5557804107666,0.16015625,nan,,12,26741,0,26741,0.5020041465759277,0.598891019821167,0.09688687324523926,0,0,0,0,0,0,nan,nan,,,0,0,False,False,NO_CURRENT_SUPPORT
seq0004,seq0004_valref_000313,1706257437.5514631,-5.330546855926514,8.585139274597168,4.445251941680908,11.86328125,-11.0390625,1.30859375,26.278806686401367,False,False,False,False,False,False,False,False,False,17.636150360107422,17.636150360107422,0.283203125,nan,,14,31167,0,31167,0.6020700931549072,0.6517012119293213,0.04963111877441406,0,0,0,0,0,0,nan,nan,,,0,0,False,False,NO_CURRENT_SUPPORT
seq0004,seq0004_valref_000314,1706257437.5992842,-5.371490955352783,8.636900901794434,4.413296222686768,11.87109375,-11.03125,1.32421875,26.337905883789062,False,False,False,False,False,False,False,False,False,17.685808181762695,17.685808181762695,0.333984375,nan,,14,31167,0,31167,0.6020700931549072,0.6995222568511963,0.09745216369628906,0,0,0,0,0,0,nan,nan,,,0,0,False,False,NO_CURRENT_SUPPORT
seq0004,seq0004_valref_000315,1706257437.6537817,-5.41384220123291,8.692716598510742,4.378195762634277,-6.6171875,-54.4921875,2.78515625,63.21643829345703,False,False,False,False,False,False,False,False,False,17.85483741760254,17.85483741760254,0.2109375,nan,,16,35807,0,35807,0.7030870914459229,0.7540197372436523,0.05093264579772949,0,0,0,0,0,0,nan,nan,,,0,0,False,False,NO_CURRENT_SUPPORT
seq0004,seq0004_valref_000316,1706257437.700026,-5.453362941741943,8.74374008178711,4.3456010818481445,12.10546875,-10.9765625,3.314453125,26.424726486206055,False,False,False,False,False,False,False,False,False,19.761863708496094,19.761863708496094,0.171875,nan,,17,40337,0,40337,0.8001871109008789,0.8002641201019287,7.700920104980469e-05,0,0,0,0,0,0,nan,nan,,,0,0,False,False,NO_CURRENT_SUPPORT
seq0004,seq0004_valref_000317,1706257437.7521422,-5.5382161140441895,8.852364540100098,4.27549409866333,12.1171875,-10.982421875,3.32080078125,26.57147789001465,False,False,False,False,False,False,False,False,False,10.968661308288574,10.968661308288574,0.2060546875,nan,,18,40337,0,40337,0.8020820617675781,0.8523802757263184,0.050298213958740234,0,0,0,0,0,0,nan,nan,,,0,0,False,False,NO_CURRENT_SUPPORT
seq0004,seq0004_valref_000318,1706257437.8004913,-5.581914901733398,8.910164833068848,4.238865852355957,-5.53125,8.82666015625,4.32421875,0.12971152365207672,False,False,True,True,True,True,True,True,True,0.12971152365207672,0.12971152365207672,0.46484375,0.46484375,1,19,44853,0,44853,0.9001190662384033,0.9007294178009033,0.0006103515625,0,1,1,0,1,1,1706257437.799881,0.0006103515625,18,Mid360,1,1,True,True,CURRENT_SUPPORT
seq0004,seq0004_valref_000319,1706257437.8500235,-5.623048782348633,8.963006019592285,4.205711841583252,-5.515625,8.82177734375,4.33984375,0.22243376076221466,False,False,True,True,True,True,True,True,True,0.22243376076221466,0.22243376076221466,0.4375,0.4375,1,20,44853,0,44853,0.9020111560821533,0.9502615928649902,0.048250436782836914,0,1,1,0,1,1,1706257437.799881,0.050142526626586914,18,Mid360,1,1,True,True,CURRENT_SUPPORT
seq0004,seq0004_valref_000320,1706257437.8976116,-5.666897773742676,9.018999099731445,4.171572208404541,-5.498046875,8.81591796875,4.3515625,0.3196077048778534,False,False,True,True,True,True,True,True,True,0.3196077048778534,0.3196077048778534,0.396484375,0.396484375,1,20,44853,0,44853,0.9020111560821533,0.997849702835083,0.09583854675292969,0,1,1,0,1,1,1706257437.799881,0.09773063659667969,18,Mid360,1,1,True,True,CURRENT_SUPPORT
seq0004,seq0004_valref_000321,1706257437.9520316,-5.711790084838867,9.073907852172852,4.138667106628418,-5.50390625,9.0,4.2578125,0.2507462501525879,False,False,True,True,True,True,True,True,True,0.2507462501525879,0.2507462501525879,0.9453125,0.9453125,1,20,45287,0,45287,0.9019989967346191,0.9522705078125,0.05027151107788086,0,2,2,0,4,4,1706257437.899896,0.05213570594787598,18,Mid360,2,4,True,True,CURRENT_SUPPORT
seq0004,seq0004_valref_000322,1706257438.001101,-5.756977081298828,9.13092041015625,4.104697227478027,-5.396484375,8.9404296875,4.3671875,0.4849153161048889,False,False,True,True,True,True,True,True,True,0.4849153161048889,0.4849153161048889,0.953125,0.953125,1,20,45189,0,45189,0.9981210231781006,0.9992730617523193,0.00115203857421875,0,2,2,0,4,4,1706257437.899896,0.10120511054992676,17,Mid360,1,3,True,True,CURRENT_SUPPORT
seq0004,seq0004_valref_000323,1706257438.06154,-5.802002906799316,9.187612533569336,4.07029390335083,-5.37890625,8.9443359375,4.38671875,0.5816519260406494,False,False,False,True,True,False,True,False,True,0.5816519260406494,0.5816519260406494,0.94921875,0.94921875,1,20,45189,0,45189,0.901932954788208,0.9616608619689941,0.05972790718078613,0,2,2,0,4,4,1706257437.899896,0.16164398193359375,16,Mid360,1,3,True,True,CURRENT_SUPPORT
seq0004,seq0004_valref_000324,1706257438.1018145,-5.886634826660156,9.293839454650879,4.002899169921875,-5.35546875,8.9169921875,4.35546875,0.7405785322189331,False,False,False,True,True,False,True,False,True,0.7405785322189331,0.7405785322189331,0.9609375,0.9609375,1,20,45377,0,45377,0.9019010066986084,0.9019465446472168,4.553794860839844e-05,0,2,2,0,4,4,1706257437.899896,0.2019186019897461,14,Mid360,0,0,True,False,NO_CURRENT_SUPPORT
seq0004,seq0004_valref_000325,1706257438.149874,-5.9280829429626465,9.346694946289062,3.9685580730438232,-5.3359375,8.9091796875,4.375,0.8409820795059204,False,False,False,True,True,False,True,False,True,0.8409820795059204,0.8409820795059204,0.95703125,0.95703125,1,20,45377,0,45377,0.9019010066986084,0.9500060081481934,0.04810500144958496,0,2,2,0,4,4,1706257437.899896,0.24997806549072266,14,Mid360,0,0,True,False,NO_CURRENT_SUPPORT
seq0004,seq0004_valref_000326,1706257438.199491,-5.96811580657959,9.39554500579834,3.9366469383239746,-5.3203125,8.90234375,4.39453125,0.9341063499450684,False,False,False,True,True,False,True,False,True,0.9341063499450684,0.9341063499450684,0.94921875,0.94921875,1,20,45377,0,45377,0.9019010066986084,0.9996230602264404,0.09772205352783203,0,2,2,0,4,4,1706257437.899896,0.2995951175689697,14,Mid360,0,0,True,False,NO_CURRENT_SUPPORT
seq0004,seq0004_valref_000327,1706257438.2513301,-6.010561943054199,9.44856071472168,3.9030520915985107,-5.76251220703125,9.07421875,4.16796875,0.5213841199874878,False,False,False,True,True,False,True,False,True,0.5213841199874878,0.5213841199874878,0.91796875,0.91796875,1,20,45730,0,45730,0.9020888805389404,0.9515740871429443,0.049485206604003906,0,3,3,0,5,5,1706257438.19976,0.05157017707824707,18,Mid360,1,1,True,True,CURRENT_SUPPORT
seq0004,seq0004_valref_000328,1706257438.2992542,-6.050816059112549,9.502031326293945,3.87030291557312,-5.756103515625,9.083984375,4.19921875,0.6081154346466064,False,False,False,True,True,False,True,False,True,0.6081154346466064,0.6081154346466064,0.9140625,0.9140625,1,20,45730,0,45730,0.9020888805389404,0.9994981288909912,0.09740924835205078,0,3,3,0,5,5,1706257438.19976,0.09949421882629395,18,Mid360,1,1,True,True,CURRENT_SUPPORT
seq0004,seq0004_valref_000329,1706257438.352336,-6.134469032287598,9.60374927520752,3.809725046157837,-5.8564453125,9.05859375,4.13671875,0.6938419342041016,False,False,False,True,True,False,True,False,True,0.6938419342041016,0.6938419342041016,0.94140625,0.94140625,1,20,45675,0,45675,0.901831865310669,0.9523909091949463,0.050559043884277344,0,2,3,0,4,5,1706257438.19976,0.15257596969604492,16,Mid360,1,1,True,True,CURRENT_SUPPORT
seq0004,seq0004_valref_000330,1706257438.396748,-6.134471893310547,9.603748321533203,3.809720039367676,-5.8525390625,9.06640625,4.16015625,0.70073401927948,False,False,False,True,True,False,True,False,True,0.70073401927948,0.70073401927948,0.94140625,0.94140625,1,20,45675,0,45675,0.901831865310669,0.9968030452728271,0.0949711799621582,0,2,3,0,4,5,1706257438.19976,0.19698810577392578,16,Mid360,1,1,True,True,CURRENT_SUPPORT
seq0004,seq0004_valref_000331,1706257438.4505584,-6.220067977905273,9.707294464111328,3.7525839805603027,-5.828125,9.076171875,4.1328125,0.8345710039138794,False,False,False,True,True,False,True,False,True,0.8345710039138794,0.8345710039138794,0.9453125,0.9453125,1,20,45762,0,45762,0.9029631614685059,0.9506955146789551,0.04773235321044922,0,1,3,0,1,5,1706257438.19976,0.25079846382141113,14,Mid360,0,0,True,False,NO_CURRENT_SUPPORT
seq0004,seq0004_valref_000332,1706257438.49709,-6.262383937835693,9.758681297302246,3.7256391048431396,-5.82421875,9.078125,4.1640625,0.9205219745635986,False,False,False,True,True,False,True,False,True,0.9205219745635986,0.9205219745635986,0.9375,0.9375,1,20,45762,0,45762,0.9029631614685059,0.9972271919250488,0.09426403045654297,0,1,3,0,1,5,1706257438.19976,0.2973301410675049,14,Mid360,0,0,True,False,NO_CURRENT_SUPPORT
seq0004,seq0004_valref_000333,1706257438.565248,-6.304210186004639,9.808561325073242,3.7006280422210693,-5.86865234375,9.013671875,4.19921875,1.0344817638397217,False,False,False,False,True,False,False,False,False,1.0344817638397217,1.0344817638397217,0.91796875,nan,,20,45983,0,45983,0.9020519256591797,0.9654719829559326,0.06342005729675293,0,1,3,0,1,5,1706257438.19976,0.36548805236816406,12,Mid360,0,0,True,False,NO_CURRENT_SUPPORT
seq0004,seq0004_valref_000334,1706257438.6527529,-6.396742820739746,9.919333457946777,3.649876117706299,-6.25726318359375,9.84912109375,3.587890625,0.16800758242607117,False,False,True,True,True,True,True,True,True,0.16800758242607117,0.16800758242607117,0.94921875,0.94921875,1,20,45848,0,45848,0.9018170833587646,0.9528038501739502,0.05098676681518555,0,1,4,0,3,8,1706257438.59996,0.05279278755187988,18,Mid360,1,3,True,True,CURRENT_SUPPORT
seq0004,seq0004_valref_000335,1706257438.699385,-6.478507041931152,10.016889572143555,3.6097640991210938,-6.255126953125,9.84814453125,3.595703125,0.2803056538105011,False,False,True,True,True,True,True,True,True,0.2803056538105011,0.2803056538105011,0.953125,0.953125,1,20,45848,0,45848,0.9018170833587646,0.9994359016418457,0.09761881828308105,0,1,4,0,3,8,1706257438.59996,0.09942483901977539,18,Mid360,1,3,True,True,CURRENT_SUPPORT
seq0004,seq0004_valref_000336,1706257438.7505567,-6.519120216369629,10.064913749694824,3.5911600589752197,-6.2447509765625,9.869140625,3.6171875,0.3380577266216278,False,False,True,True,True,True,True,True,True,0.3380577266216278,0.3380577266216278,0.95703125,0.95703125,1,20,45999,0,45999,0.9019849300384521,0.9506757259368896,0.0486907958984375,0,1,4,0,3,8,1706257438.59996,0.15059661865234375,16,Mid360,1,3,True,True,CURRENT_SUPPORT
seq0004,seq0004_valref_000337,1706257438.7994611,-6.561159133911133,10.11410903930664,3.57196307182312,-6.24127197265625,9.86572265625,3.6328125,0.4095439612865448,False,False,True,True,True,True,True,True,True,0.4095439612865448,0.4095439612865448,0.95703125,0.95703125,1,20,45999,0,45999,0.9019849300384521,0.9995801448822021,0.09759521484375,0,1,4,0,3,8,1706257438.59996,0.19950103759765625,16,Mid360,1,3,True,True,CURRENT_SUPPORT
seq0004,seq0004_valref_000338,1706257438.8609362,-6.605556964874268,10.164928436279297,3.553858995437622,-6.32666015625,9.83056640625,3.634765625,0.4428625702857971,False,False,True,True,True,True,True,True,True,0.15564922988414764,0.4428625702857971,0.921875,0.921875,1,20,46107,0,46107,0.9019081592559814,0.9610402584075928,0.05913209915161133,0,2,4,0,5,9,1706257438.799897,0.06103920936584473,18,Mid360,1,2,True,True,CURRENT_SUPPORT
seq0004,seq0004_valref_000339,1706257438.904329,-6.644832134246826,10.209190368652344,3.5379810333251953,-6.6044921875,10.01171875,3.6796875,0.24637994170188904,False,False,True,True,True,True,True,True,True,0.19308805465698242,0.24637994170188904,0.9375,0.9375,1,20,45967,0,45967,0.9028730392456055,0.9043800830841064,0.0015070438385009766,0,3,4,0,9,10,1706257438.899876,0.004452943801879883,18,Mid360,2,6,True,True,CURRENT_SUPPORT
seq0004,seq0004_valref_000340,1706257438.954006,-6.686244964599609,10.255058288574219,3.5219359397888184,-6.5966796875,10.001953125,3.703125,0.32390373945236206,False,False,True,True,True,True,True,True,True,0.26818251609802246,0.32390373945236206,0.9375,0.9375,1,20,45967,0,45967,0.9028730392456055,0.954056978225708,0.05118393898010254,0,3,4,0,9,10,1706257438.899876,0.054129838943481445,18,Mid360,2,6,True,True,CURRENT_SUPPORT
seq0004,seq0004_valref_000341,1706257439.0018566,-6.770341873168945,10.344528198242188,3.4897170066833496,-6.6015625,9.984375,3.73828125,0.4690212905406952,False,False,True,True,True,True,True,True,True,0.3935011029243469,0.4690212905406952,0.9375,0.9375,1,20,46201,0,46201,0.9020681381225586,0.9020826816558838,1.4543533325195312e-05,0,3,4,0,9,10,1706257438.899876,0.10198044776916504,16,Mid360,1,4,True,True,CURRENT_SUPPORT
seq0004,seq0004_valref_000342,1706257439.0558307,-6.810732841491699,10.386096000671387,3.4772789478302,-6.591796875,9.98046875,3.7578125,0.5395975112915039,False,False,False,True,True,True,True,False,True,0.4631035029888153,0.5395975112915039,0.9375,0.9375,1,20,46201,0,46201,0.9020681381225586,0.9560568332672119,0.05398869514465332,0,3,4,0,9,10,1706257438.899876,0.15595459938049316,16,Mid360,1,4,True,True,CURRENT_SUPPORT
seq0004,seq0004_valref_000343,1706257439.0979803,-6.852807998657227,10.427842140197754,3.464498996734619,-6.5859375,9.9775390625,3.78125,0.6118201613426208,False,False,False,True,True,False,True,False,True,0.5305018424987793,0.6118201613426208,0.9296875,0.9296875,1,20,46201,0,46201,0.9020681381225586,0.998206377029419,0.09613823890686035,0,3,4,0,8,10,1706257438.899876,0.1981041431427002,16,Mid360,1,4,True,True,CURRENT_SUPPORT
seq0004,seq0004_valref_000344,1706257439.152731,-6.895044803619385,10.468626022338867,3.4515340328216553,-6.5556640625,9.8916015625,3.8046875,0.7568711638450623,False,False,False,True,True,True,True,False,True,0.23507949709892273,0.7568711638450623,0.9375,0.9375,1,20,46133,0,46133,0.9020431041717529,0.9529709815979004,0.05092787742614746,0,3,5,0,7,11,1706257439.100005,0.052726030349731445,18,Mid360,1,1,True,True,CURRENT_SUPPORT
seq0004,seq0004_valref_000345,1706257439.1986685,-6.937248229980469,10.507633209228516,3.440282106399536,-6.5478515625,9.880859375,3.828125,0.8336049914360046,False,False,False,True,True,True,True,False,True,0.2940692603588104,0.8336049914360046,0.9296875,0.9296875,1,20,46133,0,46133,0.9020431041717529,0.998908519744873,0.09686541557312012,0,3,5,0,7,11,1706257439.100005,0.0986635684967041,18,Mid360,1,1,True,True,CURRENT_SUPPORT
seq0004,seq0004_valref_000346,1706257439.2664778,-6.980024814605713,10.545509338378906,3.4279088973999023,-6.5986328125,9.888671875,3.875,0.8813545107841492,False,False,False,True,True,True,True,False,True,0.355740487575531,0.8813545107841492,0.91015625,0.91015625,1,20,46076,0,46076,0.901953935623169,0.9665987491607666,0.06464481353759766,0,3,4,0,7,10,1706257439.100005,0.1664729118347168,16,Mid360,1,1,True,True,CURRENT_SUPPORT
seq0004,seq0004_valref_000347,1706257439.3003592,-7.065117835998535,10.61722183227539,3.4056379795074463,-6.6123046875,9.8505859375,3.9296875,1.0331497192382812,False,False,False,False,True,False,True,False,False,0.5174540281295776,1.0331497192382812,0.84765625,0.6328125,2,20,46221,0,46221,0.9981741905212402,0.9985823631286621,0.000408172607421875,0,3,4,0,6,10,1706257439.100005,0.20035433769226074,15,Mid360,0,0,True,False,NO_CURRENT_SUPPORT
seq0004,seq0004_valref_000348,1706257439.3551302,-7.106264114379883,10.649532318115234,3.395193099975586,-6.6044921875,9.8447265625,3.9453125,1.0964117050170898,False,False,False,False,True,False,True,False,False,0.5831590294837952,1.0964117050170898,0.80859375,0.57421875,2,20,46221,0,46221,0.9019570350646973,0.955294132232666,0.05333709716796875,0,3,4,0,6,10,1706257439.100005,0.2551252841949463,14,Mid360,0,0,True,False,NO_CURRENT_SUPPORT
seq0004,seq0004_valref_000349,1706257439.3995068,-7.1481451988220215,10.681442260742188,3.3857810497283936,-6.595703125,9.83642578125,3.9609375,1.1619164943695068,False,False,False,False,True,False,True,False,False,0.6447012424468994,1.1619164943695068,0.7578125,0.5234375,2,20,46221,0,46221,0.9019570350646973,0.9996707439422607,0.09771370887756348,0,3,4,0,3,10,1706257439.100005,0.299501895904541,14,Mid360,0,0,True,False,NO_CURRENT_SUPPORT
seq0004,seq0004_valref_000350,1706257439.4503956,-7.187538146972656,10.709712028503418,3.376265048980713,-6.556640625,9.82373046875,3.984375,1.2461110353469849,False,False,False,False,True,True,True,True,True,0.24511314928531647,0.24511314928531647,0.65234375,0.455078125,2,20,46122,0,46122,0.901777982711792,0.9504494667053223,0.04867148399353027,0,3,5,0,3,11,1706257439.399918,0.05047750473022461,18,Mid360,1,1,True,True,CURRENT_SUPPORT
seq0004,seq0004_valref_000351,1706257439.5100906,-7.268682956695557,10.764630317687988,3.3588690757751465,-7.0576171875,10.53515625,3.53125,0.3562615215778351,False,False,True,True,True,True,True,True,True,0.3562615215778351,0.3562615215778351,0.609375,0.609375,1,20,46063,0,46063,0.9018819332122803,0.910130500793457,0.008248567581176758,0,2,5,0,2,11,1706257439.399918,0.11017251014709473,16,Mid360,1,1,True,True,CURRENT_SUPPORT
seq0004,seq0004_valref_000352,1706257439.5648139,-7.306650161743164,10.788159370422363,3.351736068725586,-7.05078125,10.541015625,3.55078125,0.40763700008392334,False,False,True,True,True,True,True,True,True,0.40763700008392334,0.40763700008392334,0.6015625,0.6015625,1,20,46063,0,46063,0.9018819332122803,0.9648537635803223,0.06297183036804199,0,2,5,0,2,11,1706257439.399918,0.16489577293395996,16,Mid360,1,1,True,True,CURRENT_SUPPORT
seq0004,seq0004_valref_000353,1706257439.604036,-7.347255229949951,10.811373710632324,3.3445310592651367,-7.064453125,10.560546875,3.52734375,0.4198947548866272,False,False,True,True,True,True,True,True,True,0.4198947548866272,0.4198947548866272,0.6015625,0.6015625,1,20,46189,0,46189,0.9030940532684326,0.9042751789093018,0.0011811256408691406,0,2,4,0,2,8,1706257439.399918,0.204118013381958,14,Mid360,0,0,True,False,NO_CURRENT_SUPPORT
seq0004,seq0004_valref_000354,1706257439.6503654,-7.382421970367432,10.830107688903809,3.337493896484375,-7.0595703125,10.56640625,3.55078125,0.4682554304599762,False,False,True,True,True,True,True,True,True,0.4682554304599762,0.4682554304599762,0.58984375,0.58984375,1,20,46189,0,46189,0.9030940532684326,0.9506044387817383,0.047510385513305664,0,2,4,0,2,8,1706257439.399918,0.25044727325439453,14,Mid360,0,0,True,False,NO_CURRENT_SUPPORT
seq0004,seq0004_valref_000355,1706257439.696346,-7.419220924377441,10.8483247756958,3.330156087875366,-7.0556640625,10.5703125,3.57421875,0.5186820030212402,False,False,False,True,True,False,True,False,True,0.5186820030212402,0.5186820030212402,0.55859375,0.55859375,1,20,46189,0,46189,0.9030940532684326,0.9965851306915283,0.0934910774230957,0,1,4,0,1,8,1706257439.399918,0.29642796516418457,14,Mid360,0,0,True,False,NO_CURRENT_SUPPORT
seq0004,seq0004_valref_000356,1706257439.7490945,-7.451910018920898,10.862778663635254,3.3235011100769043,-7.322265625,10.84033203125,3.37890625,0.1427629142999649,False,False,True,True,True,True,True,True,True,0.1427629142999649,0.1427629142999649,0.6171875,0.6171875,1,20,46077,0,46077,0.9019520282745361,0.94919753074646,0.04724550247192383,0,2,5,0,2,9,1706257439.699952,0.04914259910583496,18,Mid360,1,1,True,True,CURRENT_SUPPORT
seq0004,seq0004_valref_000357,1706257439.8001459,-7.4867777824401855,10.876727104187012,3.3168210983276367,-4.61328125,-67.3046875,7.692138671875,78.35645294189453,False,False,False,False,False,True,True,True,True,0.19271689653396606,0.19271689653396606,0.2294921875,0.2255859375,2,20,46176,0,46176,0.9980819225311279,0.9983417987823486,0.0002598762512207031,0,2,4,0,2,7,1706257439.699952,0.10019397735595703,17,Mid360,1,1,True,True,CURRENT_SUPPORT
seq0004,seq0004_valref_000358,1706257439.8524275,-7.519629001617432,10.887574195861816,3.311012029647827,-7.345703125,10.745758056640625,3.3671875,0.23133894801139832,False,False,True,True,True,True,True,True,True,0.23133894801139832,0.23133894801139832,0.197265625,0.197265625,1,20,46176,0,46176,0.9018938541412354,0.9525513648986816,0.05065751075744629,0,2,4,0,2,7,1706257439.699952,0.15247559547424316,16,Mid360,1,1,True,True,CURRENT_SUPPORT
seq0004,seq0004_valref_000359,1706257439.9004955,-7.583588123321533,10.90408992767334,3.2995240688323975,-4.572265625,-67.30078125,7.68798828125,78.3857650756836,False,False,False,False,False,True,True,True,True,0.2858138978481293,0.2858138978481293,0.103515625,0.07373046875,3,20,46274,0,46274,0.9970049858093262,0.997673511505127,0.0006685256958007812,0,2,3,0,2,3,1706257439.699952,0.20054364204406738,15,Mid360,0,0,True,False,NO_CURRENT_SUPPORT
seq0004,seq0004_valref_000360,1706257439.9507608,-7.614418983459473,10.908907890319824,3.292742967605591,16.619140625,-6.98828125,2.4375,30.138120651245117,False,False,False,False,False,True,True,True,True,0.32804909348487854,0.32804909348487854,0.09423828125,0.059326171875,3,20,46274,0,46274,0.901818037033081,0.9508779048919678,0.04905986785888672,0,2,3,0,2,3,1706257439.699952,0.2508089542388916,14,Mid360,0,0,True,False,NO_CURRENT_SUPPORT
seq0004,seq0004_valref_000361,1706257440.0005896,-7.645394802093506,10.912224769592285,3.286674976348877,16.68798828125,-6.958984375,2.3515625,30.20543098449707,False,False,False,False,False,True,True,True,True,0.43421420454978943,0.43421420454978943,0.0888671875,0.054931640625,5,20,46034,0,46034,0.9981639385223389,0.9987475872039795,0.000583648681640625,0,2,3,0,2,3,1706257439.699952,0.30063772201538086,13,Mid360,0,0,True,False,NO_CURRENT_SUPPORT
seq0004,seq0004_valref_000362,1706257440.0498276,-7.674377918243408,10.91418743133545,3.2810959815979004,16.6875,-6.96484375,2.37109375,30.23225212097168,False,False,False,False,False,True,True,True,True,0.46908697485923767,0.46908697485923767,0.0888671875,0.044677734375,5,20,46034,0,46034,0.901792049407959,0.9498226642608643,0.04803061485290527,0,2,3,0,2,3,1706257439.699952,0.34987568855285645,12,Mid360,0,0,True,False,NO_CURRENT_SUPPORT
seq0004,seq0004_valref_000363,1706257440.1020403,-7.703341960906982,10.91379165649414,3.275592088699341,-7.7716064453125,10.947265625,3.4375,0.17887067794799805,False,False,True,True,True,True,True,True,True,0.17887067794799805,0.17887067794799805,0.8125,0.8125,1,20,46204,0,46204,0.9980819225311279,1.000237226486206,0.002155303955078125,0,3,3,0,3,3,1706257440.099885,0.002155303955078125,19,Mid360,1,1,True,True,CURRENT_SUPPORT
seq0004,seq0004_valref_000364,1706257440.1508214,-7.730855941772461,10.912036895751953,3.2704110145568848,-7.7723388671875,10.9501953125,3.4609375,0.198688805103302,False,False,True,True,True,True,True,True,True,0.198688805103302,0.198688805103302,0.8125,0.8125,1,20,46204,0,46204,0.9029331207275391,0.9509274959564209,0.047994375228881836,0,3,3,0,3,3,1706257440.099885,0.05093646049499512,18,Mid360,1,1,True,True,CURRENT_SUPPORT
seq0004,seq0004_valref_000365,1706257440.1996083,-7.787591934204102,10.903019905090332,3.2596940994262695,-7.7696533203125,10.951171875,3.484375,0.23048192262649536,False,False,True,True,True,True,True,True,True,0.23048192262649536,0.23048192262649536,0.80078125,0.80078125,1,20,46204,0,46204,0.9029331207275391,0.9997143745422363,0.09678125381469727,0,2,3,0,2,3,1706257440.099885,0.09972333908081055,18,Mid360,1,1,True,True,CURRENT_SUPPORT
seq0004,seq0004_valref_000366,1706257440.2489772,-7.813413143157959,10.896013259887695,3.2556838989257812,-7.789306640625,11.0625,3.51171875,0.3063540458679199,False,False,True,True,True,True,True,True,True,0.3063540458679199,0.3063540458679199,0.7890625,0.7890625,1,20,46161,0,46161,0.9018979072570801,0.9490261077880859,0.04712820053100586,0,3,4,0,3,4,1706257440.199955,0.04902219772338867,18,Mid360,2,2,True,True,CURRENT_SUPPORT
seq0004,seq0004_valref_000367,1706257440.2979982,-7.839454174041748,10.887406349182129,3.250554084777832,-7.786376953125,11.068359375,3.53515625,0.34140822291374207,False,False,True,True,True,True,True,True,True,0.34140822291374207,0.34140822291374207,0.77734375,0.77734375,1,20,46161,0,46161,0.9018979072570801,0.9980471134185791,0.09614920616149902,0,3,4,0,3,4,1706257440.199955,0.09804320335388184,18,Mid360,2,2,True,True,CURRENT_SUPPORT
seq0004,seq0004_valref_000368,1706257440.3537138,-7.863323211669922,10.878105163574219,3.244900941848755,-7.83056640625,11.07421875,3.54296875,0.35829871892929077,False,False,True,True,True,True,True,True,True,0.35829871892929077,0.35829871892929077,0.79296875,0.79296875,1,20,45998,0,45998,0.9019429683685303,0.9537956714630127,0.05185270309448242,0,3,4,0,3,4,1706257440.199955,0.15375876426696777,16,Mid360,1,1,True,True,CURRENT_SUPPORT
seq0004,seq0004_valref_000369,1706257440.397099,-7.887667179107666,10.867133140563965,3.241266965866089,-7.83056640625,11.07421875,3.56640625,0.38969284296035767,False,False,True,True,True,True,True,True,True,0.38969284296035767,0.38969284296035767,0.78515625,0.78515625,1,20,45998,0,45998,0.9019429683685303,0.9971809387207031,0.09523797035217285,0,3,4,0,3,4,1706257440.199955,0.1971440315246582,16,Mid360,1,1,True,True,CURRENT_SUPPORT
seq0004,seq0004_valref_000370,1706257440.4515376,-7.9102888107299805,10.854952812194824,3.2377169132232666,-7.884765625,10.9833984375,3.421875,0.22597326338291168,False,False,True,True,True,True,True,True,True,0.21579939126968384,0.22597326338291168,0.287109375,0.287109375,1,20,46167,0,46167,0.9017798900604248,0.951615571975708,0.0498356819152832,0,4,4,0,11,11,1706257440.399953,0.051584720611572266,18,Mid360,1,8,True,True,CURRENT_SUPPORT
seq0004,seq0004_valref_000371,1706257440.500678,-7.95153284072876,10.828367233276367,3.2291951179504395,-8.021484375,10.79248046875,3.23828125,0.07914312928915024,False,False,True,True,True,True,True,True,True,0.07914312928915024,0.07914312928915024,0.431640625,0.431640625,1,20,46091,0,46091,0.9979898929595947,0.9988360404968262,0.0008461475372314453,0,5,5,0,12,12,1706257440.499832,0.0008461475372314453,19,Mid360,2,9,True,True,CURRENT_SUPPORT
seq0004,seq0004_valref_000372,1706257440.552941,-7.970050811767578,10.814155578613281,3.226701021194458,-8.021484375,10.80615234375,3.265625,0.06499645859003067,False,False,True,True,True,True,True,True,True,0.06499645859003067,0.06499645859003067,0.4765625,0.4765625,1,20,46091,0,46091,0.9018089771270752,0.952934980392456,0.05112600326538086,0,5,5,0,12,12,1706257440.499832,0.053109169006347656,18,Mid360,2,9,True,True,CURRENT_SUPPORT
seq0004,seq0004_valref_000373,1706257440.5973632,-7.987094879150391,10.799187660217285,3.2236979007720947,-8.01953125,10.81640625,3.2890625,0.0749741867184639,False,False,True,True,True,True,True,True,True,0.0749741867184639,0.0749741867184639,0.50390625,0.50390625,1,20,46091,0,46091,0.9018089771270752,0.9973571300506592,0.09554815292358398,0,5,5,0,12,12,1706257440.499832,0.09753131866455078,18,Mid360,2,9,True,True,CURRENT_SUPPORT
seq0004,seq0004_valref_000374,1706257440.6644719,-8.00261402130127,10.783950805664062,3.221713066101074,-7.9580078125,10.86474609375,3.328125,0.14085841178894043,False,False,True,True,True,True,True,True,True,0.14085841178894043,0.14085841178894043,0.423828125,0.423828125,1,20,46139,0,46139,0.9028630256652832,0.9645199775695801,0.061656951904296875,0,5,5,0,12,12,1706257440.499832,0.16463994979858398,16,Mid360,1,1,True,True,CURRENT_SUPPORT
seq0004,seq0004_valref_000375,1706257440.7493272,-8.030813217163086,10.751738548278809,3.2161879539489746,-7.9013671875,10.9580078125,3.2578125,0.24705441296100616,False,False,True,True,True,True,True,True,True,0.20171217620372772,0.24705441296100616,0.61328125,0.61328125,1,20,46243,0,46243,0.9019310474395752,0.9494411945343018,0.04751014709472656,0,5,5,0,17,17,1706257440.699836,0.049491167068481445,18,Mid360,1,6,True,True,CURRENT_SUPPORT
seq0004,seq0004_valref_000376,1706257440.7973988,-8.043560028076172,10.735514640808105,3.213352918624878,-7.8984375,10.9638671875,3.2734375,0.277156263589859,False,False,True,True,True,True,True,True,True,0.21045753359794617,0.277156263589859,0.6484375,0.6484375,1,20,46243,0,46243,0.9019310474395752,0.9975128173828125,0.0955817699432373,0,5,5,0,17,17,1706257440.699836,0.09756278991699219,18,Mid360,1,6,True,True,CURRENT_SUPPORT
seq0004,seq0004_valref_000377,1706257440.8676872,-8.055615425109863,10.718147277832031,3.209588050842285,-7.8515625,11.083984375,3.296875,0.42789411544799805,False,False,True,True,True,True,True,True,True,0.23568908870220184,0.42789411544799805,0.83203125,0.83203125,1,20,46030,0,46030,0.9019379615783691,0.967860221862793,0.06592226028442383,0,6,6,0,18,18,1706257440.79983,0.06785726547241211,18,Mid360,2,7,True,True,CURRENT_SUPPORT
seq0004,seq0004_valref_000378,1706257440.9494333,-8.086874961853027,10.671563148498535,3.1979310512542725,-7.90234375,10.955078125,3.390625,0.3893115222454071,False,False,True,True,True,True,True,True,True,0.2122311145067215,0.3893115222454071,0.60546875,0.60546875,1,20,45950,0,45950,0.9017250537872314,0.9494273662567139,0.04770231246948242,0,7,7,0,19,19,1706257440.899977,0.04945635795593262,18,Mid360,2,2,True,True,CURRENT_SUPPORT
seq0004,seq0004_valref_000379,1706257440.9976988,-8.09593677520752,10.656763076782227,3.194106101989746,-7.8935546875,10.958984375,3.4140625,0.4250612258911133,False,False,True,True,True,True,True,True,True,0.23755910992622375,0.4250612258911133,0.5859375,0.5859375,1,20,45950,0,45950,0.9017250537872314,0.9976928234100342,0.09596776962280273,0,7,7,0,19,19,1706257440.899977,0.09772181510925293,18,Mid360,2,2,True,True,CURRENT_SUPPORT
seq0004,seq0004_valref_000380,1706257441.0508025,-8.104735374450684,10.642555236816406,3.1906349658966064,-8.17041015625,10.756866455078125,3.328125,0.19048291444778442,False,False,True,True,True,True,True,True,True,0.19048291444778442,0.19048291444778442,0.7109375,0.7109375,1,20,46094,0,46094,0.9019019603729248,0.9509174823760986,0.04901552200317383,0,8,8,0,20,20,1706257440.999877,0.050925493240356445,18,Mid360,2,2,True,True,CURRENT_SUPPORT
seq0004,seq0004_valref_000381,1706257441.0978034,-8.112995147705078,10.629305839538574,3.1881051063537598,-8.16796875,10.760498046875,3.3515625,0.21668367087841034,False,False,True,True,True,True,True,True,True,0.21668367087841034,0.21668367087841034,0.75390625,0.75390625,1,20,46094,0,46094,0.9019019603729248,0.9979183673858643,0.09601640701293945,0,8,8,0,20,20,1706257440.999877,0.09792637825012207,18,Mid360,2,2,True,True,CURRENT_SUPPORT
seq0004,seq0004_valref_000382,1706257441.149298,-8.120819091796875,10.616424560546875,3.1857810020446777,-8.15234375,10.7822265625,3.375,0.25355064868927,False,False,True,True,True,True,True,True,True,0.25355064868927,0.25355064868927,0.75,0.75,1,20,45916,0,45916,0.9028611183166504,0.9493429660797119,0.04648184776306152,0,7,7,0,19,19,1706257440.999877,0.14942097663879395,16,Mid360,1,1,True,True,CURRENT_SUPPORT
seq0004,seq0004_valref_000383,1706257441.1993392,-8.128689765930176,10.604364395141602,3.182745933532715,-8.1513671875,10.78369140625,3.390625,0.2754743993282318,False,False,True,True,True,True,True,True,True,0.2754743993282318,0.2754743993282318,0.76953125,0.76953125,1,20,45916,0,45916,0.9028611183166504,0.9993841648101807,0.09652304649353027,0,7,7,0,19,19,1706257440.999877,0.1994621753692627,16,Mid360,1,1,True,True,CURRENT_SUPPORT
seq0004,seq0004_valref_000384,1706257441.2528934,-8.135271072387695,10.59306526184082,3.1792969703674316,-8.13916015625,10.750835418701172,3.23046875,0.1659068912267685,False,False,True,True,True,True,True,True,True,0.1659068912267685,0.1659068912267685,0.0849609375,0.0849609375,1,20,46024,0,46024,0.9018580913543701,0.9529454708099365,0.051087379455566406,0,7,7,0,19,19,1706257441.199888,0.05300545692443848,18,Mid360,1,1,True,True,CURRENT_SUPPORT
seq0004,seq0004_valref_000385,1706257441.2986917,-8.140777587890625,10.583406448364258,3.176970958709717,-8.13671875,10.747909545898438,3.24609375,0.17848165333271027,False,False,True,True,True,True,True,True,True,0.17848165333271027,0.17848165333271027,0.08056640625,0.08056640625,1,20,46024,0,46024,0.9018580913543701,0.9987437725067139,0.09688568115234375,0,7,7,0,19,19,1706257441.199888,0.09880375862121582,18,Mid360,1,1,True,True,CURRENT_SUPPORT
seq0004,seq0004_valref_000386,1706257441.3499732,-8.148677825927734,10.56608772277832,3.1727418899536133,-8.134765625,10.509765625,3.390625,0.22547456622123718,False,False,True,True,True,True,True,True,True,0.22547456622123718,0.22547456622123718,0.392578125,0.392578125,1,20,46102,0,46102,0.9018101692199707,0.9500203132629395,0.04821014404296875,0,8,8,0,20,20,1706257441.299917,0.05005621910095215,18,Mid360,2,2,True,True,CURRENT_SUPPORT
seq0004,seq0004_valref_000387,1706257441.3991761,-8.1512451171875,10.55908489227295,3.1710000038146973,-8.12646484375,10.521484375,3.41015625,0.24335893988609314,False,False,True,True,True,True,True,True,True,0.24335893988609314,0.24335893988609314,0.439453125,0.439453125,1,20,46102,0,46102,0.9018101692199707,0.9992232322692871,0.0974130630493164,0,8,8,0,20,20,1706257441.299917,0.0992591381072998,18,Mid360,2,2,True,True,CURRENT_SUPPORT
seq0004,seq0004_valref_000388,1706257441.4494097,-8.152888298034668,10.553342819213867,3.17012095451355,-8.13720703125,10.51953125,3.3515625,0.18523001670837402,False,False,True,True,True,True,True,True,True,0.18523001670837402,0.18523001670837402,0.482421875,0.482421875,1,20,45934,0,45934,0.9018549919128418,0.949577808380127,0.047722816467285156,0,7,7,0,12,12,1706257441.299917,0.14949274063110352,16,Mid360,1,1,True,True,CURRENT_SUPPORT
seq0004,seq0004_valref_000389,1706257441.4974208,-8.153602600097656,10.548195838928223,3.169853925704956,-8.13037109375,10.52734375,3.37109375,0.2036466896533966,False,False,True,True,True,True,True,True,True,0.2036466896533966,0.2036466896533966,0.51953125,0.51953125,1,20,45934,0,45934,0.9018549919128418,0.9975888729095459,0.0957338809967041,0,7,7,0,12,12,1706257441.299917,0.19750380516052246,16,Mid360,1,1,True,True,CURRENT_SUPPORT
seq0004,seq0004_valref_000390,1706257441.5613952,-8.152767181396484,10.543562889099121,3.1700599193573,27.8125,13.784912109375,7.84375,36.412227630615234,False,False,False,False,False,True,True,True,True,0.2235264629125595,0.2235264629125595,0.171875,0.032470703125,3,20,46113,0,46113,0.9018890857696533,0.9614791870117188,0.05959010124206543,0,7,7,0,12,12,1706257441.499949,0.061446189880371094,18,Mid360,1,1,True,True,CURRENT_SUPPORT
seq0004,seq0004_valref_000391,1706257441.6000767,-8.148019790649414,10.53757095336914,3.1715869903564453,27.793212890625,13.76287841796875,7.828125,36.38486099243164,False,False,False,False,False,True,True,True,True,0.17953208088874817,0.17953208088874817,0.11767578125,0.052734375,3,20,46037,0,46037,0.9970030784606934,0.9972617626190186,0.0002586841583251953,0,7,7,0,12,12,1706257441.499949,0.1001276969909668,17,Mid360,1,1,True,True,CURRENT_SUPPORT
seq0004,seq0004_valref_000392,1706257441.6693366,-8.144474983215332,10.535908699035645,3.171376943588257,27.80029296875,13.76348876953125,7.8515625,36.39158630371094,False,False,False,False,False,True,True,True,True,0.18570026755332947,0.18570026755332947,0.08740234375,0.052734375,3,20,46037,0,46037,0.9029600620269775,0.9695005416870117,0.06654047966003418,0,7,7,0,12,12,1706257441.499949,0.1693875789642334,16,Mid360,1,1,True,True,CURRENT_SUPPORT
seq0004,seq0004_valref_000393,1706257441.747851,-8.134990692138672,10.532469749450684,3.162583112716675,12.0205078125,-11.009765625,3.309326171875,29.50141716003418,False,False,False,False,False,True,True,True,True,0.27105027437210083,0.27105027437210083,0.134765625,0.1142578125,4,20,45963,0,45963,0.9019639492034912,0.9480209350585938,0.04605698585510254,0,6,6,0,6,6,1706257441.499949,0.24790191650390625,14,Mid360,0,0,True,False,NO_CURRENT_SUPPORT
seq0004,seq0004_valref_000394,1706257441.798404,-8.12878131866455,10.530735969543457,3.153599977493286,11.9765625,-10.95703125,3.34765625,29.427650451660156,False,False,False,False,False,True,True,True,True,0.2914353013038635,0.2914353013038635,0.1875,0.0966796875,5,20,45963,0,45963,0.9019639492034912,0.9985740184783936,0.09661006927490234,0,6,6,0,6,6,1706257441.499949,0.29845499992370605,14,Mid360,0,0,True,False,NO_CURRENT_SUPPORT
seq0004,seq0004_valref_000395,1706257441.8489096,-8.123339653015137,10.530108451843262,3.142210006713867,-8.26220703125,10.33837890625,3.2109375,0.2465113252401352,False,False,True,True,True,True,True,True,True,0.1652849018573761,0.2465113252401352,0.466796875,0.466796875,1,20,46123,0,46123,0.9017419815063477,0.9489326477050781,0.04719066619873047,0,6,6,0,13,13,1706257441.799948,0.048961639404296875,18,Mid360,1,8,True,True,CURRENT_SUPPORT
seq0004,seq0004_valref_000396,1706257441.897671,-8.117127418518066,10.52885913848877,3.12856388092041,-8.2618408203125,10.34375,3.234375,0.2576884925365448,False,False,True,True,True,True,True,True,True,0.18584144115447998,0.2576884925365448,0.5234375,0.5234375,1,20,46123,0,46123,0.9017419815063477,0.9976940155029297,0.09595203399658203,0,6,6,0,13,13,1706257441.799948,0.09772300720214844,18,Mid360,1,8,True,True,CURRENT_SUPPORT
seq0004,seq0004_valref_000397,1706257441.9529622,-8.109460830688477,10.526387214660645,3.1136810779571533,-8.2696533203125,10.35302734375,3.265625,0.2807173728942871,False,False,True,True,True,True,True,True,True,0.2113960087299347,0.2807173728942871,0.6328125,0.6328125,1,20,46038,0,46038,0.9019351005554199,0.95308518409729,0.05115008354187012,0,5,5,0,12,12,1706257441.799948,0.1530141830444336,16,Mid360,1,8,True,True,CURRENT_SUPPORT
seq0004,seq0004_valref_000398,1706257441.9995186,-8.096830368041992,10.521261215209961,3.085581064224243,-8.27001953125,10.36083984375,3.296875,0.31681954860687256,False,False,True,True,True,True,True,True,True,0.26012319326400757,0.31681954860687256,0.6796875,0.6796875,1,20,46038,0,46038,0.9019351005554199,0.9996416568756104,0.09770655632019043,0,5,5,0,12,12,1706257441.799948,0.1995706558227539,16,Mid360,1,8,True,True,CURRENT_SUPPORT
seq0004,seq0004_valref_000399,1706257442.055707,-8.090738296508789,10.518058776855469,3.0714149475097656,-8.62744140625,10.466796875,3.21484375,0.557897686958313,False,False,False,True,True,True,True,False,True,0.20953921973705292,0.557897686958313,0.7109375,0.7109375,1,20,46033,0,46033,0.9018299579620361,0.9557590484619141,0.05392909049987793,0,5,5,0,13,13,1706257441.999949,0.055757999420166016,18,Mid360,1,2,True,True,CURRENT_SUPPORT
seq0005,seq0005_valref_000400,1706257442.0962431,-8.086183547973633,10.516284942626953,3.0587539672851562,nan,nan,nan,nan,True,True,False,False,False,False,False,False,False,nan,nan,nan,nan,,0,0,0,0,nan,nan,nan,0,0,0,0,0,0,nan,nan,,,0,0,False,False,NO_CURRENT_SUPPORT
seq0005,seq0005_valref_000401,1706257442.168282,-8.075566291809082,10.509620666503906,3.0320611000061035,-8.273681640625,10.35205078125,3.17578125,0.29109010100364685,False,False,True,True,True,True,True,True,True,0.16894862055778503,0.29109010100364685,0.8359375,0.8359375,1,2,4640,0,4640,0.0029151439666748047,0.06839513778686523,0.06547999382019043,0,1,1,0,6,6,1706257442.099887,0.06839513778686523,0,Mid360,1,6,True,True,CURRENT_SUPPORT
seq0005,seq0005_valref_000402,1706257442.2091687,-8.070598602294922,10.506589889526367,3.01963210105896,-8.253448486328125,10.4111328125,3.15234375,0.24527232348918915,False,False,True,True,True,True,True,True,True,0.17751456797122955,0.24527232348918915,0.9296875,0.9296875,1,4,9080,0,9080,0.10190415382385254,0.10928177833557129,0.00737762451171875,0,1,1,0,6,6,1706257442.099887,0.10928177833557129,0,Mid360,1,6,True,True,CURRENT_SUPPORT
seq0005,seq0005_valref_000403,1706257442.2573462,-8.065672874450684,10.503116607666016,3.008312940597534,-8.253433227539062,10.4140625,3.1875,0.2743949592113495,False,False,True,True,True,True,True,True,True,0.21108059585094452,0.2743949592113495,0.91796875,0.91796875,1,4,9080,0,9080,0.10190415382385254,0.15745925903320312,0.055555105209350586,0,1,1,0,6,6,1706257442.099887,0.15745925903320312,0,Mid360,1,6,True,True,CURRENT_SUPPORT
seq0005,seq0005_valref_000404,1706257442.301815,-8.060619354248047,10.499558448791504,2.996598958969116,-8.0263671875,10.6162109375,3.0,0.12162475287914276,False,False,True,True,True,True,True,True,True,0.12162475287914276,0.12162475287914276,0.93359375,0.93359375,1,6,13655,0,13655,0.20183515548706055,0.20192813873291016,9.298324584960938e-05,0,2,2,0,7,7,1706257442.299823,0.0019919872283935547,4,Mid360,1,1,True,True,CURRENT_SUPPORT
seq0005,seq0005_valref_000405,1706257442.3497715,-8.056336402893066,10.495999336242676,2.986093044281006,-8.021484375,10.611328125,3.03125,0.12866446375846863,False,False,True,True,True,True,True,True,True,0.12866446375846863,0.12866446375846863,0.92578125,0.92578125,1,6,13655,0,13655,0.20183515548706055,0.24988460540771484,0.0480494499206543,0,2,2,0,7,7,1706257442.299823,0.04994845390319824,4,Mid360,1,1,True,True,CURRENT_SUPPORT
seq0005,seq0005_valref_000406,1706257442.3997483,-8.052988052368164,10.492980003356934,2.9753000736236572,-8.0224609375,10.6044921875,3.0625,0.14481262862682343,False,False,True,True,True,True,True,True,True,0.14481262862682343,0.14481262862682343,0.91015625,0.91015625,1,6,13655,0,13655,0.20183515548706055,0.29986143112182617,0.09802627563476562,0,2,2,0,7,7,1706257442.299823,0.09992527961730957,4,Mid360,1,1,True,True,CURRENT_SUPPORT
seq0005,seq0005_valref_000407,1706257442.449962,-8.049555778503418,10.489338874816895,2.964078903198242,-7.939453125,10.6796875,3.00390625,0.22347573935985565,False,False,True,True,True,True,True,True,True,0.22347573935985565,0.22347573935985565,0.90234375,0.90234375,1,8,18208,0,18208,0.3019111156463623,0.35007500648498535,0.04816389083862305,0,3,3,0,8,8,1706257442.399952,0.050009965896606445,6,Mid360,2,2,True,True,CURRENT_SUPPORT
seq0005,seq0005_valref_000408,1706257442.4975958,-8.046969413757324,10.486144065856934,2.952996015548706,-7.9375,10.67431640625,3.03125,0.23133540153503418,False,False,True,True,True,True,True,True,True,0.23133540153503418,0.23133540153503418,0.88671875,0.88671875,1,8,18208,0,18208,0.3019111156463623,0.3977088928222656,0.09579777717590332,0,3,3,0,8,8,1706257442.399952,0.09764385223388672,6,Mid360,2,2,True,True,CURRENT_SUPPORT
seq0005,seq0005_valref_000409,1706257442.5527542,-8.044607162475586,10.482792854309082,2.941577911376953,-7.958984375,10.66455078125,2.9296875,0.20126746594905853,False,False,True,True,True,True,True,True,True,0.18639497458934784,0.20126746594905853,0.90625,0.90625,1,10,22651,0,22651,0.4018361568450928,0.4528672695159912,0.05103111267089844,0,4,4,0,11,11,1706257442.499916,0.05283808708190918,8,Mid360,2,4,True,True,CURRENT_SUPPORT
seq0005,seq0005_valref_000410,1706257442.5994446,-8.042766571044922,10.47982120513916,2.929703950881958,-7.95703125,10.65625,2.95703125,0.19805163145065308,False,False,True,True,True,True,True,True,True,0.18972502648830414,0.19805163145065308,0.90234375,0.90234375,1,10,22651,0,22651,0.4018361568450928,0.4995577335357666,0.09772157669067383,0,4,4,0,11,11,1706257442.499916,0.09952855110168457,8,Mid360,2,4,True,True,CURRENT_SUPPORT
seq0005,seq0005_valref_000411,1706257442.6651394,-8.040587425231934,10.473684310913086,2.9064760208129883,-8.1552734375,10.1787109375,2.9921875,0.32788509130477905,False,False,True,True,True,True,True,True,True,0.14495326578617096,0.32788509130477905,0.890625,0.890625,1,12,27298,0,27298,0.5029041767120361,0.5652525424957275,0.062348365783691406,0,5,5,0,13,13,1706257442.599954,0.065185546875,10,Mid360,2,5,True,True,CURRENT_SUPPORT
seq0005,seq0005_valref_000412,1706257442.7000854,-8.039772987365723,10.470511436462402,2.895195960998535,-8.138671875,10.26116943359375,3.0,0.2541435658931732,False,False,True,True,True,True,True,True,True,0.13418889045715332,0.2541435658931732,0.3203125,0.3203125,1,13,31622,0,31622,0.6000630855560303,0.60019850730896,0.0001354217529296875,0,6,6,0,14,14,1706257442.69995,0.0001354217529296875,12,Mid360,2,3,True,True,CURRENT_SUPPORT
seq0005,seq0005_valref_000413,1706257442.750899,-8.038866996765137,10.467562675476074,2.8849070072174072,-8.1259765625,10.251243591308594,3.02734375,0.2732585668563843,False,False,True,True,True,True,True,True,True,0.1592695415019989,0.2732585668563843,0.39453125,0.39453125,1,14,31622,0,31622,0.6018850803375244,0.6510121822357178,0.04912710189819336,0,6,6,0,14,14,1706257442.69995,0.0509490966796875,12,Mid360,2,3,True,True,CURRENT_SUPPORT
seq0005,seq0005_valref_000414,1706257442.7999372,-8.037957191467285,10.4644136428833,2.8748629093170166,11.94140625,4.583984375,3.04296875,20.82744789123535,False,False,False,False,False,True,True,True,True,0.21282580494880676,0.2731519043445587,0.1767578125,0.08740234375,3,15,35993,0,35993,0.6999421119689941,0.7000503540039062,0.00010824203491210938,0,7,7,0,18,18,1706257442.799829,0.00010824203491210938,14,Mid360,2,5,True,True,CURRENT_SUPPORT
seq0005,seq0005_valref_000415,1706257442.8475027,-8.037687301635742,10.461329460144043,2.863394021987915,11.94140625,4.5751953125,3.05859375,20.829038619995117,False,False,False,False,False,True,True,True,True,0.19591352343559265,0.28409305214881897,0.2001953125,0.0849609375,4,16,35993,0,35993,0.7018210887908936,0.7476158142089844,0.04579472541809082,0,7,7,0,18,18,1706257442.799829,0.047673702239990234,14,Mid360,2,5,True,True,CURRENT_SUPPORT
seq0005,seq0005_valref_000416,1706257442.8999376,-8.036602020263672,10.458501815795898,2.853950023651123,-8.16357421875,10.29248046875,2.83984375,0.20948511362075806,False,False,True,True,True,True,True,True,True,0.17622041702270508,0.20948511362075806,0.1533203125,0.1533203125,1,17,40723,0,40723,0.7998781204223633,0.8000507354736328,0.00017261505126953125,0,8,8,0,19,19,1706257442.899765,0.00017261505126953125,16,Mid360,2,5,True,True,CURRENT_SUPPORT
seq0005,seq0005_valref_000417,1706257442.9518416,-8.036528587341309,10.456555366516113,2.845144033432007,-8.15478515625,10.285888671875,2.86328125,0.20842431485652924,False,False,True,True,True,True,True,True,True,0.16314853727817535,0.20842431485652924,0.171875,0.171875,1,18,40723,0,40723,0.8017961978912354,0.8519546985626221,0.05015850067138672,0,8,8,0,19,19,1706257442.899765,0.05207657814025879,16,Mid360,2,5,True,True,CURRENT_SUPPORT
seq0005,seq0005_valref_000418,1706257442.999455,-8.035676956176758,10.45218563079834,2.8251800537109375,-8.1474609375,10.277587890625,2.87890625,0.21416473388671875,False,False,True,True,True,True,True,True,True,0.1617373824119568,0.21416473388671875,0.185546875,0.185546875,1,18,40723,0,40723,0.8017961978912354,0.8995680809020996,0.09777188301086426,1,8,8,1,19,19,1706257442.899765,0.09968996047973633,16,Mid360,2,5,True,True,CURRENT_SUPPORT
seq0005,seq0005_valref_000419,1706257443.057354,-8.035120964050293,10.450806617736816,2.816396951675415,-8.1474609375,10.262451171875,2.85546875,0.22276590764522552,False,False,True,True,True,True,True,True,True,0.13969244062900543,0.22276590764522552,0.13671875,0.13671875,1,20,45149,0,45149,0.9019031524658203,0.9574670791625977,0.055563926696777344,1,8,8,1,19,19,1706257442.899765,0.15758895874023438,16,Mid360,1,1,True,True,CURRENT_SUPPORT
seq0005,seq0005_valref_000420,1706257443.0995135,-8.034656524658203,10.44943904876709,2.808295965194702,-8.14013671875,10.249711990356445,2.87109375,0.23443661630153656,False,False,True,True,True,True,True,True,True,0.13803096115589142,0.23443661630153656,0.1484375,0.1484375,1,20,45149,0,45149,0.9019031524658203,0.999626636505127,0.09772348403930664,1,8,8,1,19,19,1706257442.899765,0.19974851608276367,16,Mid360,1,1,True,True,CURRENT_SUPPORT
seq0005,seq0005_valref_000421,1706257443.1487205,-8.034337043762207,10.448748588562012,2.7995901107788086,12.099609375,-11.1484375,3.240234375,29.529788970947266,False,False,False,False,False,False,False,False,False,19.162633895874023,19.162633895874023,0.2216796875,nan,,20,44903,0,44903,0.9029660224914551,0.9489045143127441,0.04593849182128906,0,8,8,0,14,14,1706257443.099884,0.048836469650268555,18,Mid360,1,1,True,True,CURRENT_SUPPORT
seq0005,seq0005_valref_000422,1706257443.2022266,-8.034208297729492,10.447538375854492,2.7903668880462646,11.923828125,-10.94921875,3.232421875,29.26328468322754,False,False,False,False,False,False,False,True,True,21.100942611694336,0.25736525654792786,0.291015625,nan,,20,44944,0,44944,0.9019699096679688,0.9024035930633545,0.0004336833953857422,0,9,9,0,15,15,1706257443.199939,0.002287626266479492,18,Mid360,2,2,True,True,CURRENT_SUPPORT
seq0005,seq0005_valref_000423,1706257443.2518077,-8.034356117248535,10.446348190307617,2.7728090286254883,11.93359375,-10.9462890625,3.25,29.267587661743164,False,False,False,False,False,True,True,True,True,0.29242151975631714,0.29242151975631714,0.359375,0.0225830078125,10,20,44944,0,44944,0.9019699096679688,0.9519846439361572,0.05001473426818848,1,9,9,1,15,15,1706257443.199939,0.05186867713928223,18,Mid360,2,2,True,True,CURRENT_SUPPORT
seq0005,seq0005_valref_000424,1706257443.3011198,-8.03502368927002,10.445696830749512,2.7627758979797363,-50.212890625,-11.875,29.51171875,54.70550537109375,False,False,False,False,False,False,False,False,False,10.179171562194824,10.179171562194824,0.08056640625,nan,,20,44759,0,44759,0.9982340335845947,0.9993977546691895,0.0011637210845947266,1,8,8,1,14,14,1706257443.199939,0.1011807918548584,17,Mid360,1,1,True,True,CURRENT_SUPPORT
seq0005,seq0005_valref_000425,1706257443.3559952,-8.035914421081543,10.445186614990234,2.753451108932495,12.064453125,-11.15478515625,3.25390625,29.509897232055664,False,False,False,False,False,False,False,False,False,10.187093734741211,10.187093734741211,0.08642578125,nan,,20,44759,0,44759,0.9017510414123535,0.9560432434082031,0.05429220199584961,1,8,8,1,14,14,1706257443.199939,0.15605616569519043,16,Mid360,1,1,True,True,CURRENT_SUPPORT
seq0005,seq0005_valref_000426,1706257443.396279,-8.036967277526855,10.445151329040527,2.744225025177002,12.0732421875,-11.14599609375,3.26953125,29.510576248168945,False,False,False,False,False,False,False,False,False,10.196516036987305,10.196516036987305,0.09130859375,nan,,20,44759,0,44759,0.9017510414123535,0.9963271617889404,0.09457612037658691,2,8,8,2,14,14,1706257443.199939,0.19634008407592773,16,Mid360,1,1,True,True,CURRENT_SUPPORT
seq0005,seq0005_valref_000427,1706257443.4436767,-8.038161277770996,10.44570541381836,2.7360870838165283,12.1572265625,-11.1396484375,3.265625,29.564533233642578,False,False,False,False,False,False,False,True,True,20.997583389282227,0.22319573163986206,0.185546875,nan,,20,44548,0,44548,0.9018750190734863,0.9437606334686279,0.0418856143951416,2,8,8,2,14,14,1706257443.399885,0.043791770935058594,18,Mid360,1,1,True,True,CURRENT_SUPPORT
seq0005,seq0005_valref_000428,1706257443.4912024,-8.039545059204102,10.446256637573242,2.727771043777466,12.16943359375,-11.12841796875,3.28125,29.566463470458984,False,False,False,False,False,True,True,True,True,0.24618908762931824,0.24618908762931824,0.236328125,0.0203857421875,9,20,44548,0,44548,0.9018750190734863,0.9912862777709961,0.08941125869750977,2,8,8,2,14,14,1706257443.399885,0.09131741523742676,18,Mid360,1,1,True,True,CURRENT_SUPPORT
seq0005,seq0005_valref_000429,1706257443.5569956,-8.041143417358398,10.447196960449219,2.7190699577331543,11.888671875,-10.978515625,3.205078125,29.265933990478516,False,False,False,False,False,True,True,True,True,0.24756233394145966,0.24756233394145966,0.09814453125,0.0311279296875,7,20,44591,0,44591,0.9018480777740479,0.9570417404174805,0.05519366264343262,2,7,7,2,11,11,1706257443.399885,0.15711069107055664,16,Mid360,1,1,True,True,CURRENT_SUPPORT
seq0005,seq0005_valref_000430,1706257443.598564,-8.044480323791504,10.449703216552734,2.70232892036438,11.892578125,-10.978515625,3.220703125,29.273256301879883,False,False,False,False,False,True,True,True,True,0.2752237021923065,0.2752237021923065,0.09814453125,0.03466796875,5,20,44591,0,44591,0.9018480777740479,0.9986100196838379,0.09676194190979004,2,7,7,2,11,11,1706257443.399885,0.19867897033691406,16,Mid360,1,1,True,True,CURRENT_SUPPORT
seq0005,seq0005_valref_000431,1706257443.6489441,-8.046324729919434,10.451277732849121,2.6949830055236816,16.900390625,-5.857421875,2.693359375,29.804569244384766,False,False,False,False,False,True,True,True,True,0.18905827403068542,0.18905827403068542,0.08740234375,0.042724609375,4,20,44272,0,44272,0.9028301239013672,0.9489941596984863,0.04616403579711914,1,7,7,1,10,10,1706257443.59995,0.04899406433105469,18,Mid360,1,1,True,True,CURRENT_SUPPORT
seq0005,seq0005_valref_000432,1706257443.6970139,-8.047966957092285,10.453239440917969,2.6876699924468994,16.904296875,-5.853515625,2.712890625,29.808156967163086,False,False,False,False,False,True,True,True,True,0.20320475101470947,0.20320475101470947,0.083984375,0.046630859375,4,20,44272,0,44272,0.9028301239013672,0.9970638751983643,0.09423375129699707,2,7,7,2,10,10,1706257443.59995,0.09706377983093262,18,Mid360,1,1,True,True,CURRENT_SUPPORT
seq0005,seq0005_valref_000433,1706257443.747248,-8.049772262573242,10.455160140991211,2.6796140670776367,11.86328125,-11.052734375,3.37109375,29.318891525268555,False,False,False,False,False,True,True,True,True,0.16981545090675354,0.22418312728405,0.177734375,0.1572265625,2,20,44284,0,44284,0.901940107345581,0.9474189281463623,0.04547882080078125,2,7,7,2,10,10,1706257443.699814,0.04743385314941406,18,Mid360,2,2,True,True,CURRENT_SUPPORT
seq0005,seq0005_valref_000434,1706257443.7963746,-8.051212310791016,10.457195281982422,2.6732330322265625,11.87109375,-11.0546875,3.38671875,29.328628540039062,False,False,False,False,False,True,True,True,True,0.1925668716430664,0.20589162409305573,0.185546875,0.154296875,2,20,44284,0,44284,0.901940107345581,0.9965455532073975,0.0946054458618164,2,7,7,2,10,10,1706257443.699814,0.09656047821044922,18,Mid360,2,2,True,True,CURRENT_SUPPORT
seq0005,seq0005_valref_000435,1706257443.8481104,-8.05276870727539,10.459714889526367,2.6666479110717773,-8.080078125,10.5947265625,2.63671875,0.1409599632024765,False,False,True,True,True,True,True,True,True,0.1409599632024765,0.1409599632024765,0.1455078125,0.1455078125,1,20,44416,0,44416,0.9019351005554199,0.948345422744751,0.046410322189331055,1,6,6,1,6,6,1706257443.699814,0.14829635620117188,16,Mid360,1,1,True,True,CURRENT_SUPPORT
seq0005,seq0005_valref_000436,1706257443.906432,-8.054356575012207,10.462079048156738,2.660914897918701,-8.1806640625,10.59375,2.6328125,0.18460921943187714,False,False,True,True,True,True,True,True,True,0.07552587985992432,0.18460921943187714,0.3828125,0.3828125,1,20,44004,0,44004,0.9017288684844971,0.9064788818359375,0.00475001335144043,1,6,6,1,6,6,1706257443.899892,0.006539821624755859,18,Mid360,1,1,True,True,CURRENT_SUPPORT
seq0005,seq0005_valref_000437,1706257443.9518564,-8.05513858795166,10.464038848876953,2.656003952026367,-8.17724609375,10.5849609375,2.658203125,0.17186398804187775,False,False,True,True,True,True,True,True,True,0.05590146407485008,0.17186398804187775,0.353515625,0.353515625,1,20,44004,0,44004,0.9017288684844971,0.9519033432006836,0.05017447471618652,1,6,6,1,6,6,1706257443.899892,0.05196428298950195,18,Mid360,1,1,True,True,CURRENT_SUPPORT
seq0005,seq0005_valref_000438,1706257443.9981136,-8.056884765625,10.467911720275879,2.6463799476623535,-8.173828125,10.576171875,2.685546875,0.16410380601882935,False,False,True,True,True,True,True,True,True,0.03368516266345978,0.16410380601882935,0.318359375,0.318359375,1,20,44004,0,44004,0.9017288684844971,0.9981606006622314,0.09643173217773438,1,6,6,1,6,6,1706257443.899892,0.0982215404510498,18,Mid360,1,1,True,True,CURRENT_SUPPORT
seq0005,seq0005_valref_000439,1706257444.0642536,-8.057145118713379,10.469376564025879,2.641448974609375,-8.1962890625,10.4140625,2.701171875,0.1612064093351364,False,False,True,True,True,True,True,True,True,0.04309258982539177,0.1612064093351364,0.4453125,0.4453125,1,20,44022,0,44022,0.9018900394439697,0.964369535446167,0.062479496002197266,1,7,7,1,7,7,1706257443.999885,0.06436848640441895,18,Mid360,2,2,True,True,CURRENT_SUPPORT
seq0005,seq0005_valref_000440,1706257444.147025,-8.057657241821289,10.47268295288086,2.630354881286621,-8.2664794921875,10.4365234375,2.748046875,0.24241626262664795,False,False,True,True,True,True,True,True,True,0.10351765900850296,0.24241626262664795,0.44921875,0.44921875,1,20,44271,0,44271,0.9028439521789551,0.9470860958099365,0.044242143630981445,1,6,6,1,6,6,1706257443.999885,0.1471400260925293,16,Mid360,1,1,True,True,CURRENT_SUPPORT
seq0005,seq0005_valref_000441,1706257444.2125404,-8.057524681091309,10.47526741027832,2.6182758808135986,-8.11328125,10.36767578125,2.71484375,0.15495194494724274,False,False,True,True,True,True,True,True,True,0.10000112652778625,0.15495194494724274,0.8515625,0.8515625,1,20,44159,0,44159,0.9018168449401855,0.9125843048095703,0.010767459869384766,0,6,6,0,7,7,1706257444.199901,0.012639284133911133,18,Mid360,1,2,True,True,CURRENT_SUPPORT
seq0005,seq0005_valref_000442,1706257444.2596169,-8.057299613952637,10.476277351379395,2.612786054611206,-8.11328125,10.36962890625,2.7421875,0.1767839640378952,False,False,True,True,True,True,True,True,True,0.115622378885746,0.1767839640378952,0.84375,0.84375,1,20,44159,0,44159,0.9018168449401855,0.9596607685089111,0.057843923568725586,0,6,6,0,7,7,1706257444.199901,0.05971574783325195,18,Mid360,1,2,True,True,CURRENT_SUPPORT
seq0005,seq0005_valref_000443,1706257444.3024688,-8.057367324829102,10.47691535949707,2.60748291015625,-8.1181640625,10.4169921875,2.68359375,0.11436734348535538,False,False,True,True,True,True,True,True,True,0.11436734348535538,0.11436734348535538,0.90625,0.90625,1,20,44215,0,44215,0.9018161296844482,0.9025838375091553,0.0007677078247070312,0,7,7,0,8,8,1706257444.299882,0.002586841583251953,18,Mid360,2,3,True,True,CURRENT_SUPPORT
seq0005,seq0005_valref_000444,1706257444.3678315,-8.057194709777832,10.477596282958984,2.6026670932769775,-8.11328125,10.4208984375,2.71875,0.1408388763666153,False,False,True,True,True,True,True,True,True,0.1408388763666153,0.1408388763666153,0.90234375,0.90234375,1,20,44215,0,44215,0.9018161296844482,0.9679465293884277,0.06613039970397949,0,7,7,0,8,8,1706257444.299882,0.06794953346252441,18,Mid360,2,3,True,True,CURRENT_SUPPORT
seq0005,seq0005_valref_000445,1706257444.4021227,-8.056879043579102,10.47793197631836,2.598129987716675,-8.123046875,10.4580078125,2.70703125,0.12897534668445587,False,False,True,True,True,True,True,True,True,0.12897534668445587,0.12897534668445587,0.66015625,0.66015625,1,20,44437,0,44437,0.9018690586090088,0.9023246765136719,0.00045561790466308594,0,7,7,0,8,8,1706257444.39979,0.0023326873779296875,18,Mid360,2,2,True,True,CURRENT_SUPPORT
seq0005,seq0005_valref_000446,1706257444.4511046,-8.05657958984375,10.478096961975098,2.593940019607544,-8.1181640625,10.4736328125,2.73046875,0.14984214305877686,False,False,True,True,True,True,True,True,True,0.14984214305877686,0.14984214305877686,0.69921875,0.69921875,1,20,44437,0,44437,0.9018690586090088,0.9513065814971924,0.049437522888183594,0,7,7,0,8,8,1706257444.39979,0.051314592361450195,18,Mid360,2,2,True,True,CURRENT_SUPPORT
seq0005,seq0005_valref_000447,1706257444.4962077,-8.056241035461426,10.47838306427002,2.5903549194335938,-8.115234375,10.490234375,2.75,0.17060837149620056,False,False,True,True,True,True,True,True,True,0.17060837149620056,0.17060837149620056,0.69921875,0.69921875,1,20,44437,0,44437,0.9018690586090088,0.9964096546173096,0.09454059600830078,0,7,7,0,8,8,1706257444.39979,0.09641766548156738,18,Mid360,2,2,True,True,CURRENT_SUPPORT
seq0005,seq0005_valref_000448,1706257444.5474362,-8.055923461914062,10.478619575500488,2.5864970684051514,-8.0673828125,10.4189453125,2.66015625,0.09548826515674591,False,False,True,True,True,True,True,True,True,0.09548826515674591,0.09548826515674591,0.8828125,0.8828125,1,20,44337,0,44337,0.9018268585205078,0.947486162185669,0.04565930366516113,0,8,8,0,14,14,1706257444.499916,0.04752016067504883,18,Mid360,2,7,True,True,CURRENT_SUPPORT
seq0005,seq0005_valref_000449,1706257444.597331,-8.05606746673584,10.479254722595215,2.5781309604644775,-8.064453125,10.423828125,2.6796875,0.11600068211555481,False,False,True,True,True,True,True,True,True,0.11600068211555481,0.11600068211555481,0.89453125,0.89453125,1,20,44337,0,44337,0.9018268585205078,0.9973809719085693,0.09555411338806152,0,8,8,0,14,14,1706257444.499916,0.09741497039794922,18,Mid360,2,7,True,True,CURRENT_SUPPORT
seq0005,seq0005_valref_000450,1706257444.6428094,-8.056615829467773,10.479762077331543,2.5737240314483643,-8.0771484375,10.37353515625,2.7265625,0.18725742399692535,False,False,True,True,True,True,True,True,True,0.18013864755630493,0.18725742399692535,0.89453125,0.89453125,1,20,44533,0,44533,0.9029788970947266,0.9429953098297119,0.04001641273498535,0,7,7,0,13,13,1706257444.499916,0.14289331436157227,16,Mid360,1,6,True,True,CURRENT_SUPPORT
seq0005,seq0005_valref_000451,1706257444.6905746,-8.057432174682617,10.4801607131958,2.5700719356536865,-8.0732421875,10.376953125,2.74609375,0.2046593278646469,False,False,True,True,True,True,True,True,True,0.19950467348098755,0.2046593278646469,0.90625,0.90625,1,20,44533,0,44533,0.9029788970947266,0.9907605648040771,0.08778166770935059,0,7,7,0,13,13,1706257444.499916,0.1906585693359375,16,Mid360,1,6,True,True,CURRENT_SUPPORT
seq0005,seq0005_valref_000452,1706257444.7487183,-8.05837631225586,10.480791091918945,2.5662949085235596,-8.1005859375,10.4443359375,2.7734375,0.214519664645195,False,False,True,True,True,True,True,True,True,0.214519664645195,0.214519664645195,0.953125,0.953125,1,20,44639,0,44639,0.9019808769226074,0.9489221572875977,0.046941280364990234,0,6,6,0,12,12,1706257444.499916,0.24880218505859375,14,Mid360,0,0,True,False,NO_CURRENT_SUPPORT
seq0005,seq0005_valref_000453,1706257444.797222,-8.059415817260742,10.480778694152832,2.5629351139068604,-8.103515625,10.4482421875,2.7890625,0.23267361521720886,False,False,True,True,True,True,True,True,True,0.23267361521720886,0.23267361521720886,0.94921875,0.94921875,1,20,44639,0,44639,0.9019808769226074,0.9974257946014404,0.09544491767883301,0,6,6,0,12,12,1706257444.499916,0.2973058223724365,14,Mid360,0,0,True,False,NO_CURRENT_SUPPORT
seq0005,seq0005_valref_000454,1706257444.849919,-8.062276840209961,10.48180103302002,2.558454990386963,-8.14306640625,10.4736328125,2.7265625,0.1866917461156845,False,False,True,True,True,True,True,True,True,0.1866917461156845,0.1866917461156845,0.96484375,0.96484375,1,20,44573,0,44573,0.9018158912658691,0.9500269889831543,0.048211097717285156,0,7,7,0,13,13,1706257444.799885,0.0500340461730957,18,Mid360,1,1,True,True,CURRENT_SUPPORT
seq0005,seq0005_valref_000455,1706257444.8971052,-8.063350677490234,10.482402801513672,2.556791067123413,-8.140625,10.4775390625,2.75,0.20814578235149384,False,False,True,True,True,True,True,True,True,0.20814578235149384,0.20814578235149384,0.9609375,0.9609375,1,20,44573,0,44573,0.9018158912658691,0.9972131252288818,0.0953972339630127,0,7,7,0,13,13,1706257444.799885,0.09722018241882324,18,Mid360,1,1,True,True,CURRENT_SUPPORT
seq0005,seq0005_valref_000456,1706257444.9484177,-8.064476013183594,10.482604026794434,2.555026054382324,-7.990234375,10.64697265625,2.6875,0.22378161549568176,False,False,True,True,True,True,True,True,True,0.22378161549568176,0.22378161549568176,0.93359375,0.93359375,1,20,44840,0,44840,0.9017980098724365,0.9485325813293457,0.04673457145690918,0,7,7,0,13,13,1706257444.899884,0.04853367805480957,18,Mid360,2,2,True,True,CURRENT_SUPPORT
seq0005,seq0005_valref_000457,1706257444.9970515,-8.06574821472168,10.482970237731934,2.5517020225524902,-7.986328125,10.64794921875,2.70703125,0.24010995030403137,False,False,True,True,True,True,True,True,True,0.24010995030403137,0.24010995030403137,0.92578125,0.92578125,1,20,44840,0,44840,0.9017980098724365,0.9971663951873779,0.0953683853149414,0,7,7,0,13,13,1706257444.899884,0.0971674919128418,18,Mid360,2,2,True,True,CURRENT_SUPPORT
seq0005,seq0005_valref_000458,1706257445.0521839,-8.066872596740723,10.482625007629395,2.5445001125335693,-8.205078125,10.37451171875,2.8984375,0.3950454890727997,False,False,True,True,True,True,True,True,True,0.25794726610183716,0.3950454890727997,0.65625,0.65625,1,20,44941,0,44941,0.9019758701324463,0.9523887634277344,0.050412893295288086,0,6,6,0,12,12,1706257444.899884,0.1522998809814453,16,Mid360,1,1,True,True,CURRENT_SUPPORT
seq0005,seq0005_valref_000459,1706257445.0984983,-8.069104194641113,10.482560157775879,2.5125210285186768,-8.200439453125,10.3740234375,2.9140625,0.43619343638420105,False,False,True,True,True,True,True,True,True,0.30022239685058594,0.43619343638420105,0.60546875,0.60546875,1,20,44941,0,44941,0.9019758701324463,0.9987032413482666,0.09672737121582031,0,6,6,0,12,12,1706257444.899884,0.19861435890197754,16,Mid360,1,1,True,True,CURRENT_SUPPORT
seq0005,seq0005_valref_000460,1706257445.1489973,-8.069988250732422,10.482867240905762,2.48730206489563,-8.2275390625,10.3251953125,2.9375,0.5023553371429443,False,False,False,True,True,True,True,False,True,0.3263164162635803,0.5023553371429443,0.408203125,0.408203125,1,20,44787,0,44787,0.9029169082641602,0.9490962028503418,0.04617929458618164,0,6,6,0,12,12,1706257444.899884,0.2491133213043213,14,Mid360,0,0,True,False,NO_CURRENT_SUPPORT
seq0005,seq0005_valref_000461,1706257445.195164,-8.070464134216309,10.483434677124023,2.454663038253784,-8.2236328125,10.32763671875,2.953125,0.5442407131195068,False,False,False,True,True,True,True,False,True,0.3736136257648468,0.5442407131195068,0.365234375,0.365234375,1,20,44787,0,44787,0.9029169082641602,0.995262861251831,0.0923459529876709,1,6,6,1,12,12,1706257444.899884,0.29527997970581055,14,Mid360,0,0,True,False,NO_CURRENT_SUPPORT
seq0005,seq0005_valref_000462,1706257445.2485344,-8.070856094360352,10.484012603759766,2.411907911300659,-8.284423828125,10.2630615234375,2.8046875,0.4987046718597412,False,False,True,True,True,True,True,True,True,0.36995986104011536,0.4987046718597412,0.51171875,0.51171875,1,20,45126,0,45126,0.9018890857696533,0.9486525058746338,0.04676342010498047,0,6,6,0,11,11,1706257445.199794,0.048740386962890625,18,Mid360,1,1,True,True,CURRENT_SUPPORT
seq0005,seq0005_valref_000463,1706257445.3104331,-8.071216583251953,10.484774589538574,2.367314100265503,-40.2578125,-14.80859375,83.51953125,90.89231872558594,False,False,False,False,False,True,True,False,True,0.4688411056995392,0.5845210552215576,0.74609375,0.62890625,2,20,45197,1,45196,0.9019029140472412,0.9106431007385254,0.00874018669128418,1,5,5,1,10,10,1706257445.199794,0.11063909530639648,16,Mid360,1,1,True,True,CURRENT_SUPPORT
seq0005,seq0005_valref_000464,1706257445.3520887,-8.07202434539795,10.48521614074707,2.3134379386901855,-8.255889892578125,10.3154296875,2.90625,0.6434750556945801,False,False,False,True,True,False,True,False,True,0.5393357872962952,0.6434750556945801,0.7421875,0.7421875,1,20,45197,1,45196,0.9019029140472412,0.952298641204834,0.05039572715759277,4,5,5,8,10,10,1706257445.199794,0.15229463577270508,16,Mid360,1,1,True,True,CURRENT_SUPPORT
seq0005,seq0005_valref_000465,1706257445.398526,-8.073619842529297,10.486077308654785,2.19804310798645,-8.249393463134766,10.3173828125,2.9140625,0.7563319206237793,False,False,False,True,True,False,True,False,True,0.6631886959075928,0.7563319206237793,0.77734375,0.77734375,1,20,45197,1,45196,0.9019029140472412,0.9987359046936035,0.0968329906463623,5,5,5,10,10,10,1706257445.199794,0.1987318992614746,16,Mid360,1,1,True,True,CURRENT_SUPPORT
seq0005,seq0005_valref_000466,1706257445.4482782,-8.074400901794434,10.486126899719238,2.1342270374298096,-40.248046875,-14.78515625,83.513671875,91.08455657958984,False,False,False,False,False,False,True,False,True,0.6803041696548462,0.6803041696548462,0.6640625,0.494140625,2,20,45140,1,45139,0.9017298221588135,0.9483621120452881,0.04663228988647461,5,5,5,10,10,10,1706257445.399775,0.04850316047668457,18,Mid360,1,1,True,True,CURRENT_SUPPORT
seq0005,seq0005_valref_000467,1706257445.5003643,-8.075946807861328,10.485746383666992,2.0690629482269287,-8.1787109375,10.462890625,2.62109375,0.5619794130325317,False,False,False,True,True,False,True,False,True,0.5619794130325317,0.5619794130325317,0.77734375,0.77734375,1,20,45380,1,45379,0.9981110095977783,0.9985873699188232,0.0004763603210449219,5,5,5,5,5,5,1706257445.499888,0.0004763603210449219,19,Mid360,2,2,True,True,CURRENT_SUPPORT
seq0005,seq0005_valref_000468,1706257445.5465322,-8.077622413635254,10.484247207641602,2.0004661083221436,-8.18310546875,10.4638671875,2.64453125,0.6529639363288879,False,False,False,True,True,False,True,False,True,0.6529639363288879,0.6529639363288879,0.640625,0.640625,1,20,45380,1,45379,0.9018869400024414,0.946648120880127,0.04476118087768555,5,5,5,5,5,5,1706257445.499888,0.04664421081542969,18,Mid360,2,2,True,True,CURRENT_SUPPORT
seq0005,seq0005_valref_000469,1706257445.605276,-8.079577445983887,10.482935905456543,1.9328370094299316,-40.123046875,-14.80078125,83.6328125,91.32872009277344,False,False,False,False,False,True,True,True,True,0.3105403482913971,0.3105403482913971,0.51171875,0.0849609375,2,20,45354,1,45353,0.9028530120849609,0.9053561687469482,0.0025031566619873047,5,6,6,5,6,6,1706257445.599924,0.005352020263671875,18,Mid360,2,2,True,True,CURRENT_SUPPORT
seq0005,seq0005_valref_000470,1706257445.6618621,-8.082194328308105,10.481053352355957,1.8621779680252075,-40.1015625,-14.81640625,83.65234375,91.40477752685547,False,False,False,False,False,True,True,True,True,0.39413848519325256,0.39413848519325256,0.39453125,0.0693359375,4,20,45354,1,45353,0.9028530120849609,0.961942195892334,0.05908918380737305,6,6,6,6,6,6,1706257445.599924,0.06193804740905762,18,Mid360,2,2,True,True,CURRENT_SUPPORT
seq0005,seq0005_valref_000471,1706257445.6969004,-8.088735580444336,10.478132247924805,1.7224040031433105,-40.091796875,-14.828125,83.662109375,91.53533935546875,False,False,False,False,False,False,True,False,True,0.535405695438385,0.535405695438385,0.30859375,0.061767578125,4,20,45354,1,45353,0.9028530120849609,0.9969804286956787,0.09412741661071777,6,6,6,6,6,6,1706257445.599924,0.09697628021240234,18,Mid360,2,2,True,True,CURRENT_SUPPORT
seq0005,seq0005_valref_000472,1706257445.7450502,-8.091814041137695,10.477185249328613,1.65488600730896,-8.099609375,10.388671875,2.046875,0.4019337594509125,False,False,True,True,True,True,True,True,True,0.4019337594509125,0.4019337594509125,0.3671875,0.3671875,1,20,45467,1,45466,0.9018828868865967,0.9451651573181152,0.043282270431518555,7,7,7,9,10,10,1706257445.699837,0.04521322250366211,18,Mid360,2,5,True,True,CURRENT_SUPPORT
seq0005,seq0005_valref_000473,1706257445.7984147,-8.09501838684082,10.476954460144043,1.5885740518569946,-8.0966796875,10.38671875,2.07421875,0.49395951628685,False,False,True,True,True,True,True,True,True,0.49395951628685,0.49395951628685,0.35546875,0.35546875,1,20,45467,1,45466,0.9018828868865967,0.9985296726226807,0.09664678573608398,7,7,7,9,10,10,1706257445.699837,0.09857773780822754,18,Mid360,2,5,True,True,CURRENT_SUPPORT
seq0005,seq0005_valref_000474,1706257445.8476272,-8.097150802612305,10.477119445800781,1.5269479751586914,-8.12548828125,10.365234375,2.10546875,0.5899216532707214,False,False,False,True,True,False,True,False,True,0.5875551104545593,0.5899216532707214,0.79296875,0.79296875,1,20,45674,1,45673,0.9018020629882812,0.9477431774139404,0.04594111442565918,5,6,6,8,9,9,1706257445.699837,0.14779019355773926,16,Mid360,1,4,True,True,CURRENT_SUPPORT
seq0005,seq0005_valref_000475,1706257445.8969662,-8.097983360290527,10.47720718383789,1.4642070531845093,-8.125,10.36376953125,2.13671875,0.6825466752052307,False,False,False,True,True,False,True,False,True,0.6726161241531372,0.6825466752052307,0.8125,0.8125,1,20,45674,1,45673,0.9018020629882812,0.9970822334289551,0.09528017044067383,5,6,6,8,9,9,1706257445.699837,0.1971292495727539,16,Mid360,1,4,True,True,CURRENT_SUPPORT
seq0005,seq0005_valref_000476,1706257445.957315,-8.097143173217773,10.476921081542969,1.3446190357208252,-8.2255859375,10.623046875,1.796875,0.49232685565948486,False,False,True,True,True,True,True,True,True,0.49232685565948486,0.49232685565948486,0.9609375,0.9609375,1,20,45545,2,45543,0.901839017868042,0.9575080871582031,0.05566906929016113,4,6,6,7,9,9,1706257445.89992,0.057394981384277344,18,Mid360,1,1,True,True,CURRENT_SUPPORT
seq0005,seq0005_valref_000477,1706257446.0016558,-8.094971656799316,10.475793838500977,1.2844630479812622,-8.276611328125,10.583984375,1.8828125,0.634602427482605,False,False,False,True,True,False,True,False,True,0.634602427482605,0.634602427482605,0.95703125,0.95703125,1,20,45626,2,45624,0.9981529712677002,0.999884843826294,0.00173187255859375,4,6,6,7,9,9,1706257445.89992,0.10173583030700684,17,Mid360,1,1,True,True,CURRENT_SUPPORT
seq0005,seq0005_valref_000478,1706257446.0519514,-8.09221076965332,10.47329044342041,1.2226879596710205,-8.2789306640625,10.59765625,1.90625,0.7194360494613647,False,False,False,True,True,False,True,False,True,0.7194360494613647,0.7194360494613647,0.9609375,0.9609375,1,20,45626,2,45624,0.9018030166625977,0.9520285129547119,0.05022549629211426,3,6,6,6,9,9,1706257445.89992,0.15203142166137695,16,Mid360,1,1,True,True,CURRENT_SUPPORT
seq0005,seq0005_valref_000479,1706257446.0951624,-8.088717460632324,10.470090866088867,1.1669939756393433,-8.2806396484375,10.60546875,1.92578125,0.794304370880127,False,False,False,True,True,False,True,False,True,0.794304370880127,0.794304370880127,0.9609375,0.9609375,1,20,45626,2,45624,0.9018030166625977,0.9952394962310791,0.09343647956848145,3,6,6,6,9,9,1706257445.89992,0.19524240493774414,16,Mid360,1,1,True,True,CURRENT_SUPPORT
seq0005,seq0005_valref_000480,1706257446.1476328,-8.084783554077148,10.466316223144531,1.1132769584655762,-8.2220458984375,10.548828125,1.95703125,0.8588192462921143,False,False,False,True,True,True,True,False,True,0.37510251998901367,0.8588192462921143,0.95703125,0.95703125,1,20,45733,2,45731,0.9029819965362549,0.9478387832641602,0.04485678672790527,4,7,7,9,12,12,1706257446.099803,0.04782986640930176,18,Mid360,1,3,True,True,CURRENT_SUPPORT
seq0005,seq0005_valref_000481,1706257446.197894,-8.08011531829834,10.46177864074707,1.0575180053710938,-8.221923828125,10.55859375,1.98046875,0.9387869238853455,False,False,False,True,True,True,True,False,True,0.44648119807243347,0.9387869238853455,0.953125,0.953125,1,20,45733,2,45731,0.9029819965362549,0.9981000423431396,0.09511804580688477,4,7,7,9,12,12,1706257446.099803,0.09809112548828125,18,Mid360,1,3,True,True,CURRENT_SUPPORT
seq0005,seq0005_valref_000482,1706257446.2533019,-8.07591438293457,10.457037925720215,1.0027920007705688,-8.16748046875,10.462890625,1.55859375,0.5633242130279541,False,False,False,True,True,False,True,False,True,0.5633242130279541,0.5633242130279541,0.953125,0.953125,1,20,45529,2,45527,0.9019548892974854,0.9534897804260254,0.05153489112854004,4,6,6,9,11,11,1706257446.099803,0.15349888801574707,16,Mid360,1,3,True,True,CURRENT_SUPPORT
seq0005,seq0005_valref_000483,1706257446.297526,-8.069243431091309,10.448731422424316,0.8999019861221313,-8.1650390625,10.4638671875,1.578125,0.6851221323013306,False,False,False,True,True,False,True,False,True,0.6851221323013306,0.6851221323013306,0.953125,0.953125,1,20,45529,2,45527,0.9019548892974854,0.9977138042449951,0.09575891494750977,3,6,6,7,11,11,1706257446.099803,0.1977229118347168,16,Mid360,1,3,True,True,CURRENT_SUPPORT
seq0005,seq0005_valref_000484,1706257446.3465595,-8.066337585449219,10.44466495513916,0.8517640233039856,-8.0830078125,10.4814453125,1.16015625,0.31102484464645386,False,False,True,True,True,True,True,True,True,0.31102484464645386,0.31102484464645386,0.8984375,0.8984375,1,20,45627,1,45626,0.9019360542297363,0.946784496307373,0.04484844207763672,4,6,7,7,11,12,1706257446.29989,0.04666948318481445,18,Mid360,1,1,True,True,CURRENT_SUPPORT
seq0005,seq0005_valref_000485,1706257446.397575,-8.064210891723633,10.441423416137695,0.8090280294418335,-8.0810546875,10.4892578125,1.1796875,0.37411266565322876,False,False,True,True,True,True,True,True,True,0.37411266565322876,0.37411266565322876,0.91015625,0.91015625,1,20,45627,1,45626,0.9019360542297363,0.9977998733520508,0.09586381912231445,4,6,7,6,11,12,1706257446.29989,0.09768486022949219,18,Mid360,1,1,True,True,CURRENT_SUPPORT
seq0005,seq0005_valref_000486,1706257446.4545586,-8.063335418701172,10.439629554748535,0.7670320272445679,-8.245941162109375,10.4765625,1.10546875,0.38632670044898987,False,False,True,True,True,True,True,True,True,0.38632670044898987,0.38632670044898987,0.95703125,0.95703125,1,20,45718,1,45717,0.9018900394439697,0.9546706676483154,0.0527806282043457,4,7,7,6,14,14,1706257446.399885,0.05467367172241211,18,Mid360,2,4,True,True,CURRENT_SUPPORT
seq0005,seq0005_valref_000487,1706257446.4965897,-8.062952995300293,10.438408851623535,0.7257900238037109,-8.249374389648438,10.4775390625,1.125,0.44232648611068726,False,False,True,True,True,True,True,True,True,0.44232648611068726,0.44232648611068726,0.95703125,0.95703125,1,20,45718,1,45717,0.9018900394439697,0.996701717376709,0.09481167793273926,4,6,8,7,13,15,1706257446.399885,0.09670472145080566,18,Mid360,2,4,True,True,CURRENT_SUPPORT
seq0005,seq0005_valref_000488,1706257446.5530317,-8.064455032348633,10.439126014709473,0.6478679776191711,-8.14453125,10.4052734375,0.92578125,0.2911940813064575,False,False,True,True,True,True,True,True,True,0.2900683283805847,0.2911940813064575,0.91015625,0.91015625,1,20,45540,1,45539,0.9018139839172363,0.9531075954437256,0.05129361152648926,3,7,9,7,16,29,1706257446.499795,0.05323672294616699,18,Mid360,2,6,True,True,CURRENT_SUPPORT
seq0005,seq0005_valref_000489,1706257446.6041806,-8.066190719604492,10.440961837768555,0.6072589755058289,-8.18017578125,10.4560546875,0.82421875,0.24554415047168732,False,False,True,True,True,True,True,True,True,0.24554415047168732,0.24554415047168732,0.51171875,0.51171875,1,20,45684,1,45683,0.902946949005127,0.9043436050415039,0.0013966560363769531,4,7,9,8,20,35,1706257446.599887,0.004293680191040039,18,Mid360,2,8,True,True,CURRENT_SUPPORT
seq0005,seq0005_valref_000490,1706257446.6636803,-8.067999839782715,10.443238258361816,0.5697140097618103,-8.173828125,10.458984375,0.83984375,0.29054713249206543,False,False,True,True,True,True,True,True,True,0.29054713249206543,0.29054713249206543,0.58203125,0.58203125,1,20,45684,1,45683,0.902946949005127,0.9638433456420898,0.06089639663696289,4,7,9,8,20,39,1706257446.599887,0.06379342079162598,18,Mid360,2,8,True,True,CURRENT_SUPPORT
seq0005,seq0005_valref_000491,1706257446.7002132,-8.069833755493164,10.445718765258789,0.5335729718208313,11.7734375,-10.935546875,3.3681640625,29.307828903198242,False,False,False,False,False,True,True,True,True,0.35125523805618286,0.35125523805618286,0.359375,0.046630859375,9,20,45713,1,45712,0.9980361461639404,0.9984452724456787,0.00040912628173828125,5,7,9,10,17,40,1706257446.699804,0.00040912628173828125,19,Mid360,2,6,True,True,CURRENT_SUPPORT
seq0005,seq0005_valref_000492,1706257446.7476096,-8.071761131286621,10.448454856872559,0.4970420002937317,11.771484375,-10.92578125,3.375,29.30691146850586,False,False,False,False,False,True,True,True,True,0.4025658965110779,0.4025658965110779,0.4453125,0.04345703125,8,20,45713,1,45712,0.9019730091094971,0.9478075504302979,0.04583454132080078,6,7,9,12,17,46,1706257446.699804,0.0478055477142334,18,Mid360,2,6,True,True,CURRENT_SUPPORT
seq0005,seq0005_valref_000493,1706257446.7981389,-8.073288917541504,10.450840950012207,0.4599609971046448,11.771484375,-10.9150390625,3.3828125,29.306293487548828,False,False,False,False,False,True,True,True,True,0.4556678533554077,0.4556678533554077,0.5234375,0.03955078125,8,20,45713,1,45712,0.9019730091094971,0.9983367919921875,0.09636378288269043,6,7,9,14,17,56,1706257446.699804,0.09833478927612305,18,Mid360,2,6,True,True,CURRENT_SUPPORT
seq0005,seq0005_valref_000494,1706257446.849616,-8.074213027954102,10.45538330078125,0.39241600036621094,12.192138671875,-10.9990234375,3.31640625,29.657482147216797,False,False,False,False,False,False,True,False,True,0.5091673731803894,0.5091673731803894,0.1826171875,0.16015625,2,20,45497,1,45496,0.9017519950866699,0.9496960639953613,0.047944068908691406,7,8,9,17,20,65,1706257446.799801,0.04981493949890137,18,Mid360,2,4,True,True,CURRENT_SUPPORT
seq0005,seq0005_valref_000495,1706257446.8950312,-8.073982238769531,10.457192420959473,0.35931599140167236,-8.21484375,10.3857421875,0.89453125,0.5580344796180725,False,False,False,True,True,False,True,False,True,0.5580344796180725,0.5580344796180725,0.2001953125,0.2001953125,1,20,45497,1,45496,0.9017519950866699,0.9951112270355225,0.09335923194885254,7,8,9,17,20,69,1706257446.799801,0.0952301025390625,18,Mid360,2,4,True,True,CURRENT_SUPPORT
seq0005,seq0005_valref_000496,1706257446.9463532,-8.073016166687012,10.458094596862793,0.32922399044036865,18.76708984375,-2.64990234375,6.990234375,30.603595733642578,False,False,False,False,False,False,False,False,False,19.701868057250977,19.701868057250977,0.89453125,nan,,20,45676,0,45676,0.9017210006713867,0.9464292526245117,0.044708251953125,7,8,10,18,22,75,1706257446.89992,0.046433210372924805,18,Mid360,2,6,True,True,CURRENT_SUPPORT
seq0005,seq0005_valref_000497,1706257446.9980187,-8.071900367736816,10.459071159362793,0.3005000054836273,18.78466796875,-2.6396484375,6.998046875,30.622032165527344,False,False,False,False,False,False,False,False,False,19.711977005004883,19.711977005004883,0.89453125,nan,,20,45676,0,45676,0.9017210006713867,0.9980947971343994,0.0963737964630127,8,8,10,18,22,81,1706257446.89992,0.0980987548828125,18,Mid360,2,6,True,True,CURRENT_SUPPORT
seq0005,seq0005_valref_000498,1706257447.0538683,-8.070612907409668,10.45944595336914,0.2712950110435486,18.791748046875,-2.66015625,6.94921875,30.63176727294922,False,False,False,False,False,False,True,False,True,0.7898557186126709,0.7898557186126709,0.86328125,0.0203857421875,10,20,45515,0,45515,0.9019129276275635,0.9540653228759766,0.052152395248413086,8,9,10,20,24,97,1706257446.999786,0.054082393646240234,18,Mid360,2,5,True,True,CURRENT_SUPPORT
seq0005,seq0005_valref_000499,1706257447.1005425,-8.069260597229004,10.459444046020508,0.2422879934310913,18.78662109375,-2.5693359375,7.013671875,30.60782814025879,False,False,False,False,False,False,False,False,False,20.90144157409668,20.90056037902832,0.66796875,nan,,20,45499,0,45499,0.9969580173492432,0.9977664947509766,0.0008084774017333984,7,9,10,18,22,93,1706257447.099734,0.0008084774017333984,19,Mid360,2,3,True,True,CURRENT_SUPPORT
seq0006,seq0006_valref_000500,1706257647.6562097,2.55458402633667,-0.9866780042648315,3.126585006713867,nan,nan,nan,nan,True,True,False,False,False,False,False,False,False,nan,nan,nan,nan,,0,0,0,0,nan,nan,nan,0,0,0,0,0,0,nan,nan,,,0,0,False,False,NO_CURRENT_SUPPORT
seq0006,seq0006_valref_000501,1706257647.734974,2.5119330883026123,-0.9538750052452087,3.127027988433838,-7.962890625,-0.7505340576171875,-0.31640625,11.028169631958008,False,False,False,False,False,True,True,True,True,0.30977684259414673,0.30977684259414673,0.099609375,0.053466796875,5,2,4919,0,4919,0.0003440380096435547,0.03476285934448242,0.03441882133483887,1,1,1,16,29,29,1706257647.700211,0.03476285934448242,0,Mid360,1,29,True,True,CURRENT_SUPPORT
seq0006,seq0006_valref_000502,1706257647.7743883,2.486402988433838,-0.9340429902076721,3.1276280879974365,-7.9580078125,-0.7522125244140625,-0.28515625,10.989352226257324,False,False,False,False,False,True,True,True,True,0.3481651246547699,0.3481651246547699,0.07470703125,0.037841796875,7,2,4919,0,4919,0.0003440380096435547,0.07417726516723633,0.07383322715759277,1,1,1,13,29,29,1706257647.700211,0.07417726516723633,0,Mid360,1,29,True,True,CURRENT_SUPPORT
seq0006,seq0006_valref_000503,1706257647.817207,2.4610610008239746,-0.9125099778175354,3.128330945968628,-48.55859375,-3.990234375,29.607421875,57.564048767089844,False,False,False,False,False,True,True,True,True,0.16785214841365814,0.24421966075897217,0.1376953125,0.055908203125,6,4,9896,0,9896,0.10044288635253906,0.11699604988098145,0.016553163528442383,2,2,2,10,44,44,1706257647.800332,0.016875028610229492,2,Mid360,2,44,True,True,CURRENT_SUPPORT
seq0006,seq0006_valref_000504,1706257647.865148,2.4366190433502197,-0.8902699947357178,3.1285769939422607,-48.552734375,-3.99609375,29.625,57.54668426513672,False,False,False,False,False,True,True,True,True,0.17090807855129242,0.23054924607276917,0.130859375,0.06640625,5,4,9896,0,9896,0.10044288635253906,0.16493701934814453,0.06449413299560547,2,2,2,9,44,44,1706257647.800332,0.06481599807739258,2,Mid360,2,44,True,True,CURRENT_SUPPORT
seq0006,seq0006_valref_000505,1706257647.9066315,2.409480094909668,-0.8660029768943787,3.1291980743408203,-50.5,-13.8896484375,25.80078125,59.01719284057617,False,False,False,False,False,False,False,False,False,10.724212646484375,10.724212646484375,0.05029296875,nan,,6,14718,0,14718,0.20035600662231445,0.2064204216003418,0.006064414978027344,3,3,3,13,73,73,1706257647.90029,0.006341457366943359,4,Mid360,2,44,True,True,CURRENT_SUPPORT
seq0006,seq0006_valref_000506,1706257647.9559188,2.384942054748535,-0.8412140011787415,3.129185914993286,11.912109375,4.1025390625,3.1875,10.73363971710205,False,False,False,False,False,True,True,True,True,0.149020254611969,0.28523075580596924,0.053466796875,0.03369140625,5,6,14718,0,14718,0.20035600662231445,0.2557077407836914,0.05535173416137695,3,3,3,9,73,73,1706257647.90029,0.05562877655029297,4,Mid360,2,44,True,True,CURRENT_SUPPORT
seq0006,seq0006_valref_000507,1706257648.0211315,2.3597590923309326,-0.8165730237960815,3.1293389797210693,-50.337890625,-11.50390625,29.0390625,59.687313079833984,False,False,False,False,False,False,False,False,False,11.248385429382324,11.248385429382324,0.12353515625,nan,,8,19590,0,19590,0.3004748821258545,0.320920467376709,0.020445585250854492,4,4,4,17,104,104,1706257648.00034,0.02079153060913086,6,Mid360,2,60,True,True,CURRENT_SUPPORT
seq0006,seq0006_valref_000508,1706257648.0548022,2.3350369930267334,-0.790224015712738,3.129401922225952,-50.3330078125,-11.5078125,29.05078125,59.67166519165039,False,False,False,False,False,True,True,True,True,0.23297591507434845,0.23297591507434845,0.119140625,0.02978515625,9,8,19590,0,19590,0.3004748821258545,0.35459113121032715,0.054116249084472656,4,4,4,17,104,104,1706257648.00034,0.05446219444274902,6,Mid360,2,60,True,True,CURRENT_SUPPORT
seq0006,seq0006_valref_000509,1706257648.1019192,2.3061840534210205,-0.7607859969139099,3.130059003829956,-9.74078369140625,19.7655029296875,5.8359375,23.95370101928711,False,False,False,False,False,True,True,True,True,0.11798157542943954,0.2670786380767822,0.049560546875,0.03466796875,7,10,24534,0,24534,0.40041089057922363,0.40170812606811523,0.0012972354888916016,5,5,5,20,127,127,1706257648.100317,0.0016021728515625,8,Mid360,2,54,True,True,CURRENT_SUPPORT
seq0006,seq0006_valref_000510,1706257648.1742947,2.246958017349243,-0.6951169967651367,3.130458116531372,-9.73699951171875,19.7587890625,5.8671875,23.86351203918457,False,False,False,False,False,True,True,True,True,0.09786693751811981,0.3127436935901642,0.048828125,0.04150390625,2,10,24534,0,24534,0.40041089057922363,0.47408366203308105,0.07367277145385742,4,5,5,11,127,127,1706257648.100317,0.07397770881652832,8,Mid360,2,54,True,True,CURRENT_SUPPORT
seq0006,seq0006_valref_000511,1706257648.2086186,2.21848201751709,-0.6629850268363953,3.1303529739379883,-9.76458740234375,19.74261474609375,5.8984375,23.82529640197754,False,False,False,False,False,False,False,True,True,11.264019012451172,0.11357041448354721,0.052734375,nan,,12,29291,0,29291,0.5003540515899658,0.5084075927734375,0.00805354118347168,4,6,6,9,147,147,1706257648.200276,0.008342742919921875,10,Mid360,2,43,True,True,CURRENT_SUPPORT
seq0006,seq0006_valref_000512,1706257648.255138,2.188910961151123,-0.6291859745979309,3.129889965057373,-9.75994873046875,19.736328125,5.9140625,23.7756404876709,False,False,False,False,False,True,True,True,True,0.11842993646860123,0.11842993646860123,0.0517578125,0.0255126953125,5,12,29291,0,29291,0.5003540515899658,0.554926872253418,0.05457282066345215,3,6,6,6,147,147,1706257648.200276,0.054862022399902344,10,Mid360,2,43,True,True,CURRENT_SUPPORT
seq0006,seq0006_valref_000513,1706257648.3206553,2.161195993423462,-0.5976390242576599,3.129509925842285,-48.7630615234375,-5.281494140625,28.58984375,57.126590728759766,False,False,False,False,False,True,True,True,True,0.07788796722888947,0.07788796722888947,0.049560546875,0.0289306640625,7,14,34250,0,34250,0.6004469394683838,0.6204442977905273,0.019997358322143555,4,7,7,14,177,177,1706257648.300213,0.02044224739074707,12,Mid360,2,50,True,True,CURRENT_SUPPORT
seq0006,seq0006_valref_000514,1706257648.355047,2.1314139366149902,-0.5646190047264099,3.129779100418091,-48.7564697265625,-5.28173828125,28.6015625,57.102012634277344,False,False,False,False,False,True,True,True,True,0.10040442645549774,0.10040442645549774,0.04736328125,0.033203125,4,14,34250,0,34250,0.6004469394683838,0.6548359394073486,0.054388999938964844,3,7,7,9,177,177,1706257648.300213,0.05483388900756836,12,Mid360,2,50,True,True,CURRENT_SUPPORT
seq0006,seq0006_valref_000515,1706257648.405378,2.099407911300659,-0.5284690260887146,3.1302499771118164,2.0322265625,-0.5517578125,3.17578125,0.0844322144985199,False,False,True,True,True,True,True,True,True,0.0844322144985199,0.0844322144985199,0.25390625,0.25390625,1,16,39194,5,39189,0.7003848552703857,0.7051670551300049,0.004782199859619141,4,9,9,18,204,208,1706257648.400596,0.004782199859619141,15,Avia,3,61,True,True,CURRENT_SUPPORT
seq0006,seq0006_valref_000516,1706257648.4556022,2.0348730087280273,-0.45504701137542725,3.131563901901245,2.02734375,-0.5244140625,3.1796875,0.08476059138774872,False,False,True,True,True,True,True,True,True,0.08476059138774872,0.08476059138774872,0.306640625,0.306640625,1,16,39194,5,39189,0.7003848552703857,0.7553911209106445,0.05500626564025879,3,9,9,12,202,208,1706257648.400596,0.05500626564025879,15,Avia,3,61,True,True,CURRENT_SUPPORT
seq0006,seq0006_valref_000517,1706257648.5075865,1.9992209672927856,-0.4146080017089844,3.132399082183838,1.916015625,-0.447265625,3.150390625,0.0911775454878807,False,False,True,True,True,True,True,True,True,0.0911775454878807,0.0911775454878807,0.78125,0.78125,1,18,44018,16,44002,0.8004539012908936,0.807375431060791,0.006921529769897461,5,11,11,21,226,237,1706257648.500665,0.006921529769897461,17,Avia,4,60,True,True,CURRENT_SUPPORT
seq0006,seq0006_valref_000518,1706257648.5543656,1.965298056602478,-0.3751150071620941,3.1325619220733643,1.912109375,-0.42578125,3.158203125,0.07780472189188004,False,False,True,True,True,True,True,True,True,0.07780472189188004,0.07780472189188004,0.81640625,0.81640625,1,18,44018,16,44002,0.8004539012908936,0.8541545867919922,0.05370068550109863,4,11,11,19,213,237,1706257648.500665,0.05370068550109863,17,Avia,4,60,True,True,CURRENT_SUPPORT
seq0006,seq0006_valref_000519,1706257648.6215682,1.9309029579162598,-0.33520200848579407,3.132904052734375,1.935546875,-0.242767333984375,3.07421875,0.10958877950906754,False,False,True,True,True,True,True,True,True,0.10958877950906754,0.10958877950906754,0.83984375,0.83984375,1,20,49024,117,48907,0.9004349708557129,0.9213571548461914,0.020922183990478516,6,13,13,91,300,352,1706257648.600646,0.020922183990478516,19,Avia,4,144,True,True,CURRENT_SUPPORT
seq0006,seq0006_valref_000520,1706257648.6591892,1.8939180374145508,-0.29300400614738464,3.1333329677581787,1.80078125,-0.728271484375,3.43359375,0.5369253158569336,False,False,False,True,True,True,True,False,True,0.0900263711810112,0.5369253158569336,0.83984375,0.83984375,1,20,49024,117,48907,0.9004349708557129,0.9589781761169434,0.05854320526123047,4,13,13,84,279,352,1706257648.600646,0.05854320526123047,19,Avia,4,144,True,True,CURRENT_SUPPORT
seq0006,seq0006_valref_000521,1706257648.7041683,1.8611979484558105,-0.2539669871330261,3.1332619190216064,1.890625,-0.284912109375,3.1015625,0.053182750940322876,False,False,True,True,True,True,True,True,True,0.053182750940322876,0.053182750940322876,0.95703125,0.95703125,1,20,49050,200,48850,0.9002058506011963,0.9038362503051758,0.003630399703979492,5,14,14,129,350,415,1706257648.700538,0.003630399703979492,19,Avia,4,207,True,True,CURRENT_SUPPORT
seq0006,seq0006_valref_000522,1706257648.7566533,1.7928669452667236,-0.17637400329113007,3.1333649158477783,1.90234375,-0.2890625,3.11328125,0.15838946402072906,False,False,True,True,True,True,True,True,True,0.15838946402072906,0.15838946402072906,0.953125,0.953125,1,20,49050,200,48850,0.9002058506011963,0.9563212394714355,0.05611538887023926,3,14,14,118,317,415,1706257648.700538,0.05611538887023926,19,Avia,4,207,True,True,CURRENT_SUPPORT
seq0006,seq0006_valref_000523,1706257648.8036017,1.7549049854278564,-0.13194400072097778,3.1330819129943848,1.53515625,-0.505859375,3.216796875,0.44171303510665894,False,False,True,True,True,True,True,True,True,0.19699151813983917,0.44171303510665894,0.98046875,0.98046875,1,20,49197,402,48795,0.9003739356994629,0.9033117294311523,0.002937793731689453,4,15,15,229,502,605,1706257648.800664,0.002937793731689453,19,Avia,4,297,True,True,CURRENT_SUPPORT
seq0006,seq0006_valref_000524,1706257648.8561447,1.7169040441513062,-0.08873400092124939,3.1331260204315186,1.56640625,-0.48828125,3.25,0.4426591396331787,False,False,True,True,True,True,True,True,True,0.21786053478717804,0.4426591396331787,0.98046875,0.98046875,1,20,49197,402,48795,0.9003739356994629,0.9558546543121338,0.0554807186126709,3,15,15,204,487,605,1706257648.800664,0.0554807186126709,19,Avia,4,297,True,True,CURRENT_SUPPORT
seq0006,seq0006_valref_000525,1706257648.9033992,1.681246042251587,-0.049320999532938004,3.133497953414917,1.580078125,-0.484375,3.2578125,0.46363890171051025,False,False,True,True,True,True,True,True,True,0.1753966212272644,0.46363890171051025,0.984375,0.984375,1,20,49451,535,48916,0.9002189636230469,0.9030592441558838,0.002840280532836914,4,15,15,214,609,709,1706257648.900559,0.002840280532836914,19,Avia,3,338,True,True,CURRENT_SUPPORT
seq0006,seq0006_valref_000526,1706257648.9545727,1.6453839540481567,-0.008603000082075596,3.1335320472717285,1.61328125,-0.470703125,3.2890625,0.48862749338150024,False,False,True,True,True,True,True,True,True,0.21605698764324188,0.48862749338150024,0.984375,0.984375,1,20,49451,535,48916,0.9002189636230469,0.9542326927185059,0.054013729095458984,4,14,15,136,597,709,1706257648.900559,0.054013729095458984,19,Avia,3,338,True,True,CURRENT_SUPPORT
seq0006,seq0006_valref_000527,1706257649.005823,1.6100879907608032,0.03090200014412403,3.1335020065307617,1.4326171875,-0.078125,3.26171875,0.24458599090576172,False,False,True,True,True,True,True,True,True,0.1575334668159485,0.24458599090576172,0.98828125,0.98828125,1,20,49556,715,48841,0.9003400802612305,0.905505895614624,0.005165815353393555,5,15,16,174,764,859,1706257649.000657,0.005165815353393555,19,Avia,3,314,True,True,CURRENT_SUPPORT
seq0006,seq0006_valref_000528,1706257649.0565395,1.5381269454956055,0.11094199866056442,3.13344407081604,1.46875,-0.0546875,3.27734375,0.2301160842180252,False,False,True,True,True,True,True,True,True,0.15947122871875763,0.2301160842180252,0.98828125,0.98828125,1,20,49556,715,48841,0.9003400802612305,0.9562225341796875,0.05588245391845703,3,14,16,104,746,859,1706257649.000657,0.05588245391845703,19,Avia,3,314,True,True,CURRENT_SUPPORT
seq0006,seq0006_valref_000529,1706257649.104273,1.4996999502182007,0.15230800211429596,3.134061098098755,1.412109375,-0.052734375,3.142578125,0.22313006222248077,False,False,True,True,True,True,True,True,True,0.1150890663266182,0.22313006222248077,0.98828125,0.98828125,1,20,49670,883,48787,0.9003291130065918,0.9039971828460693,0.003668069839477539,4,16,17,137,903,1004,1706257649.100605,0.003668069839477539,19,Avia,4,349,True,True,CURRENT_SUPPORT
seq0006,seq0006_valref_000530,1706257649.1557057,1.4617509841918945,0.19514200091362,3.134921073913574,1.4404296875,-0.0390625,3.16015625,0.23652306199073792,False,False,True,True,True,True,True,True,True,0.14146868884563446,0.23652306199073792,0.98828125,0.98828125,1,20,49670,883,48787,0.9003291130065918,0.9554297924041748,0.05510067939758301,4,14,17,106,885,1004,1706257649.100605,0.05510067939758301,19,Avia,4,349,True,True,CURRENT_SUPPORT
seq0006,seq0006_valref_000531,1706257649.211008,1.4254670143127441,0.2337999939918518,3.1361939907073975,1.33642578125,0.0859375,3.103515625,0.17566882073879242,False,False,True,True,True,True,True,True,True,0.17566882073879242,0.17566882073879242,0.9921875,0.9921875,1,20,50179,1165,49014,0.900324821472168,0.9107949733734131,0.010470151901245117,4,14,17,141,1129,1265,1706257649.200538,0.010470151901245117,19,Avia,3,449,True,True,CURRENT_SUPPORT
seq0006,seq0006_valref_000532,1706257649.2552745,1.3894530534744263,0.2722170054912567,3.1380069255828857,1.34619140625,0.111328125,3.111328125,0.16872629523277283,False,False,True,True,True,True,True,True,True,0.16872629523277283,0.16872629523277283,0.9921875,0.9921875,1,20,50179,1165,49014,0.900324821472168,0.9550614356994629,0.05473661422729492,4,12,17,117,1090,1265,1706257649.200538,0.05473661422729492,19,Avia,3,449,True,True,CURRENT_SUPPORT
seq0006,seq0006_valref_000533,1706257649.3179727,1.3096070289611816,0.35357001423835754,3.141664981842041,1.2587890625,0.103515625,3.064453125,0.2665920853614807,False,False,True,True,True,True,True,True,True,0.2665920853614807,0.2665920853614807,0.98828125,0.98828125,1,20,50100,1387,48713,0.9003291130065918,0.9176506996154785,0.01732158660888672,4,8,17,140,1218,1456,1706257649.300651,0.01732158660888672,19,Avia,2,502,True,True,CURRENT_SUPPORT
seq0006,seq0006_valref_000534,1706257649.3549097,1.3096070289611816,0.35356900095939636,3.141664981842041,1.2579345703125,0.1220703125,3.068359375,0.24826477468013763,False,False,True,True,True,True,True,True,True,0.24826477468013763,0.24826477468013763,0.98828125,0.98828125,1,20,50100,1387,48713,0.9003291130065918,0.9545876979827881,0.05425858497619629,4,8,17,140,1218,1456,1706257649.300651,0.05425858497619629,19,Avia,2,502,True,True,CURRENT_SUPPORT
seq0006,seq0006_valref_000535,1706257649.4106958,1.2279139757156372,0.4319930076599121,3.14313006401062,0.990234375,0.3515625,3.091796875,0.25611668825149536,False,False,True,True,True,True,True,True,True,0.1671278178691864,0.25611668825149536,0.984375,0.984375,1,20,50179,1615,48564,0.9003429412841797,0.9104807376861572,0.010137796401977539,5,9,16,142,1221,1658,1706257649.400558,0.010137796401977539,19,Avia,2,454,True,True,CURRENT_SUPPORT
seq0006,seq0006_valref_000536,1706257649.4557266,1.1893559694290161,0.4672299921512604,3.143280029296875,0.98046875,0.37109375,3.09765625,0.23443032801151276,False,False,True,True,True,True,True,True,True,0.19512227177619934,0.23443032801151276,0.984375,0.984375,1,20,50179,1615,48564,0.9003429412841797,0.9555115699768066,0.05516862869262695,4,9,16,118,1085,1658,1706257649.400558,0.05516862869262695,19,Avia,2,453,True,True,CURRENT_SUPPORT
seq0006,seq0006_valref_000537,1706257649.5034785,1.1478110551834106,0.5040370225906372,3.1436519622802734,0.947265625,0.1162109375,3.25390625,0.4503149390220642,False,False,True,True,True,True,True,True,True,0.17782966792583466,0.4503149390220642,0.984375,0.984375,1,20,50416,1819,48597,0.9003150463104248,0.9031364917755127,0.0028214454650878906,4,9,15,156,1226,1844,1706257649.500657,0.0028214454650878906,19,Avia,2,448,True,True,CURRENT_SUPPORT
seq0006,seq0006_valref_000538,1706257649.5621135,1.0608839988708496,0.5764949917793274,3.1452391147613525,0.927734375,0.4140625,3.08203125,0.21933619678020477,False,False,True,True,True,True,True,True,True,0.15118113160133362,0.21933619678020477,0.98828125,0.98828125,1,20,50416,1819,48597,0.9003150463104248,0.9617714881896973,0.06145644187927246,4,8,15,104,1018,1844,1706257649.500657,0.06145644187927246,19,Avia,2,448,True,True,CURRENT_SUPPORT
seq0006,seq0006_valref_000539,1706257649.6095946,1.0121500492095947,0.616195023059845,3.146009922027588,0.9140625,0.43359375,2.9970703125,0.255239874124527,False,False,True,True,True,True,True,True,True,0.2387642115354538,0.255239874124527,0.984375,0.984375,1,20,50316,1906,48410,0.9003219604492188,0.90928053855896,0.008958578109741211,5,9,14,117,1107,1917,1706257649.600636,0.008958578109741211,19,Avia,2,401,True,True,CURRENT_SUPPORT
seq0006,seq0006_valref_000540,1706257649.699109,0.9154229760169983,0.6930279731750488,3.147296905517578,0.89453125,0.46484375,3.0,0.2723983824253082,False,False,True,True,True,True,True,True,True,0.2723983824253082,0.2723983824253082,0.984375,0.984375,1,20,50316,1906,48410,0.9003219604492188,0.9987950325012207,0.09847307205200195,3,8,14,68,914,1917,1706257649.600636,0.09847307205200195,19,Avia,2,389,True,True,CURRENT_SUPPORT
seq0006,seq0006_valref_000541,1706257649.737801,0.869733989238739,0.7271829843521118,3.1478209495544434,1.015625,0.793212890625,3.125,0.16175577044487,False,False,True,True,True,True,True,True,True,0.16175577044487,0.16175577044487,0.98046875,0.98046875,1,20,50401,1988,48413,0.9002702236175537,0.9375271797180176,0.03725695610046387,4,8,13,74,974,1990,1706257649.700544,0.03725695610046387,19,Avia,2,349,True,True,CURRENT_SUPPORT
seq0006,seq0006_valref_000542,1706257649.793421,0.8178669810295105,0.7659040093421936,3.148484945297241,0.98046875,0.7314453125,3.033203125,0.20227861404418945,False,False,True,True,True,True,True,True,True,0.20227861404418945,0.20227861404418945,0.984375,0.984375,1,20,50401,1988,48413,0.9002702236175537,0.9931471347808838,0.09287691116333008,4,8,13,54,864,1990,1706257649.700544,0.09287691116333008,19,Avia,2,332,True,True,CURRENT_SUPPORT
seq0006,seq0006_valref_000543,1706257649.837254,0.7659689784049988,0.8044989705085754,3.148742914199829,1.037109375,0.71923828125,3.07421875,0.2938372790813446,False,False,True,True,True,True,True,True,True,0.1149325966835022,0.2938372790813446,0.98046875,0.98046875,1,20,50180,1985,48195,0.9004459381103516,0.9370429515838623,0.03659701347351074,4,9,12,70,936,1984,1706257649.800657,0.03659701347351074,19,Avia,2,363,True,True,CURRENT_SUPPORT
seq0006,seq0006_valref_000544,1706257649.8783038,0.717540979385376,0.8389059901237488,3.14908504486084,1.0263671875,0.7489471435546875,3.08984375,0.32707148790359497,False,False,True,True,True,True,True,True,True,0.09398389607667923,0.32707148790359497,0.98046875,0.98046875,1,20,50180,1985,48195,0.9004459381103516,0.9780926704406738,0.07764673233032227,4,7,12,47,814,1984,1706257649.800657,0.07764673233032227,19,Avia,2,357,True,True,CURRENT_SUPPORT
seq0006,seq0006_valref_000545,1706257649.9701977,0.6173509955406189,0.9089969992637634,3.1490139961242676,0.521484375,0.704345703125,3.078125,0.23684976994991302,False,False,True,True,True,True,True,True,True,0.10863424837589264,0.23684976994991302,0.98046875,0.98046875,1,20,49915,2094,47821,0.9002280235290527,0.9698545932769775,0.0696265697479248,2,8,12,61,888,2093,1706257649.900571,0.0696265697479248,19,Avia,2,431,True,True,CURRENT_SUPPORT
seq0006,seq0006_valref_000546,1706257650.009102,0.565500020980835,0.9455530047416687,3.1489100456237793,0.576171875,0.96875,2.984375,0.16650456190109253,False,False,True,True,True,True,True,True,True,0.16650456190109253,0.16650456190109253,0.9765625,0.9765625,1,20,50074,2237,47837,0.9003839492797852,0.9088301658630371,0.008446216583251953,3,9,11,171,1099,2235,1706257650.000656,0.008446216583251953,19,Avia,2,564,True,True,CURRENT_SUPPORT
seq0006,seq0006_valref_000547,1706257650.060981,0.5155649781227112,0.9792510271072388,3.149064064025879,0.5703125,0.998046875,3.0,0.15990832448005676,False,False,True,True,True,True,True,True,True,0.15990832448005676,0.15990832448005676,0.9765625,0.9765625,1,20,50074,2237,47837,0.9003839492797852,0.9607090950012207,0.06032514572143555,3,9,10,150,1017,2234,1706257650.000656,0.06032514572143555,19,Avia,2,559,True,True,CURRENT_SUPPORT
seq0006,seq0006_valref_000548,1706257650.106889,0.4638740122318268,1.0148240327835083,3.1492550373077393,0.509765625,1.208984375,3.107421875,0.2038487046957016,False,False,True,True,True,True,True,True,True,0.19314895570278168,0.2038487046957016,0.97265625,0.97265625,1,20,50044,2337,47707,0.9003839492797852,0.9066910743713379,0.006307125091552734,4,8,10,201,1184,2335,1706257650.100582,0.006307125091552734,19,Avia,2,591,True,True,CURRENT_SUPPORT
seq0006,seq0006_valref_000549,1706257650.1543329,0.41189199686050415,1.0492160320281982,3.1501340866088867,0.51171875,1.24322509765625,3.12109375,0.22010961174964905,False,False,True,True,True,True,True,True,True,0.18846769630908966,0.22010961174964905,0.97265625,0.97265625,1,20,50044,2337,47707,0.9003839492797852,0.9541349411010742,0.05375099182128906,4,8,10,177,1082,2335,1706257650.100582,0.05375099182128906,19,Avia,2,587,True,True,CURRENT_SUPPORT
seq0006,seq0006_valref_000550,1706257650.2040055,0.3584110140800476,1.0839569568634033,3.150775909423828,0.66259765625,0.9921875,2.9736328125,0.36377304792404175,False,False,True,True,True,True,True,True,True,0.21064908802509308,0.36377304792404175,0.984375,0.984375,1,20,49646,2302,47344,0.9002580642700195,0.9036905765533447,0.0034325122833251953,5,9,10,194,1226,2300,1706257650.200573,0.0034325122833251953,19,Avia,2,514,True,True,CURRENT_SUPPORT
seq0006,seq0006_valref_000551,1706257650.2533324,0.3037619888782501,1.1187920570373535,3.1513190269470215,0.67041015625,1.01953125,2.986328125,0.41413232684135437,False,False,True,True,True,True,True,True,True,0.20475441217422485,0.41413232684135437,0.984375,0.984375,1,20,49646,2302,47344,0.9002580642700195,0.9530174732208252,0.052759408950805664,3,9,10,140,1129,2298,1706257650.200573,0.052759408950805664,19,Avia,2,512,True,True,CURRENT_SUPPORT
seq0006,seq0006_valref_000552,1706257650.3123877,0.24574600160121918,1.156609058380127,3.1519010066986084,0.51953125,1.0498046875,3.00390625,0.3290410041809082,False,False,True,True,True,True,True,True,True,0.18148210644721985,0.3290410041809082,0.98046875,0.98046875,1,20,49808,2339,47469,0.9002530574798584,0.9119837284088135,0.011730670928955078,4,9,10,139,1277,2339,1706257650.300657,0.011730670928955078,19,Avia,2,500,True,True,CURRENT_SUPPORT
seq0006,seq0006_valref_000553,1706257650.3554168,0.13585099577903748,1.231434941291809,3.1541059017181396,0.509765625,1.0791015625,3.013671875,0.42748022079467773,False,False,True,True,True,True,True,True,True,0.23391187191009521,0.42748022079467773,0.984375,0.984375,1,20,49808,2339,47469,0.9002530574798584,0.9550127983093262,0.05475974082946777,3,7,10,75,1050,2333,1706257650.300657,0.05475974082946777,19,Avia,2,488,True,True,CURRENT_SUPPORT
seq0006,seq0006_valref_000554,1706257650.403993,0.07835499942302704,1.270622968673706,3.1560111045837402,0.455078125,1.18994140625,3.072265625,0.39426276087760925,False,False,True,True,True,True,True,True,True,0.15963292121887207,0.39426276087760925,0.98046875,0.98046875,1,20,49684,2399,47285,0.9001560211181641,0.9035599231719971,0.003403902053833008,3,7,10,80,1243,2390,1706257650.400589,0.003403902053833008,19,Avia,2,547,True,True,CURRENT_SUPPORT
seq0006,seq0006_valref_000555,1706257650.4538138,0.021734999492764473,1.308454990386963,3.1582560539245605,0.43359375,1.2286376953125,3.08984375,0.4250631332397461,False,False,True,True,True,True,True,True,True,0.17551645636558533,0.4250631332397461,0.98046875,0.98046875,1,20,49684,2399,47285,0.9001560211181641,0.953380823135376,0.053224802017211914,3,7,10,63,1139,2383,1706257650.400589,0.053224802017211914,19,Avia,2,531,True,True,CURRENT_SUPPORT
seq0006,seq0006_valref_000556,1706257650.5123255,-0.03047800064086914,1.3445219993591309,3.1597230434417725,-0.1005859375,1.306640625,3.099609375,0.09981871396303177,False,False,True,True,True,True,True,True,True,0.09981871396303177,0.09981871396303177,0.98046875,0.98046875,1,20,49494,2469,47025,0.9003570079803467,0.9120185375213623,0.011661529541015625,4,8,10,96,1291,2454,1706257650.500664,0.011661529541015625,19,Avia,2,576,True,True,CURRENT_SUPPORT
seq0006,seq0006_valref_000557,1706257650.5533524,-0.0817909985780716,1.3774319887161255,3.1605989933013916,-0.076171875,1.310546875,3.107421875,0.08563292771577835,False,False,True,True,True,True,True,True,True,0.08563292771577835,0.08563292771577835,0.98046875,0.98046875,1,20,49494,2469,47025,0.9003570079803467,0.9530453681945801,0.0526883602142334,4,8,10,77,1156,2444,1706257650.500664,0.0526883602142334,19,Avia,2,569,True,True,CURRENT_SUPPORT
seq0006,seq0006_valref_000558,1706257650.619867,-0.2037689983844757,1.4573489427566528,3.1604509353637695,0.408203125,1.486328125,3.162109375,0.6126601099967957,False,False,False,True,True,True,True,False,True,0.0860714316368103,0.6126601099967957,0.984375,0.984375,1,20,49635,2533,47102,0.9003009796142578,0.9195749759674072,0.019273996353149414,3,7,10,93,1092,2519,1706257650.600593,0.019273996353149414,19,Avia,2,526,True,True,CURRENT_SUPPORT
seq0006,seq0006_valref_000559,1706257650.666313,-0.2594200074672699,1.4913350343704224,3.1599578857421875,0.419921875,1.509765625,3.193359375,0.680412232875824,False,False,False,True,True,True,True,False,True,0.07370636612176895,0.680412232875824,0.984375,0.984375,1,20,49635,2533,47102,0.9003009796142578,0.9660208225250244,0.0657198429107666,3,7,10,80,962,2501,1706257650.600593,0.0657198429107666,19,Avia,2,508,True,True,CURRENT_SUPPORT
seq0006,seq0006_valref_000560,1706257650.7087038,-0.3150170147418976,1.5264060497283936,3.1587650775909424,-0.225341796875,1.623046875,3.09375,0.14699678122997284,False,False,True,True,True,True,True,True,True,0.14699678122997284,0.14699678122997284,0.98046875,0.98046875,1,20,49334,2563,46771,0.9002280235290527,0.9083907604217529,0.008162736892700195,4,7,10,72,1038,2547,1706257650.700541,0.008162736892700195,19,Avia,2,442,True,True,CURRENT_SUPPORT
seq0006,seq0006_valref_000561,1706257650.7608438,-0.37019601464271545,1.5603400468826294,3.158195972442627,-0.201904296875,1.65869140625,3.107421875,0.2014276534318924,False,False,True,True,True,True,True,True,True,0.2014276534318924,0.2014276534318924,0.98046875,0.98046875,1,20,49334,2563,46771,0.9002280235290527,0.9605307579040527,0.060302734375,4,7,10,65,860,2533,1706257650.700541,0.060302734375,19,Avia,2,430,True,True,CURRENT_SUPPORT
seq0006,seq0006_valref_000562,1706257650.8037567,-0.42031100392341614,1.5917789936065674,3.1573851108551025,-0.278076171875,1.5576171875,3.01953125,0.2010011523962021,False,False,True,True,True,True,True,True,True,0.2010011523962021,0.2010011523962021,0.9765625,0.9765625,1,20,49202,2603,46599,0.9003100395202637,0.9034607410430908,0.0031507015228271484,4,7,10,107,983,2593,1706257650.800606,0.0031507015228271484,19,Avia,2,433,True,True,CURRENT_SUPPORT
seq0006,seq0006_valref_000563,1706257650.8559473,-0.47211501002311707,1.625609040260315,3.1572580337524414,-0.26251220703125,1.5947265625,3.029296875,0.24750983715057373,False,False,True,True,True,True,True,True,True,0.24750983715057373,0.24750983715057373,0.98046875,0.98046875,1,20,49202,2603,46599,0.9003100395202637,0.9556512832641602,0.055341243743896484,4,7,10,80,864,2580,1706257650.800606,0.055341243743896484,19,Avia,2,421,True,True,CURRENT_SUPPORT
seq0006,seq0006_valref_000564,1706257650.907864,-0.5223270058631897,1.6579960584640503,3.157296895980835,-0.419921875,1.691650390625,3.068359375,0.13974730670452118,False,False,True,True,True,True,True,True,True,0.13974730670452118,0.13974730670452118,0.98046875,0.98046875,1,20,49327,2565,46762,0.9003870487213135,0.9076681137084961,0.007281064987182617,5,8,10,111,967,2550,1706257650.900583,0.007281064987182617,19,Avia,2,443,True,True,CURRENT_SUPPORT
seq0006,seq0006_valref_000565,1706257650.958247,-0.57464998960495,1.692821979522705,3.1582159996032715,-0.07421875,1.5458984375,3.064453125,0.5299145579338074,False,False,False,True,True,True,True,False,True,0.17789848148822784,0.5299145579338074,0.984375,0.984375,1,20,49327,2565,46762,0.9003870487213135,0.9580509662628174,0.057663917541503906,4,8,10,82,853,2546,1706257650.900583,0.057663917541503906,19,Avia,2,436,True,True,CURRENT_SUPPORT
seq0006,seq0006_valref_000566,1706257651.0052378,-0.6791639924049377,1.7652050256729126,3.1619579792022705,-0.529296875,1.66259765625,3.03515625,0.22151094675064087,False,False,True,True,True,True,True,True,True,0.22151094675064087,0.22151094675064087,0.9765625,0.9765625,1,20,48988,2418,46570,0.900454044342041,0.9050419330596924,0.004587888717651367,4,7,10,74,829,2402,1706257651.00065,0.004587888717651367,19,Avia,2,378,True,True,CURRENT_SUPPORT
seq0006,seq0006_valref_000567,1706257651.05548,-0.7265849709510803,1.8013010025024414,3.1638150215148926,-0.5146484375,1.698486328125,3.04296875,0.2647485136985779,False,False,True,True,True,True,True,True,True,0.2455078661441803,0.2647485136985779,0.98046875,0.98046875,1,20,48988,2418,46570,0.900454044342041,0.9552841186523438,0.054830074310302734,3,7,10,57,739,2390,1706257651.00065,0.054830074310302734,19,Avia,2,362,True,True,CURRENT_SUPPORT
seq0006,seq0006_valref_000568,1706257651.1185472,-0.7731850147247314,1.836271047592163,3.166088104248047,-0.85888671875,1.714599609375,3.107421875,0.15997013449668884,False,False,True,True,True,True,True,True,True,0.15997013449668884,0.15997013449668884,0.9765625,0.9765625,1,20,48822,2373,46449,0.9003210067749023,0.9182741641998291,0.017953157424926758,4,9,11,63,892,2349,1706257651.100594,0.017953157424926758,19,Avia,3,400,True,True,CURRENT_SUPPORT
seq0006,seq0006_valref_000569,1706257651.1545517,-0.8209710121154785,1.8747899532318115,3.167965888977051,-0.4365234375,1.785400390625,3.05859375,0.4095762372016907,False,False,True,True,True,True,True,True,True,0.1446940302848816,0.4095762372016907,0.98046875,0.98046875,1,20,48822,2373,46449,0.9003210067749023,0.9542787075042725,0.05395770072937012,3,9,11,40,815,2335,1706257651.100594,0.05395770072937012,19,Avia,3,395,True,True,CURRENT_SUPPORT
seq0006,seq0006_valref_000570,1706257651.2065,-0.8670589923858643,1.9109630584716797,3.170387029647827,-0.888671875,1.3984375,3.19921875,0.5137906670570374,False,False,False,True,True,True,True,False,True,0.19710683822631836,0.5137906670570374,0.98046875,0.98046875,1,20,49082,2365,46717,0.9003200531005859,0.9062840938568115,0.005964040756225586,4,9,11,53,967,2341,1706257651.200536,0.005964040756225586,19,Avia,3,463,True,True,CURRENT_SUPPORT
seq0006,seq0006_valref_000571,1706257651.2562885,-0.9127069711685181,1.9494290351867676,3.172435998916626,-0.869140625,1.42578125,3.220703125,0.5276691317558289,False,False,False,True,True,True,True,False,True,0.1843627244234085,0.5276691317558289,0.98046875,0.98046875,1,20,49082,2365,46717,0.9003200531005859,0.9560725688934326,0.05575251579284668,3,9,11,44,910,2328,1706257651.200536,0.05575251579284668,19,Avia,3,463,True,True,CURRENT_SUPPORT
seq0006,seq0006_valref_000572,1706257651.306943,-1.005295991897583,2.0270209312438965,3.1765270233154297,-1.0380859375,1.7198486328125,3.126953125,0.3128699064254761,False,False,True,True,True,True,True,True,True,0.2254878431558609,0.3128699064254761,0.9765625,0.9765625,1,20,48869,2287,46582,0.9003071784973145,0.9066250324249268,0.006317853927612305,3,10,12,28,851,2261,1706257651.300625,0.006317853927612305,19,Avia,3,421,True,True,CURRENT_SUPPORT
seq0006,seq0006_valref_000573,1706257651.3555105,-1.0490260124206543,2.0649869441986084,3.1777780055999756,-1.029296875,1.7589111328125,3.138671875,0.30919399857521057,False,False,True,True,True,True,True,True,True,0.23913101851940155,0.30919399857521057,0.9765625,0.9765625,1,20,48869,2287,46582,0.9003071784973145,0.9551925659179688,0.0548853874206543,1,10,12,18,774,2243,1706257651.300625,0.0548853874206543,19,Avia,3,410,True,True,CURRENT_SUPPORT
seq0006,seq0006_valref_000574,1706257651.4042194,-1.0913690328598022,2.1028220653533936,3.179047107696533,-0.857421875,1.81298828125,3.15234375,0.37342730164527893,False,False,True,True,True,True,True,True,True,0.11057509481906891,0.37342730164527893,0.98046875,0.98046875,1,20,48710,2110,46600,0.9002840518951416,0.903935432434082,0.0036513805389404297,2,12,13,14,803,2104,1706257651.400568,0.0036513805389404297,19,Avia,4,310,True,True,CURRENT_SUPPORT
seq0006,seq0006_valref_000575,1706257651.4557397,-1.134930968284607,2.1401259899139404,3.18033504486084,-0.859375,1.8447265625,3.171875,0.4040587544441223,False,False,True,True,True,True,True,True,True,0.14490798115730286,0.4040587544441223,0.98046875,0.98046875,1,20,48710,2110,46600,0.9002840518951416,0.9554557800292969,0.05517172813415527,2,11,13,8,738,2091,1706257651.400568,0.05517172813415527,19,Avia,4,308,True,True,CURRENT_SUPPORT
seq0006,seq0006_valref_000576,1706257651.5078733,-1.1770199537277222,2.1777889728546143,3.1809849739074707,-0.697265625,1.8115234375,3.12109375,0.6065489649772644,False,False,False,True,True,True,True,False,True,0.1309090256690979,0.6065489649772644,0.984375,0.984375,1,20,48769,1884,46885,0.9004549980163574,0.9076673984527588,0.007212400436401367,2,13,14,2,753,1918,1706257651.500661,0.007212400436401367,19,Avia,4,220,True,True,CURRENT_SUPPORT
seq0006,seq0006_valref_000577,1706257651.5575392,-1.2200779914855957,2.215487003326416,3.18143892288208,-0.693359375,1.8310546875,3.140625,0.6533654928207397,False,False,False,True,True,True,True,False,True,0.16956816613674164,0.5867904424667358,0.984375,0.984375,1,20,48769,1884,46885,0.9004549980163574,0.9573333263397217,0.05687832832336426,1,12,14,1,651,1908,1706257651.500661,0.05687832832336426,19,Avia,4,219,True,True,CURRENT_SUPPORT
seq0006,seq0006_valref_000578,1706257651.6203022,-1.3077510595321655,2.2915780544281006,3.1818859577178955,-0.9951171875,1.7579345703125,3.16796875,0.6186347603797913,False,False,False,True,True,True,True,True,True,0.22139351069927216,0.41805148124694824,0.984375,0.984375,1,20,48521,1651,46870,0.9002020359039307,0.9199082851409912,0.019706249237060547,1,13,15,1,523,1726,1706257651.600596,0.019706249237060547,19,Avia,4,155,True,True,CURRENT_SUPPORT
seq0006,seq0006_valref_000579,1706257651.6566567,-1.3490300178527832,2.328212022781372,3.1815741062164307,-1.0,1.7742919921875,3.1796875,0.654715895652771,False,False,False,True,True,True,True,True,True,0.2700975239276886,0.36888524889945984,0.984375,0.984375,1,20,48521,1651,46870,0.9002020359039307,0.9562628269195557,0.056060791015625,1,12,15,1,439,1706,1706257651.600596,0.056060791015625,19,Avia,4,154,True,True,CURRENT_SUPPORT
seq0006,seq0006_valref_000580,1706257651.730358,-1.4311679601669312,2.4009180068969727,3.18109393119812,-1.015625,1.742645263671875,3.228515625,0.7799023985862732,False,False,False,True,True,True,True,True,True,0.11866651475429535,0.3151035010814667,0.984375,0.984375,1,20,48634,1467,47167,0.9002969264984131,0.9301269054412842,0.029829978942871094,1,13,16,1,330,1581,1706257651.700528,0.029829978942871094,19,Avia,4,115,True,True,CURRENT_SUPPORT
seq0006,seq0006_valref_000581,1706257651.7729318,-1.4718300104141235,2.436532974243164,3.1801021099090576,-1.01171875,1.747772216796875,3.25,0.8312517404556274,False,False,False,True,True,True,True,True,True,0.08327071368694305,0.24419859051704407,0.984375,0.984375,1,20,48634,1467,47167,0.9002969264984131,0.972700834274292,0.0724039077758789,2,13,16,3,279,1571,1706257651.700528,0.0724039077758789,19,Avia,4,114,True,True,CURRENT_SUPPORT
seq0006,seq0006_valref_000582,1706257651.81691,-1.5140529870986938,2.4756269454956055,3.178515911102295,-1.00390625,1.7227783203125,3.26953125,0.9139554500579834,False,False,False,True,True,True,True,True,True,0.1753564327955246,0.2426362782716751,0.984375,0.984375,1,20,48718,1228,47490,0.9003310203552246,0.9166350364685059,0.01630401611328125,2,13,16,2,249,1372,1706257651.800272,0.01663804054260254,18,Mid360,3,77,True,True,CURRENT_SUPPORT
seq0006,seq0006_valref_000583,1706257651.8661444,-1.5544580221176147,2.512289047241211,3.1757850646972656,-1.6865234375,2.615234375,3.107421875,0.1808660924434662,False,False,True,True,True,True,True,True,True,0.148790642619133,0.1808660924434662,0.98046875,0.98046875,1,20,48718,1228,47490,0.9003310203552246,0.9658694267272949,0.06553840637207031,2,13,16,2,212,1362,1706257651.800272,0.0658724308013916,18,Mid360,3,76,True,True,CURRENT_SUPPORT
seq0006,seq0006_valref_000584,1706257651.9077573,-1.5991729497909546,2.553464889526367,3.171889066696167,-1.774169921875,2.53515625,3.142578125,0.17837679386138916,False,False,True,True,True,True,True,True,True,0.10857132822275162,0.17837679386138916,0.97265625,0.97265625,1,20,48516,1024,47492,0.9001388549804688,0.9073622226715088,0.007223367691040039,2,11,16,2,199,1211,1706257651.900393,0.0073642730712890625,18,Mid360,2,55,True,True,CURRENT_SUPPORT
seq0006,seq0006_valref_000585,1706257651.9574358,-1.640246033668518,2.5938549041748047,3.1677908897399902,-1.7691650390625,2.544921875,3.16015625,0.13810445368289948,False,False,True,True,True,True,True,True,True,0.13810445368289948,0.13810445368289948,0.97265625,0.97265625,1,20,48516,1024,47492,0.9001388549804688,0.9570407867431641,0.05690193176269531,2,7,16,2,170,1192,1706257651.900393,0.057042837142944336,18,Mid360,2,55,True,True,CURRENT_SUPPORT
seq0006,seq0006_valref_000586,1706257652.0066073,-1.6796669960021973,2.6320838928222656,3.1630020141601562,-1.7337646484375,2.5546875,3.15625,0.09466967731714249,False,False,True,True,True,True,True,True,True,0.09466967731714249,0.09466967731714249,0.875,0.875,1,20,48606,848,47758,0.900346040725708,0.9063372611999512,0.005991220474243164,0,7,16,0,177,1056,1706257652.000285,0.006322383880615234,18,Mid360,2,49,True,True,CURRENT_SUPPORT
seq0006,seq0006_valref_000587,1706257652.055677,-1.7193100452423096,2.670773983001709,3.157749891281128,-1.7330322265625,2.5703125,3.169921875,0.10212230682373047,False,False,True,True,True,True,True,True,True,0.10212230682373047,0.10212230682373047,0.9140625,0.9140625,1,20,48606,848,47758,0.900346040725708,0.955406904220581,0.05506086349487305,0,7,16,0,158,1054,1706257652.000285,0.05539202690124512,18,Mid360,2,49,True,True,CURRENT_SUPPORT
seq0006,seq0006_valref_000588,1706257652.1078753,-1.759917974472046,2.7127490043640137,3.1520910263061523,-1.841796875,2.5546875,3.193359375,0.18273113667964935,False,False,True,True,True,True,True,True,True,0.10455060005187988,0.18273113667964935,0.94140625,0.94140625,1,20,48670,625,48045,0.9003229141235352,0.9076492786407471,0.007326364517211914,0,8,15,0,167,856,1706257652.100185,0.0076904296875,18,Mid360,2,45,True,True,CURRENT_SUPPORT
seq0006,seq0006_valref_000589,1706257652.157584,-1.838196039199829,2.795380115509033,3.143218994140625,-1.84033203125,2.564453125,3.208984375,0.24011856317520142,False,False,True,True,True,True,True,True,True,0.08861803263425827,0.24011856317520142,0.9453125,0.9453125,1,20,48670,625,48045,0.9003229141235352,0.9573578834533691,0.057034969329833984,0,8,15,0,130,842,1706257652.100185,0.05739903450012207,18,Mid360,2,45,True,True,CURRENT_SUPPORT
seq0006,seq0006_valref_000590,1706257652.2037961,-1.8743339776992798,2.8353400230407715,3.139841079711914,-1.916015625,2.935546875,3.099609375,0.11574697494506836,False,False,True,True,True,True,True,True,True,0.11574697494506836,0.11574697494506836,0.92578125,0.92578125,1,20,48312,387,47925,0.9003019332885742,0.9034430980682373,0.003141164779663086,0,7,15,0,133,638,1706257652.200309,0.003487110137939453,18,Mid360,2,45,True,True,CURRENT_SUPPORT
seq0006,seq0006_valref_000591,1706257652.255455,-1.9090240001678467,2.876741886138916,3.1367878913879395,-1.916015625,2.947265625,3.11328125,0.07466620951890945,False,False,True,True,True,True,True,True,True,0.07466620951890945,0.07466620951890945,0.921875,0.921875,1,20,48312,387,47925,0.9003019332885742,0.9551019668579102,0.05480003356933594,0,7,15,0,115,636,1706257652.200309,0.055145978927612305,18,Mid360,2,45,True,True,CURRENT_SUPPORT
seq0006,seq0006_valref_000592,1706257652.3158722,-1.9468499422073364,2.9212520122528076,3.134634017944336,-2.078125,2.9560546875,3.12109375,0.1364833563566208,False,False,True,True,True,True,True,True,True,0.1364833563566208,0.1364833563566208,0.94921875,0.94921875,1,20,48481,206,48275,0.9003200531005859,0.9155771732330322,0.015257120132446289,0,8,14,0,119,474,1706257652.300271,0.015601158142089844,18,Mid360,2,39,True,True,CURRENT_SUPPORT
seq0006,seq0006_valref_000593,1706257652.3557267,-1.9829930067062378,2.9688189029693604,3.1316030025482178,-2.08203125,2.9677734375,3.126953125,0.09915285557508469,False,False,True,True,True,True,True,True,True,0.09915285557508469,0.09915285557508469,0.94921875,0.94921875,1,20,48481,206,48275,0.9003200531005859,0.9554316997528076,0.05511164665222168,0,8,14,0,111,473,1706257652.300271,0.055455684661865234,18,Mid360,2,39,True,True,CURRENT_SUPPORT
seq0006,seq0006_valref_000594,1706257652.4040291,-2.0211920738220215,3.0153870582580566,3.129793882369995,-2.134765625,3.029296875,3.166015625,0.12001854181289673,False,False,True,True,True,True,True,True,True,0.046331197023391724,0.12001854181289673,0.9609375,0.9609375,1,20,48646,90,48556,0.900378942489624,0.9038410186767578,0.003462076187133789,2,9,13,2,99,351,1706257652.400275,0.003754138946533203,18,Mid360,2,23,True,True,CURRENT_SUPPORT
seq0006,seq0006_valref_000595,1706257652.458642,-2.0931758880615234,3.113468885421753,3.1265718936920166,-2.134765625,3.0390625,3.17578125,0.09842549264431,False,False,True,True,True,True,True,True,True,0.09842549264431,0.09842549264431,0.95703125,0.95703125,1,20,48646,90,48556,0.900378942489624,0.958453893661499,0.058074951171875,0,7,13,0,80,348,1706257652.400275,0.058367013931274414,18,Mid360,2,23,True,True,CURRENT_SUPPORT
seq0006,seq0006_valref_000596,1706257652.505958,-2.130948066711426,3.160291910171509,3.126246929168701,-2.123046875,3.015625,3.12109375,0.14497412741184235,False,False,True,True,True,True,True,True,True,0.08173904567956924,0.14497412741184235,0.96484375,0.96484375,1,20,48495,31,48464,0.900317907333374,0.9056320190429688,0.0053141117095947266,0,8,12,0,78,266,1706257652.500313,0.005645036697387695,18,Mid360,2,12,True,True,CURRENT_SUPPORT
seq0006,seq0006_valref_000597,1706257652.5574853,-2.1656360626220703,3.2089390754699707,3.125417947769165,-2.1494140625,3.095703125,3.154296875,0.11798103898763657,False,False,True,True,True,True,True,True,True,0.11798103898763657,0.11798103898763657,0.9609375,0.9609375,1,20,48495,31,48464,0.900317907333374,0.9571592807769775,0.056841373443603516,0,5,12,0,65,266,1706257652.500313,0.057172298431396484,18,Mid360,2,12,True,True,CURRENT_SUPPORT
seq0006,seq0006_valref_000598,1706257652.6031258,-2.2021000385284424,3.258368968963623,3.124911069869995,-2.109375,3.2021484375,3.1484375,0.11096023768186569,False,False,True,True,True,True,True,True,True,0.08138123899698257,0.11096023768186569,0.96484375,0.96484375,1,20,48630,12,48618,0.9002988338470459,0.9028537273406982,0.0025548934936523438,0,6,11,0,56,206,1706257652.600283,0.0028429031372070312,18,Mid360,2,12,True,True,CURRENT_SUPPORT
seq0006,seq0006_valref_000599,1706257652.6589494,-2.238693952560425,3.3065290451049805,3.1251490116119385,-2.09375,3.202880859375,3.154296875,0.18055827915668488,False,False,True,True,True,True,True,True,True,0.1295718550682068,0.18055827915668488,0.96875,0.96875,1,20,48630,12,48618,0.9002988338470459,0.9586772918701172,0.05837845802307129,0,5,11,0,50,205,1706257652.600283,0.05866646766662598,18,Mid360,2,12,True,True,CURRENT_SUPPORT
seq0007,seq0007_valref_000600,1706257652.7064168,-2.27508807182312,3.3546440601348877,3.124569892883301,nan,nan,nan,nan,True,True,False,False,False,False,False,False,False,nan,nan,nan,nan,,0,0,0,0,nan,nan,nan,0,0,0,0,0,0,nan,nan,,,0,0,False,False,NO_CURRENT_SUPPORT
seq0007,seq0007_valref_000601,1706257652.7546568,-2.346398115158081,3.4499568939208984,3.1230580806732178,nan,nan,nan,nan,True,True,False,False,False,False,False,False,False,nan,nan,nan,nan,,0,0,0,0,nan,nan,nan,0,0,0,0,0,0,nan,nan,,,0,0,False,False,NO_CURRENT_SUPPORT
seq0007,seq0007_valref_000602,1706257652.8031335,-2.381619930267334,3.5001909732818604,3.1217238903045654,-2.423828125,3.224609375,3.232421875,0.29996800422668457,False,False,True,True,True,True,True,True,True,0.1926371306180954,0.29996800422668457,0.13671875,0.13671875,1,2,4811,0,4811,0.00041103363037109375,0.0029604434967041016,0.002549409866333008,0,1,1,0,4,4,1706257652.800173,0.0029604434967041016,0,Mid360,1,4,True,True,CURRENT_SUPPORT
seq0007,seq0007_valref_000603,1706257652.8581223,-2.419469118118286,3.5511019229888916,3.1209731101989746,-2.4150390625,3.216552734375,3.26171875,0.3629767596721649,False,False,True,True,True,True,True,True,True,0.17219211161136627,0.3629767596721649,0.09033203125,0.09033203125,1,2,4811,0,4811,0.00041103363037109375,0.05794930458068848,0.05753827095031738,0,1,1,0,4,4,1706257652.800173,0.05794930458068848,0,Mid360,1,4,True,True,CURRENT_SUPPORT
seq0007,seq0007_valref_000604,1706257652.9061382,-2.455622911453247,3.6007490158081055,3.1200098991394043,-2.4365234375,3.34375,3.16015625,0.2608160674571991,False,False,True,True,True,True,True,True,True,0.11527180671691895,0.2608160674571991,0.33203125,0.33203125,1,4,9735,0,9735,0.10036897659301758,0.10596513748168945,0.005596160888671875,0,1,1,0,4,4,1706257652.800173,0.10596513748168945,0,Mid360,1,4,True,True,CURRENT_SUPPORT
seq0007,seq0007_valref_000605,1706257652.95473,-2.4911439418792725,3.6515560150146484,3.1184399127960205,-2.4267578125,3.3486328125,3.18359375,0.3164696991443634,False,False,True,True,True,True,True,True,True,0.08537200838327408,0.3164696991443634,0.25390625,0.25390625,1,4,9735,0,9735,0.10036897659301758,0.1545569896697998,0.05418801307678223,0,1,1,0,4,4,1706257652.800173,0.1545569896697998,0,Mid360,1,4,True,True,CURRENT_SUPPORT
seq0007,seq0007_valref_000606,1706257653.004549,-2.5279479026794434,3.7056679725646973,3.117002010345459,-2.505859375,3.4169921875,3.087890625,0.2909795343875885,False,False,True,True,True,True,True,True,True,0.18624277412891388,0.2909795343875885,0.54296875,0.54296875,1,6,14503,0,14503,0.2004239559173584,0.2043759822845459,0.0039520263671875,0,2,2,0,10,10,1706257653.000187,0.0043621063232421875,4,Mid360,1,6,True,True,CURRENT_SUPPORT
seq0007,seq0007_valref_000607,1706257653.0562036,-2.568413019180298,3.7632009983062744,3.1154239177703857,-2.505859375,3.4345703125,3.095703125,0.33511191606521606,False,False,True,True,True,True,True,True,True,0.2022322118282318,0.33511191606521606,0.6015625,0.6015625,1,6,14503,0,14503,0.2004239559173584,0.2560305595397949,0.05560660362243652,0,2,2,0,10,10,1706257653.000187,0.05601668357849121,4,Mid360,1,6,True,True,CURRENT_SUPPORT
seq0007,seq0007_valref_000608,1706257653.1172733,-2.6022889614105225,3.818567991256714,3.114406108856201,-2.6455078125,3.75408935546875,3.12109375,0.07791076600551605,False,False,True,True,True,True,True,True,True,0.07791076600551605,0.07791076600551605,0.98046875,0.98046875,1,8,19390,0,19390,0.3003668785095215,0.31710028648376465,0.016733407974243164,0,3,3,0,24,24,1706257653.100312,0.016961336135864258,6,Mid360,2,20,True,True,CURRENT_SUPPORT
seq0007,seq0007_valref_000609,1706257653.156369,-2.670902967453003,3.923996925354004,3.1126530170440674,-2.63720703125,3.7512054443359375,3.12890625,0.17679502069950104,False,False,True,True,True,True,True,True,True,0.17679502069950104,0.17679502069950104,0.98046875,0.98046875,1,8,19390,0,19390,0.3003668785095215,0.35619592666625977,0.05582904815673828,0,3,3,0,24,24,1706257653.100312,0.056056976318359375,6,Mid360,2,20,True,True,CURRENT_SUPPORT
seq0007,seq0007_valref_000610,1706257653.2057343,-2.7035090923309326,3.972064971923828,3.112989902496338,-2.6328125,3.82568359375,3.099609375,0.16310903429985046,False,False,True,True,True,True,True,True,True,0.16310903429985046,0.16310903429985046,0.98046875,0.98046875,1,10,24335,0,24335,0.40044093132019043,0.4055612087249756,0.005120277404785156,0,4,4,0,26,27,1706257653.200277,0.005457162857055664,8,Mid360,2,17,True,True,CURRENT_SUPPORT
seq0007,seq0007_valref_000611,1706257653.2556217,-2.7357571125030518,4.024775981903076,3.111948013305664,-2.6220703125,3.82373046875,3.111328125,0.23096400499343872,False,False,True,True,True,True,True,True,True,0.23096400499343872,0.23096400499343872,0.98046875,0.98046875,1,10,24335,0,24335,0.40044093132019043,0.45544862747192383,0.0550076961517334,0,4,4,0,24,27,1706257653.200277,0.055344581604003906,8,Mid360,2,17,True,True,CURRENT_SUPPORT
seq0007,seq0007_valref_000612,1706257653.3161886,-2.767604112625122,4.073190212249756,3.11135196685791,-2.727783203125,3.9208984375,3.123046875,0.15784567594528198,False,False,True,True,True,True,True,True,True,0.15784567594528198,0.15784567594528198,0.97265625,0.97265625,1,12,29078,0,29078,0.500391960144043,0.5160155296325684,0.01562356948852539,0,5,5,0,27,31,1706257653.300272,0.01591658592224121,10,Mid360,2,7,True,True,CURRENT_SUPPORT
seq0007,seq0007_valref_000613,1706257653.3585415,-2.8013699054718018,4.126058101654053,3.1102230548858643,-2.723388671875,3.9248046875,3.13671875,0.2174535095691681,False,False,True,True,True,True,True,True,True,0.2174535095691681,0.2174535095691681,0.9765625,0.9765625,1,12,29078,0,29078,0.500391960144043,0.558368444442749,0.057976484298706055,0,5,5,0,26,31,1706257653.300272,0.058269500732421875,10,Mid360,2,7,True,True,CURRENT_SUPPORT
seq0007,seq0007_valref_000614,1706257653.4064014,-2.868778944015503,4.2312140464782715,3.107326030731201,-2.794189453125,4.0390625,3.150390625,0.2105715274810791,False,False,True,True,True,True,True,True,True,0.2105715274810791,0.2105715274810791,0.9765625,0.9765625,1,14,34004,0,34004,0.6003589630126953,0.6062283515930176,0.005869388580322266,0,6,6,0,25,35,1706257653.400187,0.0062143802642822266,12,Mid360,2,8,True,True,CURRENT_SUPPORT
seq0007,seq0007_valref_000615,1706257653.4559913,-2.9011099338531494,4.283477783203125,3.1055688858032227,-2.793212890625,4.0390625,3.16796875,0.2743616998195648,False,False,True,True,True,True,True,True,True,0.2743616998195648,0.2743616998195648,0.9765625,0.9765625,1,14,34004,0,34004,0.6003589630126953,0.6558182239532471,0.05545926094055176,0,5,6,0,24,35,1706257653.400187,0.05580425262451172,12,Mid360,2,8,True,True,CURRENT_SUPPORT
seq0007,seq0007_valref_000616,1706257653.5046902,-2.9372758865356445,4.336596965789795,3.104620933532715,-3.025390625,4.37890625,3.076171875,0.10180192440748215,False,False,True,True,True,True,True,True,True,0.10180192440748215,0.10180192440748215,0.96875,0.96875,1,16,38922,0,38922,0.7004139423370361,0.704517126083374,0.004103183746337891,0,5,7,0,32,49,1706257653.500271,0.004419088363647461,14,Mid360,2,18,True,True,CURRENT_SUPPORT
seq0007,seq0007_valref_000617,1706257653.556663,-2.9716451168060303,4.389802932739258,3.10400390625,-3.02734375,4.4033203125,3.076171875,0.0637156143784523,False,False,True,True,True,True,True,True,True,0.0637156143784523,0.0637156143784523,0.97265625,0.97265625,1,16,38922,0,38922,0.7004139423370361,0.7564899921417236,0.0560760498046875,0,5,7,0,29,49,1706257653.500271,0.05639195442199707,14,Mid360,2,18,True,True,CURRENT_SUPPORT
seq0007,seq0007_valref_000618,1706257653.6058068,-3.007145881652832,4.4452290534973145,3.103454113006592,-3.0625,4.404296875,3.09765625,0.06908789277076721,False,False,True,True,True,True,True,True,True,0.06908789277076721,0.06908789277076721,0.97265625,0.97265625,1,18,43668,0,43668,0.8013949394226074,0.8056337833404541,0.00423884391784668,0,4,7,0,23,49,1706257653.500271,0.10553574562072754,14,Mid360,1,14,True,True,CURRENT_SUPPORT
seq0007,seq0007_valref_000619,1706257653.655769,-3.045754909515381,4.506516933441162,3.102638006210327,-3.0625,4.42578125,3.099609375,0.08250952512025833,False,False,True,True,True,True,True,True,True,0.08250952512025833,0.08250952512025833,0.96875,0.96875,1,18,43668,0,43668,0.8013949394226074,0.8555960655212402,0.05420112609863281,0,3,7,0,19,49,1706257653.500271,0.15549802780151367,14,Mid360,1,14,True,True,CURRENT_SUPPORT
seq0007,seq0007_valref_000620,1706257653.703277,-3.08489990234375,4.5654802322387695,3.1028189659118652,-3.1953125,4.4609375,3.08203125,0.15346743166446686,False,False,True,True,True,True,True,True,True,0.15346743166446686,0.15346743166446686,0.953125,0.953125,1,20,48634,0,48634,0.9004318714141846,0.9031040668487549,0.0026721954345703125,0,3,8,0,21,53,1706257653.700305,0.002972126007080078,18,Mid360,1,4,True,True,CURRENT_SUPPORT
seq0007,seq0007_valref_000621,1706257653.7621605,-3.159346103668213,4.678565979003906,3.1017770767211914,-3.203125,4.4833984375,3.0859375,0.2006435990333557,False,False,True,True,True,True,True,True,True,0.17425550520420074,0.2006435990333557,0.953125,0.953125,1,20,48634,0,48634,0.9004318714141846,0.9619874954223633,0.06155562400817871,0,3,8,0,21,53,1706257653.700305,0.06185555458068848,18,Mid360,1,4,True,True,CURRENT_SUPPORT
seq0007,seq0007_valref_000622,1706257653.8066316,-3.1950199604034424,4.733439922332764,3.100994110107422,-3.103515625,4.771484375,3.12109375,0.1011158749461174,False,False,True,True,True,True,True,True,True,0.1011158749461174,0.1011158749461174,0.9609375,0.9609375,1,20,48758,0,48758,0.9003331661224365,0.906355619430542,0.006022453308105469,0,3,8,0,24,57,1706257653.80027,0.006361484527587891,18,Mid360,2,12,True,True,CURRENT_SUPPORT
seq0007,seq0007_valref_000623,1706257653.8552856,-3.2300140857696533,4.786277770996094,3.1008810997009277,-3.107421875,4.776611328125,3.126953125,0.12570616602897644,False,False,True,True,True,True,True,True,True,0.12570616602897644,0.12570616602897644,0.96484375,0.96484375,1,20,48758,0,48758,0.9003331661224365,0.9550096988677979,0.05467653274536133,0,3,8,0,23,57,1706257653.80027,0.05501556396484375,18,Mid360,2,11,True,True,CURRENT_SUPPORT
seq0007,seq0007_valref_000624,1706257653.9042962,-3.2635369300842285,4.839605808258057,3.100343942642212,-3.297119140625,4.908203125,3.1015625,0.07638613879680634,False,False,True,True,True,True,True,True,True,0.038788776844739914,0.07638613879680634,0.94921875,0.94921875,1,20,48631,0,48631,0.9003369808197021,0.9041092395782471,0.003772258758544922,0,4,9,0,21,60,1706257653.90027,0.004026174545288086,18,Mid360,2,11,True,True,CURRENT_SUPPORT
seq0007,seq0007_valref_000625,1706257653.9560568,-3.2995829582214355,4.892914772033691,3.1004788875579834,-3.30322265625,4.9130859375,3.1328125,0.03828296810388565,False,False,True,True,True,True,True,True,True,0.03828296810388565,0.03828296810388565,0.95703125,0.95703125,1,20,48631,0,48631,0.9003369808197021,0.9558699131011963,0.05553293228149414,0,4,9,0,20,59,1706257653.90027,0.055786848068237305,18,Mid360,2,11,True,True,CURRENT_SUPPORT
seq0007,seq0007_valref_000626,1706257654.0252802,-3.3331220149993896,4.946284770965576,3.0996670722961426,-3.4013671875,4.958984375,3.068359375,0.07615021616220474,False,False,True,True,True,True,True,True,True,0.07542973756790161,0.07615021616220474,0.96875,0.96875,1,20,48823,0,48823,0.9002790451049805,0.9249682426452637,0.024689197540283203,0,4,9,0,16,56,1706257654.000305,0.024975299835205078,18,Mid360,2,5,True,True,CURRENT_SUPPORT
seq0007,seq0007_valref_000627,1706257654.1059248,-3.4056670665740967,5.058122158050537,3.100119113922119,-3.5,4.93359375,3.06640625,0.15982046723365784,False,False,True,True,True,True,True,True,True,0.15982046723365784,0.15982046723365784,0.96875,0.96875,1,20,48812,0,48812,0.9002618789672852,0.9056477546691895,0.005385875701904297,0,5,9,0,15,43,1706257654.100233,0.0056917667388916016,18,Mid360,2,3,True,True,CURRENT_SUPPORT
seq0007,seq0007_valref_000628,1706257654.1570616,-3.478037118911743,5.174651145935059,3.098742961883545,-3.505859375,4.9482421875,3.078125,0.2290419042110443,False,False,True,True,True,True,True,True,True,0.14062993228435516,0.2290419042110443,0.96484375,0.96484375,1,20,48812,0,48812,0.9002618789672852,0.9567844867706299,0.05652260780334473,0,4,9,0,13,43,1706257654.100233,0.05682849884033203,18,Mid360,2,3,True,True,CURRENT_SUPPORT
seq0007,seq0007_valref_000629,1706257654.2061298,-3.5147860050201416,5.232501029968262,3.097883939743042,-3.556640625,5.2528228759765625,3.06640625,0.05617500841617584,False,False,True,True,True,True,True,True,True,0.05617500841617584,0.05617500841617584,0.94921875,0.94921875,1,20,48762,0,48762,0.9003300666809082,0.9058578014373779,0.0055277347564697266,0,5,9,0,19,50,1706257654.200274,0.0058557987213134766,18,Mid360,2,11,True,True,CURRENT_SUPPORT
seq0007,seq0007_valref_000630,1706257654.254929,-3.549562931060791,5.292688846588135,3.0959880352020264,-3.5537109375,5.25579833984375,3.08203125,0.03965989500284195,False,False,True,True,True,True,True,True,True,0.03965989500284195,0.03965989500284195,0.94921875,0.94921875,1,20,48762,0,48762,0.9003300666809082,0.9546570777893066,0.05432701110839844,0,4,9,0,15,50,1706257654.200274,0.05465507507324219,18,Mid360,2,11,True,True,CURRENT_SUPPORT
seq0007,seq0007_valref_000631,1706257654.3058755,-3.587568998336792,5.352561950683594,3.0955820083618164,-3.6875,5.037109375,3.09765625,0.3309091031551361,False,False,True,True,True,True,True,True,True,0.21254615485668182,0.3309091031551361,0.90625,0.90625,1,20,49002,0,49002,0.9003770351409912,0.9056885242462158,0.005311489105224609,0,3,8,0,13,46,1706257654.200274,0.10560154914855957,16,Mid360,1,10,True,True,CURRENT_SUPPORT
seq0007,seq0007_valref_000632,1706257654.3559186,-3.623173952102661,5.413835048675537,3.0946710109710693,-3.689453125,5.046875,3.12109375,0.3738325238227844,False,False,True,True,True,True,True,True,True,0.256992369890213,0.3738325238227844,0.90625,0.90625,1,20,49002,0,49002,0.9003770351409912,0.9557316303253174,0.05535459518432617,0,3,8,0,12,45,1706257654.200274,0.15564465522766113,16,Mid360,1,10,True,True,CURRENT_SUPPORT
seq0007,seq0007_valref_000633,1706257654.4070926,-3.657520055770874,5.4724321365356445,3.093074083328247,-3.8681640625,5.478515625,3.09375,0.21073292195796967,False,False,True,True,True,True,True,True,True,0.18199633061885834,0.21073292195796967,0.87109375,0.87109375,1,20,48884,0,48884,0.9002218246459961,0.9068214893341064,0.0065996646881103516,0,3,8,0,14,45,1706257654.400278,0.006814479827880859,18,Mid360,1,3,True,True,CURRENT_SUPPORT
seq0007,seq0007_valref_000634,1706257654.4565184,-3.69378399848938,5.534409999847412,3.0924301147460938,-3.876953125,5.501953125,3.1171875,0.1876627504825592,False,False,True,True,True,True,True,True,True,0.1603790521621704,0.1876627504825592,0.8984375,0.8984375,1,20,48884,0,48884,0.9002218246459961,0.9562473297119141,0.05602550506591797,0,3,8,0,14,45,1706257654.400278,0.05624032020568848,18,Mid360,1,3,True,True,CURRENT_SUPPORT
seq0007,seq0007_valref_000635,1706257654.5055056,-3.763607978820801,5.651601791381836,3.091521978378296,-4.080078125,5.5390625,3.03125,0.34124940633773804,False,False,True,True,True,True,True,True,True,0.26981207728385925,0.34124940633773804,0.86328125,0.86328125,1,20,48826,0,48826,0.9002220630645752,0.9051456451416016,0.004923582077026367,0,3,8,0,17,36,1706257654.500354,0.005151510238647461,18,Mid360,2,8,True,True,CURRENT_SUPPORT
seq0007,seq0007_valref_000636,1706257654.555607,-3.7951340675354004,5.710855007171631,3.091623067855835,-4.1015625,5.556640625,3.0390625,0.3470490872859955,False,False,True,True,True,True,True,True,True,0.2881438136100769,0.3470490872859955,0.890625,0.890625,1,20,48826,0,48826,0.9002220630645752,0.955247163772583,0.05502510070800781,0,3,8,0,17,36,1706257654.500354,0.055253028869628906,18,Mid360,2,8,True,True,CURRENT_SUPPORT
seq0007,seq0007_valref_000637,1706257654.6050427,-3.8290960788726807,5.770534038543701,3.0913031101226807,-4.083984375,5.509765625,3.10546875,0.3649231195449829,False,False,True,True,True,True,True,True,True,0.20388145744800568,0.3649231195449829,0.89453125,0.89453125,1,20,48934,0,48934,0.900231122970581,0.9047377109527588,0.004506587982177734,0,4,9,0,15,37,1706257654.600175,0.0048677921295166016,18,Mid360,2,7,True,True,CURRENT_SUPPORT
seq0007,seq0007_valref_000638,1706257654.6566052,-3.8623900413513184,5.827569007873535,3.090423107147217,-4.033203125,5.8291015625,2.96484375,0.21201327443122864,False,False,True,True,True,True,True,True,True,0.20093850791454315,0.21201327443122864,0.921875,0.921875,1,20,48934,0,48934,0.900231122970581,0.9563002586364746,0.056069135665893555,0,3,9,0,10,37,1706257654.600175,0.05643033981323242,18,Mid360,2,7,True,True,CURRENT_SUPPORT
seq0007,seq0007_valref_000639,1706257654.70568,-3.8969531059265137,5.886453151702881,3.0913050174713135,-4.177734375,5.85302734375,2.96875,0.3081803619861603,False,False,True,True,True,True,True,True,True,0.27458909153938293,0.3081803619861603,0.921875,0.921875,1,20,48741,0,48741,0.9003238677978516,0.9054098129272461,0.005085945129394531,0,4,9,0,11,36,1706257654.700272,0.005407810211181641,18,Mid360,2,4,True,True,CURRENT_SUPPORT
seq0007,seq0007_valref_000640,1706257654.7573478,-3.963641881942749,6.004055976867676,3.091715097427368,-4.185546875,5.87158203125,2.9921875,0.27694207429885864,False,False,True,True,True,True,True,True,True,0.27694207429885864,0.27694207429885864,0.93359375,0.93359375,1,20,48741,0,48741,0.9003238677978516,0.9570777416229248,0.05675387382507324,0,4,9,0,11,36,1706257654.700272,0.05707573890686035,18,Mid360,2,4,True,True,CURRENT_SUPPORT
seq0007,seq0007_valref_000641,1706257654.8070376,-4.000117778778076,6.066164970397949,3.092355966567993,-4.169921875,5.82568359375,3.18359375,0.30820295214653015,False,False,True,True,True,True,True,True,True,0.13543522357940674,0.30820295214653015,0.921875,0.921875,1,20,48760,0,48760,0.900285005569458,0.9067676067352295,0.006482601165771484,0,4,9,0,10,29,1706257654.800204,0.006833553314208984,18,Mid360,2,3,True,True,CURRENT_SUPPORT
seq0007,seq0007_valref_000642,1706257654.855192,-4.032104015350342,6.121211051940918,3.093427896499634,-4.169921875,5.83447265625,3.2109375,0.3391477167606354,False,False,True,True,True,True,True,True,True,0.11768189817667007,0.3391477167606354,0.91796875,0.91796875,1,20,48760,0,48760,0.900285005569458,0.9549219608306885,0.05463695526123047,0,4,9,0,6,29,1706257654.800204,0.05498790740966797,18,Mid360,2,3,True,True,CURRENT_SUPPORT
seq0007,seq0007_valref_000643,1706257654.9034958,-4.065174102783203,6.1793341636657715,3.093575954437256,-4.154296875,5.79638671875,3.28125,0.4356755316257477,False,False,True,True,True,True,True,True,True,0.12882304191589355,0.4356755316257477,0.890625,0.890625,1,20,48897,0,48897,0.9001829624176025,0.9031908512115479,0.0030078887939453125,0,5,9,0,7,27,1706257654.900299,0.00319671630859375,18,Mid360,2,2,True,True,CURRENT_SUPPORT
seq0007,seq0007_valref_000644,1706257654.9571886,-4.100346088409424,6.2385969161987305,3.0936689376831055,-4.1484375,5.80517578125,3.3046875,0.48445379734039307,False,False,True,True,True,True,True,True,True,0.17375411093235016,0.48445379734039307,0.8671875,0.8671875,1,20,48897,0,48897,0.9001829624176025,0.9568836688995361,0.056700706481933594,0,4,9,0,5,27,1706257654.900299,0.05688953399658203,18,Mid360,2,2,True,True,CURRENT_SUPPORT
seq0007,seq0007_valref_000645,1706257655.0061405,-4.132713794708252,6.294827938079834,3.0930559635162354,-3.97265625,6.20703125,3.21484375,0.21945145726203918,False,False,True,True,True,True,True,True,True,0.21945145726203918,0.21945145726203918,0.9296875,0.9296875,1,20,48702,0,48702,0.9004108905792236,0.905907392501831,0.005496501922607422,0,3,8,0,4,25,1706257654.900299,0.10584139823913574,16,Mid360,1,1,True,True,CURRENT_SUPPORT
seq0007,seq0007_valref_000646,1706257655.0580888,-4.168889045715332,6.353855133056641,3.092603921890259,-3.9677734375,6.21484375,3.248046875,0.28971394896507263,False,False,True,True,True,True,True,True,True,0.28971394896507263,0.28971394896507263,0.91796875,0.91796875,1,20,48702,0,48702,0.9004108905792236,0.9578557014465332,0.05744481086730957,0,3,8,0,4,25,1706257654.900299,0.1577897071838379,16,Mid360,1,1,True,True,CURRENT_SUPPORT
seq0007,seq0007_valref_000647,1706257655.114925,-4.242598056793213,6.471456050872803,3.092310905456543,-3.9560546875,6.18359375,3.32421875,0.4677104353904724,False,False,True,True,True,True,True,True,True,0.3093627989292145,0.4677104353904724,0.76171875,0.76171875,1,20,48828,0,48828,0.9003069400787354,0.9146509170532227,0.014343976974487305,0,3,8,0,3,25,1706257655.100236,0.014688968658447266,18,Mid360,1,1,True,True,CURRENT_SUPPORT
seq0007,seq0007_valref_000648,1706257655.158381,-4.275146961212158,6.525486946105957,3.0917789936065674,-3.9521484375,6.18359375,3.34765625,0.5354364514350891,False,False,False,True,True,True,True,False,True,0.36328792572021484,0.5354364514350891,0.69140625,0.69140625,1,20,48828,0,48828,0.9003069400787354,0.9581069946289062,0.0578000545501709,0,3,8,0,3,25,1706257655.100236,0.05814504623413086,18,Mid360,1,1,True,True,CURRENT_SUPPORT
seq0007,seq0007_valref_000649,1706257655.205065,-4.308909893035889,6.579556941986084,3.0921549797058105,-3.8505859375,6.17578125,3.390625,0.679838240146637,False,False,False,True,True,True,True,False,True,0.4716387689113617,0.679838240146637,0.54296875,0.54296875,1,20,48860,0,48860,0.9004349708557129,0.9048900604248047,0.004455089569091797,0,3,7,0,3,15,1706257655.100236,0.10482907295227051,16,Mid360,1,1,True,True,CURRENT_SUPPORT
seq0007,seq0007_valref_000650,1706257655.2555623,-4.343928813934326,6.632668972015381,3.0911951065063477,-3.8408203125,6.173828125,3.421875,0.756969153881073,False,False,False,True,True,False,True,False,True,0.5300038456916809,0.756969153881073,0.412109375,0.412109375,1,20,48860,0,48860,0.9004349708557129,0.9553873538970947,0.054952383041381836,0,1,7,0,1,15,1706257655.100236,0.15532636642456055,16,Mid360,1,1,True,True,CURRENT_SUPPORT
seq0007,seq0007_valref_000651,1706257655.303731,-4.3789801597595215,6.686075210571289,3.0900540351867676,-4.330078125,6.099609375,3.09375,0.5885127186775208,False,False,False,True,True,False,True,False,True,0.5885127186775208,0.5885127186775208,0.640625,0.640625,1,20,48712,0,48712,0.9003009796142578,0.9034528732299805,0.0031518936157226562,0,1,7,0,1,15,1706257655.100236,0.20349502563476562,14,Mid360,0,0,True,False,NO_CURRENT_SUPPORT
seq0007,seq0007_valref_000652,1706257655.356538,-4.417616844177246,6.746142864227295,3.089060068130493,-4.328125,6.09375,3.1171875,0.659102737903595,False,False,False,True,True,False,True,False,True,0.659102737903595,0.659102737903595,0.5859375,0.5859375,1,20,48712,0,48712,0.9003009796142578,0.9562599658966064,0.05595898628234863,0,1,7,0,1,15,1706257655.100236,0.2563021183013916,14,Mid360,0,0,True,False,NO_CURRENT_SUPPORT
seq0007,seq0007_valref_000653,1706257655.4046133,-4.455007076263428,6.800249099731445,3.0882411003112793,-4.443359375,6.5224609375,3.02734375,0.28462329506874084,False,False,True,True,True,True,True,True,True,0.28462329506874084,0.28462329506874084,0.6328125,0.6328125,1,20,48809,1,48808,0.9001278877258301,0.904259204864502,0.004131317138671875,0,2,7,0,2,13,1706257655.400346,0.004267215728759766,18,Mid360,1,1,True,True,CURRENT_SUPPORT
seq0007,seq0007_valref_000654,1706257655.4566305,-4.531256198883057,6.910473823547363,3.084597110748291,-4.44921875,6.515625,3.046875,0.40504157543182373,False,False,True,True,True,True,True,True,True,0.40504157543182373,0.40504157543182373,0.59765625,0.59765625,1,20,48809,1,48808,0.9001278877258301,0.9562764167785645,0.056148529052734375,0,1,7,0,1,13,1706257655.400346,0.056284427642822266,18,Mid360,1,1,True,True,CURRENT_SUPPORT
seq0007,seq0007_valref_000655,1706257655.5062995,-4.569469928741455,6.965897083282471,3.0830090045928955,-4.4716796875,6.478515625,3.05078125,0.49813878536224365,False,False,True,True,True,True,True,True,True,0.49813878536224365,0.49813878536224365,0.55078125,0.55078125,1,20,48752,1,48751,0.9004011154174805,0.9061245918273926,0.005723476409912109,0,1,6,0,1,8,1706257655.400346,0.10595345497131348,16,Mid360,1,1,True,True,CURRENT_SUPPORT
seq0007,seq0007_valref_000656,1706257655.5553675,-4.607236862182617,7.018107891082764,3.080735921859741,-4.478515625,6.4765625,3.07421875,0.5566713809967041,False,False,False,True,True,False,True,False,True,0.5566713809967041,0.5566713809967041,0.4765625,0.4765625,1,20,48752,1,48751,0.9004011154174805,0.9551925659179688,0.05479145050048828,0,1,6,0,1,8,1706257655.400346,0.15502142906188965,16,Mid360,1,1,True,True,CURRENT_SUPPORT
seq0007,seq0007_valref_000657,1706257655.6064832,-4.647324085235596,7.075714111328125,3.080014944076538,-4.4189453125,6.82958984375,3.16796875,0.3470877408981323,False,False,True,True,True,True,True,True,True,0.3470877408981323,0.3470877408981323,0.6875,0.6875,1,20,48744,1,48743,0.9002950191497803,0.9062111377716064,0.005916118621826172,0,2,6,0,2,7,1706257655.60028,0.006203174591064453,18,Mid360,1,1,True,True,CURRENT_SUPPORT
seq0007,seq0007_valref_000658,1706257655.6577814,-4.688025951385498,7.134214878082275,3.078972101211548,-4.4208984375,6.828125,3.19921875,0.4236831068992615,False,False,True,True,True,True,True,True,True,0.4236831068992615,0.4236831068992615,0.6484375,0.6484375,1,20,48744,1,48743,0.9002950191497803,0.9575092792510986,0.05721426010131836,0,2,6,0,2,7,1706257655.60028,0.05750131607055664,18,Mid360,1,1,True,True,CURRENT_SUPPORT
seq0007,seq0007_valref_000659,1706257655.7064617,-4.72486686706543,7.186765193939209,3.078099012374878,-4.853515625,6.92578125,3.0859375,0.29107484221458435,False,False,True,True,True,True,True,True,True,0.08993441611528397,0.29107484221458435,0.333984375,0.333984375,1,20,48940,1,48939,0.9003829956054688,0.9062576293945312,0.0058746337890625,0,3,6,0,4,7,1706257655.700222,0.006239652633666992,18,Mid360,2,3,True,True,CURRENT_SUPPORT
seq0007,seq0007_valref_000660,1706257655.7591374,-4.761610984802246,7.239261150360107,3.078433036804199,-4.85693359375,6.9345703125,3.1171875,0.32159727811813354,False,False,True,True,True,True,True,True,True,0.09688133746385574,0.32159727811813354,0.34375,0.34375,1,20,48940,1,48939,0.9003829956054688,0.9589333534240723,0.058550357818603516,0,2,6,0,3,7,1706257655.700222,0.05891537666320801,18,Mid360,2,3,True,True,CURRENT_SUPPORT
seq0007,seq0007_valref_000661,1706257655.8066447,-4.833159923553467,7.341134071350098,3.077491044998169,-4.84619140625,7.29931640625,3.01171875,0.0790223479270935,False,False,True,True,True,True,True,True,True,0.0790223479270935,0.0790223479270935,0.6875,0.6875,1,20,48766,2,48764,0.9002759456634521,0.9063456058502197,0.006069660186767578,0,3,6,0,7,10,1706257655.800281,0.006363630294799805,18,Mid360,2,6,True,True,CURRENT_SUPPORT
seq0007,seq0007_valref_000662,1706257655.8553388,-4.871499061584473,7.394832134246826,3.0778698921203613,-4.8427734375,7.30419921875,3.0390625,0.10269128531217575,False,False,True,True,True,True,True,True,True,0.10269128531217575,0.10269128531217575,0.74609375,0.74609375,1,20,48766,2,48764,0.9002759456634521,0.9550397396087646,0.0547637939453125,0,3,6,0,7,10,1706257655.800281,0.05505776405334473,18,Mid360,2,6,True,True,CURRENT_SUPPORT
seq0007,seq0007_valref_000663,1706257655.9054375,-4.905681133270264,7.446026802062988,3.077838897705078,-5.361328125,7.1259765625,3.07421875,0.5568298101425171,False,False,False,True,True,True,True,False,True,0.26090946793556213,0.5568298101425171,0.2060546875,0.2060546875,1,20,48729,2,48727,0.9002609252929688,0.9052174091339111,0.004956483840942383,0,3,6,0,7,10,1706257655.900219,0.005218505859375,18,Mid360,2,5,True,True,CURRENT_SUPPORT
seq0007,seq0007_valref_000664,1706257655.954782,-4.944271087646484,7.499782085418701,3.0785059928894043,-5.365234375,7.1240234375,3.09765625,0.5645984411239624,False,False,False,True,True,True,True,False,True,0.3115232288837433,0.5645984411239624,0.2021484375,0.2021484375,1,20,48729,2,48727,0.9002609252929688,0.9545619487762451,0.05430102348327637,0,3,6,0,7,10,1706257655.900219,0.054563045501708984,18,Mid360,2,5,True,True,CURRENT_SUPPORT
seq0007,seq0007_valref_000665,1706257656.0046005,-4.981419086456299,7.552009105682373,3.079185962677002,-5.3994140625,7.05859375,3.1484375,0.6503647565841675,False,False,False,True,True,True,True,False,True,0.4257129430770874,0.6503647565841675,0.09033203125,0.09033203125,1,20,48937,2,48935,0.9003300666809082,0.9043645858764648,0.004034519195556641,0,3,6,0,7,10,1706257655.900219,0.10438156127929688,16,Mid360,1,1,True,True,CURRENT_SUPPORT
seq0007,seq0007_valref_000666,1706257656.0571065,-5.019536018371582,7.6051740646362305,3.080440044403076,-5.4013671875,7.0546875,3.16796875,0.6756417751312256,False,False,False,True,True,True,True,False,True,0.4804779291152954,0.6756417751312256,0.0849609375,0.0849609375,1,20,48937,2,48935,0.9003300666809082,0.9568705558776855,0.056540489196777344,0,3,6,0,6,10,1706257655.900219,0.15688753128051758,16,Mid360,1,1,True,True,CURRENT_SUPPORT
seq0007,seq0007_valref_000667,1706257656.1073744,-5.095270156860352,7.709683895111084,3.0818870067596436,-5.207763671875,7.505859375,3.078125,0.23283766210079193,False,False,True,True,True,True,True,True,True,0.08263090997934341,0.23283766210079193,0.9140625,0.9140625,1,20,48698,2,48696,0.9012789726257324,0.9070634841918945,0.005784511566162109,0,4,6,0,12,15,1706257656.100332,0.007042407989501953,18,Mid360,1,6,True,True,CURRENT_SUPPORT
seq0007,seq0007_valref_000668,1706257656.1556587,-5.133884906768799,7.763621807098389,3.082688093185425,-5.207275390625,7.517578125,3.09375,0.25699421763420105,False,False,True,True,True,True,True,True,True,0.1510770618915558,0.25699421763420105,0.9375,0.9375,1,20,48698,2,48696,0.9012789726257324,0.9553477764129639,0.054068803787231445,0,2,6,0,10,15,1706257656.100332,0.05532670021057129,18,Mid360,1,6,True,True,CURRENT_SUPPORT
seq0007,seq0007_valref_000669,1706257656.2047727,-5.169957160949707,7.8120198249816895,3.0830159187316895,-5.05859375,7.7611083984375,3.078125,0.1225467398762703,False,False,True,True,True,True,True,True,True,0.1225467398762703,0.1225467398762703,0.9140625,0.9140625,1,20,48745,2,48743,0.9003159999847412,0.9044938087463379,0.00417780876159668,0,3,7,0,11,16,1706257656.200274,0.004498720169067383,18,Mid360,2,7,True,True,CURRENT_SUPPORT
seq0007,seq0007_valref_000670,1706257656.2560773,-5.209718227386475,7.865120887756348,3.0840930938720703,-5.05859375,7.76007080078125,3.10546875,0.18528638780117035,False,False,True,True,True,True,True,True,True,0.18528638780117035,0.18528638780117035,0.93359375,0.93359375,1,20,48745,2,48743,0.9003159999847412,0.9557983875274658,0.05548238754272461,0,3,7,0,8,16,1706257656.200274,0.05580329895019531,18,Mid360,2,7,True,True,CURRENT_SUPPORT
seq0007,seq0007_valref_000671,1706257656.315637,-5.289000034332275,7.969422817230225,3.0846269130706787,-5.06640625,7.72509765625,3.16015625,0.33903902769088745,False,False,True,True,True,True,True,True,True,0.33903902769088745,0.33903902769088745,0.9296875,0.9296875,1,20,48827,2,48825,0.9002029895782471,0.9152910709381104,0.015088081359863281,0,2,7,0,7,16,1706257656.200274,0.11536312103271484,16,Mid360,1,1,True,True,CURRENT_SUPPORT
seq0007,seq0007_valref_000672,1706257656.3583148,-5.3288140296936035,8.021517753601074,3.0853500366210938,-5.064453125,7.7210693359375,3.18359375,0.4120773673057556,False,False,True,True,True,True,True,True,True,0.4120773673057556,0.4120773673057556,0.9296875,0.9296875,1,20,48827,2,48825,0.9002029895782471,0.9579687118530273,0.05776572227478027,0,2,7,0,7,16,1706257656.200274,0.15804076194763184,16,Mid360,1,1,True,True,CURRENT_SUPPORT
seq0007,seq0007_valref_000673,1706257656.4075656,-5.372570037841797,8.077570915222168,3.0848588943481445,-5.5078125,7.85693359375,3.12890625,0.2625100314617157,False,False,True,True,True,True,True,True,True,0.2625100314617157,0.2625100314617157,0.953125,0.953125,1,20,48590,1,48589,0.9001879692077637,0.9072616100311279,0.007073640823364258,0,3,7,0,8,16,1706257656.400344,0.007221698760986328,18,Mid360,1,1,True,True,CURRENT_SUPPORT
seq0007,seq0007_valref_000674,1706257656.4550664,-5.416408061981201,8.12985610961914,3.0848770141601562,-5.51171875,7.86279296875,3.15625,0.29240545630455017,False,False,True,True,True,True,True,True,True,0.29240545630455017,0.29240545630455017,0.94921875,0.94921875,1,20,48590,1,48589,0.9001879692077637,0.9547624588012695,0.05457448959350586,0,3,7,0,7,16,1706257656.400344,0.05472254753112793,18,Mid360,1,1,True,True,CURRENT_SUPPORT
seq0007,seq0007_valref_000675,1706257656.5089786,-5.457578182220459,8.181658744812012,3.084412097930908,-5.55078125,8.0703125,3.0703125,0.14588898420333862,False,False,True,True,True,True,True,True,True,0.14588898420333862,0.14588898420333862,0.96875,0.96875,1,20,48641,1,48640,0.9002828598022461,0.908698558807373,0.008415699005126953,0,4,8,0,9,22,1706257656.500273,0.008705615997314453,18,Mid360,2,7,True,True,CURRENT_SUPPORT
seq0007,seq0007_valref_000676,1706257656.559921,-5.5026631355285645,8.235940933227539,3.0851030349731445,-5.556640625,8.07421875,3.08984375,0.17055821418762207,False,False,True,True,True,True,True,True,True,0.17055821418762207,0.17055821418762207,0.96875,0.96875,1,20,48641,1,48640,0.9002828598022461,0.9596409797668457,0.05935811996459961,0,3,8,0,8,22,1706257656.500273,0.05964803695678711,18,Mid360,2,7,True,True,CURRENT_SUPPORT
seq0007,seq0007_valref_000677,1706257656.612211,-5.5423479080200195,8.285760879516602,3.0850260257720947,-5.556640625,8.076171875,3.1640625,0.22445176541805267,False,False,True,True,True,True,True,True,True,0.09677423536777496,0.22445176541805267,0.96484375,0.96484375,1,20,48666,1,48665,0.9002699851989746,0.9119889736175537,0.011718988418579102,0,4,8,0,9,22,1706257656.600196,0.012015104293823242,18,Mid360,2,7,True,True,CURRENT_SUPPORT
seq0007,seq0007_valref_000678,1706257656.658052,-5.629715919494629,8.387676239013672,3.084028959274292,-5.556640625,8.072265625,3.18359375,0.33872851729393005,False,False,True,True,True,True,True,True,True,0.19792136549949646,0.33872851729393005,0.9609375,0.9609375,1,20,48666,1,48665,0.9002699851989746,0.9578299522399902,0.057559967041015625,0,3,8,0,8,22,1706257656.600196,0.057856082916259766,18,Mid360,2,7,True,True,CURRENT_SUPPORT
seq0007,seq0007_valref_000679,1706257656.7068653,-5.677135944366455,8.440185546875,3.0803539752960205,-5.533203125,8.021484375,3.12890625,0.44540390372276306,False,False,True,True,True,True,True,True,True,0.14912758767604828,0.44540390372276306,0.9609375,0.9609375,1,20,48432,1,48431,0.9003469944000244,0.9065842628479004,0.0062372684478759766,0,4,8,0,9,21,1706257656.700311,0.006554365158081055,18,Mid360,2,2,True,True,CURRENT_SUPPORT
seq0007,seq0007_valref_000680,1706257656.7553105,-5.7197489738464355,8.488574981689453,3.0738840103149414,-5.52734375,8.0234375,3.146484375,0.5085700154304504,False,False,False,True,True,True,True,False,True,0.21058061718940735,0.5085700154304504,0.95703125,0.95703125,1,20,48432,1,48431,0.9003469944000244,0.9550294876098633,0.05468249320983887,0,3,8,0,8,21,1706257656.700311,0.054999589920043945,18,Mid360,2,2,True,True,CURRENT_SUPPORT
seq0007,seq0007_valref_000681,1706257656.8049917,-5.7624711990356445,8.538515090942383,3.06500506401062,-5.6357421875,8.3701171875,3.0234375,0.2148161083459854,False,False,True,True,True,True,True,True,True,0.2148161083459854,0.2148161083459854,0.9375,0.9375,1,20,48453,0,48453,0.9003250598907471,0.9047727584838867,0.0044476985931396484,0,4,8,0,13,23,1706257656.800186,0.004805803298950195,18,Mid360,2,7,True,True,CURRENT_SUPPORT
seq0007,seq0007_valref_000682,1706257656.8571558,-5.805321216583252,8.587178230285645,3.0544168949127197,-5.63671875,8.3759765625,3.046875,0.2703512907028198,False,False,True,True,True,True,True,True,True,0.2703512907028198,0.2703512907028198,0.94921875,0.94921875,1,20,48453,0,48453,0.9003250598907471,0.9569368362426758,0.05661177635192871,0,4,8,0,9,23,1706257656.800186,0.05696988105773926,18,Mid360,2,7,True,True,CURRENT_SUPPORT
seq0007,seq0007_valref_000683,1706257656.9047942,-5.850432872772217,8.638405799865723,3.0424509048461914,-5.8642578125,8.404296875,3.05859375,0.23507171869277954,False,False,True,True,True,True,True,True,True,0.23507171869277954,0.23507171869277954,0.96875,0.96875,1,20,48196,0,48196,0.900385856628418,0.9046010971069336,0.004215240478515625,0,4,8,0,9,23,1706257656.900185,0.004609107971191406,18,Mid360,2,7,True,True,CURRENT_SUPPORT
seq0007,seq0007_valref_000684,1706257656.9593585,-5.896181106567383,8.690549850463867,3.0291800498962402,-5.87060546875,8.4208984375,3.078125,0.275248259305954,False,False,True,True,True,True,True,True,True,0.275248259305954,0.275248259305954,0.96875,0.96875,1,20,48196,0,48196,0.900385856628418,0.9591653347015381,0.05877947807312012,0,4,8,0,9,23,1706257656.900185,0.0591733455657959,18,Mid360,2,7,True,True,CURRENT_SUPPORT
seq0007,seq0007_valref_000685,1706257657.0068986,-5.966658115386963,8.771846771240234,3.006066083908081,-6.025390625,8.4599609375,3.07421875,0.3246029317378998,False,False,True,True,True,True,True,True,True,0.3246029317378998,0.3246029317378998,0.9609375,0.9609375,1,20,47957,0,47957,0.9002130031585693,0.9065666198730469,0.006353616714477539,0,4,9,0,9,24,1706257657.000173,0.0067255496978759766,18,Mid360,2,2,True,True,CURRENT_SUPPORT
seq0007,seq0007_valref_000686,1706257657.0591633,-5.997316837310791,8.807795524597168,2.9944069385528564,-6.033203125,8.474609375,3.08984375,0.34843796491622925,False,False,True,True,True,True,True,True,True,0.34843796491622925,0.34843796491622925,0.9609375,0.9609375,1,20,47957,0,47957,0.9002130031585693,0.9588313102722168,0.05861830711364746,0,4,9,0,9,24,1706257657.000173,0.0589902400970459,18,Mid360,2,2,True,True,CURRENT_SUPPORT
seq0007,seq0007_valref_000687,1706257657.10427,-6.023481845855713,8.837945938110352,2.983419895172119,-5.955078125,8.7958984375,3.03125,0.09346004575490952,False,False,True,True,True,True,True,True,True,0.09346004575490952,0.09346004575490952,0.95703125,0.95703125,1,20,48049,0,48049,0.9002671241760254,0.9039959907531738,0.0037288665771484375,0,5,9,0,14,23,1706257657.100218,0.004051923751831055,18,Mid360,2,6,True,True,CURRENT_SUPPORT
seq0007,seq0007_valref_000688,1706257657.1557572,-6.048201084136963,8.866744995117188,2.9717299938201904,-5.9580078125,8.799560546875,3.0546875,0.1397516429424286,False,False,True,True,True,True,True,True,True,0.13650590181350708,0.1397516429424286,0.9609375,0.9609375,1,20,48049,0,48049,0.9002671241760254,0.9554831981658936,0.055216073989868164,0,5,9,0,14,23,1706257657.100218,0.05553913116455078,18,Mid360,2,6,True,True,CURRENT_SUPPORT
seq0007,seq0007_valref_000689,1706257657.2050648,-6.073718070983887,8.895707130432129,2.958739995956421,-5.93359375,8.943359375,3.0546875,0.17638447880744934,False,False,True,True,True,True,True,True,True,0.0914558470249176,0.17638447880744934,0.9609375,0.9609375,1,20,47804,0,47804,0.9003448486328125,0.9048366546630859,0.0044918060302734375,0,6,9,0,15,24,1706257657.200268,0.004796743392944336,18,Mid360,2,7,True,True,CURRENT_SUPPORT
seq0007,seq0007_valref_000690,1706257657.2582614,-6.09615421295166,8.922917366027832,2.945496082305908,-5.93359375,8.9521484375,3.078125,0.21182726323604584,False,False,True,True,True,True,True,True,True,0.14462994039058685,0.21182726323604584,0.96484375,0.96484375,1,20,47804,0,47804,0.9003448486328125,0.9580333232879639,0.05768847465515137,0,6,9,0,15,24,1706257657.200268,0.057993412017822266,18,Mid360,2,7,True,True,CURRENT_SUPPORT
seq0007,seq0007_valref_000691,1706257657.3063846,-6.117476940155029,8.948054313659668,2.9318668842315674,-5.9736328125,8.9248046875,3.09765625,0.2207210659980774,False,False,True,True,True,True,True,True,True,0.18919411301612854,0.2207210659980774,0.96875,0.96875,1,20,47441,0,47441,0.900205135345459,0.9060406684875488,0.005835533142089844,0,5,9,0,12,24,1706257657.200268,0.10611653327941895,16,Mid360,1,2,True,True,CURRENT_SUPPORT
seq0007,seq0007_valref_000692,1706257657.357871,-6.134882926940918,8.97016716003418,2.919887065887451,-5.97265625,8.9296875,3.125,0.26462695002555847,False,False,True,True,True,True,True,True,True,0.23599644005298615,0.26462695002555847,0.96875,0.96875,1,20,47441,0,47441,0.900205135345459,0.9575271606445312,0.057322025299072266,0,5,9,0,12,24,1706257657.200268,0.15760302543640137,16,Mid360,1,2,True,True,CURRENT_SUPPORT
seq0007,seq0007_valref_000693,1706257657.4075203,-6.16212797164917,9.005083084106445,2.8981499671936035,-5.984375,8.8828125,3.17578125,0.35160398483276367,False,False,True,True,True,True,True,True,True,0.12355551868677139,0.35160398483276367,0.95703125,0.95703125,1,20,47525,0,47525,0.9002039432525635,0.9072473049163818,0.007043361663818359,0,6,9,0,12,24,1706257657.400198,0.0073223114013671875,18,Mid360,1,1,True,True,CURRENT_SUPPORT
seq0007,seq0007_valref_000694,1706257657.4572577,-6.17283821105957,9.02006721496582,2.8884758949279785,-5.98046875,8.888671875,3.19921875,0.3883707821369171,False,False,True,True,True,True,True,True,True,0.1387224793434143,0.3883707821369171,0.953125,0.953125,1,20,47525,0,47525,0.9002039432525635,0.9569847583770752,0.05678081512451172,0,6,9,0,11,24,1706257657.400198,0.05705976486206055,18,Mid360,1,1,True,True,CURRENT_SUPPORT
seq0007,seq0007_valref_000695,1706257657.517596,-6.182592868804932,9.034021377563477,2.8787989616394043,-5.9755859375,8.7711181640625,3.2734375,0.5174065828323364,False,False,False,True,True,True,True,False,True,0.19500303268432617,0.5174065828323364,0.8984375,0.8984375,1,20,47341,0,47341,0.9003791809082031,0.9174001216888428,0.01702094078063965,0,7,9,0,12,19,1706257657.500184,0.01741194725036621,18,Mid360,2,2,True,True,CURRENT_SUPPORT
seq0007,seq0007_valref_000696,1706257657.5575986,-6.191068172454834,9.046390533447266,2.8696370124816895,-5.966796875,8.7718505859375,3.2890625,0.5491698980331421,False,False,False,True,True,True,True,False,True,0.20801840722560883,0.5491698980331421,0.87890625,0.87890625,1,20,47341,0,47341,0.9003791809082031,0.9574027061462402,0.05702352523803711,0,7,9,0,12,19,1706257657.500184,0.05741453170776367,18,Mid360,2,2,True,True,CURRENT_SUPPORT
seq0007,seq0007_valref_000697,1706257657.6126692,-6.198862075805664,9.058279991149902,2.860603094100952,-6.38671875,9.08984375,2.9765625,0.223008930683136,False,False,True,True,True,True,True,True,True,0.223008930683136,0.223008930683136,0.76171875,0.76171875,1,20,47032,0,47032,0.9001691341400146,0.912358283996582,0.012189149856567383,0,7,8,0,12,18,1706257657.500184,0.11248517036437988,16,Mid360,1,1,True,True,CURRENT_SUPPORT
seq0007,seq0007_valref_000698,1706257657.6580799,-6.2050251960754395,9.068381309509277,2.85219407081604,-6.3935546875,9.09765625,3.0078125,0.24620619416236877,False,False,True,True,True,True,True,True,True,0.24620619416236877,0.24620619416236877,0.77734375,0.77734375,1,20,47032,0,47032,0.9001691341400146,0.9577689170837402,0.057599782943725586,0,7,8,0,12,18,1706257657.500184,0.15789580345153809,16,Mid360,1,1,True,True,CURRENT_SUPPORT
seq0007,seq0007_valref_000699,1706257657.7054403,-6.216796875,9.087307929992676,2.8352930545806885,-6.435546875,9.0546875,3.0859375,0.3342727720737457,False,False,True,True,True,True,True,True,True,0.3242468535900116,0.3342727720737457,0.6796875,0.6796875,1,20,46990,0,46990,0.9003841876983643,0.9052543640136719,0.004870176315307617,0,8,8,0,13,18,1706257657.700234,0.00520634651184082,18,Mid360,1,1,True,True,CURRENT_SUPPORT
seq0008,seq0008_valref_000700,1706257657.756131,-6.2218828201293945,9.095208168029785,2.8263208866119385,nan,nan,nan,nan,True,True,False,False,False,False,False,False,False,nan,nan,nan,nan,,0,0,0,0,nan,nan,nan,0,0,0,0,0,0,nan,nan,,,0,0,False,False,NO_CURRENT_SUPPORT
seq0008,seq0008_valref_000701,1706257657.806374,-6.226503849029541,9.102542877197266,2.8166630268096924,-52.640625,-22.17578125,30.28515625,62.3467903137207,False,False,False,False,False,False,False,False,False,11.941136360168457,11.941136360168457,0.0634765625,nan,,2,4730,0,4730,0.00039696693420410156,0.006195068359375,0.0057981014251708984,0,0,0,0,0,0,nan,nan,,,0,0,False,False,NO_CURRENT_SUPPORT
seq0008,seq0008_valref_000702,1706257657.8561163,-6.230853080749512,9.109455108642578,2.808846950531006,-50.55078125,-13.140625,29.48046875,56.3089485168457,False,False,False,False,False,False,False,False,False,11.936119079589844,11.936119079589844,0.0439453125,nan,,2,4730,0,4730,0.00039696693420410156,0.05593729019165039,0.05554032325744629,0,0,0,0,0,0,nan,nan,,,0,0,False,False,NO_CURRENT_SUPPORT
seq0008,seq0008_valref_000703,1706257657.9161325,-6.238593101501465,9.122633934020996,2.7914159297943115,-6.32861328125,8.773193359375,2.828125,0.3627118766307831,False,False,True,True,True,True,True,True,True,0.10860575735569,0.3627118766307831,0.60546875,0.60546875,1,4,9316,0,9316,0.10028696060180664,0.11595344543457031,0.015666484832763672,0,1,1,0,2,2,1706257657.900325,0.015807390213012695,2,Mid360,1,2,True,True,CURRENT_SUPPORT
seq0008,seq0008_valref_000704,1706257657.963503,-6.242547988891602,9.128817558288574,2.7829720973968506,-6.32080078125,8.76495361328125,2.8515625,0.3784509301185608,False,False,True,True,True,True,True,True,True,0.1316339671611786,0.3784509301185608,0.5703125,0.5703125,1,4,9316,0,9316,0.10028696060180664,0.16332387924194336,0.06303691864013672,0,1,1,0,2,2,1706257657.900325,0.06317782402038574,2,Mid360,1,2,True,True,CURRENT_SUPPORT
seq0008,seq0008_valref_000705,1706257658.012678,-6.246271133422852,9.13516902923584,2.774280071258545,-6.3818359375,8.9970703125,2.890625,0.2257990539073944,False,False,True,True,True,True,True,True,True,0.17750301957130432,0.2257990539073944,0.90625,0.90625,1,6,14014,0,14014,0.20037388801574707,0.21249890327453613,0.012125015258789062,0,2,2,0,4,4,1706257658.00023,0.012447834014892578,4,Mid360,2,4,True,True,CURRENT_SUPPORT
seq0008,seq0008_valref_000706,1706257658.0571675,-6.249051094055176,9.1411771774292,2.7660698890686035,-6.376953125,9.0,2.91796875,0.24364562332630157,False,False,True,True,True,True,True,True,True,0.20255231857299805,0.24364562332630157,0.90234375,0.90234375,1,6,14014,0,14014,0.20037388801574707,0.256988525390625,0.05661463737487793,0,2,2,0,4,4,1706257658.00023,0.056937456130981445,4,Mid360,2,4,True,True,CURRENT_SUPPORT
seq0008,seq0008_valref_000707,1706257658.1166453,-6.253064155578613,9.146782875061035,2.7569470405578613,-6.3974609375,8.9990234375,2.9453125,0.2795797288417816,False,False,True,True,True,True,True,True,True,0.22873839735984802,0.2795797288417816,0.83203125,0.83203125,1,8,18729,0,18729,0.3003048896789551,0.3164663314819336,0.016161441802978516,0,2,2,0,4,4,1706257658.00023,0.11641526222229004,4,Mid360,1,2,True,True,CURRENT_SUPPORT
seq0008,seq0008_valref_000708,1706257658.1567683,-6.255551815032959,9.152170181274414,2.74833607673645,-6.3935546875,8.998046875,2.96875,0.3022930324077606,False,False,True,True,True,True,True,True,True,0.2566332519054413,0.3022930324077606,0.828125,0.828125,1,8,18729,0,18729,0.3003048896789551,0.35658931732177734,0.056284427642822266,0,2,2,0,4,4,1706257658.00023,0.1565382480621338,4,Mid360,1,2,True,True,CURRENT_SUPPORT
seq0008,seq0008_valref_000709,1706257658.2029743,-6.258886814117432,9.157747268676758,2.740777015686035,-6.3134765625,9.3837890625,2.66796875,0.24367186427116394,False,False,True,True,True,True,True,True,True,0.24367186427116394,0.24367186427116394,0.7109375,0.7109375,1,10,23388,0,23388,0.4004039764404297,0.40279531478881836,0.002391338348388672,0,3,3,0,5,5,1706257658.200307,0.0026674270629882812,8,Mid360,1,1,True,True,CURRENT_SUPPORT
seq0008,seq0008_valref_000710,1706257658.2587416,-6.261987209320068,9.163042068481445,2.7326149940490723,-6.305908203125,9.392578125,2.693359375,0.23697438836097717,False,False,True,True,True,True,True,True,True,0.23697438836097717,0.23697438836097717,0.765625,0.765625,1,10,23388,0,23388,0.4004039764404297,0.45856261253356934,0.05815863609313965,0,3,3,0,5,5,1706257658.200307,0.05843472480773926,8,Mid360,1,1,True,True,CURRENT_SUPPORT
seq0008,seq0008_valref_000711,1706257658.3046532,-6.268037796020508,9.173239707946777,2.7164509296417236,-6.416015625,9.212158203125,2.734375,0.1540563553571701,False,False,True,True,True,True,True,True,True,0.1540563553571701,0.1540563553571701,0.97265625,0.97265625,1,12,28115,0,28115,0.5003769397735596,0.5044741630554199,0.0040972232818603516,0,4,4,0,10,10,1706257658.300229,0.004424095153808594,10,Mid360,2,6,True,True,CURRENT_SUPPORT
seq0008,seq0008_valref_000712,1706257658.3569593,-6.27018404006958,9.177286148071289,2.709012985229492,-6.4111328125,9.2099609375,2.75,0.1503799557685852,False,False,True,True,True,True,True,True,True,0.1503799557685852,0.1503799557685852,0.9765625,0.9765625,1,12,28115,0,28115,0.5003769397735596,0.5567803382873535,0.056403398513793945,0,4,4,0,10,10,1706257658.300229,0.05673027038574219,10,Mid360,2,6,True,True,CURRENT_SUPPORT
seq0008,seq0008_valref_000713,1706257658.4034696,-6.2725701332092285,9.181447982788086,2.701900005340576,-6.44921875,9.20703125,2.76171875,0.18824855983257294,False,False,True,True,True,True,True,True,True,0.18020154535770416,0.18824855983257294,0.97265625,0.97265625,1,14,32741,0,32741,0.6002779006958008,0.6032905578613281,0.0030126571655273438,0,5,5,0,11,11,1706257658.400178,0.003291606903076172,12,Mid360,2,6,True,True,CURRENT_SUPPORT
seq0008,seq0008_valref_000714,1706257658.4569578,-6.274870872497559,9.18542766571045,2.694221019744873,-6.44140625,9.204345703125,2.78515625,0.19068597257137299,False,False,True,True,True,True,True,True,True,0.17281804978847504,0.19068597257137299,0.97265625,0.97265625,1,14,32741,0,32741,0.6002779006958008,0.6567788124084473,0.056500911712646484,0,5,5,0,11,11,1706257658.400178,0.05677986145019531,12,Mid360,2,6,True,True,CURRENT_SUPPORT
seq0008,seq0008_valref_000715,1706257658.5042655,-6.276439189910889,9.188743591308594,2.686685085296631,-6.4560546875,9.14013671875,2.78515625,0.21052534878253937,False,False,True,True,True,True,True,True,True,0.19421473145484924,0.21052534878253937,0.9609375,0.9609375,1,16,37491,0,37491,0.7003750801086426,0.7040865421295166,0.0037114620208740234,1,6,6,1,12,12,1706257658.500331,0.003934621810913086,14,Mid360,2,2,True,True,CURRENT_SUPPORT
seq0008,seq0008_valref_000716,1706257658.5575955,-6.278531074523926,9.192049980163574,2.6792080402374268,-6.447265625,9.13525390625,2.81640625,0.22476764023303986,False,False,True,True,True,True,True,True,True,0.19507986307144165,0.22476764023303986,0.95703125,0.95703125,1,16,37491,0,37491,0.7003750801086426,0.7574164867401123,0.05704140663146973,1,6,6,1,12,12,1706257658.500331,0.05726456642150879,14,Mid360,2,2,True,True,CURRENT_SUPPORT
seq0008,seq0008_valref_000717,1706257658.619134,-6.279914855957031,9.197454452514648,2.6655640602111816,-6.388671875,9.2861328125,2.638671875,0.14288152754306793,False,False,True,True,True,True,True,True,True,0.14288152754306793,0.14288152754306793,0.98046875,0.98046875,1,18,42296,0,42296,0.8003060817718506,0.8189549446105957,0.018648862838745117,1,7,7,1,20,20,1706257658.600217,0.018916845321655273,16,Mid360,2,9,True,True,CURRENT_SUPPORT
seq0008,seq0008_valref_000718,1706257658.655806,-6.280074119567871,9.199872016906738,2.6594629287719727,-6.3896484375,9.286376953125,2.650390625,0.13989976048469543,False,False,True,True,True,True,True,True,True,0.13989976048469543,0.13989976048469543,0.98046875,0.98046875,1,18,42296,0,42296,0.8003060817718506,0.8556270599365234,0.05532097816467285,1,7,7,1,20,20,1706257658.600217,0.05558896064758301,16,Mid360,2,9,True,True,CURRENT_SUPPORT
seq0008,seq0008_valref_000719,1706257658.704455,-6.279598236083984,9.201847076416016,2.653688907623291,-6.451171875,9.280029296875,2.638671875,0.1891440749168396,False,False,True,True,True,True,True,True,True,0.16367951035499573,0.1891440749168396,0.98046875,0.98046875,1,20,47016,0,47016,0.9013569355010986,0.9042758941650391,0.0029189586639404297,1,8,8,1,21,21,1706257658.700177,0.004277944564819336,18,Mid360,2,9,True,True,CURRENT_SUPPORT
seq0008,seq0008_valref_000720,1706257658.7541344,-6.2788848876953125,9.203509330749512,2.6477210521698,-6.451171875,9.283447265625,2.658203125,0.19021764397621155,False,False,True,True,True,True,True,True,True,0.18460622429847717,0.19021764397621155,0.98046875,0.98046875,1,20,47016,0,47016,0.9013569355010986,0.9539554119110107,0.05259847640991211,1,8,8,1,21,21,1706257658.700177,0.053957462310791016,18,Mid360,2,9,True,True,CURRENT_SUPPORT
seq0008,seq0008_valref_000721,1706257658.8068,-6.278152942657471,9.204686164855957,2.6417839527130127,-6.4853515625,9.2222900390625,2.6875,0.21291106939315796,False,False,True,True,True,True,True,True,True,0.1521860808134079,0.21291106939315796,0.9765625,0.9765625,1,20,47065,0,47065,0.9002158641815186,0.9064748287200928,0.006258964538574219,2,9,9,2,22,22,1706257658.800334,0.006465911865234375,18,Mid360,2,2,True,True,CURRENT_SUPPORT
seq0008,seq0008_valref_000722,1706257658.8572428,-6.277367115020752,9.205550193786621,2.6361899375915527,-6.482421875,9.2218017578125,2.7109375,0.21885786950588226,False,False,True,True,True,True,True,True,True,0.17403067648410797,0.21885786950588226,0.97265625,0.97265625,1,20,47065,0,47065,0.9002158641815186,0.9569177627563477,0.0567018985748291,2,9,9,3,22,22,1706257658.800334,0.05690884590148926,18,Mid360,2,2,True,True,CURRENT_SUPPORT
seq0008,seq0008_valref_000723,1706257658.9069235,-6.276519775390625,9.206090927124023,2.629870891571045,-6.392578125,9.169921875,2.88671875,0.2841629087924957,False,False,True,True,True,True,True,True,True,0.16889166831970215,0.2841629087924957,0.96484375,0.96484375,1,20,47375,0,47375,0.9002649784088135,0.9066934585571289,0.00642848014831543,1,9,9,2,28,28,1706257658.900215,0.006708621978759766,18,Mid360,2,9,True,True,CURRENT_SUPPORT
seq0008,seq0008_valref_000724,1706257658.9490736,-6.274880886077881,9.206661224365234,2.6147899627685547,-6.38671875,9.17236328125,2.90234375,0.3104371726512909,False,False,True,True,True,True,True,True,True,0.18626394867897034,0.3104371726512909,0.95703125,0.95703125,1,20,47375,0,47375,0.9002649784088135,0.9488434791564941,0.048578500747680664,1,9,9,3,28,28,1706257658.900215,0.048858642578125,18,Mid360,2,9,True,True,CURRENT_SUPPORT
seq0008,seq0008_valref_000725,1706257658.9979708,-6.273909091949463,9.206592559814453,2.608201026916504,-6.2694091796875,9.2998046875,2.8046875,0.21752169728279114,False,False,True,True,True,True,True,True,True,0.19495223462581635,0.21752169728279114,0.94921875,0.94921875,1,20,47375,0,47375,0.9002649784088135,0.9977407455444336,0.09747576713562012,2,9,9,4,28,28,1706257658.900215,0.09775590896606445,18,Mid360,2,9,True,True,CURRENT_SUPPORT
seq0008,seq0008_valref_000726,1706257659.0488925,-6.2729811668396,9.2063570022583,2.6007320880889893,-6.34912109375,9.2716064453125,2.7734375,0.1997046321630478,False,False,True,True,True,True,True,True,True,0.1997046321630478,0.1997046321630478,0.9609375,0.9609375,1,20,47427,0,47427,0.9003481864929199,0.948697566986084,0.04834938049316406,2,9,9,4,27,27,1706257659.000293,0.0485994815826416,18,Mid360,2,9,True,True,CURRENT_SUPPORT
seq0008,seq0008_valref_000727,1706257659.1108632,-6.271818161010742,9.206008911132812,2.593930959701538,-6.189697265625,9.359375,2.71484375,0.2118605673313141,False,False,True,True,True,True,True,True,True,0.2118605673313141,0.2118605673313141,0.96875,0.96875,1,20,47637,0,47637,0.9002640247344971,0.9105563163757324,0.010292291641235352,2,10,10,4,28,28,1706257659.100314,0.010549306869506836,18,Mid360,2,2,True,True,CURRENT_SUPPORT
seq0008,seq0008_valref_000728,1706257659.1567714,-6.270417213439941,9.205764770507812,2.58770489692688,-6.1875,9.35595703125,2.73828125,0.2282678633928299,False,False,True,True,True,True,True,True,True,0.2282678633928299,0.2282678633928299,0.96875,0.96875,1,20,47637,0,47637,0.9002640247344971,0.9564645290374756,0.056200504302978516,2,10,10,4,28,28,1706257659.100314,0.05645751953125,18,Mid360,2,2,True,True,CURRENT_SUPPORT
seq0008,seq0008_valref_000729,1706257659.2046294,-6.266141891479492,9.205141067504883,2.5771429538726807,-6.2760009765625,9.3427734375,2.65234375,0.15714652836322784,False,False,True,True,True,True,True,True,True,0.15714652836322784,0.15714652836322784,0.95703125,0.95703125,1,20,47881,0,47881,0.9012699127197266,0.9044003486633301,0.0031304359436035156,2,10,10,4,33,33,1706257659.200248,0.004381418228149414,18,Mid360,2,7,True,True,CURRENT_SUPPORT
seq0008,seq0008_valref_000730,1706257659.2520688,-6.26394510269165,9.204767227172852,2.5730769634246826,-6.27392578125,9.34912109375,2.66796875,0.17303787171840668,False,False,True,True,True,True,True,True,True,0.17303787171840668,0.17303787171840668,0.953125,0.953125,1,20,47881,0,47881,0.9012699127197266,0.9518396854400635,0.050569772720336914,2,10,10,4,33,33,1706257659.200248,0.05182075500488281,18,Mid360,2,7,True,True,CURRENT_SUPPORT
seq0008,seq0008_valref_000731,1706257659.3031442,-6.261127948760986,9.204107284545898,2.5689399242401123,-6.284423828125,9.36083984375,2.6484375,0.17727847397327423,False,False,True,True,True,True,True,True,True,0.17727847397327423,0.17727847397327423,0.96875,0.96875,1,20,47945,0,47945,0.9003620147705078,0.9029662609100342,0.002604246139526367,1,9,9,1,28,28,1706257659.200248,0.10289621353149414,16,Mid360,1,6,True,True,CURRENT_SUPPORT
seq0008,seq0008_valref_000732,1706257659.3550117,-6.258103847503662,9.203778266906738,2.5646989345550537,-6.2801513671875,9.36083984375,2.66796875,0.18925930559635162,False,False,True,True,True,True,True,True,True,0.18925930559635162,0.18925930559635162,0.96484375,0.96484375,1,20,47945,0,47945,0.9003620147705078,0.9548337459564209,0.054471731185913086,1,9,9,1,28,28,1706257659.200248,0.15476369857788086,16,Mid360,1,6,True,True,CURRENT_SUPPORT
seq0008,seq0008_valref_000733,1706257659.415177,-6.252769947052002,9.203536987304688,2.5582010746002197,-6.36181640625,9.1552734375,2.765625,0.23925966024398804,False,False,True,True,True,True,True,True,True,0.23925966024398804,0.23925966024398804,0.953125,0.953125,1,20,48283,0,48283,0.9001281261444092,0.9148461818695068,0.014718055725097656,1,9,9,1,28,28,1706257659.400274,0.014903068542480469,18,Mid360,1,1,True,True,CURRENT_SUPPORT
seq0008,seq0008_valref_000734,1706257659.4598165,-6.249557971954346,9.203474044799805,2.555666923522949,-6.35400390625,9.1591796875,2.78125,0.25250479578971863,False,False,True,True,True,True,True,True,True,0.25250479578971863,0.25250479578971863,0.94921875,0.94921875,1,20,48283,0,48283,0.9001281261444092,0.9594855308532715,0.059357404708862305,1,9,9,1,28,28,1706257659.400274,0.05954241752624512,18,Mid360,1,1,True,True,CURRENT_SUPPORT
seq0008,seq0008_valref_000735,1706257659.5397801,-6.243728160858154,9.20327091217041,2.5507149696350098,-6.3232421875,9.2198486328125,2.765625,0.22974686324596405,False,False,True,True,True,True,True,True,True,0.22974686324596405,0.22974686324596405,0.953125,0.953125,1,20,48412,0,48412,0.9003188610076904,0.9395630359649658,0.03924417495727539,1,9,9,1,28,28,1706257659.500184,0.0395960807800293,18,Mid360,2,2,True,True,CURRENT_SUPPORT
seq0008,seq0008_valref_000736,1706257659.5838823,-6.240722179412842,9.202759742736816,2.5488150119781494,-6.318359375,9.2242431640625,2.78125,0.24599815905094147,False,False,True,True,True,True,True,True,True,0.24599815905094147,0.24599815905094147,0.9453125,0.9453125,1,20,48412,0,48412,0.9003188610076904,0.9836652278900146,0.08334636688232422,1,9,9,1,28,28,1706257659.500184,0.08369827270507812,18,Mid360,2,2,True,True,CURRENT_SUPPORT
seq0008,seq0008_valref_000737,1706257659.6250648,-6.238131999969482,9.202427864074707,2.5470778942108154,-6.26348876953125,9.25640869140625,2.7109375,0.17437565326690674,False,False,True,True,True,True,True,True,True,0.17437565326690674,0.17437565326690674,0.95703125,0.95703125,1,20,48486,0,48486,0.900285005569458,0.9248878955841064,0.024602890014648438,0,9,9,0,21,21,1706257659.600173,0.02489185333251953,18,Mid360,2,2,True,True,CURRENT_SUPPORT
seq0008,seq0008_valref_000738,1706257659.6709397,-6.235376834869385,9.20157527923584,2.543989896774292,-6.26361083984375,9.257720947265625,2.7265625,0.19308611750602722,False,False,True,True,True,True,True,True,True,0.19308611750602722,0.19308611750602722,0.953125,0.953125,1,20,48486,0,48486,0.900285005569458,0.9707627296447754,0.07047772407531738,0,9,9,0,21,21,1706257659.600173,0.07076668739318848,18,Mid360,2,2,True,True,CURRENT_SUPPORT
seq0008,seq0008_valref_000739,1706257659.7081099,-6.233212947845459,9.200703620910645,2.5385780334472656,-6.247589111328125,9.2811279296875,2.62890625,0.12179462611675262,False,False,True,True,True,True,True,True,True,0.12179462611675262,0.12179462611675262,0.921875,0.921875,1,20,48664,0,48664,0.9002540111541748,0.90777587890625,0.007521867752075195,0,9,9,0,22,22,1706257659.7003,0.007809877395629883,18,Mid360,2,3,True,True,CURRENT_SUPPORT
seq0008,seq0008_valref_000740,1706257659.7562678,-6.230848789215088,9.199706077575684,2.528212070465088,-6.2465362548828125,9.281005859375,2.64453125,0.14277920126914978,False,False,True,True,True,True,True,True,True,0.14277920126914978,0.14277920126914978,0.91796875,0.91796875,1,20,48664,0,48664,0.9002540111541748,0.9559338092803955,0.0556797981262207,0,9,9,0,22,22,1706257659.7003,0.05596780776977539,18,Mid360,2,3,True,True,CURRENT_SUPPORT
seq0008,seq0008_valref_000741,1706257659.8024147,-6.228453159332275,9.198640823364258,2.5114951133728027,-6.3095703125,9.301025390625,2.6640625,0.20084671676158905,False,False,True,True,True,True,True,True,True,0.20084671676158905,0.20084671676158905,0.9296875,0.9296875,1,20,48676,0,48676,0.9003360271453857,0.9021997451782227,0.001863718032836914,0,8,8,0,21,21,1706257659.7003,0.10211467742919922,16,Mid360,1,2,True,True,CURRENT_SUPPORT
seq0008,seq0008_valref_000742,1706257659.8538616,-6.226099967956543,9.197114944458008,2.486778974533081,-6.3046875,9.3017578125,2.68359375,0.23635181784629822,False,False,True,True,True,True,True,True,True,0.23635181784629822,0.23635181784629822,0.92578125,0.92578125,1,20,48676,0,48676,0.9003360271453857,0.9536466598510742,0.05331063270568848,0,8,8,0,21,21,1706257659.7003,0.15356159210205078,16,Mid360,1,2,True,True,CURRENT_SUPPORT
seq0008,seq0008_valref_000743,1706257659.903901,-6.2228498458862305,9.194732666015625,2.453555107116699,-6.36181640625,9.0810546875,2.7421875,0.3399162292480469,False,False,True,True,True,True,True,True,True,0.3399162292480469,0.3399162292480469,0.8671875,0.8671875,1,20,48594,0,48594,0.9001579284667969,0.9036080837249756,0.003450155258178711,0,8,8,0,14,14,1706257659.900321,0.0035800933837890625,18,Mid360,1,1,True,True,CURRENT_SUPPORT
seq0008,seq0008_valref_000744,1706257659.9588685,-6.221086025238037,9.193961143493652,2.4155080318450928,-6.35888671875,9.080078125,2.765625,0.3931161165237427,False,False,True,True,True,True,True,True,True,0.3931161165237427,0.3931161165237427,0.86328125,0.86328125,1,20,48594,0,48594,0.9001579284667969,0.9585754871368408,0.058417558670043945,1,8,8,1,14,14,1706257659.900321,0.0585474967956543,18,Mid360,1,1,True,True,CURRENT_SUPPORT
seq0008,seq0008_valref_000745,1706257660.0077932,-6.2187042236328125,9.192591667175293,2.3733060359954834,-6.306396484375,9.1220703125,2.7578125,0.4006350338459015,False,False,True,True,True,True,True,True,True,0.4006350338459015,0.4006350338459015,0.8984375,0.8984375,1,20,48790,0,48790,0.9002361297607422,0.9074792861938477,0.007243156433105469,4,8,8,4,14,14,1706257660.000308,0.007485151290893555,18,Mid360,2,2,True,True,CURRENT_SUPPORT
seq0008,seq0008_valref_000746,1706257660.0543733,-6.213645935058594,9.190135955810547,2.2722229957580566,-6.303466796875,9.1220703125,2.765625,0.5061089396476746,False,False,False,True,True,False,True,False,True,0.5061089396476746,0.5061089396476746,0.890625,0.890625,1,20,48790,0,48790,0.9002361297607422,0.954059362411499,0.053823232650756836,8,8,8,10,14,14,1706257660.000308,0.05406522750854492,18,Mid360,2,2,True,True,CURRENT_SUPPORT
seq0008,seq0008_valref_000747,1706257660.1028392,-6.2111687660217285,9.188875198364258,2.2126989364624023,-6.283447265625,9.099609375,2.8125,0.6106995344161987,False,False,False,True,True,False,True,False,True,0.6106995344161987,0.6106995344161987,0.890625,0.890625,1,20,48718,0,48718,0.9002349376678467,0.9025912284851074,0.002356290817260742,7,7,7,13,13,13,1706257660.000308,0.10253119468688965,16,Mid360,1,1,True,True,CURRENT_SUPPORT
seq0008,seq0008_valref_000748,1706257660.1556091,-6.208920955657959,9.18851089477539,2.149285078048706,-6.278076171875,9.10546875,2.828125,0.6873878240585327,False,False,False,True,True,False,True,False,True,0.6873878240585327,0.6873878240585327,0.87890625,0.87890625,1,20,48718,0,48718,0.9002349376678467,0.9553611278533936,0.055126190185546875,7,7,7,13,13,13,1706257660.000308,0.15530109405517578,16,Mid360,1,1,True,True,CURRENT_SUPPORT
seq0008,seq0008_valref_000749,1706257660.2034223,-6.207846164703369,9.187862396240234,2.081624984741211,-6.3740234375,9.15966796875,2.8671875,0.8034415245056152,False,False,False,True,True,False,True,False,True,0.8034415245056152,0.8034415245056152,0.90625,0.90625,1,20,48769,0,48769,0.9013030529022217,0.9032492637634277,0.0019462108612060547,6,6,6,7,7,7,1706257660.000308,0.20311427116394043,14,Mid360,0,0,True,False,NO_CURRENT_SUPPORT
seq0008,seq0008_valref_000750,1706257660.267044,-6.206919193267822,9.187426567077637,1.9437509775161743,-6.36767578125,9.166015625,2.8828125,0.9529625773429871,False,False,False,True,True,False,True,False,True,0.9529625773429871,0.9529625773429871,0.88671875,0.88671875,1,20,48769,0,48769,0.9013030529022217,0.9668710231781006,0.0655679702758789,6,6,6,7,7,7,1706257660.000308,0.2667360305786133,14,Mid360,0,0,True,False,NO_CURRENT_SUPPORT
seq0008,seq0008_valref_000751,1706257660.308497,-6.207461833953857,9.187409400939941,1.873242974281311,-6.3681640625,9.212646484375,2.9140625,1.0534549951553345,False,False,False,False,True,False,False,False,False,1.0534549951553345,1.0534549951553345,0.80078125,nan,,20,48920,0,48920,0.9002699851989746,0.9082229137420654,0.00795292854309082,6,6,6,7,7,7,1706257660.000308,0.30818891525268555,12,Mid360,0,0,True,False,NO_CURRENT_SUPPORT
seq0008,seq0008_valref_000752,1706257660.3559093,-6.207917213439941,9.187686920166016,1.805703043937683,-6.36572265625,9.21826171875,2.921875,1.1276867389678955,False,False,False,False,True,False,False,False,False,1.1276867389678955,1.1276867389678955,0.765625,nan,,20,48920,0,48920,0.9002699851989746,0.9556353092193604,0.05536532402038574,6,6,6,7,7,7,1706257660.000308,0.35560131072998047,12,Mid360,0,0,True,False,NO_CURRENT_SUPPORT
seq0008,seq0008_valref_000753,1706257660.4024012,-6.208741188049316,9.187971115112305,1.733739972114563,-6.390625,9.044921875,2.08984375,0.4246818721294403,False,False,True,True,True,True,True,True,True,0.4246818721294403,0.4246818721294403,0.71875,0.71875,1,20,48732,0,48732,0.9002768993377686,0.9022171497344971,0.0019402503967285156,6,6,6,10,11,11,1706257660.400228,0.002173185348510742,18,Mid360,1,5,True,True,CURRENT_SUPPORT
seq0008,seq0008_valref_000754,1706257660.4530787,-6.209586143493652,9.188223838806152,1.6693110466003418,-6.392578125,9.0439453125,2.1171875,0.5048719644546509,False,False,False,True,True,False,True,False,True,0.5048719644546509,0.5048719644546509,0.734375,0.734375,1,20,48732,0,48732,0.9002768993377686,0.9528946876525879,0.052617788314819336,6,6,6,10,11,11,1706257660.400228,0.05285072326660156,18,Mid360,1,5,True,True,CURRENT_SUPPORT
seq0008,seq0008_valref_000755,1706257660.510189,-6.210663795471191,9.188261985778809,1.6051160097122192,-6.46875,9.0576171875,2.0234375,0.5085955262184143,False,False,False,True,True,False,True,False,True,0.5085955262184143,0.5085955262184143,0.7421875,0.7421875,1,20,48834,0,48834,0.9003770351409912,0.9100160598754883,0.00963902473449707,6,6,6,10,11,11,1706257660.500315,0.009874105453491211,18,Mid360,2,6,True,True,CURRENT_SUPPORT
seq0008,seq0008_valref_000756,1706257660.5505779,-6.210933208465576,9.189202308654785,1.5453150272369385,-6.470703125,9.052734375,2.03515625,0.5710064172744751,False,False,False,True,True,False,True,False,True,0.5710064172744751,0.5710064172744751,0.7890625,0.7890625,1,20,48834,0,48834,0.9003770351409912,0.9504048824310303,0.05002784729003906,6,6,6,10,11,11,1706257660.500315,0.0502629280090332,18,Mid360,2,6,True,True,CURRENT_SUPPORT
seq0008,seq0008_valref_000757,1706257660.6039987,-6.211145877838135,9.190096855163574,1.4962600469589233,-6.4775390625,9.08984375,1.625,0.3123939633369446,False,False,True,True,True,True,True,True,True,0.3123939633369446,0.3123939633369446,0.380859375,0.380859375,1,20,48897,0,48897,0.9002430438995361,0.9036986827850342,0.003455638885498047,5,6,6,9,12,12,1706257660.600305,0.0036935806274414062,18,Mid360,2,3,True,True,CURRENT_SUPPORT
seq0008,seq0008_valref_000758,1706257660.6569479,-6.211038112640381,9.191532135009766,1.4519360065460205,-6.4794921875,9.0830078125,1.640625,0.3456134498119354,False,False,True,True,True,True,True,True,True,0.3456134498119354,0.3456134498119354,0.48046875,0.48046875,1,20,48897,0,48897,0.9002430438995361,0.9566478729248047,0.056404829025268555,5,6,6,9,12,12,1706257660.600305,0.056642770767211914,18,Mid360,2,3,True,True,CURRENT_SUPPORT
seq0008,seq0008_valref_000759,1706257660.713687,-6.210276126861572,9.194290161132812,1.3628389835357666,-6.3330078125,9.2686767578125,1.53125,0.22126613557338715,False,False,True,True,True,True,True,True,True,0.22126613557338715,0.22126613557338715,0.8984375,0.8984375,1,20,48878,0,48878,0.9012370109558105,0.913442850112915,0.012205839157104492,3,6,6,6,12,12,1706257660.700223,0.013463973999023438,18,Mid360,2,4,True,True,CURRENT_SUPPORT
seq0008,seq0008_valref_000760,1706257660.754994,-6.209743976593018,9.195638656616211,1.3160959482192993,-6.33056640625,9.2728271484375,1.546875,0.2716893255710602,False,False,True,True,True,True,True,True,True,0.2716893255710602,0.2716893255710602,0.91015625,0.91015625,1,20,48878,0,48878,0.9012370109558105,0.9547498226165771,0.0535128116607666,4,6,6,7,12,12,1706257660.700223,0.05477094650268555,18,Mid360,2,4,True,True,CURRENT_SUPPORT
seq0008,seq0008_valref_000761,1706257660.8029966,-6.209366798400879,9.197196006774902,1.2678840160369873,-6.34130859375,9.2611083984375,1.3984375,0.19631007313728333,False,False,True,True,True,True,True,True,True,0.19631007313728333,0.19631007313728333,0.66015625,0.66015625,1,20,49025,0,49025,0.9002220630645752,0.9026756286621094,0.0024535655975341797,4,7,7,8,14,14,1706257660.8002,0.002796649932861328,18,Mid360,2,4,True,True,CURRENT_SUPPORT
seq0008,seq0008_valref_000762,1706257660.8557088,-6.2095208168029785,9.198229789733887,1.220682978630066,-6.3369140625,9.2674560546875,1.41796875,0.2448325902223587,False,False,True,True,True,True,True,True,True,0.2448325902223587,0.2448325902223587,0.71484375,0.71484375,1,20,49025,0,49025,0.9002220630645752,0.9553878307342529,0.055165767669677734,4,7,7,8,14,14,1706257660.8002,0.05550885200500488,18,Mid360,2,4,True,True,CURRENT_SUPPORT
seq0008,seq0008_valref_000763,1706257660.903631,-6.209778785705566,9.199241638183594,1.1706180572509766,-6.37158203125,9.23486328125,1.37109375,0.2600763142108917,False,False,True,True,True,True,True,True,True,0.2600763142108917,0.2600763142108917,0.8046875,0.8046875,1,20,49064,0,49064,0.9001600742340088,0.9033229351043701,0.003162860870361328,6,7,7,10,14,14,1706257660.900313,0.0033180713653564453,18,Mid360,2,3,True,True,CURRENT_SUPPORT
seq0008,seq0008_valref_000764,1706257660.9561224,-6.210290908813477,9.199928283691406,1.1234110593795776,-6.3681640625,9.24139404296875,1.39453125,0.31646403670310974,False,False,True,True,True,True,True,True,True,0.31646403670310974,0.31646403670310974,0.83203125,0.83203125,1,20,49064,0,49064,0.9001600742340088,0.9558143615722656,0.055654287338256836,6,7,7,10,14,14,1706257660.900313,0.05580949783325195,18,Mid360,2,3,True,True,CURRENT_SUPPORT
seq0008,seq0008_valref_000765,1706257661.0056436,-6.2134690284729,9.200661659240723,1.0250450372695923,-6.427734375,9.0546875,1.37890625,0.4386751055717468,False,False,True,True,True,True,True,True,True,0.4386751055717468,0.4386751055717468,0.79296875,0.79296875,1,20,49000,0,49000,0.900352954864502,0.9054296016693115,0.00507664680480957,7,7,7,13,14,14,1706257661.000185,0.0054585933685302734,18,Mid360,2,2,True,True,CURRENT_SUPPORT
seq0008,seq0008_valref_000766,1706257661.054383,-6.215230941772461,9.200462341308594,0.9723470211029053,-6.4296875,9.064453125,1.3984375,0.4960274398326874,False,False,True,True,True,True,True,True,True,0.4960274398326874,0.4960274398326874,0.80859375,0.80859375,1,20,49000,0,49000,0.900352954864502,0.9541690349578857,0.05381608009338379,7,7,7,12,14,14,1706257661.000185,0.05419802665710449,18,Mid360,2,2,True,True,CURRENT_SUPPORT
seq0008,seq0008_valref_000767,1706257661.1040092,-6.2166948318481445,9.199950218200684,0.9232620000839233,-6.3779296875,8.953125,1.03515625,0.3153406083583832,False,False,True,True,True,True,True,True,True,0.3153406083583832,0.3153406083583832,0.50390625,0.50390625,1,20,49097,0,49097,0.9003090858459473,0.9038152694702148,0.003506183624267578,7,8,8,11,15,15,1706257661.100178,0.003831148147583008,18,Mid360,2,2,True,True,CURRENT_SUPPORT
seq0008,seq0008_valref_000768,1706257661.152667,-6.2179741859436035,9.199193000793457,0.8762609958648682,-6.3837890625,8.9658203125,1.0625,0.3415294289588928,False,False,True,True,True,True,True,True,True,0.3415294289588928,0.3415294289588928,0.55078125,0.55078125,1,20,49097,0,49097,0.9003090858459473,0.9524731636047363,0.05216407775878906,6,8,8,8,15,15,1706257661.100178,0.05248904228210449,18,Mid360,2,2,True,True,CURRENT_SUPPORT
seq0008,seq0008_valref_000769,1706257661.2033806,-6.218771934509277,9.198445320129395,0.8279929757118225,-6.44921875,9.0390625,0.984375,0.3208799660205841,False,False,True,True,True,True,True,True,True,0.08844521641731262,0.3208799660205841,0.4296875,0.4296875,1,20,48978,0,48978,0.9001309871673584,0.9030735492706299,0.0029425621032714844,6,9,9,8,22,22,1706257661.200275,0.003105640411376953,18,Mid360,2,8,True,True,CURRENT_SUPPORT
seq0008,seq0008_valref_000770,1706257661.2561848,-6.2200140953063965,9.197710037231445,0.7820940017700195,-6.4560546875,9.0546875,1.00390625,0.3540780544281006,False,False,True,True,True,True,True,True,True,0.13206255435943604,0.3540780544281006,0.53125,0.53125,1,20,48978,0,48978,0.9001309871673584,0.9558777809143066,0.05574679374694824,6,9,9,10,22,22,1706257661.200275,0.05590987205505371,18,Mid360,2,8,True,True,CURRENT_SUPPORT
seq0008,seq0008_valref_000771,1706257661.3064082,-6.220495223999023,9.196572303771973,0.734857976436615,-6.3994140625,9.10546875,0.83203125,0.22305706143379211,False,False,True,True,True,True,True,True,True,0.1315002143383026,0.22305706143379211,0.44921875,0.44921875,1,20,48925,0,48925,0.9003078937530518,0.9061801433563232,0.005872249603271484,6,10,10,13,24,24,1706257661.300186,0.006222248077392578,18,Mid360,2,9,True,True,CURRENT_SUPPORT
seq0008,seq0008_valref_000772,1706257661.3556235,-6.221088886260986,9.194518089294434,0.6458370089530945,-6.4072265625,9.1171875,0.84765625,0.2852337062358856,False,False,True,True,True,True,True,True,True,0.22364787757396698,0.2852337062358856,0.51171875,0.51171875,1,20,48925,0,48925,0.9003078937530518,0.9553954601287842,0.05508756637573242,8,10,10,15,24,24,1706257661.300186,0.055437564849853516,18,Mid360,2,9,True,True,CURRENT_SUPPORT
seq0008,seq0008_valref_000773,1706257661.4039576,-6.2216901779174805,9.193492889404297,0.6033070087432861,-6.253570556640625,9.1689453125,1.0234375,0.4220528304576874,False,False,True,True,True,True,True,True,True,0.3742978870868683,0.4220528304576874,0.94140625,0.94140625,1,20,49060,0,49060,0.9001390933990479,0.9036426544189453,0.003503561019897461,8,10,10,16,20,22,1706257661.400312,0.003645658493041992,18,Mid360,2,3,True,True,CURRENT_SUPPORT
seq0008,seq0008_valref_000774,1706257661.4550579,-6.2223100662231445,9.19235897064209,0.5663700103759766,-6.254608154296875,9.1748046875,1.05078125,0.4858040511608124,False,False,True,True,True,True,True,True,True,0.4220632314682007,0.4858040511608124,0.94921875,0.94921875,1,20,49060,0,49060,0.9001390933990479,0.9547429084777832,0.05460381507873535,9,10,10,17,20,24,1706257661.400312,0.05474591255187988,18,Mid360,2,3,True,True,CURRENT_SUPPORT
seq0008,seq0008_valref_000775,1706257661.5122988,-6.223137855529785,9.19102668762207,0.5283910036087036,-6.26458740234375,9.1279296875,1.08203125,0.5587636232376099,False,False,False,True,True,True,True,False,True,0.4846400022506714,0.5587636232376099,0.92578125,0.92578125,1,20,48904,0,48904,0.9002399444580078,0.9119937419891357,0.01175379753112793,8,10,10,17,20,25,1706257661.500296,0.012002706527709961,18,Mid360,2,2,True,True,CURRENT_SUPPORT
seq0008,seq0008_valref_000776,1706257661.551003,-6.223573207855225,9.18948745727539,0.4904179871082306,-6.26336669921875,9.13525390625,1.09765625,0.6109526753425598,False,False,False,True,True,False,True,False,True,0.5309063196182251,0.6109526753425598,0.92578125,0.92578125,1,20,48904,0,48904,0.9002399444580078,0.9506978988647461,0.05045795440673828,8,10,10,17,20,29,1706257661.500296,0.05070686340332031,18,Mid360,2,2,True,True,CURRENT_SUPPORT
seq0008,seq0008_valref_000777,1706257661.5976973,-6.2238850593566895,9.187089920043945,0.45055699348449707,-6.4169921875,9.126953125,1.00390625,0.5891537666320801,False,False,False,True,True,False,True,False,True,0.5891537666320801,0.5891537666320801,0.921875,0.921875,1,20,48904,0,48904,0.9002399444580078,0.9973921775817871,0.0971522331237793,8,10,10,16,20,33,1706257661.500296,0.09740114212036133,18,Mid360,2,2,True,True,CURRENT_SUPPORT
seq0008,seq0008_valref_000778,1706257661.6492505,-6.224145889282227,9.184589385986328,0.41143301129341125,-6.40234375,9.181640625,1.0546875,0.6674875020980835,False,False,False,True,True,True,True,False,True,0.23397329449653625,0.6674875020980835,0.93359375,0.93359375,1,20,48953,0,48953,0.9002771377563477,0.9490275382995605,0.04875040054321289,9,10,10,16,24,45,1706257661.600214,0.049036502838134766,18,Mid360,2,7,True,True,CURRENT_SUPPORT
seq0008,seq0008_valref_000779,1706257661.7100685,-6.224376201629639,9.179984092712402,0.341825008392334,-6.4248046875,9.171875,1.109375,0.793328583240509,False,False,False,True,True,False,True,False,True,0.793328583240509,0.793328583240509,0.80859375,0.80859375,1,20,48982,0,48982,0.9002959728240967,0.9098684787750244,0.009572505950927734,8,10,10,19,24,52,1706257661.700156,0.009912490844726562,18,Mid360,2,8,True,True,CURRENT_SUPPORT
seq0008,seq0008_valref_000780,1706257661.7556539,-6.224507808685303,9.177824974060059,0.3101139962673187,-6.421875,9.171875,1.1328125,0.8460626602172852,False,False,False,True,True,False,True,False,True,0.6283907890319824,0.8460626602172852,0.78515625,0.78515625,1,20,48982,0,48982,0.9002959728240967,0.9554538726806641,0.05515789985656738,8,10,10,20,24,57,1706257661.700156,0.05549788475036621,18,Mid360,2,8,True,True,CURRENT_SUPPORT
seq0008,seq0008_valref_000781,1706257661.801345,-6.2248969078063965,9.176050186157227,0.27851200103759766,-6.4296875,9.146484375,1.16015625,0.9055992364883423,False,False,False,True,True,False,True,False,True,0.9055992364883423,0.9055992364883423,0.78125,0.78125,1,20,48809,0,48809,0.900231122970581,0.9010322093963623,0.00080108642578125,6,10,10,18,24,58,1706257661.800301,0.0010440349578857422,18,Mid360,2,4,True,True,CURRENT_SUPPORT
seq0008,seq0008_valref_000782,1706257661.8547745,-6.225306987762451,9.174763679504395,0.25073400139808655,-6.42578125,9.142578125,1.1875,0.958517849445343,False,False,False,True,True,False,True,False,True,0.958517849445343,0.958517849445343,0.734375,0.734375,1,20,48809,0,48809,0.900231122970581,0.9544615745544434,0.054230451583862305,7,10,10,19,24,58,1706257661.800301,0.0544734001159668,18,Mid360,2,4,True,True,CURRENT_SUPPORT
seq0008,seq0008_valref_000783,1706257661.9158027,-6.226353168487549,9.174025535583496,0.22071300446987152,-6.44140625,9.078125,1.21484375,1.0216362476348877,False,False,False,False,True,False,False,False,False,1.0216362476348877,1.0216362476348877,0.48046875,nan,,20,48911,0,48911,0.9002950191497803,0.9156177043914795,0.015322685241699219,8,10,10,20,25,67,1706257661.900212,0.015590667724609375,18,Mid360,2,4,True,True,CURRENT_SUPPORT
seq0008,seq0008_valref_000784,1706257661.9593225,-6.227590084075928,9.17354679107666,0.1930059939622879,-6.439453125,9.072265625,1.234375,1.0675172805786133,False,False,False,False,True,False,False,False,False,1.0675172805786133,1.0675172805786133,0.408203125,nan,,20,48911,0,48911,0.9002950191497803,0.9591374397277832,0.05884242057800293,8,10,10,21,25,74,1706257661.900212,0.059110403060913086,18,Mid360,2,4,True,True,CURRENT_SUPPORT
seq0008,seq0008_valref_000785,1706257662.0075438,-6.230553150177002,9.173553466796875,0.13916699588298798,-6.431640625,8.9521484375,1.296875,1.1957191228866577,False,False,False,False,True,False,False,False,False,1.1957191228866577,1.1957191228866577,0.1142578125,nan,,20,48979,0,48979,0.9012930393218994,0.9073657989501953,0.0060727596282958984,8,10,10,21,29,79,1706257662.000184,0.007359743118286133,18,Mid360,2,7,True,True,CURRENT_SUPPORT
seq0008,seq0008_valref_000786,1706257662.0543704,-6.231818199157715,9.173128128051758,0.11356800049543381,-6.4267578125,8.9462890625,1.3125,1.2356760501861572,False,False,False,False,True,False,False,False,False,1.2356760501861572,1.2356760501861572,0.08251953125,nan,,20,48979,0,48979,0.9012930393218994,0.9541923999786377,0.05289936065673828,9,10,10,22,29,85,1706257662.000184,0.054186344146728516,18,Mid360,2,7,True,True,CURRENT_SUPPORT
seq0008,seq0008_valref_000787,1706257662.1033375,-6.232876777648926,9.172658920288086,0.09029799699783325,11.865234375,-10.9873046875,3.33837890625,27.285816192626953,False,False,False,False,False,True,True,True,True,0.13558517396450043,0.13558517396450043,0.11572265625,0.03369140625,5,20,48818,0,48818,0.9002430438995361,0.9030625820159912,0.002819538116455078,10,10,10,23,33,92,1706257662.100278,0.0030596256256103516,18,Mid360,2,10,True,True,CURRENT_SUPPORT
seq0008,seq0008_valref_000788,1706257662.153566,-6.233758926391602,9.17173957824707,0.0654359981417656,11.869140625,-10.9873046875,3.34521484375,27.292104721069336,False,False,False,False,False,True,True,True,True,0.17477265000343323,0.17477265000343323,0.1474609375,0.0302734375,7,20,48818,0,48818,0.9002430438995361,0.9532909393310547,0.053047895431518555,10,10,10,25,33,92,1706257662.100278,0.05328798294067383,18,Mid360,2,10,True,True,CURRENT_SUPPORT
seq0008,seq0008_valref_000789,1706257662.2048817,-6.234169960021973,9.170293807983398,0.04178300127387047,11.876953125,-10.9814453125,3.35693359375,27.296438217163086,False,False,False,False,False,False,False,True,True,11.859112739562988,0.1432390809059143,0.12890625,nan,,20,48956,0,48956,0.9002501964569092,0.9046957492828369,0.004445552825927734,9,10,10,18,33,94,1706257662.200215,0.004666566848754883,18,Mid360,2,12,True,True,CURRENT_SUPPORT
seq0008,seq0008_valref_000790,1706257662.2550719,-6.234595775604248,9.167618751525879,-0.00203000009059906,11.880859375,-10.98046875,3.36376953125,27.302814483642578,False,False,False,False,False,False,False,False,False,11.877779960632324,11.877779960632324,0.169921875,nan,,20,48956,0,48956,0.9002501964569092,0.9548859596252441,0.05463576316833496,10,10,10,23,33,96,1706257662.200215,0.05485677719116211,18,Mid360,2,12,True,True,CURRENT_SUPPORT
seq0008,seq0008_valref_000791,1706257662.3178449,-6.234839916229248,9.165569305419922,-0.024252999573946,14.96875,-6.7531585693359375,2.33984375,26.619298934936523,False,False,False,False,False,True,True,True,True,0.21880728006362915,0.21880728006362915,0.040771484375,0.03369140625,6,20,49004,0,49004,0.9002420902252197,0.9175329208374023,0.017290830612182617,9,10,10,26,37,105,1706257662.300305,0.01753997802734375,18,Mid360,2,13,True,True,CURRENT_SUPPORT
seq0008,seq0008_valref_000792,1706257662.35338,-6.234713077545166,9.163579940795898,-0.044548001140356064,14.96875,-6.749858856201172,2.3515625,26.618896484375,False,False,False,False,False,True,True,True,True,0.24229691922664642,0.24229691922664642,0.0419921875,0.0311279296875,6,20,49004,0,49004,0.9002420902252197,0.9530680179595947,0.052825927734375,9,10,10,27,37,107,1706257662.300305,0.05307507514953613,18,Mid360,2,13,True,True,CURRENT_SUPPORT
seq0008,seq0008_valref_000793,1706257662.4029658,-6.234372138977051,9.16097354888916,-0.06589800119400024,-3.4931640625,-26.041015625,2.123046875,35.3763427734375,False,False,False,False,False,False,False,False,False,18.839534759521484,18.839534759521484,0.126953125,nan,,20,49005,0,49005,0.9001798629760742,0.9026696681976318,0.002489805221557617,9,10,10,28,41,113,1706257662.40029,0.002675771713256836,18,Mid360,2,11,True,True,CURRENT_SUPPORT
seq0008,seq0008_valref_000794,1706257662.457086,-6.234047889709473,9.158167839050293,-0.08498799800872803,-3.48828125,-26.044921875,2.14453125,35.38032913208008,False,False,False,False,False,False,False,False,False,18.846790313720703,18.846790313720703,0.11572265625,nan,,20,49005,0,49005,0.9001798629760742,0.9567899703979492,0.056610107421875,9,10,10,29,41,115,1706257662.40029,0.05679607391357422,18,Mid360,2,11,True,True,CURRENT_SUPPORT
seq0008,seq0008_valref_000795,1706257662.5126553,-6.233756065368652,9.15513801574707,-0.10520400106906891,-3.671875,-26.08203125,2.3798828125,35.41746520996094,False,False,False,False,False,False,False,False,False,18.888063430786133,18.888063430786133,0.0849609375,nan,,20,49150,0,49150,0.9012439250946045,0.9124412536621094,0.011197328567504883,8,10,10,30,43,116,1706257662.500214,0.012441158294677734,18,Mid360,2,8,True,True,CURRENT_SUPPORT
seq0008,seq0008_valref_000796,1706257662.5558949,-6.2343549728393555,9.150052070617676,-0.14024800062179565,-3.669921875,-26.0859375,2.3876953125,35.41950988769531,False,False,False,False,False,False,False,False,False,18.898277282714844,18.898277282714844,0.07080078125,nan,,20,49150,0,49150,0.9012439250946045,0.9556808471679688,0.05443692207336426,8,10,10,31,43,120,1706257662.500214,0.05568075180053711,18,Mid360,2,8,True,True,CURRENT_SUPPORT
seq0008,seq0008_valref_000797,1706257662.6031797,-6.23488712310791,9.147016525268555,-0.1580819934606552,-23.7196044921875,-4.65869140625,8.51953125,23.908447265625,False,False,False,False,False,False,False,False,False,18.892724990844727,18.892724990844727,0.054931640625,nan,,20,48977,0,48977,0.9003570079803467,0.9030237197875977,0.0026667118072509766,7,10,10,26,39,121,1706257662.600184,0.002995729446411133,18,Mid360,2,5,True,True,CURRENT_SUPPORT
seq0008,seq0008_valref_000798,1706257662.6575809,-6.236041069030762,9.143821716308594,-0.17442099750041962,-23.71240234375,-4.65478515625,8.5390625,23.911283493041992,False,False,False,False,False,False,False,False,False,11.60079574584961,11.60079574584961,0.05419921875,nan,,20,48977,0,48977,0.9003570079803467,0.9574248790740967,0.05706787109375,9,10,10,28,39,125,1706257662.600184,0.057396888732910156,18,Mid360,2,5,True,True,CURRENT_SUPPORT
seq0008,seq0008_valref_000799,1706257662.710591,-6.237411022186279,9.140235900878906,-0.1912440061569214,-8.46875,-58.119140625,0.4931640625,67.29985809326172,False,False,False,False,False,False,False,False,False,18.94143295288086,18.94143295288086,0.0419921875,nan,,20,48932,0,48932,0.9001338481903076,0.910290002822876,0.01015615463256836,8,9,10,28,37,126,1706257662.600184,0.11040711402893066,16,Mid360,1,2,True,True,CURRENT_SUPPORT
seq0009,seq0009_valref_000800,1706258170.5197031,-5.1041998863220215,9.267212867736816,5.686324119567871,nan,nan,nan,nan,True,True,False,False,False,False,False,False,False,nan,nan,nan,nan,,0,0,0,0,nan,nan,nan,0,0,0,0,0,0,nan,nan,,,0,0,False,False,NO_CURRENT_SUPPORT
seq0009,seq0009_valref_000801,1706258170.5708354,-5.101627826690674,9.245589256286621,5.709560871124268,nan,nan,nan,nan,True,True,False,False,False,False,False,False,False,nan,nan,nan,nan,,0,0,0,0,nan,nan,nan,0,0,0,0,0,0,nan,nan,,,0,0,False,False,NO_CURRENT_SUPPORT
seq0009,seq0009_valref_000802,1706258170.6210592,-5.0991668701171875,9.222989082336426,5.7322468757629395,-5.064453125,9.2158203125,5.8671875,0.13951848447322845,False,False,True,True,True,True,True,True,True,0.13951848447322845,0.13951848447322845,0.96875,0.96875,1,2,4505,0,4505,0.0034809112548828125,0.023856163024902344,0.02037525177001953,1,1,1,1,3,3,1706258170.600684,0.02037525177001953,1,Mid360,1,3,True,True,CURRENT_SUPPORT
seq0009,seq0009_valref_000803,1706258170.6716886,-5.0961198806762695,9.198920249938965,5.7581257820129395,-5.0654296875,9.216552734375,5.8984375,0.14470718801021576,False,False,True,True,True,True,True,True,True,0.14470718801021576,0.14470718801021576,0.96484375,0.96484375,1,2,4505,0,4505,0.0034809112548828125,0.07448554039001465,0.07100462913513184,1,1,1,1,3,3,1706258170.600684,0.07100462913513184,1,Mid360,1,3,True,True,CURRENT_SUPPORT
seq0009,seq0009_valref_000804,1706258170.726979,-5.0928521156311035,9.176013946533203,5.781314849853516,-4.97265625,9.18359375,5.875,0.15258246660232544,False,False,True,True,True,True,True,True,True,0.15258246660232544,0.15258246660232544,0.96484375,0.96484375,1,4,8804,0,8804,0.10342192649841309,0.1297760009765625,0.026354074478149414,0,1,1,0,3,3,1706258170.600684,0.1262950897216797,1,Mid360,1,3,True,True,CURRENT_SUPPORT
seq0009,seq0009_valref_000805,1706258170.7718892,-5.084580898284912,9.12718391418457,5.829905986785889,-4.96875,9.1767578125,5.8984375,0.14342571794986725,False,False,True,True,True,True,True,True,True,0.14342571794986725,0.14342571794986725,0.96484375,0.96484375,1,4,8804,0,8804,0.10342192649841309,0.17468619346618652,0.07126426696777344,0,1,1,0,3,3,1706258170.600684,0.1712052822113037,1,Mid360,1,3,True,True,CURRENT_SUPPORT
seq0009,seq0009_valref_000806,1706258170.8203132,-5.0805439949035645,9.101822853088379,5.853453159332275,-5.0986328125,9.285400390625,5.732421875,0.22062748670578003,False,False,True,True,True,True,True,True,True,0.22062748670578003,0.22062748670578003,0.98828125,0.98828125,1,6,13315,0,13315,0.2035970687866211,0.22311019897460938,0.01951313018798828,0,2,2,0,5,5,1706258170.8008,0.01951313018798828,5,Mid360,1,2,True,True,CURRENT_SUPPORT
seq0009,seq0009_valref_000807,1706258170.871326,-5.07676887512207,9.0778169631958,5.877102851867676,-5.09375,9.2777099609375,5.75,0.23748831450939178,False,False,True,True,True,True,True,True,True,0.23748831450939178,0.23748831450939178,0.98828125,0.98828125,1,6,13315,0,13315,0.2035970687866211,0.274122953414917,0.0705258846282959,0,2,2,0,5,5,1706258170.8008,0.0705258846282959,5,Mid360,1,2,True,True,CURRENT_SUPPORT
seq0009,seq0009_valref_000808,1706258170.9198647,-5.072311878204346,9.054290771484375,5.89926815032959,-4.93359375,9.140625,5.7890625,0.1970827281475067,False,False,True,True,True,True,True,True,True,0.1970827281475067,0.1970827281475067,0.98828125,0.98828125,1,8,17770,0,17770,0.30348706245422363,0.3226616382598877,0.019174575805664062,0,3,3,0,11,11,1706258170.90069,0.019174575805664062,7,Mid360,2,8,True,True,CURRENT_SUPPORT
seq0009,seq0009_valref_000809,1706258170.970055,-5.067471027374268,9.029932975769043,5.923095226287842,-4.92578125,9.1279296875,5.80078125,0.2112819403409958,False,False,True,True,True,True,True,True,True,0.2112819403409958,0.2112819403409958,0.98828125,0.98828125,1,8,17770,0,17770,0.30348706245422363,0.372852087020874,0.06936502456665039,0,3,3,0,11,11,1706258170.90069,0.06936502456665039,7,Mid360,2,8,True,True,CURRENT_SUPPORT
seq0009,seq0009_valref_000810,1706258171.0271232,-5.058407783508301,8.979096412658691,5.968076229095459,-4.83984375,9.0888671875,5.81640625,0.2877909541130066,False,False,True,True,True,True,True,True,True,0.2877909541130066,0.2877909541130066,0.98046875,0.98046875,1,10,22054,0,22054,0.4034249782562256,0.4299201965332031,0.02649521827697754,0,3,3,0,11,11,1706258170.90069,0.1264331340789795,7,Mid360,1,6,True,True,CURRENT_SUPPORT
seq0009,seq0009_valref_000811,1706258171.0734398,-5.053985118865967,8.953104019165039,5.990692138671875,-4.83203125,9.0703125,5.83203125,0.2969421148300171,False,False,True,True,True,True,True,True,True,0.2969421148300171,0.2969421148300171,0.9765625,0.9765625,1,10,22054,0,22054,0.4034249782562256,0.47623682022094727,0.07281184196472168,0,2,3,0,8,11,1706258170.90069,0.17274975776672363,7,Mid360,1,6,True,True,CURRENT_SUPPORT
seq0009,seq0009_valref_000812,1706258171.1259553,-5.04930305480957,8.925066947937012,6.01491117477417,-4.990234375,9.0634765625,5.78515625,0.2746518850326538,False,False,True,True,True,True,True,True,True,0.1738900989294052,0.2746518850326538,0.984375,0.984375,1,12,26550,0,26550,0.5035579204559326,0.528752326965332,0.025194406509399414,0,3,4,0,9,13,1706258171.100761,0.025194406509399414,11,Mid360,1,2,True,True,CURRENT_SUPPORT
seq0009,seq0009_valref_000813,1706258171.170475,-5.043600082397461,8.898232460021973,6.037879943847656,-4.98046875,9.0419921875,5.80078125,0.28437337279319763,False,False,True,True,True,True,True,True,True,0.16428786516189575,0.28437337279319763,0.984375,0.984375,1,12,26550,0,26550,0.5035579204559326,0.5732719898223877,0.06971406936645508,0,3,4,0,8,13,1706258171.100761,0.06971406936645508,11,Mid360,1,2,True,True,CURRENT_SUPPORT
seq0009,seq0009_valref_000814,1706258171.220479,-5.037430763244629,8.871594429016113,6.0619401931762695,-4.982421875,8.8515625,5.86328125,0.2071053683757782,False,False,True,True,True,True,True,True,True,0.18091192841529846,0.2071053683757782,0.9765625,0.9765625,1,14,31002,0,31002,0.6034679412841797,0.6232759952545166,0.019808053970336914,0,4,5,0,8,16,1706258171.200671,0.019808053970336914,13,Mid360,2,5,True,True,CURRENT_SUPPORT
seq0009,seq0009_valref_000815,1706258171.2728117,-5.032139778137207,8.8435640335083,6.0845232009887695,-4.9765625,8.837890625,5.8828125,0.20930415391921997,False,False,True,True,True,True,True,True,True,0.1693853735923767,0.20930415391921997,0.97265625,0.97265625,1,14,31002,0,31002,0.6034679412841797,0.6756086349487305,0.07214069366455078,0,3,5,0,6,16,1706258171.200671,0.07214069366455078,13,Mid360,2,4,True,True,CURRENT_SUPPORT
seq0009,seq0009_valref_000816,1706258171.3203912,-5.026093006134033,8.81348991394043,6.109960079193115,-4.82177734375,8.91015625,5.86328125,0.3345739245414734,False,False,True,True,True,True,True,True,True,0.16948126256465912,0.3345739245414734,0.953125,0.953125,1,16,35363,0,35363,0.7034258842468262,0.7231881618499756,0.019762277603149414,0,3,5,0,6,16,1706258171.200671,0.1197202205657959,13,Mid360,1,3,True,True,CURRENT_SUPPORT
seq0009,seq0009_valref_000817,1706258171.372947,-5.020559787750244,8.780950546264648,6.1349592208862305,-4.808837890625,8.8984375,5.88671875,0.3467746675014496,False,False,True,True,True,True,True,True,True,0.15280458331108093,0.3467746675014496,0.9453125,0.9453125,1,16,35363,0,35363,0.7034258842468262,0.7757439613342285,0.07231807708740234,0,3,5,0,5,16,1706258171.200671,0.17227602005004883,13,Mid360,1,3,True,True,CURRENT_SUPPORT
seq0009,seq0009_valref_000818,1706258171.4237895,-5.016358852386475,8.752944946289062,6.156266212463379,-4.8671875,8.7060546875,6.12890625,0.15874305367469788,False,False,True,True,True,True,True,True,True,0.15874305367469788,0.15874305367469788,0.96875,0.96875,1,18,39887,0,39887,0.8026070594787598,0.8265864849090576,0.02397942543029785,0,4,6,0,14,25,1706258171.39981,0.02397942543029785,17,Mid360,1,9,True,True,CURRENT_SUPPORT
seq0009,seq0009_valref_000819,1706258171.4743557,-5.006776809692383,8.695140838623047,6.2000250816345215,-4.861328125,8.692626953125,6.15625,0.15191411972045898,False,False,True,True,True,True,True,True,True,0.15191411972045898,0.15191411972045898,0.96875,0.96875,1,18,39887,0,39887,0.8026070594787598,0.877152681350708,0.07454562187194824,0,3,6,0,11,25,1706258171.39981,0.07454562187194824,17,Mid360,1,9,True,True,CURRENT_SUPPORT
seq0009,seq0009_valref_000820,1706258171.5319774,-5.001441955566406,8.664807319641113,6.224506855010986,-4.859375,8.81494140625,6.140625,0.2230682224035263,False,False,True,True,True,True,True,True,True,0.2230682224035263,0.2230682224035263,0.97265625,0.97265625,1,20,44240,0,44240,0.9034569263458252,0.9347743988037109,0.03131747245788574,0,4,7,0,13,27,1706258171.50066,0.03131747245788574,19,Mid360,2,11,True,True,CURRENT_SUPPORT
seq0009,seq0009_valref_000821,1706258171.570132,-4.9958391189575195,8.637411117553711,6.247321128845215,-4.853515625,8.798095703125,6.16015625,0.23167483508586884,False,False,True,True,True,True,True,True,True,0.23167483508586884,0.23167483508586884,0.97265625,0.97265625,1,20,44240,0,44240,0.9034569263458252,0.9729290008544922,0.06947207450866699,0,4,7,0,13,27,1706258171.50066,0.06947207450866699,19,Mid360,2,11,True,True,CURRENT_SUPPORT
seq0009,seq0009_valref_000822,1706258171.624224,-4.989129066467285,8.611108779907227,6.269618034362793,-4.857421875,8.712890625,6.21875,0.17405138909816742,False,False,True,True,True,True,True,True,True,0.17405138909816742,0.17405138909816742,0.9609375,0.9609375,1,20,44119,0,44119,0.9032549858093262,0.9268958568572998,0.023640871047973633,0,4,6,0,13,24,1706258171.50066,0.12356400489807129,17,Mid360,1,2,True,True,CURRENT_SUPPORT
seq0009,seq0009_valref_000823,1706258171.6771533,-4.981482982635498,8.588103294372559,6.292035102844238,-4.85546875,8.69873046875,6.23828125,0.17608928680419922,False,False,True,True,True,True,True,True,True,0.17608928680419922,0.17608928680419922,0.95703125,0.95703125,1,20,44119,0,44119,0.9032549858093262,0.9798252582550049,0.07657027244567871,0,4,6,0,13,24,1706258171.50066,0.17649340629577637,17,Mid360,1,2,True,True,CURRENT_SUPPORT
seq0009,seq0009_valref_000824,1706258171.7215858,-4.967022895812988,8.538975715637207,6.338987827301025,-4.7734375,8.552734375,6.26953125,0.20612818002700806,False,False,True,True,True,True,True,True,True,0.1751793473958969,0.20612818002700806,0.9765625,0.9765625,1,20,44326,0,44326,0.9025959968566895,0.9234278202056885,0.020831823348999023,0,5,7,0,14,28,1706258171.700754,0.020831823348999023,19,Mid360,1,4,True,True,CURRENT_SUPPORT
seq0009,seq0009_valref_000825,1706258171.7720094,-4.959434986114502,8.512619972229004,6.361814975738525,-4.763671875,8.5361328125,6.2890625,0.2101641595363617,False,False,True,True,True,True,True,True,True,0.18787875771522522,0.2101641595363617,0.9765625,0.9765625,1,20,44326,0,44326,0.9025959968566895,0.9738514423370361,0.07125544548034668,0,5,7,0,10,28,1706258171.700754,0.07125544548034668,19,Mid360,1,4,True,True,CURRENT_SUPPORT
seq0009,seq0009_valref_000826,1706258171.8212292,-4.950581073760986,8.485127449035645,6.387638092041016,-4.822265625,8.439453125,6.28515625,0.17045095562934875,False,False,True,True,True,True,True,True,True,0.17045095562934875,0.17045095562934875,0.9765625,0.9765625,1,20,44126,0,44126,0.9023520946502686,0.9229452610015869,0.02059316635131836,0,5,7,0,10,28,1706258171.800636,0.02059316635131836,19,Mid360,2,6,True,True,CURRENT_SUPPORT
seq0009,seq0009_valref_000827,1706258171.8731372,-4.942995071411133,8.458780288696289,6.410116195678711,-4.810546875,8.41796875,6.30078125,0.17652828991413116,False,False,True,True,True,True,True,True,True,0.17652828991413116,0.17652828991413116,0.97265625,0.97265625,1,20,44126,0,44126,0.9023520946502686,0.9748532772064209,0.07250118255615234,0,3,7,0,7,28,1706258171.800636,0.07250118255615234,19,Mid360,2,6,True,True,CURRENT_SUPPORT
seq0009,seq0009_valref_000828,1706258171.9199173,-4.935720920562744,8.43043327331543,6.433750152587891,-4.70849609375,8.552734375,6.32421875,0.2803316116333008,False,False,True,True,True,True,True,True,True,0.1610357165336609,0.2803316116333008,0.96484375,0.96484375,1,20,44121,0,44121,0.9033730030059814,0.9226312637329102,0.01925826072692871,0,2,6,0,5,22,1706258171.800636,0.11928129196166992,17,Mid360,1,2,True,True,CURRENT_SUPPORT
seq0009,seq0009_valref_000829,1706258171.9700558,-4.927308082580566,8.401483535766602,6.457790851593018,-4.694091796875,8.546875,6.33984375,0.2990652620792389,False,False,True,True,True,True,True,True,True,0.15640288591384888,0.2990652620792389,0.9609375,0.9609375,1,20,44121,0,44121,0.9033730030059814,0.9727697372436523,0.0693967342376709,0,2,6,0,4,22,1706258171.800636,0.1694197654724121,17,Mid360,1,2,True,True,CURRENT_SUPPORT
seq0009,seq0009_valref_000830,1706258172.0264046,-4.911658763885498,8.345415115356445,6.5006890296936035,-4.5458984375,8.4921875,6.4609375,0.3961097300052643,False,False,True,True,True,True,True,True,True,0.1823393851518631,0.3961097300052643,0.96484375,0.96484375,1,20,44385,0,44385,0.9035160541534424,0.9291536808013916,0.02563762664794922,0,3,7,0,11,29,1706258172.000767,0.02563762664794922,19,Mid360,1,7,True,True,CURRENT_SUPPORT
seq0009,seq0009_valref_000831,1706258172.074421,-4.904168128967285,8.314967155456543,6.522963047027588,-4.537109375,8.478515625,6.4765625,0.4045160710811615,False,False,True,True,True,True,True,True,True,0.17558437585830688,0.4045160710811615,0.9609375,0.9609375,1,20,44385,0,44385,0.9035160541534424,0.9771699905395508,0.0736539363861084,0,2,7,0,9,29,1706258172.000767,0.0736539363861084,19,Mid360,1,7,True,True,CURRENT_SUPPORT
seq0009,seq0009_valref_000832,1706258172.1212432,-4.89655876159668,8.286141395568848,6.541907787322998,-4.63134765625,8.376953125,6.5390625,0.2803422808647156,False,False,True,True,True,True,True,True,True,0.12841731309890747,0.2803422808647156,0.95703125,0.95703125,1,20,44256,0,44256,0.9033689498901367,0.923943281173706,0.020574331283569336,0,3,7,0,11,30,1706258172.100669,0.020574331283569336,19,Mid360,2,9,True,True,CURRENT_SUPPORT
seq0009,seq0009_valref_000833,1706258172.1726305,-4.888351917266846,8.2544527053833,6.563321113586426,-4.62109375,8.369140625,6.5546875,0.29095494747161865,False,False,True,True,True,True,True,True,True,0.11295433342456818,0.29095494747161865,0.953125,0.953125,1,20,44256,0,44256,0.9033689498901367,0.9753305912017822,0.07196164131164551,0,3,7,0,11,30,1706258172.100669,0.07196164131164551,19,Mid360,2,9,True,True,CURRENT_SUPPORT
seq0009,seq0009_valref_000834,1706258172.228116,-4.880458831787109,8.223548889160156,6.5849151611328125,-4.63037109375,8.12939453125,6.6484375,0.27467072010040283,False,False,True,True,True,True,True,True,True,0.14136062562465668,0.27467072010040283,0.94921875,0.94921875,1,20,44272,0,44272,0.9024200439453125,0.929955005645752,0.027534961700439453,0,4,7,0,12,29,1706258172.200581,0.027534961700439453,19,Mid360,2,5,True,True,CURRENT_SUPPORT
seq0009,seq0009_valref_000835,1706258172.2801807,-4.871324062347412,8.189894676208496,6.6075239181518555,-4.626953125,8.1240234375,6.66796875,0.26021096110343933,False,False,True,True,True,True,True,True,True,0.12715265154838562,0.26021096110343933,0.9453125,0.9453125,1,20,44272,0,44272,0.9024200439453125,0.9820196628570557,0.07959961891174316,0,4,7,0,9,29,1706258172.200581,0.07959961891174316,19,Mid360,2,5,True,True,CURRENT_SUPPORT
seq0009,seq0009_valref_000836,1706258172.3469183,-4.852157115936279,8.124554634094238,6.652897834777832,-4.662109375,8.14599609375,6.7109375,0.1998661458492279,False,False,True,True,True,True,True,True,True,0.11651279032230377,0.1998661458492279,0.93359375,0.93359375,1,20,44337,0,44337,0.9025068283081055,0.9486682415008545,0.04616141319274902,0,3,7,0,7,29,1706258172.200581,0.14633727073669434,17,Mid360,1,2,True,True,CURRENT_SUPPORT
seq0009,seq0009_valref_000837,1706258172.4242513,-4.830056190490723,8.059022903442383,6.700747013092041,-4.6318359375,8.0478515625,6.66796875,0.2012224644422531,False,False,True,True,True,True,True,True,True,0.18307875096797943,0.2012224644422531,0.94921875,0.94921875,1,20,44062,0,44062,0.9033489227294922,0.926978349685669,0.023629426956176758,0,3,7,0,6,21,1706258172.400622,0.023629426956176758,19,Mid360,1,1,True,True,CURRENT_SUPPORT
seq0009,seq0009_valref_000838,1706258172.4734716,-4.819246768951416,8.02769660949707,6.7236528396606445,-4.62744140625,8.0439453125,6.6875,0.195857971906662,False,False,True,True,True,True,True,True,True,0.18863816559314728,0.195857971906662,0.94140625,0.94140625,1,20,44062,0,44062,0.9033489227294922,0.976198673248291,0.07284975051879883,0,3,7,0,5,21,1706258172.400622,0.07284975051879883,19,Mid360,1,1,True,True,CURRENT_SUPPORT
seq0009,seq0009_valref_000839,1706258172.5214593,-4.807478904724121,7.9963459968566895,6.747518062591553,-4.638671875,7.978515625,6.73046875,0.17060016095638275,False,False,True,True,True,True,True,True,True,0.17060016095638275,0.17060016095638275,0.94921875,0.94921875,1,20,44167,1,44166,0.9033730030059814,0.924248456954956,0.02087545394897461,0,4,7,0,9,24,1706258172.500584,0.02087545394897461,19,Mid360,2,6,True,True,CURRENT_SUPPORT
seq0009,seq0009_valref_000840,1706258172.5724435,-4.795476913452148,7.964416027069092,6.772345066070557,-4.63525390625,7.97265625,6.7421875,0.1632445752620697,False,False,True,True,True,True,True,True,True,0.1632445752620697,0.1632445752620697,0.94140625,0.94140625,1,20,44167,1,44166,0.9033730030059814,0.9752326011657715,0.07185959815979004,0,4,7,0,8,24,1706258172.500584,0.07185959815979004,19,Mid360,2,6,True,True,CURRENT_SUPPORT
seq0009,seq0009_valref_000841,1706258172.6251838,-4.784092903137207,7.932958126068115,6.795567989349365,-4.615234375,7.943359375,6.7421875,0.17740029096603394,False,False,True,True,True,True,True,True,True,0.17740029096603394,0.17740029096603394,0.9375,0.9375,1,20,44190,1,44189,0.9034690856933594,0.9278948307037354,0.024425745010375977,0,3,7,0,7,24,1706258172.500584,0.12459993362426758,17,Mid360,1,5,True,True,CURRENT_SUPPORT
seq0009,seq0009_valref_000842,1706258172.6733544,-4.76241397857666,7.871829986572266,6.841291904449463,-4.6142578125,7.94140625,6.7578125,0.18373870849609375,False,False,True,True,True,True,True,True,True,0.18373870849609375,0.18373870849609375,0.9296875,0.9296875,1,20,44190,1,44189,0.9034690856933594,0.9760653972625732,0.07259631156921387,0,2,7,0,3,24,1706258172.500584,0.17277050018310547,17,Mid360,1,2,True,True,CURRENT_SUPPORT
seq0009,seq0009_valref_000843,1706258172.7214584,-4.750296115875244,7.8398518562316895,6.867798805236816,-4.6669921875,7.892578125,6.720703125,0.17707835137844086,False,False,True,True,True,True,True,True,True,0.04784969240427017,0.17707835137844086,0.9609375,0.9609375,1,20,43987,1,43986,0.9024829864501953,0.9232873916625977,0.020804405212402344,0,3,7,0,7,25,1706258172.700654,0.020804405212402344,19,Mid360,1,5,True,True,CURRENT_SUPPORT
seq0009,seq0009_valref_000844,1706258172.7704058,-4.739315986633301,7.810754776000977,6.890819072723389,-4.65576171875,7.8828125,6.73046875,0.19464290142059326,False,False,True,True,True,True,True,True,True,0.030435148626565933,0.19464290142059326,0.9609375,0.9609375,1,20,43987,1,43986,0.9024829864501953,0.9722347259521484,0.06975173950195312,0,1,7,0,5,25,1706258172.700654,0.06975173950195312,19,Mid360,1,5,True,True,CURRENT_SUPPORT
seq0009,seq0009_valref_000845,1706258172.8214498,-4.727451801300049,7.779701232910156,6.915205001831055,-4.6806640625,7.766357421875,6.86328125,0.071156345307827,False,False,True,True,True,True,True,True,True,0.071156345307827,0.071156345307827,0.94140625,0.94140625,1,20,44113,1,44112,0.9015378952026367,0.9231927394866943,0.021654844284057617,0,2,7,0,6,24,1706258172.799795,0.021654844284057617,19,Mid360,2,6,True,True,CURRENT_SUPPORT
seq0009,seq0009_valref_000846,1706258172.8732445,-4.71643590927124,7.75021505355835,6.93887186050415,-4.6708984375,7.76312255859375,6.88671875,0.0704287737607956,False,False,True,True,True,True,True,True,True,0.0704287737607956,0.0704287737607956,0.94140625,0.94140625,1,20,44113,1,44112,0.9015378952026367,0.9749875068664551,0.07344961166381836,0,2,7,0,4,24,1706258172.799795,0.07344961166381836,19,Mid360,2,4,True,True,CURRENT_SUPPORT
seq0009,seq0009_valref_000847,1706258172.9213598,-4.704464912414551,7.719399929046631,6.9627251625061035,-4.6357421875,7.68505859375,7.01953125,0.0955461785197258,False,False,True,True,True,True,True,True,True,0.0955461785197258,0.0955461785197258,0.93359375,0.93359375,1,20,43950,1,43949,0.9034790992736816,0.9240927696228027,0.020613670349121094,0,2,7,0,4,24,1706258172.799795,0.12156486511230469,17,Mid360,1,1,True,True,CURRENT_SUPPORT
seq0009,seq0009_valref_000848,1706258172.973074,-4.681338787078857,7.661243915557861,7.010272979736328,-4.619140625,7.6767578125,7.04296875,0.0719604417681694,False,False,True,True,True,True,True,True,True,0.0719604417681694,0.0719604417681694,0.9296875,0.9296875,1,20,43950,1,43949,0.9034790992736816,0.9758069515228271,0.07232785224914551,0,2,7,0,4,24,1706258172.799795,0.1732790470123291,17,Mid360,1,1,True,True,CURRENT_SUPPORT
seq0009,seq0009_valref_000849,1706258173.0539465,-4.656346797943115,7.603445053100586,7.060716152191162,-4.435546875,7.63671875,6.97265625,0.24002976715564728,False,False,True,True,True,True,True,True,True,0.24002976715564728,0.24002976715564728,0.95703125,0.95703125,1,20,43642,1,43641,0.9034779071807861,0.9567503929138184,0.05327248573303223,0,3,7,0,4,19,1706258173.000674,0.05327248573303223,19,Mid360,1,2,True,True,CURRENT_SUPPORT
seq0009,seq0009_valref_000850,1706258173.0928843,-4.643939971923828,7.57575798034668,7.086113929748535,-4.42578125,7.6279296875,6.98828125,0.24471686780452728,False,False,True,True,True,True,True,True,True,0.24471686780452728,0.24471686780452728,0.95703125,0.95703125,1,20,43642,1,43641,0.9034779071807861,0.9956881999969482,0.09221029281616211,0,3,7,0,4,19,1706258173.000674,0.09221029281616211,19,Mid360,1,2,True,True,CURRENT_SUPPORT
seq0009,seq0009_valref_000851,1706258173.1383336,-4.629934787750244,7.546864986419678,7.11024808883667,-4.5087890625,7.5341796875,7.01171875,0.15666918456554413,False,False,True,True,True,True,True,True,True,0.15666918456554413,0.15666918456554413,0.9609375,0.9609375,1,20,43710,1,43709,0.9025049209594727,0.9410495758056641,0.038544654846191406,0,4,7,0,6,18,1706258173.099789,0.038544654846191406,19,Mid360,2,4,True,True,CURRENT_SUPPORT
seq0009,seq0009_valref_000852,1706258173.185078,-4.618524074554443,7.519847869873047,7.133902072906494,-4.498046875,7.51953125,7.02734375,0.16084007918834686,False,False,True,True,True,True,True,True,True,0.16084007918834686,0.16084007918834686,0.9609375,0.9609375,1,20,43710,1,43709,0.9025049209594727,0.9877939224243164,0.08528900146484375,0,4,7,0,6,18,1706258173.099789,0.08528900146484375,19,Mid360,2,4,True,True,CURRENT_SUPPORT
seq0009,seq0009_valref_000853,1706258173.2268643,-4.605259895324707,7.491491794586182,7.158267974853516,-4.4453125,7.484375,7.13671875,0.16154932975769043,False,False,True,True,True,True,True,True,True,0.16154932975769043,0.16154932975769043,0.95703125,0.95703125,1,20,43456,1,43455,0.9015841484069824,0.9286813735961914,0.027097225189208984,0,4,7,0,9,20,1706258173.199767,0.027097225189208984,19,Mid360,2,6,True,True,CURRENT_SUPPORT
seq0009,seq0009_valref_000854,1706258173.2782202,-4.592379093170166,7.463760852813721,7.183532238006592,-4.427734375,7.466796875,7.1484375,0.16837084293365479,False,False,True,True,True,True,True,True,True,0.16837084293365479,0.16837084293365479,0.953125,0.953125,1,20,43456,1,43455,0.9015841484069824,0.9800372123718262,0.07845306396484375,0,1,7,0,4,20,1706258173.199767,0.07845306396484375,19,Mid360,1,4,True,True,CURRENT_SUPPORT
seq0009,seq0009_valref_000855,1706258173.3346393,-4.579074859619141,7.435849189758301,7.2072529792785645,-4.482421875,7.435546875,7.14453125,0.11522112041711807,False,False,True,True,True,True,True,True,True,0.11522112041711807,0.11522112041711807,0.9453125,0.9453125,1,20,43146,1,43145,0.9023969173431396,0.936387300491333,0.03399038314819336,0,1,7,0,4,20,1706258173.199767,0.1348721981048584,17,Mid360,1,4,True,True,CURRENT_SUPPORT
seq0009,seq0009_valref_000856,1706258173.371649,-4.5655999183654785,7.4042181968688965,7.23215389251709,-4.46875,7.427734375,7.15625,0.12527696788311005,False,False,True,True,True,True,True,True,True,0.12527696788311005,0.12527696788311005,0.94140625,0.94140625,1,20,43146,1,43145,0.9023969173431396,0.9733970165252686,0.0710000991821289,0,1,7,0,4,20,1706258173.199767,0.17188191413879395,17,Mid360,1,4,True,True,CURRENT_SUPPORT
seq0009,seq0009_valref_000857,1706258173.421241,-4.552228927612305,7.3754777908325195,7.255788803100586,-4.40625,7.166015625,7.3984375,0.2924600839614868,False,False,True,True,True,True,True,True,True,0.13486269116401672,0.2924600839614868,0.94921875,0.94921875,1,20,43278,1,43277,0.903282880783081,0.9239439964294434,0.020661115646362305,0,2,7,0,7,22,1706258173.40058,0.020661115646362305,19,Mid360,1,3,True,True,CURRENT_SUPPORT
seq0009,seq0009_valref_000858,1706258173.4711988,-4.538177967071533,7.3451762199401855,7.278397083282471,-4.38671875,7.15966796875,7.421875,0.2791757881641388,False,False,True,True,True,True,True,True,True,0.13099519908428192,0.2791757881641388,0.9453125,0.9453125,1,20,43278,1,43277,0.903282880783081,0.9739017486572266,0.07061886787414551,0,2,7,0,7,22,1706258173.40058,0.07061886787414551,19,Mid360,1,3,True,True,CURRENT_SUPPORT
seq0009,seq0009_valref_000859,1706258173.5216298,-4.522085189819336,7.312482833862305,7.304269790649414,-4.4296875,7.33203125,7.08984375,0.23430322110652924,False,False,True,True,True,True,True,True,True,0.23430322110652924,0.23430322110652924,0.94140625,0.94140625,1,20,43063,0,43063,0.9035599231719971,0.9244377613067627,0.020877838134765625,0,3,7,0,7,18,1706258173.500752,0.020877838134765625,19,Mid360,2,4,True,True,CURRENT_SUPPORT
seq0009,seq0009_valref_000860,1706258173.5707054,-4.507446765899658,7.280531883239746,7.328155040740967,-4.41796875,7.328125,7.1015625,0.2482248991727829,False,False,True,True,True,True,True,True,True,0.24180489778518677,0.2482248991727829,0.93359375,0.93359375,1,20,43063,0,43063,0.9035599231719971,0.9735133647918701,0.06995344161987305,0,3,7,0,6,18,1706258173.500752,0.06995344161987305,19,Mid360,2,4,True,True,CURRENT_SUPPORT
seq0009,seq0009_valref_000861,1706258173.6230752,-4.492187976837158,7.248606204986572,7.352753162384033,-4.21875,7.1240234375,7.375,0.30130401253700256,False,False,True,True,True,True,True,True,True,0.28303930163383484,0.30130401253700256,0.92578125,0.92578125,1,20,42775,1,42774,0.9033641815185547,0.9257943630218506,0.0224301815032959,0,3,7,0,6,18,1706258173.500752,0.12232327461242676,17,Mid360,1,1,True,True,CURRENT_SUPPORT
seq0009,seq0009_valref_000862,1706258173.671077,-4.46392822265625,7.190636157989502,7.400101184844971,-4.20703125,7.1279296875,7.38671875,0.2647777199745178,False,False,True,True,True,True,True,True,True,0.2647777199745178,0.2647777199745178,0.9140625,0.9140625,1,20,42775,1,42774,0.9033641815185547,0.9737961292266846,0.07043194770812988,0,2,7,0,3,18,1706258173.40058,0.27049708366394043,15,Mid360,0,0,True,False,NO_CURRENT_SUPPORT
seq0009,seq0009_valref_000863,1706258173.7239459,-4.449510097503662,7.16201114654541,7.424097061157227,-4.18701171875,7.285400390625,7.27734375,0.32506436109542847,False,False,True,True,True,True,True,True,True,0.28187552094459534,0.32506436109542847,0.96484375,0.96484375,1,20,42842,1,42841,0.9023680686950684,0.925743818283081,0.023375749588012695,0,2,7,0,5,17,1706258173.70057,0.023375749588012695,19,Mid360,1,4,True,True,CURRENT_SUPPORT
seq0009,seq0009_valref_000864,1706258173.7717667,-4.4368062019348145,7.13464879989624,7.446664810180664,-4.1728515625,7.289306640625,7.296875,0.3406289517879486,False,False,True,True,True,True,True,True,True,0.301552414894104,0.3406289517879486,0.96484375,0.96484375,1,20,42842,1,42841,0.9023680686950684,0.973564624786377,0.0711965560913086,0,2,7,0,5,17,1706258173.70057,0.0711965560913086,19,Mid360,1,4,True,True,CURRENT_SUPPORT
seq0009,seq0009_valref_000865,1706258173.8214688,-4.424138069152832,7.106969833374023,7.4682230949401855,-4.27783203125,6.98046875,7.46484375,0.19344094395637512,False,False,True,True,True,True,True,True,True,0.19344094395637512,0.19344094395637512,0.96875,0.96875,1,20,42540,1,42539,0.9024660587310791,0.9232158660888672,0.020749807357788086,1,3,7,1,6,17,1706258173.800719,0.020749807357788086,19,Mid360,2,5,True,True,CURRENT_SUPPORT
seq0009,seq0009_valref_000866,1706258173.87098,-4.410256862640381,7.0803117752075195,7.4900689125061035,-4.2659912109375,6.974609375,7.484375,0.17893573641777039,False,False,True,True,True,True,True,True,True,0.17893573641777039,0.17893573641777039,0.96484375,0.96484375,1,20,42540,1,42539,0.9024660587310791,0.9727270603179932,0.07026100158691406,0,3,7,0,6,17,1706258173.800719,0.07026100158691406,19,Mid360,2,5,True,True,CURRENT_SUPPORT
seq0009,seq0009_valref_000867,1706258173.919968,-4.398649215698242,7.0525360107421875,7.5113139152526855,-4.18115234375,6.974609375,7.51171875,0.2310359627008438,False,False,True,True,True,True,True,True,True,0.2310359627008438,0.2310359627008438,0.97265625,0.97265625,1,20,42388,1,42387,0.9034171104431152,0.922705888748169,0.01928877830505371,0,4,8,0,8,20,1706258173.900679,0.01928877830505371,19,Mid360,2,4,True,True,CURRENT_SUPPORT
seq0009,seq0009_valref_000868,1706258173.9728467,-4.374625205993652,6.999156951904297,7.554014205932617,-4.1708984375,6.96875,7.53515625,0.20684488117694855,False,False,True,True,True,True,True,True,True,0.20684488117694855,0.20684488117694855,0.96875,0.96875,1,20,42388,1,42387,0.9034171104431152,0.9755847454071045,0.07216763496398926,0,4,8,0,7,20,1706258173.900679,0.07216763496398926,19,Mid360,2,4,True,True,CURRENT_SUPPORT
seq0009,seq0009_valref_000869,1706258174.0221193,-4.36282205581665,6.970358848571777,7.576096057891846,-4.253997802734375,6.91015625,7.60546875,0.1277882158756256,False,False,True,True,True,True,True,True,True,0.1277882158756256,0.1277882158756256,0.9609375,0.9609375,1,20,42493,1,42492,0.9033918380737305,0.9249382019042969,0.021546363830566406,0,5,8,0,7,19,1706258174.000573,0.021546363830566406,19,Mid360,2,4,True,True,CURRENT_SUPPORT
seq0009,seq0009_valref_000870,1706258174.0972648,-4.338625907897949,6.914548873901367,7.620308876037598,-4.2357177734375,6.90234375,7.6328125,0.10438098013401031,False,False,True,True,True,True,True,True,True,0.10438098013401031,0.10438098013401031,0.953125,0.953125,1,20,42493,1,42492,0.997387170791626,0.9974758625030518,8.869171142578125e-05,0,3,8,0,5,19,1706258174.000573,0.09669184684753418,18,Mid360,2,4,True,True,CURRENT_SUPPORT
seq0009,seq0009_valref_000871,1706258174.1466367,-4.327692031860352,6.886620044708252,7.640940189361572,-4.19287109375,6.97265625,7.53125,0.19393518567085266,False,False,True,True,True,True,True,True,True,0.19393518567085266,0.19393518567085266,0.97265625,0.97265625,1,20,42252,1,42251,0.9034478664398193,0.9493277072906494,0.04587984085083008,0,4,8,0,7,19,1706258174.100757,0.04587984085083008,19,Mid360,2,3,True,True,CURRENT_SUPPORT
seq0009,seq0009_valref_000872,1706258174.188292,-4.3164191246032715,6.85984992980957,7.6629838943481445,-4.18212890625,6.96875,7.55078125,0.20611287653446198,False,False,True,True,True,True,True,True,True,0.20611287653446198,0.20611287653446198,0.96875,0.96875,1,20,42252,1,42251,0.9034478664398193,0.9909830093383789,0.08753514289855957,0,4,8,0,7,19,1706258174.100757,0.08753514289855957,19,Mid360,2,3,True,True,CURRENT_SUPPORT
seq0009,seq0009_valref_000873,1706258174.231442,-4.305239200592041,6.83213996887207,7.684782028198242,-4.0615234375,6.826171875,7.64453125,0.24708928167819977,False,False,True,True,True,True,True,True,True,0.24708928167819977,0.24708928167819977,0.953125,0.953125,1,20,42304,2,42302,0.9034278392791748,0.934208869934082,0.030781030654907227,0,5,8,0,8,17,1706258174.200661,0.030781030654907227,19,Mid360,2,4,True,True,CURRENT_SUPPORT
seq0009,seq0009_valref_000874,1706258174.279116,-4.293310165405273,6.804196834564209,7.708524227142334,-4.0537109375,6.826171875,7.65625,0.24621796607971191,False,False,True,True,True,True,True,True,True,0.24621796607971191,0.24621796607971191,0.9453125,0.9453125,1,20,42304,2,42302,0.9034278392791748,0.9818828105926514,0.07845497131347656,0,5,8,0,8,17,1706258174.200661,0.07845497131347656,19,Mid360,2,4,True,True,CURRENT_SUPPORT
seq0009,seq0009_valref_000875,1706258174.3251162,-4.281520843505859,6.776765823364258,7.732554912567139,-4.13232421875,6.72265625,7.66015625,0.1744392365217209,False,False,True,True,True,True,True,True,True,0.1744392365217209,0.1744392365217209,0.921875,0.921875,1,20,42414,2,42412,0.9025959968566895,0.9279341697692871,0.025338172912597656,0,5,9,0,7,18,1706258174.299778,0.025338172912597656,19,Mid360,2,3,True,True,CURRENT_SUPPORT
seq0009,seq0009_valref_000876,1706258174.4084847,-4.258518218994141,6.725829124450684,7.776790142059326,-4.095703125,6.6044921875,7.73828125,0.2066744863986969,False,False,True,True,True,True,True,True,True,0.13987299799919128,0.2066744863986969,0.97265625,0.97265625,1,20,42225,2,42223,0.9033820629119873,0.9112207889556885,0.007838726043701172,0,5,9,0,12,22,1706258174.400646,0.007838726043701172,19,Mid360,2,8,True,True,CURRENT_SUPPORT
seq0009,seq0009_valref_000877,1706258174.4506884,-4.246960163116455,6.70039701461792,7.799596786499023,-4.0830078125,6.5947265625,7.74609375,0.20226021111011505,False,False,True,True,True,True,True,True,True,0.1517026573419571,0.20226021111011505,0.97265625,0.97265625,1,20,42225,2,42223,0.9033820629119873,0.9534244537353516,0.05004239082336426,0,5,9,0,11,22,1706258174.400646,0.05004239082336426,19,Mid360,2,8,True,True,CURRENT_SUPPORT
seq0009,seq0009_valref_000878,1706258174.5105233,-4.236667156219482,6.676799774169922,7.820507049560547,-4.029296875,6.578125,7.765625,0.23611688613891602,False,False,True,True,True,True,True,True,True,0.18028400838375092,0.23611688613891602,0.98046875,0.98046875,1,20,42257,2,42255,0.903407096862793,0.9132974147796631,0.009890317916870117,0,6,9,0,12,22,1706258174.500633,0.009890317916870117,19,Mid360,2,8,True,True,CURRENT_SUPPORT
seq0009,seq0009_valref_000879,1706258174.5523834,-4.225339889526367,6.6521759033203125,7.84339714050293,-4.015625,6.5625,7.7734375,0.23857168853282928,False,False,True,True,True,True,True,True,True,0.20599402487277985,0.23857168853282928,0.98046875,0.98046875,1,20,42257,2,42255,0.903407096862793,0.9551575183868408,0.05175042152404785,0,4,9,0,10,22,1706258174.500633,0.05175042152404785,19,Mid360,2,8,True,True,CURRENT_SUPPORT
seq0009,seq0009_valref_000880,1706258174.596763,-4.213612079620361,6.626499176025391,7.866509914398193,-4.001953125,6.55078125,7.78515625,0.23906303942203522,False,False,True,True,True,True,True,True,True,0.23570416867733002,0.23906303942203522,0.98046875,0.98046875,1,20,42257,2,42255,0.903407096862793,0.9995369911193848,0.0961298942565918,0,3,9,0,9,22,1706258174.500633,0.0961298942565918,19,Mid360,2,8,True,True,CURRENT_SUPPORT
seq0009,seq0009_valref_000881,1706258174.6418421,-4.202483177185059,6.603501796722412,7.888658046722412,-3.962890625,6.486328125,7.84375,0.27046439051628113,False,False,True,True,True,True,True,True,True,0.25577881932258606,0.27046439051628113,0.984375,0.984375,1,20,42535,1,42534,0.9032831192016602,0.9445621967315674,0.04127907752990723,0,4,10,0,14,27,1706258174.600563,0.04127907752990723,19,Mid360,2,6,True,True,CURRENT_SUPPORT
seq0009,seq0009_valref_000882,1706258174.6870055,-4.191196918487549,6.579212188720703,7.911302089691162,-3.9609375,6.478515625,7.8515625,0.2583176791667938,False,False,True,True,True,True,True,True,True,0.2583176791667938,0.2583176791667938,0.984375,0.984375,1,20,42535,1,42534,0.9032831192016602,0.9897255897521973,0.08644247055053711,0,3,10,0,13,27,1706258174.600563,0.08644247055053711,19,Mid360,2,6,True,True,CURRENT_SUPPORT
seq0009,seq0009_valref_000883,1706258174.7329876,-4.179926872253418,6.55602502822876,7.933104991912842,-4.0439453125,6.4765625,7.88671875,0.16418574750423431,False,False,True,True,True,True,True,True,True,0.16418574750423431,0.16418574750423431,0.984375,0.984375,1,20,42355,1,42354,0.9025619029998779,0.9348485469818115,0.032286643981933594,0,4,10,0,13,25,1706258174.700701,0.032286643981933594,19,Mid360,2,7,True,True,CURRENT_SUPPORT
seq0009,seq0009_valref_000884,1706258174.7818666,-4.167448043823242,6.531592845916748,7.956014156341553,-4.037109375,6.46875,7.89453125,0.15721812844276428,False,False,True,True,True,True,True,True,True,0.15721812844276428,0.15721812844276428,0.984375,0.984375,1,20,42355,1,42354,0.9025619029998779,0.9837274551391602,0.08116555213928223,0,4,10,0,13,25,1706258174.700701,0.08116555213928223,19,Mid360,2,7,True,True,CURRENT_SUPPORT
seq0009,seq0009_valref_000885,1706258174.8276186,-4.157072067260742,6.508225917816162,7.977362155914307,-3.96875,6.400390625,8.0390625,0.2256115823984146,False,False,True,True,True,True,True,True,True,0.2256115823984146,0.2256115823984146,0.9765625,0.9765625,1,20,42513,1,42512,0.9023780822753906,0.9293386936187744,0.02696061134338379,1,5,10,1,16,29,1706258174.800658,0.02696061134338379,19,Mid360,2,7,True,True,CURRENT_SUPPORT
seq0009,seq0009_valref_000886,1706258174.8874447,-4.131056785583496,6.4598188400268555,8.024527549743652,-3.962890625,6.39453125,8.046875,0.1817738562822342,False,False,True,True,True,True,True,True,True,0.1817738562822342,0.1817738562822342,0.97265625,0.97265625,1,20,42513,1,42512,0.9023780822753906,0.9891648292541504,0.08678674697875977,0,5,10,0,13,29,1706258174.800658,0.08678674697875977,19,Mid360,2,7,True,True,CURRENT_SUPPORT
seq0009,seq0009_valref_000887,1706258174.931854,-4.118536949157715,6.436701774597168,8.048920631408691,-3.87890625,6.376953125,8.05078125,0.2469741553068161,False,False,True,True,True,True,True,True,True,0.2469741553068161,0.2469741553068161,0.97265625,0.97265625,1,20,42730,1,42729,0.9033071994781494,0.9346001148223877,0.03129291534423828,0,5,10,0,16,32,1706258174.900561,0.03129291534423828,19,Mid360,2,11,True,True,CURRENT_SUPPORT
seq0009,seq0009_valref_000888,1706258174.9802952,-4.1066718101501465,6.414220809936523,8.07083511352539,-3.87890625,6.37109375,8.05859375,0.2321356236934662,False,False,True,True,True,True,True,True,True,0.2321356236934662,0.2321356236934662,0.96875,0.96875,1,20,42730,1,42729,0.9033071994781494,0.9830412864685059,0.07973408699035645,0,5,10,0,16,32,1706258174.900561,0.07973408699035645,19,Mid360,2,11,True,True,CURRENT_SUPPORT
seq0009,seq0009_valref_000889,1706258175.0608227,-4.0818281173706055,6.371017932891846,8.116862297058105,-3.931640625,6.251518249511719,8.171875,0.19965684413909912,False,False,True,True,True,True,True,True,True,0.19965684413909912,0.19965684413909912,0.93359375,0.93359375,1,20,42697,1,42696,0.9035358428955078,0.963646650314331,0.06011080741882324,0,5,10,0,19,35,1706258175.000712,0.06011080741882324,19,Mid360,2,10,True,True,CURRENT_SUPPORT
seq0009,seq0009_valref_000890,1706258175.0995343,-4.069750785827637,6.348633766174316,8.141186714172363,-3.927734375,6.243438720703125,8.1796875,0.18087832629680634,False,False,True,True,True,True,True,True,True,0.18087832629680634,0.18087832629680634,0.92578125,0.92578125,1,20,42697,1,42696,0.9964151382446289,0.9987773895263672,0.0023622512817382812,0,5,10,0,18,35,1706258175.000712,0.09882235527038574,18,Mid360,2,10,True,True,CURRENT_SUPPORT
seq0009,seq0009_valref_000891,1706258175.13946,-4.057107925415039,6.3268327713012695,8.163553237915039,-3.818359375,6.2738037109375,8.193359375,0.24637645483016968,False,False,True,True,True,True,True,True,True,0.11721362918615341,0.24637645483016968,0.953125,0.953125,1,20,42986,1,42985,0.9033880233764648,0.9421930313110352,0.03880500793457031,0,6,10,0,21,38,1706258175.100655,0.03880500793457031,19,Mid360,2,9,True,True,CURRENT_SUPPORT
seq0009,seq0009_valref_000892,1706258175.1929893,-4.0436110496521,6.3036909103393555,8.18935775756836,-3.810546875,6.269287109375,8.20703125,0.23625172674655914,False,False,True,True,True,True,True,True,True,0.11055949330329895,0.23625172674655914,0.94921875,0.94921875,1,20,42986,1,42985,0.9033880233764648,0.9957222938537598,0.09233427047729492,0,6,10,0,19,38,1706258175.100655,0.09233427047729492,19,Mid360,2,9,True,True,CURRENT_SUPPORT
seq0009,seq0009_valref_000893,1706258175.2380795,-4.0300822257995605,6.2784881591796875,8.215706825256348,-3.74609375,6.203125,8.328125,0.31459006667137146,False,False,True,True,True,True,True,True,True,0.10063275694847107,0.31459006667137146,0.95703125,0.95703125,1,20,43054,0,43054,0.9016311168670654,0.939936637878418,0.03830552101135254,1,5,10,1,18,39,1706258175.199774,0.03830552101135254,19,Mid360,2,8,True,True,CURRENT_SUPPORT
seq0009,seq0009_valref_000894,1706258175.294081,-4.015020847320557,6.255399227142334,8.242568969726562,-3.73828125,6.196533203125,8.34765625,0.3018167316913605,False,False,True,True,True,True,True,True,True,0.10056030005216599,0.3018167316913605,0.953125,0.953125,1,20,43054,0,43054,0.9016311168670654,0.9959380626678467,0.09430694580078125,1,5,10,1,15,39,1706258175.199774,0.09430694580078125,19,Mid360,2,7,True,True,CURRENT_SUPPORT
seq0009,seq0009_valref_000895,1706258175.3807683,-3.986841917037964,6.213034152984619,8.288867950439453,-3.84765625,6.2283935546875,8.375,0.16439978778362274,False,False,True,True,True,True,True,True,True,0.12877629697322845,0.16439978778362274,0.96875,0.96875,1,20,43180,0,43180,0.9025249481201172,0.9825122356414795,0.0799872875213623,1,6,10,1,22,46,1706258175.300781,0.0799872875213623,19,Mid360,2,11,True,True,CURRENT_SUPPORT
seq0009,seq0009_valref_000896,1706258175.4275043,-3.9742989540100098,6.194578170776367,8.314729690551758,-3.78125,6.2269287109375,8.3828125,0.2072431594133377,False,False,True,True,True,True,True,True,True,0.1513168215751648,0.2072431594133377,0.97265625,0.97265625,1,20,47799,0,47799,0.9033129215240479,0.9302291870117188,0.0269162654876709,0,7,10,0,26,46,1706258175.400588,0.0269162654876709,19,Mid360,2,15,True,True,CURRENT_SUPPORT
seq0009,seq0009_valref_000897,1706258175.474908,-3.9742989540100098,6.194578170776367,8.314729690551758,-3.779296875,6.2200927734375,8.3984375,0.21373769640922546,False,False,True,True,True,True,True,True,True,0.15003889799118042,0.21373769640922546,0.97265625,0.97265625,1,20,47799,0,47799,0.9033129215240479,0.977632999420166,0.07432007789611816,0,7,10,0,26,46,1706258175.400588,0.07432007789611816,19,Mid360,2,15,True,True,CURRENT_SUPPORT
seq0009,seq0009_valref_000898,1706258175.522403,-3.9448330402374268,6.153785228729248,8.363686561584473,-3.77734375,6.216064453125,8.41015625,0.1846369206905365,False,False,True,True,True,True,True,True,True,0.1846369206905365,0.1846369206905365,0.96875,0.96875,1,20,47799,0,47799,0.9966239929199219,1.0217700004577637,0.025146007537841797,0,7,10,0,26,46,1706258175.400588,0.12181496620178223,18,Mid360,2,15,True,True,CURRENT_SUPPORT
seq0009,seq0009_valref_000899,1706258175.5709105,-3.9329020977020264,6.133425235748291,8.387435913085938,-3.7734375,6.205810546875,8.42578125,0.17927341163158417,False,False,True,True,True,True,True,True,True,0.17927341163158417,0.17927341163158417,0.96875,0.96875,1,20,47799,0,47799,0.9966239929199219,1.070277452468872,0.0736534595489502,0,7,10,0,24,46,1706258175.400588,0.17032241821289062,18,Mid360,2,15,True,True,CURRENT_SUPPORT
seq0010,seq0010_valref_000900,1706258272.3738594,-5.340105056762695,-2.1343650817871094,59.72007751464844,nan,nan,nan,nan,True,True,False,False,False,False,False,False,False,nan,nan,nan,nan,,0,0,0,0,nan,nan,nan,0,0,0,0,0,0,nan,nan,,,0,0,False,False,NO_CURRENT_SUPPORT
seq0010,seq0010_valref_000901,1706258272.4296534,-5.304938793182373,-2.057619094848633,59.71599578857422,-5.3515625,-2.3359375,59.720703125,0.2822358310222626,False,False,True,True,True,True,True,True,True,0.2822358310222626,0.2822358310222626,0.95703125,0.95703125,1,2,4556,32,4524,0.003091096878051758,0.03246951103210449,0.029378414154052734,1,1,1,2,5,6,1706258272.397184,0.03246951103210449,0,Avia,1,5,True,True,CURRENT_SUPPORT
seq0010,seq0010_valref_000902,1706258272.4780157,-5.28751277923584,-2.022559881210327,59.71217346191406,-5.3193359375,-2.3046875,59.732421875,0.28463783860206604,False,False,True,True,True,True,True,True,True,0.28463783860206604,0.28463783860206604,0.94921875,0.94921875,1,2,4556,32,4524,0.003091096878051758,0.08083176612854004,0.07774066925048828,1,1,1,3,5,6,1706258272.397184,0.08083176612854004,0,Avia,1,5,True,True,CURRENT_SUPPORT
seq0010,seq0010_valref_000903,1706258272.524009,-5.272147178649902,-1.989408016204834,59.70951461791992,-5.4375,-2.45703125,59.74690246582031,0.49740415811538696,False,False,True,True,True,True,True,True,True,0.24681036174297333,0.49740415811538696,0.9765625,0.9765625,1,4,9006,40,8966,0.10306620597839355,0.12682509422302246,0.023758888244628906,2,2,2,5,11,12,1706258272.497272,0.026736974716186523,2,Avia,2,11,True,True,CURRENT_SUPPORT
seq0010,seq0010_valref_000904,1706258272.5755525,-5.254730224609375,-1.9580810070037842,59.705528259277344,-5.412109375,-2.44921875,59.747161865234375,0.5174145698547363,False,False,False,True,True,True,True,False,True,0.23612210154533386,0.5174145698547363,0.97265625,0.97265625,1,4,9006,40,8966,0.10306620597839355,0.17836856842041016,0.0753023624420166,2,2,2,6,11,12,1706258272.497272,0.07828044891357422,2,Avia,2,11,True,True,CURRENT_SUPPORT
seq0010,seq0010_valref_000905,1706258272.6218212,-5.240876197814941,-1.9259949922561646,59.70414352416992,-5.3896484375,-2.25390625,59.67578125,0.36119717359542847,False,False,True,True,True,True,True,True,True,0.14869867265224457,0.36119717359542847,0.9765625,0.9765625,1,6,13553,50,13503,0.20301604270935059,0.22463726997375488,0.021621227264404297,3,3,3,9,15,20,1706258272.597206,0.024615049362182617,4,Avia,2,10,True,True,CURRENT_SUPPORT
seq0010,seq0010_valref_000906,1706258272.6771457,-5.222430229187012,-1.8923530578613281,59.70344161987305,-5.33984375,-2.236328125,59.666015625,0.365384042263031,False,False,True,True,True,True,True,True,True,0.1365930289030075,0.365384042263031,0.96875,0.96875,1,6,13553,50,13503,0.20301604270935059,0.27996182441711426,0.07694578170776367,3,3,3,10,15,20,1706258272.597206,0.07993960380554199,4,Avia,2,10,True,True,CURRENT_SUPPORT
seq0010,seq0010_valref_000907,1706258272.7325943,-5.187798976898193,-1.8258910179138184,59.700443267822266,-5.29345703125,-1.5234375,59.525390625,0.36508244276046753,False,False,True,True,True,True,True,True,True,0.1965678185224533,0.36508244276046753,0.96875,0.96875,1,8,17990,61,17929,0.3031320571899414,0.33541035652160645,0.03227829933166504,4,4,4,16,23,29,1706258272.697196,0.035398244857788086,6,Avia,2,11,True,True,CURRENT_SUPPORT
seq0010,seq0010_valref_000908,1706258272.7732327,-5.172814846038818,-1.7919909954071045,59.69969940185547,-5.26904296875,-1.51171875,59.525390625,0.34379634261131287,False,False,True,True,True,True,True,True,True,0.21682415902614594,0.34379634261131287,0.96875,0.96875,1,8,17990,61,17929,0.3031320571899414,0.3760488033294678,0.07291674613952637,4,4,4,16,23,29,1706258272.697196,0.07603669166564941,6,Avia,2,11,True,True,CURRENT_SUPPORT
seq0010,seq0010_valref_000909,1706258272.8236315,-5.1533098220825195,-1.7563879489898682,59.69976806640625,-5.2734375,-1.40234375,59.58203125,0.3919692635536194,False,False,True,True,True,True,True,True,True,0.2015988677740097,0.3919692635536194,0.96875,0.96875,1,10,22347,69,22278,0.4030640125274658,0.42644762992858887,0.023383617401123047,5,5,5,18,28,36,1706258272.797285,0.026346445083618164,8,Avia,2,11,True,True,CURRENT_SUPPORT
seq0010,seq0010_valref_000910,1706258272.8739872,-5.136727809906006,-1.7222559452056885,59.698974609375,-5.22412109375,-1.37109375,59.5859375,0.3791172206401825,False,False,True,True,True,True,True,True,True,0.20633089542388916,0.3791172206401825,0.95703125,0.95703125,1,10,22347,69,22278,0.4030640125274658,0.4768033027648926,0.07373929023742676,5,5,5,19,29,36,1706258272.797285,0.07670211791992188,8,Avia,2,11,True,True,CURRENT_SUPPORT
seq0010,seq0010_valref_000911,1706258272.9302423,-5.118745803833008,-1.6848100423812866,59.69812774658203,-5.080078125,-1.28515625,59.521484375,0.4386584162712097,False,False,True,True,True,True,True,True,True,0.12933969497680664,0.4386584162712097,0.96875,0.96875,1,12,26853,80,26773,0.503108024597168,0.5330584049224854,0.029950380325317383,6,6,6,21,33,41,1706258272.897222,0.0330202579498291,10,Avia,2,7,True,True,CURRENT_SUPPORT
seq0010,seq0010_valref_000912,1706258272.9760904,-5.100215911865234,-1.6475939750671387,59.6976432800293,-5.0205078125,-1.28515625,59.515625,0.4133341908454895,False,False,True,True,True,True,True,True,True,0.1700678914785385,0.4133341908454895,0.9609375,0.9609375,1,12,26853,80,26773,0.503108024597168,0.5789065361022949,0.07579851150512695,6,6,6,21,33,41,1706258272.897222,0.07886838912963867,10,Avia,2,7,True,True,CURRENT_SUPPORT
seq0010,seq0010_valref_000913,1706258273.0224562,-5.063204765319824,-1.5715010166168213,59.69387435913086,-5.212890625,-1.84765625,59.623046875,0.3220001757144928,False,False,True,True,True,True,True,True,True,0.26802802085876465,0.3220001757144928,0.98046875,0.98046875,1,14,31226,107,31119,0.6030900478363037,0.625272274017334,0.022182226181030273,7,7,7,25,42,47,1706258272.997265,0.025191068649291992,12,Avia,2,9,True,True,CURRENT_SUPPORT
seq0010,seq0010_valref_000914,1706258273.0723307,-5.043918132781982,-1.5334739685058594,59.692481994628906,-5.158203125,-1.82421875,59.607421875,0.3237727880477905,False,False,True,True,True,True,True,True,True,0.3134729862213135,0.3237727880477905,0.9765625,0.9765625,1,14,31226,107,31119,0.6030900478363037,0.6751468181610107,0.07205677032470703,7,7,7,26,43,47,1706258272.997265,0.07506561279296875,12,Avia,2,9,True,True,CURRENT_SUPPORT
seq0010,seq0010_valref_000915,1706258273.1227214,-5.026875019073486,-1.4963699579238892,59.691951751708984,-4.8857421875,-1.17578125,59.583984375,0.36654132604599,False,False,True,True,True,True,True,True,True,0.26451343297958374,0.36654132604599,0.98046875,0.98046875,1,16,35618,134,35484,0.7030110359191895,0.7255375385284424,0.02252650260925293,8,8,8,28,48,54,1706258273.097215,0.02550649642944336,14,Avia,2,8,True,True,CURRENT_SUPPORT
seq0010,seq0010_valref_000916,1706258273.1745837,-5.009044170379639,-1.4557009935379028,59.692657470703125,-4.7880859375,-1.15625,59.59765625,0.38408157229423523,False,False,True,True,True,True,True,True,True,0.29010477662086487,0.38408157229423523,0.9765625,0.9765625,1,16,35618,134,35484,0.7030110359191895,0.7773997783660889,0.07438874244689941,8,8,8,29,50,54,1706258273.097215,0.07736873626708984,14,Avia,2,10,True,True,CURRENT_SUPPORT
seq0010,seq0010_valref_000917,1706258273.2235453,-4.991464138031006,-1.4130120277404785,59.69483947753906,-5.052734375,-1.48828125,59.578125,0.1517951488494873,False,False,True,True,True,True,True,True,True,0.1517951488494873,0.1517951488494873,0.98828125,0.98828125,1,18,39914,143,39771,0.8031721115112305,0.8263614177703857,0.023189306259155273,9,9,9,28,55,62,1706258273.197232,0.026313304901123047,16,Avia,2,10,True,True,CURRENT_SUPPORT
seq0010,seq0010_valref_000918,1706258273.2758112,-4.953582763671875,-1.3281840085983276,59.701133728027344,-4.9951171875,-1.46875,59.595703125,0.1805533766746521,False,False,True,True,True,True,True,True,True,0.1805533766746521,0.1805533766746521,0.98828125,0.98828125,1,18,39914,143,39771,0.8031721115112305,0.8786273002624512,0.0754551887512207,9,9,9,27,56,62,1706258273.197232,0.07857918739318848,16,Avia,2,10,True,True,CURRENT_SUPPORT
seq0010,seq0010_valref_000919,1706258273.3228414,-4.9356608390808105,-1.286020040512085,59.70232391357422,-5.091796875,-1.44140625,59.626953125,0.23281772434711456,False,False,True,True,True,True,True,True,True,0.21898211538791656,0.23281772434711456,0.98828125,0.98828125,1,20,44248,161,44087,0.9031291007995605,0.9256575107574463,0.022528409957885742,8,10,10,26,64,69,1706258273.297296,0.025545358657836914,18,Avia,2,12,True,True,CURRENT_SUPPORT
seq0010,seq0010_valref_000920,1706258273.3734436,-4.920726776123047,-1.2502490282058716,59.70270919799805,-5.05859375,-1.4296875,59.63671875,0.23571212589740753,False,False,True,True,True,True,True,True,True,0.1932932585477829,0.23571212589740753,0.98828125,0.98828125,1,20,44248,161,44087,0.9031291007995605,0.976259708404541,0.07313060760498047,8,10,10,25,65,69,1706258273.297296,0.07614755630493164,18,Avia,2,12,True,True,CURRENT_SUPPORT
seq0010,seq0010_valref_000921,1706258273.423669,-4.906282901763916,-1.2112070322036743,59.70338439941406,-5.09765625,-1.52734375,59.658203125,0.37230032682418823,False,False,True,True,True,True,True,True,True,0.09516827017068863,0.37230032682418823,0.98828125,0.98828125,1,20,44118,137,43981,0.9029228687286377,0.9263970851898193,0.02347421646118164,8,10,10,22,65,70,1706258273.397204,0.026465177536010742,18,Avia,2,9,True,True,CURRENT_SUPPORT
seq0010,seq0010_valref_000922,1706258273.473107,-4.892833232879639,-1.1713889837265015,59.705482482910156,-5.068359375,-1.5078125,59.677734375,0.38047361373901367,False,False,True,True,True,True,True,True,True,0.06438008695840836,0.38047361373901367,0.984375,0.984375,1,20,44118,137,43981,0.9029228687286377,0.9758350849151611,0.07291221618652344,9,10,10,23,67,70,1706258273.397204,0.07590317726135254,18,Avia,2,11,True,True,CURRENT_SUPPORT
seq0010,seq0010_valref_000923,1706258273.5406668,-4.8706159591674805,-1.093235969543457,59.71149826049805,-5.0546875,-1.3515625,59.71875,0.31728142499923706,False,False,True,True,True,True,True,True,True,0.16745229065418243,0.31728142499923706,0.98046875,0.98046875,1,20,43943,140,43803,0.9031457901000977,0.9434607028961182,0.04031491279602051,10,10,10,24,69,74,1706258273.497276,0.043390750885009766,18,Avia,2,12,True,True,CURRENT_SUPPORT
seq0010,seq0010_valref_000924,1706258273.5763364,-4.857738971710205,-1.059059977531433,59.712135314941406,-5.03515625,-1.33203125,59.734375,0.3263201117515564,False,False,True,True,True,True,True,True,True,0.156639963388443,0.3263201117515564,0.9765625,0.9765625,1,20,43943,140,43803,0.9031457901000977,0.9791302680969238,0.07598447799682617,10,10,10,22,69,74,1706258273.497276,0.07906031608581543,18,Avia,2,12,True,True,CURRENT_SUPPORT
seq0010,seq0010_valref_000925,1706258273.6223783,-4.845547199249268,-1.0272749662399292,59.711177825927734,-4.9794921875,-1.26953125,59.693359375,0.2773929834365845,False,False,True,True,True,True,True,True,True,0.13679499924182892,0.2773929834365845,0.98046875,0.98046875,1,20,43589,142,43447,0.903069019317627,0.9251823425292969,0.022113323211669922,10,10,10,22,70,76,1706258273.597233,0.025145292282104492,18,Avia,2,14,True,True,CURRENT_SUPPORT
seq0010,seq0010_valref_000926,1706258273.6732867,-4.833416938781738,-0.9978200197219849,59.70943069458008,-4.955078125,-1.25390625,59.716796875,0.2836121618747711,False,False,True,True,True,True,True,True,True,0.12002845108509064,0.2836121618747711,0.9765625,0.9765625,1,20,43589,142,43447,0.903069019317627,0.976090669631958,0.07302165031433105,9,10,10,21,72,76,1706258273.597233,0.07605361938476562,18,Avia,2,16,True,True,CURRENT_SUPPORT
seq0010,seq0010_valref_000927,1706258273.7220345,-4.819630146026611,-0.9677410125732422,59.708316802978516,-4.9169921875,-1.201171875,59.70703125,0.2529248595237732,False,False,True,True,True,True,True,True,True,0.18571609258651733,0.2529248595237732,0.984375,0.984375,1,20,43536,156,43380,0.9029040336608887,0.9247493743896484,0.021845340728759766,10,10,10,22,70,78,1706258273.697158,0.02487635612487793,18,Avia,2,13,True,True,CURRENT_SUPPORT
seq0010,seq0010_valref_000928,1706258273.7739968,-4.806984901428223,-0.9398059844970703,59.706607818603516,-4.88671875,-1.185546875,59.720703125,0.25873681902885437,False,False,True,True,True,True,True,True,True,0.17038129270076752,0.25873681902885437,0.9765625,0.9765625,1,20,43536,156,43380,0.9029040336608887,0.9767117500305176,0.0738077163696289,10,10,10,25,73,78,1706258273.697158,0.07683873176574707,18,Avia,2,16,True,True,CURRENT_SUPPORT
seq0010,seq0010_valref_000929,1706258273.822727,-4.793018817901611,-0.9064670205116272,59.704322814941406,-4.8427734375,-0.875,59.646484375,0.08252866566181183,False,False,True,True,True,True,True,True,True,0.08252866566181183,0.08252866566181183,0.984375,0.984375,1,20,43490,174,43316,0.9031050205230713,0.9255049228668213,0.02239990234375,9,10,10,24,72,78,1706258273.797272,0.025454998016357422,18,Avia,2,14,True,True,CURRENT_SUPPORT
seq0010,seq0010_valref_000930,1706258273.8830414,-4.753537178039551,-0.8400279879570007,59.70163345336914,-4.802490234375,-0.8671875,59.66796875,0.06532497704029083,False,False,True,True,True,True,True,True,True,0.06532497704029083,0.06532497704029083,0.98828125,0.98828125,1,20,43490,174,43316,0.9031050205230713,0.9858193397521973,0.08271431922912598,10,10,10,23,73,78,1706258273.797272,0.0857694149017334,18,Avia,2,14,True,True,CURRENT_SUPPORT
seq0010,seq0010_valref_000931,1706258273.926498,-4.7306389808654785,-0.8067780137062073,59.69970703125,-4.7252197265625,-0.7109375,59.56640625,0.16426768898963928,False,False,True,True,True,True,True,True,True,0.10159003734588623,0.16426768898963928,0.98046875,0.98046875,1,20,43142,182,42960,0.903019905090332,0.9292328357696533,0.02621293067932129,9,10,10,26,77,85,1706258273.89723,0.02926802635192871,18,Avia,2,13,True,True,CURRENT_SUPPORT
seq0010,seq0010_valref_000932,1706258273.9726903,-4.707141876220703,-0.7710760235786438,59.70038604736328,-4.69189453125,-0.701171875,59.5703125,0.14845268428325653,False,False,True,True,True,True,True,True,True,0.1262628734111786,0.14845268428325653,0.9765625,0.9765625,1,20,43142,182,42960,0.903019905090332,0.9754252433776855,0.07240533828735352,9,10,10,26,80,85,1706258273.89723,0.07546043395996094,18,Avia,2,15,True,True,CURRENT_SUPPORT
seq0010,seq0010_valref_000933,1706258274.030581,-4.684837818145752,-0.7361029982566833,59.7017707824707,-4.7393798828125,-0.54296875,59.219482421875,0.5223770141601562,False,False,False,True,True,True,True,False,True,0.37217575311660767,0.5223770141601562,0.97265625,0.97265625,1,20,43065,180,42885,0.9029850959777832,0.933366060256958,0.030380964279174805,9,10,10,25,80,86,1706258273.997261,0.033319950103759766,18,Avia,2,14,True,True,CURRENT_SUPPORT
seq0010,seq0010_valref_000934,1706258274.0729249,-4.661390781402588,-0.6977599859237671,59.70293045043945,-4.72119140625,-0.53515625,59.189697265625,0.5416865944862366,False,False,False,True,True,True,True,False,True,0.34975627064704895,0.5416865944862366,0.9765625,0.9765625,1,20,43065,180,42885,0.9029850959777832,0.9757099151611328,0.07272481918334961,8,10,10,19,82,86,1706258273.997261,0.07566380500793457,18,Avia,2,15,True,True,CURRENT_SUPPORT
seq0010,seq0010_valref_000935,1706258274.1251466,-4.639928817749023,-0.6617529988288879,59.7042121887207,-4.505859375,-0.4189453125,59.380859375,0.42601317167282104,False,False,True,True,True,True,True,True,True,0.3703804016113281,0.42601317167282104,0.97265625,0.97265625,1,20,42914,177,42737,0.9031169414520264,0.9279146194458008,0.024797677993774414,8,10,10,20,81,88,1706258274.097228,0.027918577194213867,18,Avia,2,10,True,True,CURRENT_SUPPORT
seq0010,seq0010_valref_000936,1706258274.1766896,-4.602373123168945,-0.5837720036506653,59.707923889160156,-4.4853515625,-0.40234375,59.357421875,0.41165751218795776,False,False,True,True,True,True,True,True,True,0.3716560900211334,0.41165751218795776,0.96875,0.96875,1,20,42914,177,42737,0.9031169414520264,0.9794576168060303,0.0763406753540039,9,10,10,23,83,88,1706258274.097228,0.07946157455444336,18,Avia,2,12,True,True,CURRENT_SUPPORT
seq0010,seq0010_valref_000937,1706258274.2220812,-4.583495140075684,-0.5450649857521057,59.708438873291016,-4.53125,-0.595703125,59.513671875,0.207913339138031,False,False,True,True,True,True,True,True,True,0.207913339138031,0.207913339138031,0.96875,0.96875,1,20,42749,188,42561,0.9029710292816162,0.9247851371765137,0.02181410789489746,10,10,10,26,83,88,1706258274.197162,0.02491927146911621,18,Avia,2,12,True,True,CURRENT_SUPPORT
seq0010,seq0010_valref_000938,1706258274.2740943,-4.564805030822754,-0.5101959705352783,59.707786560058594,-4.82421875,-0.58203125,59.5078125,0.3353288173675537,False,False,True,True,True,True,True,True,True,0.24120044708251953,0.3353288173675537,0.96484375,0.96484375,1,20,42749,188,42561,0.9029710292816162,0.9767982959747314,0.07382726669311523,10,10,10,29,84,88,1706258274.197162,0.07693243026733398,18,Avia,2,13,True,True,CURRENT_SUPPORT
seq0010,seq0010_valref_000939,1706258274.3223274,-4.54672908782959,-0.47170498967170715,59.706756591796875,-4.525390625,-0.54296875,59.521484375,0.19964881241321564,False,False,True,True,True,True,True,True,True,0.19964881241321564,0.19964881241321564,0.9765625,0.9765625,1,20,42675,181,42494,0.9029901027679443,0.9251234531402588,0.022133350372314453,9,10,10,26,86,90,1706258274.297234,0.02509331703186035,18,Avia,2,15,True,True,CURRENT_SUPPORT
seq0010,seq0010_valref_000940,1706258274.3757532,-4.527039051055908,-0.43232500553131104,59.70535659790039,-4.49609375,-0.546875,59.51953125,0.2204776108264923,False,False,True,True,True,True,True,True,True,0.2204776108264923,0.2204776108264923,0.9765625,0.9765625,1,20,42675,181,42494,0.9029901027679443,0.9785492420196533,0.07555913925170898,10,10,10,26,87,90,1706258274.297234,0.07851910591125488,18,Avia,2,16,True,True,CURRENT_SUPPORT
seq0010,seq0010_valref_000941,1706258274.4233396,-4.5061211585998535,-0.39218199253082275,59.70478439331055,-4.76483154296875,-0.2421875,59.498046875,0.36355167627334595,False,False,True,True,True,True,True,True,True,0.16401372849941254,0.36355167627334595,0.98046875,0.98046875,1,20,42442,183,42259,0.90305495262146,0.9260635375976562,0.02300858497619629,9,10,10,21,88,90,1706258274.397194,0.02614569664001465,18,Avia,2,15,True,True,CURRENT_SUPPORT
seq0010,seq0010_valref_000942,1706258274.4751263,-4.46391487121582,-0.3155829906463623,59.702396392822266,-4.713134765625,-0.2578125,59.4970703125,0.32803472876548767,False,False,True,True,True,True,True,True,True,0.22790032625198364,0.32803472876548767,0.98046875,0.98046875,1,20,42442,183,42259,0.90305495262146,0.9778501987457275,0.07479524612426758,10,10,10,25,88,90,1706258274.397194,0.07793235778808594,18,Avia,2,15,True,True,CURRENT_SUPPORT
seq0010,seq0010_valref_000943,1706258274.5297863,-4.439848899841309,-0.27706000208854675,59.6999626159668,-4.439453125,-0.4765625,59.4951171875,0.285942405462265,False,False,True,True,True,True,True,True,True,0.1527298539876938,0.285942405462265,0.984375,0.984375,1,20,42341,185,42156,0.9030349254608154,0.9325532913208008,0.02951836585998535,10,10,10,25,89,91,1706258274.49726,0.032526254653930664,18,Avia,2,18,True,True,CURRENT_SUPPORT
seq0010,seq0010_valref_000944,1706258274.5748756,-4.416482925415039,-0.24449600279331207,59.6956672668457,-4.408203125,-0.4765625,59.51171875,0.29624393582344055,False,False,True,True,True,True,True,True,True,0.13360805809497833,0.29624393582344055,0.984375,0.984375,1,20,42341,185,42156,0.9030349254608154,0.9776425361633301,0.07460761070251465,10,10,10,26,89,91,1706258274.49726,0.07761549949645996,18,Avia,2,18,True,True,CURRENT_SUPPORT
seq0010,seq0010_valref_000945,1706258274.6240966,-4.3918070793151855,-0.21452200412750244,59.69157028198242,-4.171875,-0.51171875,59.576171875,0.38731488585472107,False,False,True,True,True,True,True,True,True,0.1534779965877533,0.38731488585472107,0.98828125,0.98828125,1,20,42446,182,42264,0.903026819229126,0.926938533782959,0.023911714553833008,9,10,10,21,87,89,1706258274.597256,0.026840686798095703,18,Avia,2,17,True,True,CURRENT_SUPPORT
seq0010,seq0010_valref_000946,1706258274.6758285,-4.365070819854736,-0.18707500398159027,59.68510818481445,-4.1328125,-0.5078125,59.58984375,0.40729811787605286,False,False,True,True,True,True,True,True,True,0.13325047492980957,0.40729811787605286,0.98828125,0.98828125,1,20,42446,182,42264,0.903026819229126,0.9786703586578369,0.07564353942871094,9,10,10,22,87,89,1706258274.597256,0.07857251167297363,18,Avia,2,17,True,True,CURRENT_SUPPORT
seq0010,seq0010_valref_000947,1706258274.723449,-4.309103965759277,-0.1357560008764267,59.67326354980469,-4.337890625,-0.3515625,59.51171875,0.2711048424243927,False,False,True,True,True,True,True,True,True,0.12264011055231094,0.2711048424243927,0.984375,0.984375,1,20,42197,191,42006,0.9030420780181885,0.9261770248413086,0.023134946823120117,9,10,10,23,83,85,1706258274.697155,0.02629399299621582,18,Avia,2,13,True,True,CURRENT_SUPPORT
seq0010,seq0010_valref_000948,1706258274.7779372,-4.283847808837891,-0.10672900080680847,59.67007827758789,-4.296875,-0.3671875,59.54296875,0.29011234641075134,False,False,True,True,True,True,True,True,True,0.10321643948554993,0.29011234641075134,0.98046875,0.98046875,1,20,42197,191,42006,0.9030420780181885,0.9806652069091797,0.07762312889099121,9,10,10,24,83,85,1706258274.697155,0.08078217506408691,18,Avia,2,13,True,True,CURRENT_SUPPORT
seq0010,seq0010_valref_000949,1706258274.8227262,-4.259744167327881,-0.07368499785661697,59.66815948486328,-4.16162109375,-0.48046875,59.6171875,0.4215439558029175,False,False,True,True,True,True,True,True,True,0.16108334064483643,0.4215439558029175,0.9921875,0.9921875,1,20,42160,183,41977,0.9030280113220215,0.9254963397979736,0.02246832847595215,9,10,10,25,89,92,1706258274.797245,0.025481224060058594,18,Avia,2,18,True,True,CURRENT_SUPPORT
seq0010,seq0010_valref_000950,1706258274.8765476,-4.237942218780518,-0.03907100111246109,59.667396545410156,-4.12890625,-0.515625,59.65625,0.4889957308769226,False,False,True,True,True,True,True,True,True,0.1655280590057373,0.4889957308769226,0.9921875,0.9921875,1,20,42160,183,41977,0.9030280113220215,0.9793176651000977,0.07628965377807617,10,10,10,25,89,92,1706258274.797245,0.07930254936218262,18,Avia,2,18,True,True,CURRENT_SUPPORT
seq0010,seq0010_valref_000951,1706258274.9339538,-4.217796802520752,-0.000645000021904707,59.66780090332031,-4.0,-0.37890625,59.705078125,0.43807145953178406,False,False,True,True,True,True,True,True,True,0.14304140210151672,0.43807145953178406,0.98828125,0.98828125,1,20,42311,190,42121,0.902925968170166,0.9366927146911621,0.033766746520996094,10,10,10,26,86,91,1706258274.897198,0.03675580024719238,18,Avia,2,20,True,True,CURRENT_SUPPORT
seq0010,seq0010_valref_000952,1706258274.9754007,-4.198638916015625,0.04063500091433525,59.66752624511719,-3.970703125,-0.3984375,59.7265625,0.4982214868068695,False,False,True,True,True,True,True,True,True,0.15682850778102875,0.4982214868068695,0.98828125,0.98828125,1,20,42311,190,42121,0.902925968170166,0.9781396389007568,0.07521367073059082,10,10,10,29,88,91,1706258274.897198,0.07820272445678711,18,Avia,2,22,True,True,CURRENT_SUPPORT
seq0010,seq0010_valref_000953,1706258275.022831,-4.159986972808838,0.1236639991402626,59.66674041748047,-4.204833984375,-0.26171875,59.662109375,0.38801103830337524,False,False,True,True,True,True,True,True,True,0.25995996594429016,0.38801103830337524,0.984375,0.984375,1,20,42334,206,42128,0.9030280113220215,0.925602912902832,0.022574901580810547,8,10,10,28,90,95,1706258274.997159,0.025671958923339844,18,Avia,2,17,True,True,CURRENT_SUPPORT
seq0010,seq0010_valref_000954,1706258275.0736375,-4.136537075042725,0.16452699899673462,59.66725158691406,-4.0986328125,-0.11328125,59.53515625,0.3099408447742462,False,False,True,True,True,True,True,True,True,0.29170629382133484,0.3099408447742462,0.984375,0.984375,1,20,42334,206,42128,0.9030280113220215,0.9764094352722168,0.07338142395019531,8,10,10,27,92,95,1706258274.997159,0.07647848129272461,18,Avia,2,19,True,True,CURRENT_SUPPORT
seq0010,seq0010_valref_000955,1706258275.137503,-4.113716125488281,0.20553499460220337,59.66877746582031,-4.1240234375,-0.0234375,59.513671875,0.276753306388855,False,False,True,True,True,True,True,True,True,0.276753306388855,0.276753306388855,0.98828125,0.98828125,1,20,42363,197,42166,0.9030911922454834,0.9403409957885742,0.03724980354309082,7,10,10,24,88,93,1706258275.097224,0.04027891159057617,18,Avia,2,14,True,True,CURRENT_SUPPORT
seq0010,seq0010_valref_000956,1706258275.1763852,-4.091475963592529,0.24511300027370453,59.669586181640625,-4.09375,-0.01953125,59.5234375,0.3023263216018677,False,False,True,True,True,True,True,True,True,0.3023263216018677,0.3023263216018677,0.9921875,0.9921875,1,20,42363,197,42166,0.9030911922454834,0.9792232513427734,0.07613205909729004,8,10,10,26,89,93,1706258275.097224,0.07916116714477539,18,Avia,2,15,True,True,CURRENT_SUPPORT
seq0010,seq0010_valref_000957,1706258275.224727,-4.069279193878174,0.28394800424575806,59.67002487182617,-4.1025390625,-0.10546875,59.4970703125,0.4273931384086609,False,False,True,True,True,True,True,True,True,0.24538441002368927,0.4273931384086609,0.98828125,0.98828125,1,20,42575,189,42386,0.9029569625854492,0.9274928569793701,0.0245358943939209,8,10,10,27,88,95,1706258275.197186,0.027540922164916992,18,Avia,2,12,True,True,CURRENT_SUPPORT
seq0010,seq0010_valref_000958,1706258275.2744238,-4.023374080657959,0.35844799876213074,59.6700325012207,-4.0576171875,-0.1015625,59.513671875,0.48706355690956116,False,False,True,True,True,True,True,True,True,0.26568126678466797,0.48706355690956116,0.98828125,0.98828125,1,20,42575,189,42386,0.9029569625854492,0.9771897792816162,0.07423281669616699,10,10,10,28,92,95,1706258275.197186,0.07723784446716309,18,Avia,2,14,True,True,CURRENT_SUPPORT
seq0010,seq0010_valref_000959,1706258275.3326483,-3.998694896697998,0.39722099900245667,59.669883728027344,-3.94921875,0.12109375,59.525390625,0.31555095314979553,False,False,True,True,True,True,True,True,True,0.3138079345226288,0.31555095314979553,0.98828125,0.98828125,1,20,42629,189,42440,0.9031500816345215,0.9354543685913086,0.03230428695678711,10,10,10,27,88,94,1706258275.297241,0.035407304763793945,18,Avia,2,14,True,True,CURRENT_SUPPORT
seq0010,seq0010_valref_000960,1706258275.3739386,-3.977415084838867,0.43630099296569824,59.67115783691406,-3.896484375,0.10546875,59.54296875,0.36391234397888184,False,False,True,True,True,True,True,True,True,0.30324435234069824,0.36391234397888184,0.98828125,0.98828125,1,20,42629,189,42440,0.9031500816345215,0.9767446517944336,0.07359457015991211,10,10,10,25,90,94,1706258275.297241,0.07669758796691895,18,Avia,2,14,True,True,CURRENT_SUPPORT
seq0010,seq0010_valref_000961,1706258275.427152,-3.9559950828552246,0.47483599185943604,59.671512603759766,-3.8046875,0.12890625,59.44921875,0.438150554895401,False,False,True,True,True,True,True,True,True,0.3281182646751404,0.438150554895401,0.98046875,0.98046875,1,20,42778,194,42584,0.9029688835144043,0.92989182472229,0.026922941207885742,10,10,10,26,89,97,1706258275.397207,0.029944896697998047,18,Avia,2,10,True,True,CURRENT_SUPPORT
seq0010,seq0010_valref_000962,1706258275.476088,-3.934627056121826,0.5138350129127502,59.672603607177734,-3.751953125,0.10546875,59.4716796875,0.49041125178337097,False,False,True,True,True,True,True,True,True,0.3360210061073303,0.49041125178337097,0.9765625,0.9765625,1,20,42778,194,42584,0.9029688835144043,0.978827953338623,0.07585906982421875,8,10,10,24,88,97,1706258275.397207,0.07888102531433105,18,Avia,2,10,True,True,CURRENT_SUPPORT
seq0010,seq0010_valref_000963,1706258275.5344949,-3.8963260650634766,0.5923780202865601,59.674591064453125,-4.01171875,0.291015625,59.5859375,0.33465537428855896,False,False,True,True,True,True,True,True,True,0.2011861652135849,0.33465537428855896,0.984375,0.984375,1,20,42958,202,42756,0.9029350280761719,0.9372389316558838,0.034303903579711914,8,10,10,24,91,97,1706258275.497119,0.03737592697143555,18,Avia,2,16,True,True,CURRENT_SUPPORT
seq0010,seq0010_valref_000964,1706258275.575163,-3.878596067428589,0.6372630000114441,59.67746353149414,-3.982421875,0.279296875,59.611328125,0.3785412013530731,False,False,True,True,True,True,True,True,True,0.1911318451166153,0.3785412013530731,0.98046875,0.98046875,1,20,42958,202,42756,0.9029350280761719,0.9779069423675537,0.07497191429138184,9,10,10,22,93,97,1706258275.497119,0.07804393768310547,18,Avia,2,17,True,True,CURRENT_SUPPORT
seq0010,seq0010_valref_000965,1706258275.6222749,-3.860197067260742,0.6816499829292297,59.680397033691406,-4.060546875,0.203125,59.578125,0.528758704662323,False,False,False,True,True,True,True,False,True,0.14794285595417023,0.528758704662323,0.98828125,0.98828125,1,20,42962,229,42733,0.9031550884246826,0.9251198768615723,0.02196478843688965,10,10,10,21,94,98,1706258275.597232,0.02504277229309082,18,Avia,2,16,True,True,CURRENT_SUPPORT
seq0010,seq0010_valref_000966,1706258275.6736436,-3.843410015106201,0.7224239706993103,59.682743072509766,-4.015625,0.21484375,59.61328125,0.5404818654060364,False,False,False,True,True,True,True,False,True,0.11708653718233109,0.5404818654060364,0.984375,0.984375,1,20,42962,229,42733,0.9031550884246826,0.9764885902404785,0.0733335018157959,10,10,10,21,94,98,1706258275.597232,0.07641148567199707,18,Avia,2,16,True,True,CURRENT_SUPPORT
seq0010,seq0010_valref_000967,1706258275.7365327,-3.807898998260498,0.8108879923820496,59.68585968017578,-3.9013671875,0.82421875,59.4833984375,0.2233932912349701,False,False,True,True,True,True,True,True,True,0.1906699240207672,0.2233932912349701,0.98046875,0.98046875,1,20,43148,251,42897,0.903019905090332,0.9392876625061035,0.036267757415771484,8,10,10,15,99,103,1706258275.697153,0.03937959671020508,18,Avia,2,18,True,True,CURRENT_SUPPORT
seq0010,seq0010_valref_000968,1706258275.780676,-3.792478084564209,0.854308009147644,59.685997009277344,-3.8818359375,0.849609375,59.4814453125,0.2232673168182373,False,False,True,True,True,True,True,True,True,0.19528299570083618,0.2232673168182373,0.9765625,0.9765625,1,20,43148,251,42897,0.903019905090332,0.9834308624267578,0.08041095733642578,7,10,10,14,99,103,1706258275.697153,0.08352279663085938,18,Avia,2,18,True,True,CURRENT_SUPPORT
seq0010,seq0010_valref_000969,1706258275.8284166,-3.7763559818267822,0.895950973033905,59.685089111328125,-4.0859375,0.7578125,59.40234375,0.4414384365081787,False,False,True,True,True,True,True,True,True,0.19702084362506866,0.4414384365081787,0.984375,0.984375,1,20,43315,280,43035,0.9030039310455322,0.9312186241149902,0.028214693069458008,7,10,10,12,92,100,1706258275.797231,0.031185626983642578,18,Avia,2,16,True,True,CURRENT_SUPPORT
seq0010,seq0010_valref_000970,1706258275.8729422,-3.759392023086548,0.9404950141906738,59.68526840209961,-4.09765625,0.783203125,59.41015625,0.46351927518844604,False,False,True,True,True,True,True,True,True,0.21919159591197968,0.46351927518844604,0.98046875,0.98046875,1,20,43315,280,43035,0.9030039310455322,0.9757442474365234,0.07274031639099121,7,10,10,12,96,100,1706258275.797231,0.07571125030517578,18,Avia,2,20,True,True,CURRENT_SUPPORT
seq0010,seq0010_valref_000971,1706258275.9352357,-3.7419190406799316,0.9872990250587463,59.68704605102539,-3.869140625,0.76171875,59.466796875,0.33997276425361633,False,False,True,True,True,True,True,True,True,0.21940191090106964,0.33997276425361633,0.9921875,0.9921875,1,20,43352,269,43083,0.9031689167022705,0.9380767345428467,0.03490781784057617,7,10,10,14,97,101,1706258275.897197,0.03803873062133789,18,Avia,2,20,True,True,CURRENT_SUPPORT
seq0010,seq0010_valref_000972,1706258275.9748676,-3.7253670692443848,1.0325180292129517,59.68899917602539,-3.8466796875,0.763671875,59.4697265625,0.36752617359161377,False,False,True,True,True,True,True,True,True,0.2555096745491028,0.36752617359161377,0.9921875,0.9921875,1,20,43352,269,43083,0.9031689167022705,0.9777085781097412,0.0745396614074707,8,10,10,15,96,101,1706258275.897197,0.07767057418823242,18,Avia,2,21,True,True,CURRENT_SUPPORT
seq0010,seq0010_valref_000973,1706258276.023257,-3.7099740505218506,1.0788019895553589,59.69105911254883,-3.96484375,0.908203125,59.669921875,0.3074236810207367,False,False,True,True,True,True,True,True,True,0.17309193313121796,0.3074236810207367,0.9921875,0.9921875,1,20,43322,241,43081,0.9030189514160156,0.9260330200195312,0.023014068603515625,8,10,10,13,97,102,1706258275.997171,0.026086091995239258,18,Avia,2,20,True,True,CURRENT_SUPPORT
seq0010,seq0010_valref_000974,1706258276.0769382,-3.692186117172241,1.124580979347229,59.69285583496094,-3.9287109375,0.91015625,59.6875,0.31929710507392883,False,False,True,True,True,True,True,True,True,0.17912748456001282,0.31929710507392883,0.98828125,0.98828125,1,20,43322,241,43081,0.9030189514160156,0.9797141551971436,0.07669520378112793,7,10,10,11,98,102,1706258275.997171,0.07976722717285156,18,Avia,2,21,True,True,CURRENT_SUPPORT
seq0010,seq0010_valref_000975,1706258276.131559,-3.6568119525909424,1.2143210172653198,59.69631576538086,-3.62841796875,0.921875,59.59375,0.3112083375453949,False,False,True,True,True,True,True,True,True,0.20251162350177765,0.3112083375453949,0.98828125,0.98828125,1,20,43451,238,43213,0.9029889106750488,0.9343729019165039,0.03138399124145508,7,10,10,15,99,106,1706258276.097221,0.03433799743652344,18,Avia,2,18,True,True,CURRENT_SUPPORT
seq0010,seq0010_valref_000976,1706258276.1755917,-3.6419360637664795,1.256742000579834,59.698219299316406,-3.587890625,0.904296875,59.609375,0.3674667179584503,False,False,True,True,True,True,True,True,True,0.22626018524169922,0.3674667179584503,0.98828125,0.98828125,1,20,43451,238,43213,0.9029889106750488,0.9784057140350342,0.07541680335998535,7,10,10,16,99,106,1706258276.097221,0.07837080955505371,18,Avia,2,18,True,True,CURRENT_SUPPORT
seq0010,seq0010_valref_000977,1706258276.2210565,-3.6242339611053467,1.2995589971542358,59.699214935302734,-3.44921875,0.82421875,59.609375,0.5144413709640503,False,False,False,True,True,True,True,False,True,0.2175617516040802,0.5144413709640503,0.98046875,0.98046875,1,20,43400,267,43133,0.9029481410980225,0.9238154888153076,0.020867347717285156,8,10,10,18,97,103,1706258276.197195,0.023861408233642578,18,Avia,2,14,True,True,CURRENT_SUPPORT
seq0010,seq0010_valref_000978,1706258276.2746315,-3.6060240268707275,1.3437949419021606,59.700714111328125,-3.41796875,1.15234375,59.48046875,0.34716907143592834,False,False,True,True,True,True,True,True,True,0.2391555905342102,0.34716907143592834,0.9765625,0.9765625,1,20,43400,267,43133,0.9029481410980225,0.9773905277252197,0.07444238662719727,8,10,10,18,98,103,1706258276.197195,0.07743644714355469,18,Avia,2,14,True,True,CURRENT_SUPPORT
seq0010,seq0010_valref_000979,1706258276.3250806,-3.5947630405426025,1.3848350048065186,59.699737548828125,-3.6171875,1.12109375,59.564453125,0.297261118888855,False,False,True,True,True,True,True,True,True,0.18125849962234497,0.297261118888855,0.984375,0.984375,1,20,43443,313,43130,0.9030590057373047,0.9278736114501953,0.024814605712890625,10,10,10,22,99,106,1706258276.29728,0.027800559997558594,18,Avia,2,13,True,True,CURRENT_SUPPORT
seq0010,seq0010_valref_000980,1706258276.3760843,-3.567229986190796,1.4736740589141846,59.69907760620117,-3.591796875,1.10546875,59.57421875,0.38957464694976807,False,False,True,True,True,True,True,True,True,0.19301706552505493,0.38957464694976807,0.984375,0.984375,1,20,43443,313,43130,0.9030590057373047,0.9788773059844971,0.07581830024719238,10,10,10,23,100,106,1706258276.29728,0.07880425453186035,18,Avia,2,14,True,True,CURRENT_SUPPORT
seq0010,seq0010_valref_000981,1706258276.4248533,-3.5475940704345703,1.5266929864883423,59.7004280090332,-3.3994140625,1.505859375,58.8046875,0.9081532955169678,False,False,False,True,True,False,True,False,True,0.6488993763923645,0.9081532955169678,0.87890625,0.87890625,1,20,43603,411,43192,0.9030721187591553,0.927734375,0.024662256240844727,9,10,10,23,102,107,1706258276.397199,0.027654409408569336,18,Avia,2,19,True,True,CURRENT_SUPPORT
seq0010,seq0010_valref_000982,1706258276.4737315,-3.528650999069214,1.5705779790878296,59.701480865478516,-3.3818359375,1.5234375,58.7734375,0.9407663941383362,False,False,False,True,True,False,True,False,True,0.689838171005249,0.9407663941383362,0.86328125,0.86328125,1,20,43603,411,43192,0.9030721187591553,0.9766125679016113,0.07354044914245605,10,10,10,24,100,107,1706258276.397199,0.07653260231018066,18,Avia,2,19,True,True,CURRENT_SUPPORT
seq0010,seq0010_valref_000983,1706258276.5221243,-3.5109870433807373,1.6147140264511108,59.70291519165039,-3.916015625,1.1875,59.546875,0.6090225577354431,False,False,False,True,True,True,True,False,True,0.31778788566589355,0.6090225577354431,0.9375,0.9375,1,20,43621,504,43117,0.9030849933624268,0.9248921871185303,0.021807193756103516,10,10,10,25,100,108,1706258276.497124,0.025000333786010742,18,Avia,2,19,True,True,CURRENT_SUPPORT
seq0010,seq0010_valref_000984,1706258276.5741968,-3.4922521114349365,1.6603009700775146,59.70374298095703,-3.943359375,1.1953125,59.556640625,0.6643426418304443,False,False,False,True,True,True,True,False,True,0.3171035051345825,0.6643426418304443,0.9140625,0.9140625,1,20,43621,504,43117,0.9030849933624268,0.9769647121429443,0.07387971878051758,10,10,10,22,100,108,1706258276.497124,0.0770728588104248,18,Avia,2,19,True,True,CURRENT_SUPPORT
seq0010,seq0010_valref_000985,1706258276.621534,-3.4752988815307617,1.7051340341567993,59.70443344116211,-3.9169921875,1.2890625,59.640625,0.6101475358009338,False,False,False,True,True,True,True,False,True,0.28115472197532654,0.6101475358009338,0.94921875,0.94921875,1,20,43718,562,43156,0.9031038284301758,0.9243810176849365,0.021277189254760742,9,10,10,24,101,110,1706258276.597211,0.024323225021362305,18,Avia,2,17,True,True,CURRENT_SUPPORT
seq0010,seq0010_valref_000986,1706258276.6757743,-3.4616200923919678,1.7509729862213135,59.705413818359375,-3.9326171875,1.30859375,59.66015625,0.6477544903755188,False,False,False,True,True,True,True,False,True,0.28018656373023987,0.6477544903755188,0.93359375,0.93359375,1,20,43718,562,43156,0.9031038284301758,0.978621244430542,0.07551741600036621,9,10,10,22,105,110,1706258276.597211,0.07856345176696777,18,Avia,2,20,True,True,CURRENT_SUPPORT
seq0010,seq0010_valref_000987,1706258276.7247589,-3.4381649494171143,1.8372429609298706,59.70637512207031,-3.6630859375,1.42578125,59.47265625,0.5239415168762207,False,False,False,True,True,True,True,False,True,0.2366296648979187,0.5239415168762207,0.9609375,0.9609375,1,20,43764,556,43208,0.9029591083526611,0.927527904510498,0.024568796157836914,10,10,10,23,103,108,1706258276.69714,0.027618885040283203,18,Avia,2,18,True,True,CURRENT_SUPPORT
seq0010,seq0010_valref_000988,1706258276.7749424,-3.4279520511627197,1.8795219659805298,59.707218170166016,-3.64599609375,1.44140625,59.478515625,0.5401790738105774,False,False,False,True,True,True,True,False,True,0.23432853817939758,0.5401790738105774,0.95703125,0.95703125,1,20,43764,556,43208,0.9029591083526611,0.9777114391326904,0.0747523307800293,9,10,10,22,104,108,1706258276.69714,0.07780241966247559,18,Avia,2,18,True,True,CURRENT_SUPPORT
seq0010,seq0010_valref_000989,1706258276.828137,-3.4166269302368164,1.9221800565719604,59.70767593383789,-3.6162109375,1.3359375,59.73828125,0.6200409531593323,False,False,False,True,True,True,True,False,True,0.11210333555936813,0.6200409531593323,0.96875,0.96875,1,20,43598,521,43077,0.9031291007995605,0.9309399127960205,0.02781081199645996,9,10,10,22,101,107,1706258276.797261,0.03087592124938965,18,Avia,2,15,True,True,CURRENT_SUPPORT
seq0010,seq0010_valref_000990,1706258276.8749025,-3.4063050746917725,1.9607280492782593,59.70783996582031,-3.4912109375,1.984375,59.71875,0.08880998194217682,False,False,True,True,True,True,True,True,True,0.08880998194217682,0.08880998194217682,0.96484375,0.96484375,1,20,43598,521,43077,0.9031291007995605,0.9777054786682129,0.07457637786865234,9,10,10,24,101,107,1706258276.797261,0.07764148712158203,18,Avia,2,16,True,True,CURRENT_SUPPORT
seq0010,seq0010_valref_000991,1706258276.9305615,-3.3961570262908936,1.9987050294876099,59.70864486694336,-3.7557373046875,1.75390625,59.505859375,0.4799441397190094,False,False,True,True,True,True,True,True,True,0.15174780786037445,0.4799441397190094,0.97265625,0.97265625,1,20,43610,525,43085,0.9031071662902832,0.9333906173706055,0.030283451080322266,10,10,10,28,103,113,1706258276.897192,0.03336954116821289,18,Avia,2,20,True,True,CURRENT_SUPPORT
seq0010,seq0010_valref_000992,1706258276.9762125,-3.374751091003418,2.0767879486083984,59.71113586425781,-3.7337646484375,1.75390625,59.513671875,0.5216659903526306,False,False,False,True,True,True,True,False,True,0.19417797029018402,0.5216659903526306,0.97265625,0.97265625,1,20,43610,525,43085,0.9031071662902832,0.979041576385498,0.07593441009521484,10,10,10,29,105,113,1706258276.897192,0.07902050018310547,18,Avia,2,22,True,True,CURRENT_SUPPORT
seq0010,seq0010_valref_000993,1706258277.0239756,-3.3642020225524902,2.115112066268921,59.712913513183594,-3.572265625,1.48046875,59.88671875,0.6901237964630127,False,False,False,True,True,True,True,False,True,0.14809396862983704,0.6168814301490784,0.97265625,0.97265625,1,20,43678,535,43143,0.9029791355133057,0.9267547130584717,0.023775577545166016,10,10,10,28,102,116,1706258276.997116,0.026859521865844727,18,Avia,2,23,True,True,CURRENT_SUPPORT
seq0010,seq0010_valref_000994,1706258277.0748444,-3.352621078491211,2.1571640968322754,59.71501922607422,-3.55078125,1.515625,59.9296875,0.7049272060394287,False,False,False,True,True,True,True,False,True,0.16131256520748138,0.5743439197540283,0.96484375,0.96484375,1,20,43678,535,43143,0.9029791355133057,0.977623462677002,0.07464432716369629,10,10,10,27,108,116,1706258276.997116,0.077728271484375,18,Avia,2,26,True,True,CURRENT_SUPPORT
seq0010,seq0010_valref_000995,1706258277.1372025,-3.3398990631103516,2.194667100906372,59.71559143066406,-3.623046875,1.8984375,59.73828125,0.41041380167007446,False,False,True,True,True,True,True,True,True,0.11960653215646744,0.41041380167007446,0.9765625,0.9765625,1,20,43549,548,43001,0.9029600620269775,0.9400074481964111,0.037047386169433594,10,10,10,29,107,113,1706258277.097236,0.039966583251953125,18,Avia,2,18,True,True,CURRENT_SUPPORT
seq0010,seq0010_valref_000996,1706258277.1769884,-3.3276278972625732,2.2335429191589355,59.715450286865234,-3.6015625,1.91015625,59.76171875,0.4263330399990082,False,False,True,True,True,True,True,True,True,0.08949511498212814,0.4263330399990082,0.9765625,0.9765625,1,20,43549,548,43001,0.9029600620269775,0.9797933101654053,0.07683324813842773,10,10,10,27,106,113,1706258277.097236,0.07975244522094727,18,Avia,2,18,True,True,CURRENT_SUPPORT
seq0010,seq0010_valref_000997,1706258277.2229054,-3.301569938659668,2.3143880367279053,59.714664459228516,-3.3681640625,2.1171875,59.544921875,0.26858028769493103,False,False,True,True,True,True,True,True,True,0.15667252242565155,0.26858028769493103,0.98046875,0.98046875,1,20,43618,561,43057,0.902972936630249,0.9256253242492676,0.022652387619018555,9,10,10,25,113,118,1706258277.197136,0.025769472122192383,18,Avia,2,17,True,True,CURRENT_SUPPORT
seq0010,seq0010_valref_000998,1706258277.273916,-3.2871360778808594,2.3547749519348145,59.71548080444336,-3.308349609375,2.1328125,59.564453125,0.26930782198905945,False,False,True,True,True,True,True,True,True,0.16845543682575226,0.26930782198905945,0.9765625,0.9765625,1,20,43618,561,43057,0.902972936630249,0.9766359329223633,0.07366299629211426,9,10,10,26,113,118,1706258277.197136,0.07678008079528809,18,Avia,2,17,True,True,CURRENT_SUPPORT
seq0010,seq0010_valref_000999,1706258277.3230615,-3.2714059352874756,2.397084951400757,59.71633529663086,-3.3330078125,1.90625,59.77734375,0.49843332171440125,False,False,True,True,True,True,True,True,True,0.12361273169517517,0.49843332171440125,0.9921875,0.9921875,1,20,43629,577,43052,0.9029991626739502,0.9258625507354736,0.022863388061523438,9,10,10,24,113,119,1706258277.297228,0.0258333683013916,18,Avia,2,19,True,True,CURRENT_SUPPORT
seq0011,seq0011_valref_001000,1706258277.3751385,-3.2540090084075928,2.4391140937805176,59.71685028076172,nan,nan,nan,nan,True,True,False,False,False,False,False,False,False,nan,nan,nan,nan,,0,0,0,0,nan,nan,nan,0,0,0,0,0,0,nan,nan,,,0,0,False,False,NO_CURRENT_SUPPORT
seq0011,seq0011_valref_001001,1706258277.4337826,-3.216130018234253,2.5205841064453125,59.718162536621094,-3.4091796875,2.3828125,59.552734375,0.289163738489151,False,False,True,True,True,True,True,True,True,0.14879396557807922,0.289163738489151,0.953125,0.953125,1,2,4272,61,4211,0.003145933151245117,0.036606550216674805,0.03346061706542969,0,1,1,0,9,11,1706258277.397176,0.036606550216674805,0,Avia,1,9,True,True,CURRENT_SUPPORT
seq0011,seq0011_valref_001002,1706258277.525738,-3.1795899868011475,2.61006498336792,59.72184371948242,-3.44140625,2.30859375,59.638671875,0.40786054730415344,False,False,True,True,True,True,True,True,True,0.18870319426059723,0.40786054730415344,0.94140625,0.94140625,1,4,8646,72,8574,0.10307788848876953,0.12856197357177734,0.025484085083007812,0,2,2,0,14,19,1706258277.497112,0.028625965118408203,2,Avia,2,14,True,True,CURRENT_SUPPORT
seq0011,seq0011_valref_001003,1706258277.5749142,-3.1646740436553955,2.649121046066284,59.72304153442383,-3.41796875,2.34375,59.64453125,0.40444228053092957,False,False,True,True,True,True,True,True,True,0.1726129651069641,0.40444228053092957,0.91796875,0.91796875,1,4,8646,72,8574,0.10307788848876953,0.17773818969726562,0.0746603012084961,1,2,2,1,15,19,1706258277.497112,0.07780218124389648,2,Avia,2,15,True,True,CURRENT_SUPPORT
seq0011,seq0011_valref_001004,1706258277.6236253,-3.152198076248169,2.6889889240264893,59.72380065917969,-3.296630859375,2.42578125,59.60546875,0.32270970940589905,False,False,True,True,True,True,True,True,True,0.2820025086402893,0.32270970940589905,0.96484375,0.96484375,1,6,12925,85,12840,0.20299291610717773,0.22644925117492676,0.023456335067749023,2,3,3,2,24,31,1706258277.597198,0.026427268981933594,4,Avia,2,13,True,True,CURRENT_SUPPORT
seq0011,seq0011_valref_001005,1706258277.6749604,-3.1351349353790283,2.7212250232696533,59.72291564941406,-3.17578125,2.875,59.50390625,0.2706731855869293,False,False,True,True,True,True,True,True,True,0.2706731855869293,0.2706731855869293,0.94921875,0.94921875,1,6,12925,85,12840,0.20299291610717773,0.2777843475341797,0.07479143142700195,2,3,3,2,27,31,1706258277.597198,0.07776236534118652,4,Avia,2,16,True,True,CURRENT_SUPPORT
seq0011,seq0011_valref_001006,1706258277.7300541,-3.1194519996643066,2.7585670948028564,59.72113037109375,-3.2564697265625,2.37890625,59.5390625,0.4427921772003174,False,False,True,True,True,True,True,True,True,0.21817094087600708,0.4427921772003174,0.984375,0.984375,1,8,17226,105,17121,0.3029799461364746,0.33287811279296875,0.02989816665649414,2,4,4,4,37,41,1706258277.697131,0.032923221588134766,6,Avia,2,18,True,True,CURRENT_SUPPORT
seq0011,seq0011_valref_001007,1706258277.7754798,-3.104422092437744,2.799623966217041,59.71944046020508,-3.23626708984375,2.40234375,59.53125,0.45894479751586914,False,False,True,True,True,True,True,True,True,0.22777831554412842,0.45894479751586914,0.98046875,0.98046875,1,8,17226,105,17121,0.3029799461364746,0.37830376625061035,0.07532382011413574,2,4,4,4,39,41,1706258277.697131,0.07834887504577637,6,Avia,2,20,True,True,CURRENT_SUPPORT
seq0011,seq0011_valref_001008,1706258277.8238106,-3.073470115661621,2.869900941848755,59.717872619628906,-3.091796875,2.671875,59.462890625,0.32336661219596863,False,False,True,True,True,True,True,True,True,0.29205700755119324,0.32336661219596863,0.98828125,0.98828125,1,10,21496,126,21370,0.4030470848083496,0.4266345500946045,0.023587465286254883,2,5,5,5,45,53,1706258277.797211,0.026599645614624023,8,Avia,2,15,True,True,CURRENT_SUPPORT
seq0011,seq0011_valref_001009,1706258277.873892,-3.0586369037628174,2.9066240787506104,59.71847152709961,-3.05859375,2.6875,59.4541015625,0.34337565302848816,False,False,True,True,True,True,True,True,True,0.30649706721305847,0.34337565302848816,0.98828125,0.98828125,1,10,21496,126,21370,0.4030470848083496,0.4767160415649414,0.0736689567565918,2,5,5,5,47,53,1706258277.797211,0.07668113708496094,8,Avia,2,16,True,True,CURRENT_SUPPORT
seq0011,seq0011_valref_001010,1706258277.9273553,-3.0416419506073,2.9430429935455322,59.71916961669922,-3.1552734375,2.640625,59.4853515625,0.39879775047302246,False,False,True,True,True,True,True,True,True,0.33453094959259033,0.39879775047302246,0.98828125,0.98828125,1,12,25749,163,25586,0.5030128955841064,0.5301792621612549,0.027166366577148438,4,6,6,8,59,64,1706258277.897142,0.030213356018066406,10,Avia,2,18,True,True,CURRENT_SUPPORT
seq0011,seq0011_valref_001011,1706258277.9736643,-3.026196002960205,2.977555990219116,59.71989440917969,-3.1162109375,2.66015625,59.474609375,0.4111082851886749,False,False,True,True,True,True,True,True,True,0.35016384720802307,0.4111082851886749,0.98828125,0.98828125,1,12,25749,163,25586,0.5030128955841064,0.5764882564544678,0.07347536087036133,4,6,6,9,60,64,1706258277.897142,0.0765223503112793,10,Avia,2,19,True,True,CURRENT_SUPPORT
seq0011,seq0011_valref_001012,1706258278.0629275,-3.026196002960205,2.977555990219116,59.71989440917969,-3.24609375,2.984375,59.34912109375,0.431131511926651,False,False,True,True,True,True,True,True,True,0.431131511926651,0.431131511926651,0.9765625,0.9765625,1,14,30116,248,29868,0.6031439304351807,0.6657514572143555,0.0626075267791748,4,7,7,9,68,76,1706258277.997115,0.06581258773803711,12,Avia,2,18,True,True,CURRENT_SUPPORT
seq0011,seq0011_valref_001013,1706258278.1219325,-2.9654479026794434,3.1250579357147217,59.722801208496094,-3.173828125,2.97265625,59.296630859375,0.4982667565345764,False,False,True,True,True,True,True,True,True,0.4027196764945984,0.4982667565345764,0.9765625,0.9765625,1,16,34533,341,34192,0.7030758857727051,0.7247564792633057,0.021680593490600586,8,8,8,16,81,89,1706258278.0972,0.024732589721679688,14,Avia,2,18,True,True,CURRENT_SUPPORT
seq0011,seq0011_valref_001014,1706258278.175898,-2.9511499404907227,3.1630361080169678,59.72311782836914,-3.162109375,2.96484375,59.26324462890625,0.5433851480484009,False,False,False,True,True,True,True,False,True,0.41902101039886475,0.5433851480484009,0.97265625,0.97265625,1,16,34533,341,34192,0.7030758857727051,0.7787220478057861,0.07564616203308105,8,8,8,15,83,89,1706258278.0972,0.07869815826416016,14,Avia,2,20,True,True,CURRENT_SUPPORT
seq0011,seq0011_valref_001015,1706258278.2238238,-2.9351539611816406,3.202173948287964,59.72336196899414,-3.189453125,3.10546875,59.462890625,0.3766500949859619,False,False,True,True,True,True,True,True,True,0.36238133907318115,0.3766500949859619,0.98828125,0.98828125,1,18,38839,403,38436,0.8030300140380859,0.8266477584838867,0.02361774444580078,9,9,9,16,90,96,1706258278.197121,0.026702880859375,16,Avia,2,16,True,True,CURRENT_SUPPORT
seq0011,seq0011_valref_001016,1706258278.2747717,-2.9147000312805176,3.239957094192505,59.72269821166992,-3.173828125,3.12109375,59.482421875,0.37283855676651,False,False,True,True,True,True,True,True,True,0.337891161441803,0.37283855676651,0.98828125,0.98828125,1,18,38839,403,38436,0.8030300140380859,0.8775956630706787,0.07456564903259277,9,9,9,16,91,96,1706258278.197121,0.07765078544616699,16,Avia,2,17,True,True,CURRENT_SUPPORT
seq0011,seq0011_valref_001017,1706258278.3289263,-2.876457929611206,3.313107967376709,59.72117614746094,-3.0703125,2.97265625,59.509765625,0.4451756775379181,False,False,True,True,True,True,True,True,True,0.276263028383255,0.4451756775379181,0.98046875,0.98046875,1,20,43151,448,42703,0.9031479358673096,0.9317502975463867,0.02860236167907715,9,10,10,20,101,105,1706258278.297204,0.031722307205200195,18,Avia,2,14,True,True,CURRENT_SUPPORT
seq0011,seq0011_valref_001018,1706258278.376149,-2.8590269088745117,3.350740909576416,59.720157623291016,-3.044921875,2.95703125,59.529296875,0.47538623213768005,False,False,True,True,True,True,True,True,True,0.25396740436553955,0.47538623213768005,0.9765625,0.9765625,1,20,43151,448,42703,0.9031479358673096,0.9789729118347168,0.07582497596740723,9,10,10,21,101,105,1706258278.297204,0.07894492149353027,18,Avia,2,14,True,True,CURRENT_SUPPORT
seq0011,seq0011_valref_001019,1706258278.4221249,-2.8398959636688232,3.388822078704834,59.72053909301758,-2.8798828125,3.294921875,59.509765625,0.2341829389333725,False,False,True,True,True,True,True,True,True,0.2341829389333725,0.2341829389333725,0.98828125,0.98828125,1,20,43170,407,42763,0.9031469821929932,0.9250128269195557,0.0218658447265625,8,10,10,19,98,103,1706258278.397171,0.024953842163085938,18,Avia,2,14,True,True,CURRENT_SUPPORT
seq0011,seq0011_valref_001020,1706258278.474818,-2.8217520713806152,3.4267630577087402,59.72102355957031,-2.83251953125,3.3125,59.521484375,0.2301909476518631,False,False,True,True,True,True,True,True,True,0.2301909476518631,0.2301909476518631,0.98828125,0.98828125,1,20,43170,407,42763,0.9031469821929932,0.9777059555053711,0.07455897331237793,7,10,10,18,97,103,1706258278.397171,0.07764697074890137,18,Avia,2,14,True,True,CURRENT_SUPPORT
seq0011,seq0011_valref_001021,1706258278.5212488,-2.802243947982788,3.4666121006011963,59.72180938720703,-3.115234375,3.1875,59.740234375,0.4197690486907959,False,False,True,True,True,True,True,True,True,0.3556721806526184,0.4197690486907959,0.98828125,0.98828125,1,20,42988,410,42578,0.9029591083526611,0.9240508079528809,0.021091699600219727,8,10,10,19,97,106,1706258278.497122,0.024126768112182617,18,Avia,2,14,True,True,CURRENT_SUPPORT
seq0011,seq0011_valref_001022,1706258278.5769463,-2.7822999954223633,3.511056900024414,59.72260665893555,-3.083984375,3.1875,59.7734375,0.44529348611831665,False,False,True,True,True,True,True,True,True,0.3755153715610504,0.44529348611831665,0.98828125,0.98828125,1,20,42988,410,42578,0.9029591083526611,0.9797482490539551,0.07678914070129395,8,10,10,19,97,106,1706258278.497122,0.07982420921325684,18,Avia,2,14,True,True,CURRENT_SUPPORT
seq0011,seq0011_valref_001023,1706258278.6237144,-2.7476511001586914,3.5853240489959717,59.722991943359375,-3.0078125,3.22265625,59.740234375,0.4466645121574402,False,False,True,True,True,True,True,True,True,0.27816322445869446,0.4466645121574402,0.98828125,0.98828125,1,20,42983,413,42570,0.9030160903930664,0.9265835285186768,0.02356743812561035,6,10,10,16,96,105,1706258278.597202,0.02651238441467285,18,Avia,2,16,True,True,CURRENT_SUPPORT
seq0011,seq0011_valref_001024,1706258278.676217,-2.7278170585632324,3.6196930408477783,59.723323822021484,-2.98046875,3.23046875,59.78515625,0.46813639998435974,False,False,True,True,True,True,True,True,True,0.27308976650238037,0.46813639998435974,0.984375,0.984375,1,20,42983,413,42570,0.9030160903930664,0.97908616065979,0.07607007026672363,6,10,10,15,98,105,1706258278.597202,0.07901501655578613,18,Avia,2,16,True,True,CURRENT_SUPPORT
seq0011,seq0011_valref_001025,1706258278.7240973,-2.710192918777466,3.6530160903930664,59.7241096496582,-2.9892578125,3.58203125,59.568359375,0.32737472653388977,False,False,True,True,True,True,True,True,True,0.22162997722625732,0.32737472653388977,0.9765625,0.9765625,1,20,42936,415,42521,0.9030280113220215,0.9268863201141357,0.023858308792114258,7,10,10,14,95,104,1706258278.697132,0.02696514129638672,18,Avia,2,13,True,True,CURRENT_SUPPORT
seq0011,seq0011_valref_001026,1706258278.7753687,-2.6922600269317627,3.685723066329956,59.72503662109375,-2.9716796875,3.61328125,59.568359375,0.32843708992004395,False,False,True,True,True,True,True,True,True,0.23181623220443726,0.32843708992004395,0.9765625,0.9765625,1,20,42936,415,42521,0.9030280113220215,0.9781577587127686,0.07512974739074707,7,10,10,14,97,104,1706258278.697132,0.07823657989501953,18,Avia,2,14,True,True,CURRENT_SUPPORT
seq0011,seq0011_valref_001027,1706258278.8240988,-2.6728570461273193,3.7173409461975098,59.72572708129883,-2.99609375,3.49609375,59.76953125,0.39414605498313904,False,False,True,True,True,True,True,True,True,0.25346189737319946,0.39414605498313904,0.96875,0.96875,1,20,42923,419,42504,0.9030280113220215,0.9269568920135498,0.02392888069152832,8,10,10,15,94,103,1706258278.797223,0.026875734329223633,18,Avia,2,14,True,True,CURRENT_SUPPORT
seq0011,seq0011_valref_001028,1706258278.875154,-2.6369259357452393,3.772041082382202,59.726158142089844,-2.966796875,3.51171875,59.79296875,0.4254952669143677,False,False,True,True,True,True,True,True,True,0.23311683535575867,0.4254952669143677,0.96875,0.96875,1,20,42923,419,42504,0.9030280113220215,0.9780120849609375,0.07498407363891602,8,10,10,16,94,103,1706258278.797223,0.07793092727661133,18,Avia,2,15,True,True,CURRENT_SUPPORT
seq0011,seq0011_valref_001029,1706258278.929513,-2.6174979209899902,3.7954940795898438,59.72517776489258,-2.814453125,3.515625,59.4462890625,0.4414713680744171,False,False,True,True,True,True,True,True,True,0.1935615837574005,0.4414713680744171,0.984375,0.984375,1,20,42899,432,42467,0.9032011032104492,0.9323980808258057,0.029196977615356445,9,10,10,17,93,104,1706258278.89713,0.032382965087890625,18,Avia,2,16,True,True,CURRENT_SUPPORT
seq0011,seq0011_valref_001030,1706258278.9749403,-2.596590995788574,3.816946029663086,59.723228454589844,-2.783203125,3.5078125,59.453125,0.4509362578392029,False,False,True,True,True,True,True,True,True,0.1997767835855484,0.4509362578392029,0.98828125,0.98828125,1,20,42899,432,42467,0.9032011032104492,0.977825403213501,0.07462430000305176,9,10,10,16,94,104,1706258278.89713,0.07781028747558594,18,Avia,2,16,True,True,CURRENT_SUPPORT
seq0011,seq0011_valref_001031,1706258279.025218,-2.57466197013855,3.8398470878601074,59.720733642578125,-2.6953125,3.53125,59.53125,0.3816972076892853,False,False,True,True,True,True,True,True,True,0.22680875658988953,0.3816972076892853,0.984375,0.984375,1,20,42734,398,42336,0.9030439853668213,0.9280180931091309,0.02497410774230957,8,10,10,13,90,105,1706258278.997086,0.028131961822509766,18,Avia,2,15,True,True,CURRENT_SUPPORT
seq0011,seq0011_valref_001032,1706258279.076883,-2.519174098968506,3.8870110511779785,59.71582794189453,-2.6689453125,3.52734375,59.55078125,0.42312219738960266,False,False,True,True,True,True,True,True,True,0.24930599331855774,0.42312219738960266,0.984375,0.984375,1,20,42734,398,42336,0.9030439853668213,0.9796831607818604,0.07663917541503906,7,10,10,10,92,105,1706258278.997086,0.07979702949523926,18,Avia,2,17,True,True,CURRENT_SUPPORT
seq0011,seq0011_valref_001033,1706258279.125207,-2.488806962966919,3.9141979217529297,59.71380615234375,-2.6201171875,3.5234375,59.560546875,0.439800500869751,False,False,True,True,True,True,True,True,True,0.25585392117500305,0.439800500869751,0.984375,0.984375,1,20,42557,328,42229,0.9030640125274658,0.9280860424041748,0.025022029876708984,8,10,10,8,85,98,1706258279.097201,0.02800583839416504,18,Avia,2,11,True,True,CURRENT_SUPPORT
seq0011,seq0011_valref_001034,1706258279.1763089,-2.4567689895629883,3.946428060531616,59.71521759033203,-2.6025390625,3.53125,59.580078125,0.4603090286254883,False,False,True,True,True,True,True,True,True,0.257713258266449,0.4603090286254883,0.98046875,0.98046875,1,20,42557,328,42229,0.9030640125274658,0.9791879653930664,0.07612395286560059,7,10,10,7,85,98,1706258279.097201,0.07910776138305664,18,Avia,2,11,True,True,CURRENT_SUPPORT
seq0011,seq0011_valref_001035,1706258279.2214508,-2.4259419441223145,3.978447914123535,59.716400146484375,-2.4716796875,4.0859375,59.4462890625,0.29428890347480774,False,False,True,True,True,True,True,True,True,0.29428890347480774,0.29428890347480774,0.98828125,0.98828125,1,20,42559,300,42259,0.9031169414520264,0.9242467880249023,0.021129846572875977,6,10,10,7,86,103,1706258279.197107,0.02434372901916504,18,Avia,2,9,True,True,CURRENT_SUPPORT
seq0011,seq0011_valref_001036,1706258279.2728617,-2.3966119289398193,4.0102219581604,59.71784973144531,-2.4716796875,4.07421875,59.45703125,0.2788494825363159,False,False,True,True,True,True,True,True,True,0.2788494825363159,0.2788494825363159,0.98828125,0.98828125,1,20,42559,300,42259,0.9031169414520264,0.9756577014923096,0.0725407600402832,5,10,10,6,88,103,1706258279.197107,0.07575464248657227,18,Avia,2,10,True,True,CURRENT_SUPPORT
seq0011,seq0011_valref_001037,1706258279.3344574,-2.3668100833892822,4.041531085968018,59.71989440917969,-2.490234375,4.1171875,59.515625,0.25036659836769104,False,False,True,True,True,True,True,True,True,0.25036659836769104,0.25036659836769104,0.98828125,0.98828125,1,20,42459,273,42186,0.9030470848083496,0.937286376953125,0.03423929214477539,6,10,10,7,81,98,1706258279.297197,0.03726029396057129,18,Avia,2,9,True,True,CURRENT_SUPPORT
seq0011,seq0011_valref_001038,1706258279.382742,-2.3035290241241455,4.09500789642334,59.7197265625,-2.4892578125,4.1328125,59.53515625,0.2645573019981384,False,False,True,True,True,True,True,True,True,0.2645573019981384,0.2645573019981384,0.98828125,0.98828125,1,20,42459,273,42186,0.9030470848083496,0.9855709075927734,0.08252382278442383,4,10,10,4,80,98,1706258279.297197,0.08554482460021973,18,Avia,2,9,True,True,CURRENT_SUPPORT
seq0011,seq0011_valref_001039,1706258279.437198,-2.2683069705963135,4.124398231506348,59.7192268371582,-2.2735595703125,4.16015625,59.64453125,0.08297985792160034,False,False,True,True,True,True,True,True,True,0.08297985792160034,0.08297985792160034,0.9921875,0.9921875,1,20,42410,262,42148,0.9030699729919434,0.9400758743286133,0.03700590133666992,4,10,10,4,77,96,1706258279.397129,0.040068864822387695,18,Avia,2,8,True,True,CURRENT_SUPPORT
seq0011,seq0011_valref_001040,1706258279.4745297,-2.235495090484619,4.1505560874938965,59.718658447265625,-2.2508621215820312,4.15625,59.673828125,0.04773179441690445,False,False,True,True,True,True,True,True,True,0.04773179441690445,0.04773179441690445,0.99609375,0.99609375,1,20,42410,262,42148,0.9030699729919434,0.977407693862915,0.07433772087097168,4,10,10,4,77,96,1706258279.397129,0.07740068435668945,18,Avia,2,8,True,True,CURRENT_SUPPORT
seq0011,seq0011_valref_001041,1706258279.522959,-2.2026190757751465,4.173793792724609,59.717769622802734,-2.4091796875,3.98046875,59.62109375,0.29897838830947876,False,False,True,True,True,True,True,True,True,0.23605680465698242,0.29897838830947876,0.99609375,0.99609375,1,20,42452,271,42181,0.9031200408935547,0.9257569313049316,0.022636890411376953,4,10,10,4,71,94,1706258279.497089,0.025870084762573242,18,Avia,2,9,True,True,CURRENT_SUPPORT
seq0011,seq0011_valref_001042,1706258279.5743449,-2.1675078868865967,4.196266174316406,59.71776580810547,-2.5732421875,3.98046875,59.634765625,0.46698808670043945,False,False,True,True,True,True,True,True,True,0.2261381894350052,0.46698808670043945,0.9921875,0.9921875,1,20,42452,271,42181,0.9031200408935547,0.9771428108215332,0.07402276992797852,4,10,10,4,71,94,1706258279.497089,0.0772559642791748,18,Avia,2,9,True,True,CURRENT_SUPPORT
seq0011,seq0011_valref_001043,1706258279.6241744,-2.1306259632110596,4.218533039093018,59.71701431274414,-2.5,4.05078125,59.658203125,0.40992265939712524,False,False,True,True,True,True,True,True,True,0.27371945977211,0.40992265939712524,0.9921875,0.9921875,1,20,42379,293,42086,0.9031119346618652,0.9270422458648682,0.02393031120300293,3,10,10,3,65,92,1706258279.597199,0.026975393295288086,18,Avia,2,9,True,True,CURRENT_SUPPORT
seq0011,seq0011_valref_001044,1706258279.6752214,-2.0642778873443604,4.261537075042725,59.71721267700195,-2.3154296875,4.05078125,59.65625,0.3334841728210449,False,False,True,True,True,True,True,True,True,0.2574826180934906,0.3334841728210449,0.9921875,0.9921875,1,20,42379,293,42086,0.9031119346618652,0.9780893325805664,0.07497739791870117,4,10,10,4,60,92,1706258279.597199,0.07802248001098633,18,Avia,2,10,True,True,CURRENT_SUPPORT
seq0011,seq0011_valref_001045,1706258279.7373083,-2.023906946182251,4.284611225128174,59.71851348876953,-2.27490234375,4.046875,59.7578125,0.34793907403945923,False,False,True,True,True,True,True,True,True,0.30324921011924744,0.34793907403945923,0.9921875,0.9921875,1,20,42404,337,42067,0.902972936630249,0.9400851726531982,0.03711223602294922,3,10,10,3,62,98,1706258279.697116,0.040192365646362305,18,Avia,2,12,True,True,CURRENT_SUPPORT
seq0011,seq0011_valref_001046,1706258279.775999,-1.9878840446472168,4.304355144500732,59.719383239746094,-2.243072509765625,4.05859375,59.76953125,0.3578192889690399,False,False,True,True,True,True,True,True,True,0.30648043751716614,0.3578192889690399,0.9921875,0.9921875,1,20,42404,337,42067,0.902972936630249,0.9787759780883789,0.07580304145812988,1,10,10,1,63,98,1706258279.697116,0.07888317108154297,18,Avia,2,13,True,True,CURRENT_SUPPORT
seq0011,seq0011_valref_001047,1706258279.824175,-1.9541250467300415,4.323459148406982,59.719703674316406,-2.294921875,4.26953125,59.59375,0.3673078119754791,False,False,True,True,True,True,True,True,True,0.3673078119754791,0.3673078119754791,0.9765625,0.9765625,1,20,42387,363,42024,0.9031860828399658,0.9270448684692383,0.02385878562927246,1,10,10,1,60,97,1706258279.797228,0.0269467830657959,18,Avia,2,13,True,True,CURRENT_SUPPORT
seq0011,seq0011_valref_001048,1706258279.8762937,-1.9189289808273315,4.345815181732178,59.721221923828125,-2.259765625,4.25,59.611328125,0.37071120738983154,False,False,True,True,True,True,True,True,True,0.37071120738983154,0.37071120738983154,0.96875,0.96875,1,20,42387,363,42024,0.9031860828399658,0.979163646697998,0.07597756385803223,1,10,10,1,58,97,1706258279.797228,0.07906556129455566,18,Avia,2,13,True,True,CURRENT_SUPPORT
seq0011,seq0011_valref_001049,1706258279.9283295,-1.8393460512161255,4.3900837898254395,59.726348876953125,-1.837890625,4.705322265625,59.4560546875,0.4152545630931854,False,False,True,True,True,True,True,True,True,0.4152545630931854,0.4152545630931854,0.9609375,0.9609375,1,20,42324,362,41962,0.9031620025634766,0.9312434196472168,0.028081417083740234,2,10,10,2,52,100,1706258279.89714,0.031189441680908203,18,Avia,2,12,True,True,CURRENT_SUPPORT
seq0011,seq0011_valref_001050,1706258279.9751155,-1.8009300231933594,4.414428234100342,59.73078918457031,-1.80078125,4.71435546875,59.4375,0.4194936156272888,False,False,True,True,True,True,True,True,True,0.4194936156272888,0.4194936156272888,0.95703125,0.95703125,1,20,42324,362,41962,0.9031620025634766,0.9780294895172119,0.07486748695373535,2,10,10,2,51,100,1706258279.89714,0.07797551155090332,18,Avia,2,14,True,True,CURRENT_SUPPORT
seq0011,seq0011_valref_001051,1706258280.0269213,-1.7620049715042114,4.433680057525635,59.73430633544922,-1.69921875,4.2890625,59.416015625,0.35519757866859436,False,False,True,True,True,True,True,True,True,0.35519757866859436,0.35519757866859436,0.94140625,0.94140625,1,20,42323,352,41971,0.9030039310455322,0.9297201633453369,0.026716232299804688,3,10,10,3,48,98,1706258279.997092,0.02982926368713379,18,Avia,2,12,True,True,CURRENT_SUPPORT
seq0011,seq0011_valref_001052,1706258280.073937,-1.725206971168518,4.451808929443359,59.73655700683594,-1.66796875,4.28125,59.4404296875,0.34649381041526794,False,False,True,True,True,True,True,True,True,0.34649381041526794,0.34649381041526794,0.93359375,0.93359375,1,20,42323,352,41971,0.9030039310455322,0.9767358303070068,0.07373189926147461,3,10,10,3,46,98,1706258279.997092,0.07684493064880371,18,Avia,2,12,True,True,CURRENT_SUPPORT
seq0011,seq0011_valref_001053,1706258280.1274352,-1.687108039855957,4.467710018157959,59.73817825317383,-1.884765625,4.3984375,59.3203125,0.4674173593521118,False,False,True,True,True,True,True,True,True,0.4674173593521118,0.4674173593521118,0.93359375,0.93359375,1,20,42154,342,41812,0.9032080173492432,0.9303281307220459,0.027120113372802734,2,10,10,2,45,103,1706258280.097199,0.030236244201660156,18,Avia,2,10,True,True,CURRENT_SUPPORT
seq0011,seq0011_valref_001054,1706258280.1750922,-1.6087620258331299,4.492630958557129,59.736053466796875,-1.85546875,4.375,59.32275390625,0.4954974949359894,False,False,True,True,True,True,True,True,True,0.4954974949359894,0.4954974949359894,0.9296875,0.9296875,1,20,42154,342,41812,0.9032080173492432,0.977985143661499,0.07477712631225586,1,10,10,1,44,103,1706258280.097199,0.07789325714111328,18,Avia,2,10,True,True,CURRENT_SUPPORT
seq0011,seq0011_valref_001055,1706258280.2195146,-1.5704330205917358,4.503798961639404,59.73452377319336,-1.83203125,4.30859375,59.4833984375,0.4118283987045288,False,False,True,True,True,True,True,True,True,0.28955888748168945,0.4118283987045288,0.94921875,0.94921875,1,20,41906,317,41589,0.9029998779296875,0.9223175048828125,0.019317626953125,1,10,10,1,45,99,1706258280.197156,0.02235865592956543,18,Avia,2,10,True,True,CURRENT_SUPPORT
seq0011,seq0011_valref_001056,1706258280.2737517,-1.5314929485321045,4.509236812591553,59.73173141479492,-1.802734375,4.30859375,59.513671875,0.40172070264816284,False,False,True,True,True,True,True,True,True,0.270798921585083,0.40172070264816284,0.94140625,0.94140625,1,20,41906,317,41589,0.9029998779296875,0.9765546321868896,0.07355475425720215,1,10,10,1,42,99,1706258280.197156,0.07659578323364258,18,Avia,2,9,True,True,CURRENT_SUPPORT
seq0011,seq0011_valref_001057,1706258280.323046,-1.490062952041626,4.516727924346924,59.728519439697266,-1.5869140625,4.73828125,59.4150390625,0.3958989083766937,False,False,True,True,True,True,True,True,True,0.34271860122680664,0.3958989083766937,0.96484375,0.96484375,1,20,41889,328,41561,0.903048038482666,0.9259169101715088,0.022868871688842773,1,10,10,1,39,107,1706258280.297235,0.025810956954956055,18,Avia,2,6,True,True,CURRENT_SUPPORT
seq0011,seq0011_valref_001058,1706258280.3781838,-1.4111560583114624,4.532098770141602,59.72285079956055,-1.5234375,4.7265625,59.423828125,0.37394896149635315,False,False,True,True,True,True,True,True,True,0.3252235949039459,0.37394896149635315,0.9609375,0.9609375,1,20,41889,328,41561,0.903048038482666,0.9810547828674316,0.07800674438476562,0,10,10,0,33,107,1706258280.297235,0.0809488296508789,18,Avia,2,6,True,True,CURRENT_SUPPORT
seq0011,seq0011_valref_001059,1706258280.429483,-1.3664250373840332,4.543083190917969,59.720733642578125,-1.513671875,4.68359375,59.16943359375,0.5876704454421997,False,False,False,True,True,False,True,False,True,0.5534180402755737,0.5876704454421997,0.94140625,0.94140625,1,20,41761,423,41338,0.9032301902770996,0.9323940277099609,0.029163837432861328,0,9,10,0,27,105,1706258280.397157,0.03232598304748535,18,Avia,2,3,True,True,CURRENT_SUPPORT
seq0011,seq0011_valref_001060,1706258280.4744458,-1.3265800476074219,4.554879188537598,59.720340728759766,-1.482421875,4.6640625,59.12841796875,0.6217557787895203,False,False,False,True,True,False,True,False,True,0.5933096408843994,0.6217557787895203,0.9296875,0.9296875,1,20,41761,423,41338,0.9032301902770996,0.9773569107055664,0.0741267204284668,0,8,10,0,25,105,1706258280.397157,0.07728886604309082,18,Avia,2,3,True,True,CURRENT_SUPPORT
seq0011,seq0011_valref_001061,1706258280.5227563,-1.284767985343933,4.567880153656006,59.72085189819336,-1.376953125,4.66796875,59.30419921875,0.43830958008766174,False,False,True,True,True,True,True,True,True,0.43830958008766174,0.43830958008766174,0.9140625,0.9140625,1,20,41703,511,41192,0.9030330181121826,0.9255573749542236,0.022524356842041016,0,9,10,0,24,99,1706258280.497088,0.02566838264465332,18,Avia,2,3,True,True,CURRENT_SUPPORT
seq0011,seq0011_valref_001062,1706258280.5718694,-1.2437399625778198,4.583601951599121,59.72267150878906,-1.3359375,4.671875,59.2412109375,0.4980931580066681,False,False,True,True,True,True,True,True,True,0.4980931580066681,0.4980931580066681,0.8828125,0.8828125,1,20,41703,511,41192,0.9030330181121826,0.97467041015625,0.07163739204406738,0,9,10,0,22,99,1706258280.497088,0.07478141784667969,18,Avia,2,3,True,True,CURRENT_SUPPORT
seq0011,seq0011_valref_001063,1706258280.6226761,-1.2009129524230957,4.6008381843566895,59.72504425048828,-1.30859375,4.77734375,59.35107421875,0.427320659160614,False,False,True,True,True,True,True,True,True,0.25534945726394653,0.427320659160614,0.92578125,0.92578125,1,20,41635,585,41050,0.9030380249023438,0.9255602359771729,0.0225222110748291,1,10,10,1,24,104,1706258280.597204,0.025472164154052734,18,Avia,2,6,True,True,CURRENT_SUPPORT
seq0011,seq0011_valref_001064,1706258280.6745882,-1.112099051475525,4.641909122467041,59.73126220703125,-1.2723388671875,4.8046875,59.4482421875,0.36369481682777405,False,False,True,True,True,True,True,True,True,0.2901083827018738,0.36369481682777405,0.91796875,0.91796875,1,20,41635,585,41050,0.9030380249023438,0.9774723052978516,0.07443428039550781,1,9,10,1,21,104,1706258280.597204,0.07738423347473145,18,Avia,2,7,True,True,CURRENT_SUPPORT
seq0011,seq0011_valref_001065,1706258280.7210531,-1.0654380321502686,4.660459041595459,59.73356628417969,-1.239990234375,4.70703125,59.34814453125,0.4256611168384552,False,False,True,True,True,True,True,True,True,0.4256611168384552,0.4256611168384552,0.94921875,0.94921875,1,20,41230,599,40631,0.9030869007110596,0.9238250255584717,0.02073812484741211,2,9,10,2,24,100,1706258280.697104,0.023949146270751953,18,Avia,2,11,True,True,CURRENT_SUPPORT
seq0011,seq0011_valref_001066,1706258280.772318,-1.0178699493408203,4.676055908203125,59.73504638671875,-1.2303466796875,4.66015625,59.34619140625,0.44340428709983826,False,False,True,True,True,True,True,True,True,0.44340428709983826,0.44340428709983826,0.9453125,0.9453125,1,20,41230,599,40631,0.9030869007110596,0.9750897884368896,0.07200288772583008,2,8,10,2,22,100,1706258280.697104,0.07521390914916992,18,Avia,2,11,True,True,CURRENT_SUPPORT
seq0011,seq0011_valref_001067,1706258280.8219695,-0.9699249863624573,4.6913042068481445,59.73619842529297,-1.068359375,5.06640625,59.26324462890625,0.6116176843643188,False,False,False,True,True,True,True,False,True,0.42211228609085083,0.6116176843643188,0.953125,0.953125,1,20,41003,596,40407,0.9030818939208984,0.9248294830322266,0.021747589111328125,3,9,10,3,29,107,1706258280.797239,0.024730443954467773,18,Avia,2,15,True,True,CURRENT_SUPPORT
seq0011,seq0011_valref_001068,1706258280.8739648,-0.9199749827384949,4.705993175506592,59.73668670654297,-1.0458984375,5.01171875,59.25469970703125,0.5844966173171997,False,False,False,True,True,True,True,False,True,0.433793306350708,0.5844966173171997,0.953125,0.953125,1,20,41003,596,40407,0.9030818939208984,0.9768247604370117,0.07374286651611328,2,8,10,2,27,107,1706258280.797239,0.07672572135925293,18,Avia,2,14,True,True,CURRENT_SUPPORT
seq0011,seq0011_valref_001069,1706258280.9236228,-0.8691580295562744,4.718804836273193,59.73638916015625,-1.1259765625,4.6875,59.4921875,0.35576704144477844,False,False,True,True,True,True,True,True,True,0.35576704144477844,0.35576704144477844,0.96875,0.96875,1,20,40987,584,40403,0.9030458927154541,0.9265308380126953,0.02348494529724121,3,8,10,3,28,101,1706258280.897158,0.02646493911743164,18,Avia,2,12,True,True,CURRENT_SUPPORT
seq0011,seq0011_valref_001070,1706258280.9771748,-0.7703199982643127,4.7390971183776855,59.73347854614258,-1.1416015625,4.8671875,59.4521484375,0.48311880230903625,False,False,True,True,True,True,True,True,True,0.4270297586917877,0.48311880230903625,0.96875,0.96875,1,20,40987,584,40403,0.9030458927154541,0.9800827503204346,0.07703685760498047,1,8,10,1,24,101,1706258280.897158,0.0800168514251709,18,Avia,2,11,True,True,CURRENT_SUPPORT
seq0011,seq0011_valref_001071,1706258281.0213876,-0.7172020077705383,4.749831199645996,59.73185729980469,-1.09765625,4.98046875,59.249671936035156,0.6560806632041931,False,False,False,True,True,False,True,False,True,0.5440575480461121,0.6560806632041931,0.9609375,0.9609375,1,20,40837,583,40254,0.9031209945678711,0.9241886138916016,0.02106761932373047,2,8,10,2,31,108,1706258280.997094,0.02429366111755371,18,Avia,2,13,True,True,CURRENT_SUPPORT
seq0011,seq0011_valref_001072,1706258281.072517,-0.6663569808006287,4.759787082672119,59.73051452636719,-1.0712890625,4.94140625,59.254058837890625,0.6511263251304626,False,False,False,True,True,False,True,False,True,0.5512217283248901,0.6511263251304626,0.9609375,0.9609375,1,20,40837,583,40254,0.9031209945678711,0.9753179550170898,0.07219696044921875,1,8,10,1,29,108,1706258280.997094,0.07542300224304199,18,Avia,2,12,True,True,CURRENT_SUPPORT
seq0011,seq0011_valref_001073,1706258281.129811,-0.6150460243225098,4.7692060470581055,59.72930908203125,-1.029296875,5.00390625,59.36181640625,0.6014472842216492,False,False,False,True,True,True,True,False,True,0.4723908305168152,0.6014472842216492,0.96875,0.96875,1,20,40681,582,40099,0.9030580520629883,0.9326550960540771,0.029597043991088867,1,7,10,1,24,101,1706258280.997094,0.13271713256835938,16,Avia,1,6,True,True,CURRENT_SUPPORT
seq0011,seq0011_valref_001074,1706258281.175622,-0.5629739761352539,4.781808853149414,59.72920608520508,-0.990234375,4.98828125,59.3740234375,0.5927368998527527,False,False,False,True,True,True,True,False,True,0.45685312151908875,0.5927368998527527,0.96875,0.96875,1,20,40681,582,40099,0.9030580520629883,0.9784660339355469,0.0754079818725586,1,5,10,1,21,101,1706258280.997094,0.1785280704498291,16,Avia,1,6,True,True,CURRENT_SUPPORT
seq0011,seq0011_valref_001075,1706258281.2223396,-0.45674198865890503,4.806790828704834,59.72962951660156,-0.84765625,5.0546875,59.3330078125,0.6095699071884155,False,False,False,True,True,True,True,False,True,0.4380669891834259,0.6095699071884155,0.94921875,0.94921875,1,20,40656,597,40059,0.9028830528259277,0.9251046180725098,0.02222156524658203,0,6,10,0,19,106,1706258281.197116,0.025223731994628906,18,Avia,1,4,True,True,CURRENT_SUPPORT
seq0011,seq0011_valref_001076,1706258281.2755127,-0.40572500228881836,4.8197431564331055,59.73017883300781,-0.791015625,5.0390625,59.35595703125,0.5801653265953064,False,False,False,True,True,True,True,False,True,0.4242594838142395,0.5801653265953064,0.9453125,0.9453125,1,20,40656,597,40059,0.9028830528259277,0.9782776832580566,0.0753946304321289,0,6,10,0,17,106,1706258281.197116,0.07839679718017578,18,Avia,1,4,True,True,CURRENT_SUPPORT
seq0011,seq0011_valref_001077,1706258281.3339384,-0.3588080108165741,4.831541061401367,59.7307243347168,-0.66796875,5.06640625,59.31640625,0.5678040981292725,False,False,False,True,True,True,True,False,True,0.3468296229839325,0.5678040981292725,0.90234375,0.90234375,1,20,40338,586,39752,0.9031679630279541,0.9367814064025879,0.03361344337463379,0,5,9,0,14,94,1706258281.197116,0.13682246208190918,16,Avia,1,4,True,True,CURRENT_SUPPORT
seq0011,seq0011_valref_001078,1706258281.3753915,-0.3127039968967438,4.842274188995361,59.73109436035156,-0.640625,5.0703125,59.32275390625,0.5712053775787354,False,False,False,True,True,True,True,False,True,0.3673737347126007,0.5712053775787354,0.86328125,0.86328125,1,20,40338,586,39752,0.9031679630279541,0.9782345294952393,0.07506656646728516,0,5,9,0,12,94,1706258281.197116,0.17827558517456055,16,Avia,1,4,True,True,CURRENT_SUPPORT
seq0011,seq0011_valref_001079,1706258281.429924,-0.26628801226615906,4.851189136505127,59.73028564453125,-0.619140625,5.412109375,59.36669921875,0.7558647990226746,False,False,False,True,True,False,True,False,True,0.5869004726409912,0.7558647990226746,0.95703125,0.95703125,1,20,40266,524,39742,0.9031209945678711,0.9328360557556152,0.02971506118774414,0,6,9,0,11,98,1706258281.397157,0.03276705741882324,18,Avia,1,2,True,True,CURRENT_SUPPORT
seq0011,seq0011_valref_001080,1706258281.4743462,-0.17262299358844757,4.865315914154053,59.727088928222656,-0.544921875,5.423828125,59.36865234375,0.7609331011772156,False,False,False,True,True,False,True,False,True,0.6032746434211731,0.7609331011772156,0.94921875,0.94921875,1,20,40266,524,39742,0.9031209945678711,0.9772582054138184,0.07413721084594727,0,5,9,0,8,98,1706258281.397157,0.07718920707702637,18,Avia,1,2,True,True,CURRENT_SUPPORT
seq0011,seq0011_valref_001081,1706258281.521434,-0.12473700195550919,4.871192932128906,59.725257873535156,-0.416015625,5.09765625,59.4638671875,0.4521658420562744,False,False,True,True,True,True,True,True,True,0.42483019828796387,0.4521658420562744,0.94921875,0.94921875,1,20,40145,486,39659,0.9029901027679443,0.9242300987243652,0.0212399959564209,0,6,9,0,10,99,1706258281.497098,0.02433609962463379,18,Avia,2,4,True,True,CURRENT_SUPPORT
seq0011,seq0011_valref_001082,1706258281.5720134,-0.07865200191736221,4.8738789558410645,59.72225570678711,-0.3359375,5.0859375,59.453125,0.4284810423851013,False,False,True,True,True,True,True,True,True,0.4284810423851013,0.4284810423851013,0.921875,0.921875,1,20,40145,486,39659,0.9029901027679443,0.9748094081878662,0.07181930541992188,0,5,9,0,8,99,1706258281.497098,0.07491540908813477,18,Avia,2,3,True,True,CURRENT_SUPPORT
seq0011,seq0011_valref_001083,1706258281.6230295,-0.03121899999678135,4.877479076385498,59.71962356567383,-0.2109375,5.11328125,59.509765625,0.3632378876209259,False,False,True,True,True,True,True,True,True,0.22451505064964294,0.3632378876209259,0.94921875,0.94921875,1,20,39913,439,39474,0.9031190872192383,0.9259254932403564,0.022806406021118164,0,5,9,0,11,98,1706258281.597171,0.025858402252197266,18,Avia,2,5,True,True,CURRENT_SUPPORT
seq0011,seq0011_valref_001084,1706258281.675026,0.016713999211788177,4.880434989929199,59.71721649169922,0.11328125,5.09375,59.572265625,0.27538931369781494,False,False,True,True,True,True,True,True,True,0.2146674394607544,0.27538931369781494,0.93359375,0.93359375,1,20,39913,439,39474,0.9031190872192383,0.9779219627380371,0.07480287551879883,0,5,9,0,9,97,1706258281.597171,0.07785487174987793,18,Avia,2,5,True,True,CURRENT_SUPPORT
seq0011,seq0011_valref_001085,1706258281.738019,0.11939500272274017,4.887876033782959,59.71287536621094,-0.18359375,5.1875,59.189208984375,0.6751319766044617,False,False,False,True,True,True,True,False,True,0.4489538073539734,0.6751319766044617,0.9140625,0.9140625,1,20,40051,416,39635,0.9029889106750488,0.9407799243927002,0.03779101371765137,0,5,9,0,8,89,1706258281.697095,0.040924072265625,18,Avia,2,5,True,True,CURRENT_SUPPORT
seq0011,seq0011_valref_001086,1706258281.7741706,0.17123599350452423,4.891777038574219,59.711341857910156,-0.15625,5.1796875,59.18505859375,0.68345707654953,False,False,False,True,True,True,True,False,True,0.4513510465621948,0.68345707654953,0.88671875,0.88671875,1,20,40051,416,39635,0.9029889106750488,0.9769315719604492,0.07394266128540039,0,3,9,0,5,88,1706258281.597171,0.17699956893920898,16,Avia,1,3,True,True,CURRENT_SUPPORT
seq0011,seq0011_valref_001087,1706258281.8237216,0.22526800632476807,4.895799160003662,59.70966339111328,0.103515625,5.13671875,59.4580078125,0.36904799938201904,False,False,True,True,True,True,True,True,True,0.36904799938201904,0.36904799938201904,0.953125,0.953125,1,20,39978,399,39579,0.9029932022094727,0.9265637397766113,0.023570537567138672,0,3,9,0,11,91,1706258281.797201,0.026520729064941406,18,Avia,1,7,True,True,CURRENT_SUPPORT
seq0011,seq0011_valref_001088,1706258281.8745823,0.27518099546432495,4.900463104248047,59.70874786376953,0.130859375,5.09375,59.482421875,0.33077484369277954,False,False,True,True,True,True,True,True,True,0.33077484369277954,0.33077484369277954,0.953125,0.953125,1,20,39978,399,39579,0.9029932022094727,0.9774243831634521,0.07443118095397949,0,3,9,0,10,91,1706258281.797201,0.07738137245178223,18,Avia,1,7,True,True,CURRENT_SUPPORT
seq0011,seq0011_valref_001089,1706258281.923884,0.3269689977169037,4.905219078063965,59.70830154418945,0.2734375,5.0703125,59.53515625,0.24515454471111298,False,False,True,True,True,True,True,True,True,0.24515454471111298,0.24515454471111298,0.9140625,0.9140625,1,20,39797,367,39430,0.9031469821929932,0.9267899990081787,0.023643016815185547,0,3,8,0,9,82,1706258281.797201,0.12668299674987793,16,Avia,1,7,True,True,CURRENT_SUPPORT
seq0011,seq0011_valref_001090,1706258281.9741046,0.43483099341392517,4.913492202758789,59.706512451171875,0.3125,5.0625,59.55078125,0.24783140420913696,False,False,True,True,True,True,True,True,True,0.24783140420913696,0.24783140420913696,0.87890625,0.87890625,1,20,39797,367,39430,0.9031469821929932,0.9770107269287109,0.07386374473571777,0,2,8,0,8,79,1706258281.797201,0.17690372467041016,16,Avia,1,7,True,True,CURRENT_SUPPORT
seq0011,seq0011_valref_001091,1706258282.025186,0.4932889938354492,4.91735315322876,59.70572280883789,0.2255859375,4.96875,59.572265625,0.303508460521698,False,False,True,True,True,True,True,True,True,0.22260203957557678,0.303508460521698,0.98046875,0.98046875,1,20,39820,389,39431,0.9030120372772217,0.9279811382293701,0.024969100952148438,0,3,8,0,15,84,1706258281.997115,0.028071165084838867,18,Avia,1,9,True,True,CURRENT_SUPPORT
seq0011,seq0011_valref_001092,1706258282.07496,0.5449360013008118,4.920057773590088,59.7048225402832,0.284912109375,4.953125,59.599609375,0.28244587779045105,False,False,True,True,True,True,True,True,True,0.2088601142168045,0.28244587779045105,0.9765625,0.9765625,1,20,39820,389,39431,0.9030120372772217,0.977755069732666,0.07474303245544434,0,3,8,0,15,84,1706258281.997115,0.07784509658813477,18,Avia,1,9,True,True,CURRENT_SUPPORT
seq0011,seq0011_valref_001093,1706258282.1221051,0.6007570028305054,4.923273086547852,59.70443344116211,0.2747802734375,4.859375,59.62109375,0.3424752652645111,False,False,True,True,True,True,True,True,True,0.2620396018028259,0.3424752652645111,0.95703125,0.95703125,1,20,39882,422,39460,0.9030380249023438,0.9249892234802246,0.02195119857788086,0,2,7,0,11,80,1706258281.997115,0.12499022483825684,16,Avia,1,7,True,True,CURRENT_SUPPORT
seq0011,seq0011_valref_001094,1706258282.181332,0.7087720036506653,4.927137851715088,59.70492935180664,0.302734375,4.86328125,59.6484375,0.41489219665527344,False,False,True,True,True,True,True,True,True,0.3054080009460449,0.41489219665527344,0.93359375,0.93359375,1,20,39882,422,39460,0.9030380249023438,0.9842162132263184,0.08117818832397461,0,2,7,0,10,74,1706258281.997115,0.18421721458435059,16,Avia,1,6,True,True,CURRENT_SUPPORT
seq0011,seq0011_valref_001095,1706258282.2262769,0.7647029757499695,4.928905010223389,59.70559310913086,0.33447265625,5.48828125,59.55859375,0.7208389043807983,False,False,False,True,True,True,True,False,True,0.2999284565448761,0.7208389043807983,0.98046875,0.98046875,1,20,39831,467,39364,0.9031240940093994,0.9290728569030762,0.025948762893676758,0,3,7,0,10,84,1706258282.197091,0.029185771942138672,18,Avia,1,4,True,True,CURRENT_SUPPORT
seq0011,seq0011_valref_001096,1706258282.2779045,0.8187239766120911,4.929995059967041,59.7061882019043,0.4501953125,5.453125,59.615234375,0.6463364958763123,False,False,False,True,True,True,True,False,True,0.2556956112384796,0.6463364958763123,0.98046875,0.98046875,1,20,39831,467,39364,0.9031240940093994,0.9807004928588867,0.0775763988494873,0,3,7,0,10,84,1706258282.197091,0.08081340789794922,18,Avia,1,4,True,True,CURRENT_SUPPORT
seq0011,seq0011_valref_001097,1706258282.3249116,0.8744400143623352,4.932522773742676,59.70743942260742,0.4345703125,4.86328125,59.56640625,0.4670868217945099,False,False,True,True,True,True,True,True,True,0.4144913852214813,0.4670868217945099,0.9296875,0.9296875,1,20,40007,527,39480,0.9030499458312988,0.9277546405792236,0.024704694747924805,0,4,8,0,9,83,1706258282.297252,0.02765965461730957,18,Avia,2,4,True,True,CURRENT_SUPPORT
seq0011,seq0011_valref_001098,1706258282.3749592,0.9310879707336426,4.934248924255371,59.709049224853516,0.4462890625,4.8671875,59.591796875,0.5032646656036377,False,False,False,True,True,True,True,False,True,0.41594842076301575,0.5032646656036377,0.89453125,0.89453125,1,20,40007,527,39480,0.9030499458312988,0.9778022766113281,0.0747523307800293,0,4,8,0,8,83,1706258282.297252,0.07770729064941406,18,Avia,2,4,True,True,CURRENT_SUPPORT
seq0011,seq0011_valref_001099,1706258282.439182,0.9869740009307861,4.935085773468018,59.71042251586914,0.89453125,5.140625,59.611328125,0.2461945116519928,False,False,True,True,True,True,True,True,True,0.2461945116519928,0.2461945116519928,0.953125,0.953125,1,20,40158,597,39561,0.9030380249023438,0.9420840740203857,0.03904604911804199,0,4,8,0,6,83,1706258282.397119,0.042062997817993164,18,Avia,2,2,True,True,CURRENT_SUPPORT
seq0012,seq0012_valref_001100,1706258282.4761147,1.0976489782333374,4.936286926269531,59.711997985839844,nan,nan,nan,nan,True,True,False,False,False,False,False,False,False,nan,nan,nan,nan,,0,0,0,0,nan,nan,nan,0,0,0,0,0,0,nan,nan,,,0,0,False,False,NO_CURRENT_SUPPORT
seq0012,seq0012_valref_001101,1706258282.525162,1.1595319509506226,4.9368672370910645,59.71299362182617,0.548828125,5.3125,59.2288818359375,0.865114688873291,False,False,False,True,True,False,True,False,True,0.865114688873291,0.865114688873291,0.87109375,0.87109375,1,2,4092,90,4002,0.003139972686767578,0.028039932250976562,0.024899959564208984,0,0,1,0,0,6,nan,nan,,,0,0,False,False,NO_CURRENT_SUPPORT
seq0012,seq0012_valref_001102,1706258282.5738153,1.214635968208313,4.936741828918457,59.71415710449219,0.59765625,5.361328125,59.2119140625,0.9017680287361145,False,False,False,True,True,False,True,False,True,0.9017680287361145,0.9017680287361145,0.84765625,0.84765625,1,2,4092,90,4002,0.003139972686767578,0.07669329643249512,0.07355332374572754,0,0,1,0,0,6,nan,nan,,,0,0,False,False,NO_CURRENT_SUPPORT
seq0012,seq0012_valref_001103,1706258282.6229253,1.2723549604415894,4.936716079711914,59.71531677246094,1.33154296875,5.298828125,59.16357421875,0.6626071333885193,False,False,False,True,True,False,True,False,True,0.613884687423706,0.6626071333885193,0.859375,0.859375,1,4,8133,139,7994,0.10306787490844727,0.12580323219299316,0.0227353572845459,0,1,2,0,2,11,1706258282.597148,0.025777339935302734,2,Avia,1,2,True,True,CURRENT_SUPPORT
seq0012,seq0012_valref_001104,1706258282.6752021,1.3301550149917603,4.936158180236816,59.716094970703125,1.390625,5.326171875,59.1328125,0.7042625546455383,False,False,False,True,True,False,True,False,True,0.6611929535865784,0.7042625546455383,0.8046875,0.8046875,1,4,8133,139,7994,0.10306787490844727,0.17808008193969727,0.07501220703125,0,1,2,0,2,11,1706258282.597148,0.07805418968200684,2,Avia,1,2,True,True,CURRENT_SUPPORT
seq0012,seq0012_valref_001105,1706258282.7273772,1.3923070430755615,4.935749053955078,59.71712875366211,0.74163818359375,5.203125,59.4443359375,0.7545036673545837,False,False,False,True,True,True,True,False,True,0.47355666756629944,0.7545036673545837,0.96484375,0.96484375,1,6,12152,167,11985,0.20300889015197754,0.230255126953125,0.02724623680114746,0,2,3,0,3,21,1706258282.697093,0.03028416633605957,4,Avia,2,3,True,True,CURRENT_SUPPORT
seq0012,seq0012_valref_001106,1706258282.7755775,1.4561779499053955,4.935401916503906,59.718055725097656,0.794189453125,5.24609375,59.45703125,0.7764611840248108,False,False,False,True,True,True,True,False,True,0.49390533566474915,0.7764611840248108,0.953125,0.953125,1,6,12152,167,11985,0.20300889015197754,0.2784554958343506,0.07544660568237305,0,1,3,0,1,21,1706258282.697093,0.07848453521728516,4,Avia,1,1,True,True,CURRENT_SUPPORT
seq0012,seq0012_valref_001107,1706258282.8259203,1.576509952545166,4.934639930725098,59.71860122680664,1.099609375,5.01953125,59.54296875,0.5152547359466553,False,False,False,True,True,True,True,False,True,0.3627282679080963,0.5152547359466553,0.97265625,0.97265625,1,8,16183,203,15980,0.3031899929046631,0.3287982940673828,0.025608301162719727,0,2,4,0,4,29,1706258282.797208,0.02871227264404297,6,Avia,2,4,True,True,CURRENT_SUPPORT
seq0012,seq0012_valref_001108,1706258282.8744204,1.6367759704589844,4.932293891906738,59.717769622802734,1.11328125,5.015625,59.556640625,0.5540336966514587,False,False,False,True,True,True,True,False,True,0.39709362387657166,0.5540336966514587,0.96875,0.96875,1,8,16183,203,15980,0.3031899929046631,0.37729835510253906,0.07410836219787598,0,2,4,0,4,29,1706258282.797208,0.07721233367919922,6,Avia,2,4,True,True,CURRENT_SUPPORT
seq0012,seq0012_valref_001109,1706258282.9385614,1.6989799737930298,4.930759906768799,59.71616744995117,1.32373046875,5.0078125,59.529296875,0.42622750997543335,False,False,True,True,True,True,True,True,True,0.3189007341861725,0.42622750997543335,0.96875,0.96875,1,10,20277,233,20044,0.4030759334564209,0.4414393901824951,0.03836345672607422,0,3,5,0,6,36,1706258282.897147,0.041414499282836914,8,Avia,2,5,True,True,CURRENT_SUPPORT
seq0012,seq0012_valref_001110,1706258282.9723537,1.7589809894561768,4.92988920211792,59.714630126953125,1.3583984375,5.0,59.541015625,0.4421808421611786,False,False,True,True,True,True,True,True,True,0.33230188488960266,0.4421808421611786,0.9609375,0.9609375,1,10,20277,233,20044,0.4030759334564209,0.4752316474914551,0.07215571403503418,0,3,5,0,5,36,1706258282.897147,0.07520675659179688,8,Avia,2,4,True,True,CURRENT_SUPPORT
seq0012,seq0012_valref_001111,1706258283.023897,1.8167150020599365,4.928302764892578,59.713260650634766,1.4169921875,4.875,59.56640625,0.4291686415672302,False,False,True,True,True,True,True,True,True,0.3437546491622925,0.4291686415672302,0.98046875,0.98046875,1,12,24421,303,24118,0.5030229091644287,0.5267748832702637,0.02375197410583496,0,4,6,0,7,46,1706258282.997112,0.026784896850585938,10,Avia,2,4,True,True,CURRENT_SUPPORT
seq0012,seq0012_valref_001112,1706258283.0741596,1.9393709897994995,4.926364898681641,59.71107482910156,1.46875,4.859375,59.587890625,0.4910662770271301,False,False,True,True,True,True,True,True,True,0.3836226165294647,0.4910662770271301,0.97265625,0.97265625,1,12,24421,303,24118,0.5030229091644287,0.5770375728607178,0.07401466369628906,0,4,6,0,6,44,1706258282.997112,0.07704758644104004,10,Avia,2,3,True,True,CURRENT_SUPPORT
seq0012,seq0012_valref_001113,1706258283.121358,2.006503105163574,4.927803993225098,59.71097183227539,1.99609375,5.078125,59.4140625,0.33295631408691406,False,False,True,True,True,True,True,True,True,0.33295631408691406,0.33295631408691406,0.96875,0.96875,1,14,28527,360,28167,0.6031990051269531,0.6242358684539795,0.021036863327026367,0,4,7,0,7,52,1706258283.097212,0.024145841598510742,12,Avia,2,5,True,True,CURRENT_SUPPORT
seq0012,seq0012_valref_001114,1706258283.1743045,2.066648006439209,4.927617073059082,59.710506439208984,2.033203125,5.0234375,59.41015625,0.31703367829322815,False,False,True,True,True,True,True,True,True,0.31703367829322815,0.31703367829322815,0.94921875,0.94921875,1,14,28527,360,28167,0.6031990051269531,0.6771824359893799,0.07398343086242676,0,4,7,0,7,51,1706258283.097212,0.07709240913391113,12,Avia,2,5,True,True,CURRENT_SUPPORT
seq0012,seq0012_valref_001115,1706258283.2223265,2.1280128955841064,4.929843902587891,59.7106819152832,1.912109375,4.9453125,59.576171875,0.25484612584114075,False,False,True,True,True,True,True,True,True,0.25484612584114075,0.25484612584114075,0.94140625,0.94140625,1,16,32687,451,32236,0.7030868530273438,0.7252044677734375,0.02211761474609375,0,4,8,0,8,59,1706258283.197086,0.025240421295166016,14,Avia,2,5,True,True,CURRENT_SUPPORT
seq0012,seq0012_valref_001116,1706258283.275781,2.191143035888672,4.931868076324463,59.71149444580078,1.9560546875,4.94921875,59.580078125,0.26988485455513,False,False,True,True,True,True,True,True,True,0.26988485455513,0.26988485455513,0.91796875,0.91796875,1,16,32687,451,32236,0.7030868530273438,0.7786588668823242,0.07557201385498047,0,4,8,0,7,57,1706258283.197086,0.07869482040405273,14,Avia,2,5,True,True,CURRENT_SUPPORT
seq0012,seq0012_valref_001117,1706258283.3404505,2.2561559677124023,4.932975769042969,59.711639404296875,2.171875,5.06640625,59.4853515625,0.2758861482143402,False,False,True,True,True,True,True,True,True,0.2758861482143402,0.2758861482143402,0.921875,0.921875,1,18,36869,529,36340,0.8030200004577637,0.8433284759521484,0.040308475494384766,0,5,8,0,7,62,1706258283.297171,0.043279409408569336,16,Avia,2,4,True,True,CURRENT_SUPPORT
seq0012,seq0012_valref_001118,1706258283.3737931,2.380614995956421,4.936777114868164,59.712852478027344,2.185546875,5.05078125,59.48046875,0.3241152763366699,False,False,True,True,True,True,True,True,True,0.3241152763366699,0.3241152763366699,0.8984375,0.8984375,1,18,36869,529,36340,0.8030200004577637,0.8766710758209229,0.07365107536315918,0,5,8,0,5,61,1706258283.297171,0.07662200927734375,16,Avia,2,2,True,True,CURRENT_SUPPORT
seq0012,seq0012_valref_001119,1706258283.4218047,2.4438259601593018,4.937784194946289,59.713157653808594,2.232421875,5.01953125,59.533203125,0.2894095778465271,False,False,True,True,True,True,True,True,True,0.2894095778465271,0.2894095778465271,0.8671875,0.8671875,1,20,41004,577,40427,0.9031360149383545,0.9246826171875,0.021546602249145508,0,5,9,0,6,64,1706258283.397118,0.024686574935913086,18,Avia,2,3,True,True,CURRENT_SUPPORT
seq0012,seq0012_valref_001120,1706258283.474473,2.5069739818573,4.939230918884277,59.713706970214844,2.197998046875,5.25,59.501953125,0.48670652508735657,False,False,True,True,True,True,True,True,True,0.301800012588501,0.48670652508735657,0.81640625,0.81640625,1,20,41004,577,40427,0.9031360149383545,0.9773509502410889,0.07421493530273438,0,4,9,0,4,63,1706258283.397118,0.07735490798950195,18,Avia,2,2,True,True,CURRENT_SUPPORT
seq0012,seq0012_valref_001121,1706258283.537394,2.5694899559020996,4.939586162567139,59.71397018432617,2.33984375,5.2421875,59.39453125,0.49633273482322693,False,False,True,True,True,True,True,True,True,0.458257257938385,0.49633273482322693,0.91796875,0.91796875,1,20,40973,497,40476,0.9030630588531494,0.9402461051940918,0.03718304634094238,0,4,10,0,4,69,1706258283.497078,0.040316104888916016,18,Avia,2,2,True,True,CURRENT_SUPPORT
seq0012,seq0012_valref_001122,1706258283.576902,2.695590019226074,4.941476821899414,59.714412689208984,2.37890625,5.25,59.41015625,0.5367002487182617,False,False,False,True,True,False,True,False,True,0.5318191647529602,0.5367002487182617,0.90234375,0.90234375,1,20,40973,497,40476,0.9030630588531494,0.9797539710998535,0.0766909122467041,0,4,10,0,4,65,1706258283.497078,0.07982397079467773,18,Avia,2,2,True,True,CURRENT_SUPPORT
seq0012,seq0012_valref_001123,1706258283.6234033,2.761152982711792,4.94140100479126,59.71432113647461,2.3369140625,5.14453125,59.609375,0.48192763328552246,False,False,True,True,True,True,True,True,True,0.2893405556678772,0.48192763328552246,0.9609375,0.9609375,1,20,40996,489,40507,0.9032249450683594,0.9263103008270264,0.023085355758666992,0,5,10,0,7,64,1706258283.597143,0.0262603759765625,18,Avia,2,4,True,True,CURRENT_SUPPORT
seq0012,seq0012_valref_001124,1706258283.6750474,2.82033109664917,4.941680908203125,59.71458435058594,2.3740234375,5.13671875,59.630859375,0.49420657753944397,False,False,True,True,True,True,True,True,True,0.3087082505226135,0.49420657753944397,0.953125,0.953125,1,20,40996,489,40507,0.9032249450683594,0.9779543876647949,0.07472944259643555,0,4,10,0,4,62,1706258283.597143,0.07790446281433105,18,Avia,2,2,True,True,CURRENT_SUPPORT
seq0012,seq0012_valref_001125,1706258283.732331,2.88401198387146,4.94229793548584,59.71492385864258,2.533203125,4.9921875,59.62109375,0.36655136942863464,False,False,True,True,True,True,True,True,True,0.20201890170574188,0.36655136942863464,0.86328125,0.86328125,1,20,41035,480,40555,0.9031100273132324,0.9351229667663574,0.032012939453125,0,5,10,0,7,68,1706258283.697082,0.03524899482727051,18,Avia,2,4,True,True,CURRENT_SUPPORT
seq0012,seq0012_valref_001126,1706258283.7750456,2.943479061126709,4.940616130828857,59.714805603027344,2.7803955078125,5.37890625,59.560546875,0.49243298172950745,False,False,True,True,True,True,True,True,True,0.19711895287036896,0.49243298172950745,0.84375,0.84375,1,20,41035,480,40555,0.9031100273132324,0.9778375625610352,0.07472753524780273,0,3,10,0,5,63,1706258283.697082,0.07796359062194824,18,Avia,2,4,True,True,CURRENT_SUPPORT
seq0012,seq0012_valref_001127,1706258283.8243916,3.0055339336395264,4.940032005310059,59.71524429321289,2.595703125,5.28515625,59.515625,0.5717690587043762,False,False,False,True,True,True,True,False,True,0.14719276130199432,0.5717690587043762,0.94140625,0.94140625,1,20,41179,504,40675,0.9030489921569824,0.9272446632385254,0.02419567108154297,0,3,10,0,5,66,1706258283.797207,0.027184486389160156,18,Avia,2,4,True,True,CURRENT_SUPPORT
seq0012,seq0012_valref_001128,1706258283.8747952,3.1319119930267334,4.939631938934326,59.716583251953125,2.9521484375,5.22265625,59.466796875,0.41810399293899536,False,False,True,True,True,True,True,True,True,0.22327110171318054,0.41810399293899536,0.92578125,0.92578125,1,20,41179,504,40675,0.9030489921569824,0.9776482582092285,0.0745992660522461,0,3,10,0,4,65,1706258283.797207,0.07758808135986328,18,Avia,2,3,True,True,CURRENT_SUPPORT
seq0012,seq0012_valref_001129,1706258283.9237874,3.201323986053467,4.939130783081055,59.71742630004883,2.853515625,4.98046875,59.58203125,0.3755147159099579,False,False,True,True,True,True,True,True,True,0.23933196067810059,0.3755147159099579,0.890625,0.890625,1,20,41234,567,40667,0.9029979705810547,0.9266753196716309,0.023677349090576172,0,4,10,0,5,70,1706258283.897131,0.026656389236450195,18,Avia,2,3,True,True,CURRENT_SUPPORT
seq0012,seq0012_valref_001130,1706258283.9764395,3.2631020545959473,4.937542915344238,59.718204498291016,2.86474609375,4.98828125,59.6015625,0.4181712865829468,False,False,True,True,True,True,True,True,True,0.25294387340545654,0.4181712865829468,0.8515625,0.8515625,1,20,41234,567,40667,0.9029979705810547,0.9793274402618408,0.07632946968078613,0,4,10,0,5,68,1706258283.897131,0.07930850982666016,18,Avia,2,3,True,True,CURRENT_SUPPORT
seq0012,seq0012_valref_001131,1706258284.0650222,3.320034980773926,4.937416076660156,59.71945571899414,3.201171875,5.19921875,59.423828125,0.4123890697956085,False,False,True,True,True,True,True,True,True,0.4123890697956085,0.4123890697956085,0.87109375,0.87109375,1,20,41303,583,40720,0.9030418395996094,0.9678101539611816,0.06476831436157227,0,5,10,0,7,73,1706258283.997122,0.06790018081665039,18,Avia,2,4,True,True,CURRENT_SUPPORT
seq0012,seq0012_valref_001132,1706258284.141082,3.501499891281128,4.931704998016357,59.7216796875,3.27734375,5.431640625,59.3154296875,0.6820708513259888,False,False,False,True,True,True,True,False,True,0.4994198977947235,0.6820708513259888,0.84765625,0.84765625,1,20,41406,589,40817,0.9031198024749756,0.9439959526062012,0.040876150131225586,0,3,10,0,3,70,1706258284.097137,0.0439450740814209,18,Avia,1,1,True,True,CURRENT_SUPPORT
seq0012,seq0012_valref_001133,1706258284.1744874,3.5597269535064697,4.930581092834473,59.722904205322266,3.3046875,5.419921875,59.29541015625,0.6980334520339966,False,False,False,True,True,False,True,False,True,0.5378541350364685,0.6980334520339966,0.8125,0.8125,1,20,41406,589,40817,0.9031198024749756,0.9774012565612793,0.07428145408630371,0,3,10,0,3,69,1706258284.097137,0.07735037803649902,18,Avia,1,1,True,True,CURRENT_SUPPORT
seq0012,seq0012_valref_001134,1706258284.2624562,3.6745829582214355,4.927237033843994,59.72544860839844,3.03125,5.546875,59.245361328125,1.0140573978424072,False,False,False,False,True,False,False,False,False,1.0140573978424072,1.0140573978424072,0.91796875,nan,,20,41282,523,40759,0.902944803237915,0.965285062789917,0.06234025955200195,0,3,10,0,4,72,1706258284.197094,0.06536221504211426,18,Avia,2,3,True,True,CURRENT_SUPPORT
seq0012,seq0012_valref_001135,1706258284.3289542,3.7866530418395996,4.9177751541137695,59.7259521484375,3.34033203125,5.751380920410156,59.29052734375,1.0410070419311523,False,False,False,False,True,False,True,False,False,0.8816713094711304,1.0410070419311523,0.8984375,0.80859375,3,20,41203,462,40741,0.9031479358673096,0.9318361282348633,0.02868819236755371,0,3,10,0,3,73,1706258284.297208,0.03174614906311035,18,Avia,2,2,True,True,CURRENT_SUPPORT
seq0012,seq0012_valref_001136,1706258284.3791325,3.840787887573242,4.914501190185547,59.72639083862305,3.380859375,5.766845703125,59.23748779296875,1.084920048713684,False,False,False,False,True,False,True,False,False,0.9506439566612244,1.084920048713684,0.875,0.76171875,3,20,41203,462,40741,0.9031479358673096,0.9820144176483154,0.07886648178100586,0,2,10,0,2,70,1706258284.297208,0.0819244384765625,18,Avia,2,2,True,True,CURRENT_SUPPORT
seq0012,seq0012_valref_001137,1706258284.4236684,3.901076078414917,4.909148216247559,59.726470947265625,3.55078125,5.392578125,59.4404296875,0.6619898080825806,False,False,False,True,True,True,True,False,True,0.4825299382209778,0.6619898080825806,0.8984375,0.8984375,1,20,41201,438,40763,0.9031131267547607,0.9265904426574707,0.02347731590270996,0,2,10,0,2,72,1706258284.397125,0.026543378829956055,18,Avia,1,1,True,True,CURRENT_SUPPORT
seq0012,seq0012_valref_001138,1706258284.4729967,3.955120086669922,4.901750087738037,59.72555923461914,3.638671875,5.12890625,59.4365234375,0.4850578010082245,False,False,True,True,True,True,True,True,True,0.4850578010082245,0.4850578010082245,0.828125,0.828125,1,20,41201,438,40763,0.9031131267547607,0.9759187698364258,0.07280564308166504,0,0,10,0,0,69,nan,nan,,,0,0,False,False,NO_CURRENT_SUPPORT
seq0012,seq0012_valref_001139,1706258284.531058,4.008739948272705,4.899003982543945,59.72631072998047,3.591796875,5.3515625,59.43359375,0.6814205646514893,False,False,False,True,True,True,True,False,True,0.15983547270298004,0.6814205646514893,0.84375,0.84375,1,20,41210,464,40746,0.9029691219329834,0.9339151382446289,0.030946016311645508,0,1,10,0,1,72,1706258284.497056,0.034002065658569336,18,Avia,1,1,True,True,CURRENT_SUPPORT
seq0012,seq0012_valref_001140,1706258284.5740988,4.062727928161621,4.892178058624268,59.72604751586914,3.62109375,5.3671875,59.4482421875,0.705585241317749,False,False,False,True,True,True,True,False,True,0.2053469866514206,0.705585241317749,0.80859375,0.80859375,1,20,41210,464,40746,0.9029691219329834,0.9769558906555176,0.07398676872253418,0,1,10,0,1,68,1706258284.497056,0.07704281806945801,18,Avia,1,1,True,True,CURRENT_SUPPORT
seq0012,seq0012_valref_001141,1706258284.6321385,4.120460033416748,4.885128974914551,59.726226806640625,3.96875,5.349609375,59.4619140625,0.555535078048706,False,False,False,True,True,False,True,False,True,0.555535078048706,0.555535078048706,0.8984375,0.8984375,1,20,41308,490,40818,0.9032459259033203,0.9350564479827881,0.03181052207946777,0,2,10,0,2,72,1706258284.597142,0.03499650955200195,18,Avia,2,2,True,True,CURRENT_SUPPORT
seq0012,seq0012_valref_001142,1706258284.6761081,4.228010177612305,4.873016834259033,59.7277946472168,4.01171875,5.314453125,59.4599609375,0.5598061084747314,False,False,False,True,True,False,True,False,True,0.5598061084747314,0.5598061084747314,0.89453125,0.89453125,1,20,41308,490,40818,0.9032459259033203,0.9790260791778564,0.07578015327453613,0,2,10,0,2,68,1706258284.597142,0.07896614074707031,18,Avia,2,2,True,True,CURRENT_SUPPORT
seq0012,seq0012_valref_001143,1706258284.734681,4.285123825073242,4.864535808563232,59.72886657714844,4.0234375,5.2109375,59.31787109375,0.5978220105171204,False,False,False,True,True,False,True,False,True,0.5978220105171204,0.5978220105171204,0.87890625,0.87890625,1,20,41451,569,40882,0.9030258655548096,0.9374737739562988,0.03444790840148926,0,2,10,0,2,65,1706258284.597142,0.13753890991210938,16,Avia,1,1,True,True,CURRENT_SUPPORT
seq0012,seq0012_valref_001144,1706258284.774069,4.337453842163086,4.859604835510254,59.73077392578125,4.056640625,5.18359375,59.308349609375,0.6018863320350647,False,False,False,True,True,False,True,False,True,0.6018863320350647,0.6018863320350647,0.87109375,0.87109375,1,20,41451,569,40882,0.9030258655548096,0.9768619537353516,0.07383608818054199,0,1,10,0,1,64,1706258284.497056,0.27701306343078613,14,Avia,0,0,True,False,NO_CURRENT_SUPPORT
seq0012,seq0012_valref_001145,1706258284.8234823,4.388105869293213,4.85561990737915,59.7333984375,4.1318359375,5.731201171875,58.8203125,1.2907527685165405,False,False,False,False,True,False,True,False,False,0.9848209023475647,1.2907527685165405,0.75390625,0.68359375,3,20,41495,637,40858,0.9029760360717773,0.9263513088226318,0.023375272750854492,0,1,10,0,1,67,1706258284.497056,0.32642626762390137,12,Avia,0,0,True,False,NO_CURRENT_SUPPORT
seq0012,seq0012_valref_001146,1706258284.8746524,4.437480926513672,4.847567081451416,59.735050201416016,4.04296875,5.578125,58.966796875,1.131179928779602,False,False,False,False,True,False,False,False,False,1.0600429773330688,1.131179928779602,0.71875,nan,,20,41495,637,40858,0.9029760360717773,0.9775214195251465,0.07454538345336914,0,1,10,0,1,64,1706258284.497056,0.377596378326416,12,Avia,0,0,True,False,NO_CURRENT_SUPPORT
seq0012,seq0012_valref_001147,1706258284.923902,4.4919939041137695,4.839960098266602,59.73685073852539,4.15576171875,5.03515625,59.453125,0.4813043773174286,False,False,True,True,True,True,True,True,True,0.4813043773174286,0.4813043773174286,0.95703125,0.95703125,1,20,41519,652,40867,0.9031260013580322,0.9267799854278564,0.02365398406982422,0,2,10,0,4,66,1706258284.897119,0.026782989501953125,18,Avia,1,3,True,True,CURRENT_SUPPORT
seq0012,seq0012_valref_001148,1706258284.975572,4.547184944152832,4.832540035247803,59.738792419433594,4.14990234375,5.00390625,59.421875,0.5363175272941589,False,False,False,True,True,False,True,False,True,0.5363175272941589,0.5363175272941589,0.94140625,0.94140625,1,20,41519,652,40867,0.9031260013580322,0.9784500598907471,0.07532405853271484,0,1,10,0,3,65,1706258284.897119,0.07845306396484375,18,Avia,1,3,True,True,CURRENT_SUPPORT
seq0012,seq0012_valref_001149,1706258285.0230143,4.595849990844727,4.823789119720459,59.739898681640625,4.29541015625,5.0859375,59.31591796875,0.5820184946060181,False,False,False,True,True,False,True,False,True,0.5375559329986572,0.5820184946060181,0.921875,0.921875,1,20,41404,629,40775,0.9030740261077881,0.9258773326873779,0.022803306579589844,0,2,10,0,4,70,1706258284.997122,0.025892257690429688,18,Avia,2,4,True,True,CURRENT_SUPPORT
seq0012,seq0012_valref_001150,1706258285.0745318,4.6966471672058105,4.806728839874268,59.74189758300781,4.29736328125,5.0625,59.32275390625,0.6328727602958679,False,False,False,True,True,False,True,False,True,0.5688206553459167,0.6328727602958679,0.921875,0.921875,1,20,41404,629,40775,0.9030740261077881,0.9773948192596436,0.07432079315185547,0,1,10,0,1,66,1706258284.997122,0.07740974426269531,18,Avia,1,1,True,True,CURRENT_SUPPORT
seq0012,seq0012_valref_001151,1706258285.1227927,4.744335174560547,4.797799110412598,59.74271774291992,4.607421875,5.01953125,59.252777099609375,0.5549344420433044,False,False,False,True,True,False,True,False,True,0.5549344420433044,0.5549344420433044,0.91015625,0.91015625,1,20,41307,578,40729,0.9030189514160156,0.9256987571716309,0.022679805755615234,0,2,10,0,3,71,1706258285.097147,0.025645732879638672,18,Avia,2,3,True,True,CURRENT_SUPPORT
seq0012,seq0012_valref_001152,1706258285.1724653,4.792082786560059,4.789587020874023,59.7430419921875,4.6318359375,4.984375,59.2567138671875,0.5478470921516418,False,False,False,True,True,False,True,False,True,0.5478470921516418,0.5478470921516418,0.89453125,0.89453125,1,20,41307,578,40729,0.9030189514160156,0.9753713607788086,0.07235240936279297,0,2,10,0,3,68,1706258285.097147,0.0753183364868164,18,Avia,2,3,True,True,CURRENT_SUPPORT
seq0012,seq0012_valref_001153,1706258285.2231135,4.837657928466797,4.780619144439697,59.743343353271484,4.2464141845703125,5.05078125,59.48046875,0.7011845707893372,False,False,False,True,True,False,True,False,True,0.5546277165412903,0.7011845707893372,0.94140625,0.94140625,1,20,41444,566,40878,0.9030699729919434,0.9259054660797119,0.022835493087768555,0,2,10,0,2,71,1706258285.197081,0.026032447814941406,18,Avia,1,1,True,True,CURRENT_SUPPORT
seq0012,seq0012_valref_001154,1706258285.2731278,4.93030309677124,4.761938095092773,59.74271011352539,4.294677734375,5.046875,59.4619140625,0.7510359883308411,False,False,False,True,True,False,True,False,True,0.6082584261894226,0.7510359883308411,0.90234375,0.90234375,1,20,41444,566,40878,0.9030699729919434,0.9759197235107422,0.07284975051879883,0,1,10,0,1,68,1706258285.197081,0.07604670524597168,18,Avia,1,1,True,True,CURRENT_SUPPORT
seq0012,seq0012_valref_001155,1706258285.3270195,4.980399131774902,4.75137186050415,59.74232864379883,4.717041015625,4.71875,59.5078125,0.35414615273475647,False,False,True,True,True,True,True,True,True,0.35414615273475647,0.35414615273475647,0.90234375,0.90234375,1,20,41453,563,40890,0.9030759334564209,0.9298944473266602,0.026818513870239258,0,2,10,0,3,70,1706258285.297033,0.02998638153076172,18,Avia,2,3,True,True,CURRENT_SUPPORT
seq0012,seq0012_valref_001156,1706258285.3762782,5.027428150177002,4.740262985229492,59.7414436340332,4.754150390625,4.7109375,59.509765625,0.35946545004844666,False,False,True,True,True,True,True,True,True,0.35946545004844666,0.35946545004844666,0.85546875,0.85546875,1,20,41453,563,40890,0.9030759334564209,0.9791531562805176,0.07607722282409668,0,2,10,0,3,67,1706258285.297033,0.07924509048461914,18,Avia,2,3,True,True,CURRENT_SUPPORT
seq0012,seq0012_valref_001157,1706258285.4279087,5.071568965911865,4.729973793029785,59.7410774230957,4.85302734375,4.87109375,59.53125,0.334219753742218,False,False,True,True,True,True,True,True,True,0.334219753742218,0.334219753742218,0.94921875,0.94921875,1,20,41447,570,40877,0.9030590057373047,0.9308526515960693,0.02779364585876465,0,2,10,0,2,67,1706258285.297033,0.1308755874633789,16,Avia,1,1,True,True,CURRENT_SUPPORT
seq0012,seq0012_valref_001158,1706258285.4762459,5.117317199707031,4.721423149108887,59.740928649902344,4.9150390625,4.87109375,59.5390625,0.3225952088832855,False,False,True,True,True,True,True,True,True,0.3225952088832855,0.3225952088832855,0.9375,0.9375,1,20,41447,570,40877,0.9030590057373047,0.9791898727416992,0.07613086700439453,0,1,10,0,1,65,1706258285.297033,0.1792128086090088,16,Avia,1,1,True,True,CURRENT_SUPPORT
seq0012,seq0012_valref_001159,1706258285.533978,5.205996990203857,4.700253963470459,59.739540100097656,5.01953125,5.19140625,59.4775390625,0.5870643854141235,False,False,False,True,True,False,True,False,True,0.5870643854141235,0.5870643854141235,0.8671875,0.8671875,1,20,41533,586,40947,0.9031429290771484,0.9368360042572021,0.03369307518005371,0,0,10,0,0,63,nan,nan,,,0,0,False,False,NO_CURRENT_SUPPORT
seq0012,seq0012_valref_001160,1706258285.572568,5.2505669593811035,4.691864967346191,59.74026107788086,5.080078125,5.2421875,59.41015625,0.6639959216117859,False,False,False,True,True,False,True,False,True,0.6639959216117859,0.6639959216117859,0.77734375,0.77734375,1,20,41533,586,40947,0.9031429290771484,0.9754259586334229,0.07228302955627441,0,0,10,0,0,61,nan,nan,,,0,0,False,False,NO_CURRENT_SUPPORT
seq0012,seq0012_valref_001161,1706258285.623001,5.29617977142334,4.681029796600342,59.74038314819336,4.7265625,5.53515625,59.204833984375,1.157932996749878,False,False,False,False,True,False,False,False,False,1.0156188011169434,1.157932996749878,0.67578125,nan,,20,41524,584,40940,0.9031209945678711,0.9259181022644043,0.022797107696533203,0,0,10,0,0,59,nan,nan,,,0,0,False,False,NO_CURRENT_SUPPORT
seq0012,seq0012_valref_001162,1706258285.6749756,5.341740131378174,4.6716718673706055,59.74123001098633,4.806640625,5.578125,59.0849609375,1.2404345273971558,False,False,False,False,True,False,False,False,False,1.1837834119796753,1.2404345273971558,0.60546875,nan,,20,41524,584,40940,0.9031209945678711,0.9778926372528076,0.07477164268493652,0,0,10,0,0,56,nan,nan,,,0,0,False,False,NO_CURRENT_SUPPORT
seq0012,seq0012_valref_001163,1706258285.7242334,5.384937763214111,4.663510799407959,59.742034912109375,5.23046875,5.125,59.515625,0.536744236946106,False,False,False,True,True,False,True,False,True,0.536744236946106,0.536744236946106,0.91015625,0.91015625,1,20,41505,547,40958,0.9030399322509766,0.9271724224090576,0.024132490158081055,0,0,10,0,0,57,nan,nan,,,0,0,False,False,NO_CURRENT_SUPPORT
seq0012,seq0012_valref_001164,1706258285.7754536,5.475238800048828,4.6416239738464355,59.74279022216797,5.28125,5.140625,59.53515625,0.5742347240447998,False,False,False,True,True,False,True,False,True,0.5742347240447998,0.5742347240447998,0.87890625,0.87890625,1,20,41505,547,40958,0.9030399322509766,0.9783926010131836,0.07535266876220703,0,0,10,0,0,54,nan,nan,,,0,0,False,False,NO_CURRENT_SUPPORT
seq0012,seq0012_valref_001165,1706258285.8232827,5.520444869995117,4.629819869995117,59.74275588989258,5.107421875,5.1640625,59.31591796875,0.7988703846931458,False,False,False,True,True,False,True,False,True,0.5510411858558655,0.7988703846931458,0.921875,0.921875,1,20,41420,462,40958,0.9031178951263428,0.9261636734008789,0.023045778274536133,0,0,10,0,0,56,nan,nan,,,0,0,False,False,NO_CURRENT_SUPPORT
seq0012,seq0012_valref_001166,1706258285.8752575,5.565293788909912,4.616826057434082,59.742958068847656,5.0654296875,4.828125,59.6171875,0.5570723414421082,False,False,False,True,True,False,True,False,True,0.5570723414421082,0.5570723414421082,0.91015625,0.91015625,1,20,41420,462,40958,0.9031178951263428,0.9781384468078613,0.07502055168151855,0,0,10,0,0,55,nan,nan,,,0,0,False,False,NO_CURRENT_SUPPORT
seq0012,seq0012_valref_001167,1706258285.9379234,5.653078079223633,4.592634201049805,59.744693756103516,5.1962890625,4.88671875,59.6015625,0.5618082284927368,False,False,False,True,True,False,True,False,True,0.536358654499054,0.5618082284927368,0.93359375,0.93359375,1,20,41288,374,40914,0.9030749797821045,0.9408013820648193,0.037726402282714844,0,1,10,0,2,51,1706258285.897102,0.04082131385803223,18,Avia,1,2,True,True,CURRENT_SUPPORT
seq0012,seq0012_valref_001168,1706258285.9816973,5.695197105407715,4.583803176879883,59.74728775024414,5.2291259765625,4.8828125,59.603515625,0.5721007585525513,False,False,False,True,True,False,True,False,True,0.5497573614120483,0.5721007585525513,0.9140625,0.9140625,1,20,41288,374,40914,0.9030749797821045,0.9845752716064453,0.08150029182434082,0,1,10,0,1,49,1706258285.897102,0.0845952033996582,18,Avia,1,1,True,True,CURRENT_SUPPORT
seq0012,seq0012_valref_001169,1706258286.0304234,5.740804195404053,4.569758892059326,59.748470306396484,5.427734375,4.81640625,59.60546875,0.423434853553772,False,False,True,True,True,True,True,True,True,0.3594444692134857,0.423434853553772,0.9375,0.9375,1,20,41303,325,40978,0.902946949005127,0.9332764148712158,0.030329465866088867,0,0,10,0,0,50,nan,nan,,,0,0,False,False,NO_CURRENT_SUPPORT
seq0012,seq0012_valref_001170,1706258286.0721872,5.782320976257324,4.558096885681152,59.74998474121094,5.4453125,4.828125,59.62109375,0.4506692588329315,False,False,True,True,True,True,True,True,True,0.37103596329689026,0.4506692588329315,0.92578125,0.92578125,1,20,41303,325,40978,0.902946949005127,0.9750401973724365,0.07209324836730957,0,0,10,0,0,50,nan,nan,,,0,0,False,False,NO_CURRENT_SUPPORT
seq0012,seq0012_valref_001171,1706258286.1219554,5.822717189788818,4.543185234069824,59.749786376953125,5.41796875,4.79296875,59.57421875,0.5069882869720459,False,False,False,True,True,True,True,False,True,0.3605271279811859,0.5069882869720459,0.953125,0.953125,1,20,41355,323,41032,0.9031939506530762,0.9248743057250977,0.021680355072021484,0,0,10,0,0,53,nan,nan,,,0,0,False,False,NO_CURRENT_SUPPORT
seq0012,seq0012_valref_001172,1706258286.174448,5.8620991706848145,4.532190799713135,59.751312255859375,5.4375,4.81640625,59.591796875,0.5352644324302673,False,False,False,True,True,True,True,False,True,0.3795804977416992,0.5352644324302673,0.9375,0.9375,1,20,41355,323,41032,0.9031939506530762,0.9773669242858887,0.0741729736328125,0,0,10,0,0,53,nan,nan,,,0,0,False,False,NO_CURRENT_SUPPORT
seq0012,seq0012_valref_001173,1706258286.2210975,5.904566764831543,4.516414165496826,59.75125503540039,5.9375,4.91015625,59.4580078125,0.49204811453819275,False,False,True,True,True,True,True,True,True,0.43343523144721985,0.49204811453819275,0.9453125,0.9453125,1,20,41360,389,40971,0.903141975402832,0.9240643978118896,0.020922422409057617,0,1,10,0,1,53,1706258286.197085,0.02401256561279297,18,Avia,1,1,True,True,CURRENT_SUPPORT
seq0012,seq0012_valref_001174,1706258286.276207,5.94697904586792,4.504150867462158,59.75271987915039,5.9541015625,4.9140625,59.470703125,0.4976060092449188,False,False,True,True,True,True,True,True,True,0.4673098027706146,0.4976060092449188,0.9375,0.9375,1,20,41360,389,40971,0.903141975402832,0.9791738986968994,0.07603192329406738,0,0,10,0,0,52,nan,nan,,,0,0,False,False,NO_CURRENT_SUPPORT
seq0012,seq0012_valref_001175,1706258286.3346581,6.031093120574951,4.475921154022217,59.75465393066406,6.03125,4.87109375,59.4326171875,0.5097735524177551,False,False,False,True,True,True,True,False,True,0.344161719083786,0.5097735524177551,0.94921875,0.94921875,1,20,41425,482,40943,0.9029889106750488,0.9375400543212891,0.034551143646240234,0,0,10,0,0,55,nan,nan,,,0,0,False,False,NO_CURRENT_SUPPORT
seq0012,seq0012_valref_001176,1706258286.374316,6.072279930114746,4.462156772613525,59.75559616088867,6.044921875,4.86328125,59.4423828125,0.5096586346626282,False,False,False,True,True,True,True,False,True,0.3557124733924866,0.5096586346626282,0.9375,0.9375,1,20,41425,482,40943,0.9029889106750488,0.9771978855133057,0.07420897483825684,0,0,10,0,0,53,nan,nan,,,0,0,False,False,NO_CURRENT_SUPPORT
seq0012,seq0012_valref_001177,1706258286.4226606,6.113743782043457,4.447761058807373,59.756324768066406,5.693359375,4.5390625,59.671875,0.4383956789970398,False,False,True,True,True,True,True,True,True,0.4383956789970398,0.4383956789970398,0.91796875,0.91796875,1,20,41467,554,40913,0.9031949043273926,0.9255845546722412,0.022389650344848633,0,1,9,0,1,55,1706258286.397078,0.025582551956176758,18,Avia,1,1,True,True,CURRENT_SUPPORT
seq0012,seq0012_valref_001178,1706258286.474437,6.155185222625732,4.433333873748779,59.75660705566406,5.70458984375,4.55078125,59.68359375,0.471339613199234,False,False,True,True,True,True,True,True,True,0.471339613199234,0.471339613199234,0.89453125,0.89453125,1,20,41467,554,40913,0.9031949043273926,0.9773609638214111,0.07416605949401855,0,0,9,0,0,55,nan,nan,,,0,0,False,False,NO_CURRENT_SUPPORT
seq0012,seq0012_valref_001179,1706258286.5212193,6.194605827331543,4.419079780578613,59.75712585449219,6.046875,5.16796875,59.0849609375,1.017086386680603,False,False,False,False,True,False,True,False,False,0.8888689875602722,1.017086386680603,0.80859375,0.6640625,2,20,41514,611,40903,0.903019905090332,0.9240422248840332,0.021022319793701172,0,0,10,0,0,58,nan,nan,,,0,0,False,False,NO_CURRENT_SUPPORT
seq0012,seq0012_valref_001180,1706258286.5765903,6.277910232543945,4.390725135803223,59.75822448730469,6.056640625,5.19921875,59.041015625,1.103182077407837,False,False,False,False,True,False,True,False,False,0.9790663719177246,1.103182077407837,0.7734375,0.5625,2,20,41514,611,40903,0.903019905090332,0.9794132709503174,0.07639336585998535,0,0,10,0,0,53,nan,nan,,,0,0,False,False,NO_CURRENT_SUPPORT
seq0012,seq0012_valref_001181,1706258286.6345954,6.318889141082764,4.3771820068359375,59.75978088378906,6.130859375,5.16015625,58.982421875,1.119236707687378,False,False,False,False,True,False,True,False,False,0.9577805399894714,1.119236707687378,0.71875,0.359375,4,20,41551,606,40945,0.90301513671875,0.9375004768371582,0.0344853401184082,0,0,10,0,0,53,nan,nan,,,0,0,False,False,NO_CURRENT_SUPPORT
seq0012,seq0012_valref_001182,1706258286.6739576,6.356898784637451,4.36522102355957,59.760990142822266,6.13671875,5.203125,58.939453125,1.1939369440078735,False,False,False,False,True,False,False,False,False,1.0172439813613892,1.1939369440078735,0.67578125,nan,,20,41551,606,40945,0.90301513671875,0.9768626689910889,0.07384753227233887,0,0,10,0,0,52,nan,nan,,,0,0,False,False,NO_CURRENT_SUPPORT
seq0012,seq0012_valref_001183,1706258286.7231388,6.39644193649292,4.353618144989014,59.76187515258789,6.2342529296875,5.23828125,58.927734375,1.2266722917556763,False,False,False,False,True,False,False,False,False,1.036394476890564,1.2266722917556763,0.71875,nan,,20,41457,599,40858,0.9032018184661865,0.9261167049407959,0.022914886474609375,0,0,10,0,0,55,nan,nan,,,0,0,False,False,NO_CURRENT_SUPPORT
seq0012,seq0012_valref_001184,1706258286.7741418,6.435100078582764,4.34138822555542,59.7626838684082,6.275634765625,5.294921875,58.83203125,1.3419276475906372,False,False,False,False,True,False,False,False,False,1.1288870573043823,1.3419276475906372,0.6171875,nan,,20,41457,599,40858,0.9032018184661865,0.9771196842193604,0.07391786575317383,0,0,10,0,0,52,nan,nan,,,0,0,False,False,NO_CURRENT_SUPPORT
seq0012,seq0012_valref_001185,1706258286.823951,6.477509021759033,4.326242923736572,59.76140594482422,6.249073028564453,5.05859375,59.2244873046875,0.936377227306366,False,False,False,True,True,False,True,False,True,0.7871142029762268,0.936377227306366,0.875,0.875,1,20,41470,580,40890,0.9030599594116211,0.9268488883972168,0.023788928985595703,0,0,10,0,0,54,nan,nan,,,0,0,False,False,NO_CURRENT_SUPPORT
seq0012,seq0012_valref_001186,1706258286.876083,6.558424949645996,4.295722007751465,59.75852966308594,6.2674560546875,5.08203125,59.1513671875,1.0351769924163818,False,False,False,False,True,False,True,False,False,0.880365252494812,1.0351769924163818,0.80859375,0.609375,4,20,41470,580,40890,0.9030599594116211,0.9789807796478271,0.07592082023620605,0,0,10,0,0,48,nan,nan,,,0,0,False,False,NO_CURRENT_SUPPORT
seq0012,seq0012_valref_001187,1706258286.9342616,6.600069046020508,4.281487941741943,59.75767135620117,6.16455078125,4.875,59.462890625,0.7929869890213013,False,False,False,True,True,False,True,False,True,0.7015672326087952,0.7929869890213013,0.88671875,0.88671875,1,20,41604,574,41030,0.903130054473877,0.9372246265411377,0.03409457206726074,0,1,10,0,1,50,1706258286.897086,0.037175655364990234,18,Avia,1,1,True,True,CURRENT_SUPPORT
seq0012,seq0012_valref_001188,1706258286.9749389,6.639738082885742,4.266074180603027,59.757041931152344,6.1962890625,4.89453125,59.4150390625,0.8417667746543884,False,False,False,True,True,False,True,False,True,0.7202506065368652,0.8417667746543884,0.8046875,0.8046875,1,20,41604,574,41030,0.903130054473877,0.9779019355773926,0.07477188110351562,0,1,10,0,1,48,1706258286.897086,0.07785296440124512,18,Avia,1,1,True,True,CURRENT_SUPPORT
seq0012,seq0012_valref_001189,1706258287.021086,6.682305812835693,4.252003192901611,59.75718688964844,6.2410888671875,4.5390625,59.70703125,0.5287636518478394,False,False,False,True,True,False,True,False,True,0.5287636518478394,0.5287636518478394,0.83984375,0.83984375,1,20,41566,587,40979,0.9031579494476318,0.9239699840545654,0.020812034606933594,0,1,10,0,1,47,1706258286.897086,0.12400007247924805,16,Avia,1,1,True,True,CURRENT_SUPPORT
seq0012,seq0012_valref_001190,1706258287.1253233,6.817251205444336,4.203132152557373,59.759185791015625,6.7430419921875,4.86328125,59.537109375,0.7004439830780029,False,False,False,True,True,False,True,False,True,0.5388796925544739,0.7004439830780029,0.76953125,0.76953125,1,20,41570,611,40959,0.9030611515045166,0.9282383918762207,0.0251772403717041,0,0,10,0,0,44,nan,nan,,,0,0,False,False,NO_CURRENT_SUPPORT
seq0012,seq0012_valref_001191,1706258287.1745932,6.861033916473389,4.1874918937683105,59.76032257080078,6.7978515625,4.86328125,59.548828125,0.7109241485595703,False,False,False,True,True,False,True,False,True,0.53458172082901,0.7109241485595703,0.73828125,0.73828125,1,20,41570,611,40959,0.9030611515045166,0.9775083065032959,0.0744471549987793,0,0,10,0,0,42,nan,nan,,,0,0,False,False,NO_CURRENT_SUPPORT
seq0012,seq0012_valref_001192,1706258287.2213612,6.904706954956055,4.170177936553955,59.76051330566406,6.64501953125,4.65625,59.6015625,0.5735581517219543,False,False,False,True,True,False,True,False,True,0.5530158877372742,0.5735581517219543,0.8359375,0.8359375,1,20,41553,601,40952,0.9029510021209717,0.9242162704467773,0.021265268325805664,0,0,10,0,0,44,nan,nan,,,0,0,False,False,NO_CURRENT_SUPPORT
seq0012,seq0012_valref_001193,1706258287.273093,6.947583198547363,4.154036998748779,59.76198959350586,6.68115234375,4.6484375,59.61328125,0.5809745192527771,False,False,False,True,True,False,True,False,True,0.5595172643661499,0.5809745192527771,0.79296875,0.79296875,1,20,41553,601,40952,0.9029510021209717,0.9759480953216553,0.0729970932006836,0,0,10,0,0,42,nan,nan,,,0,0,False,False,NO_CURRENT_SUPPORT
seq0012,seq0012_valref_001194,1706258287.3237162,6.991408824920654,4.137466907501221,59.76289367675781,6.84326171875,4.5078125,59.28173828125,0.6249911785125732,False,False,False,True,True,False,True,False,True,0.6249911785125732,0.6249911785125732,0.65234375,0.65234375,1,20,41417,558,40859,0.9031839370727539,0.926638126373291,0.02345418930053711,0,0,10,0,0,41,nan,nan,,,0,0,False,False,NO_CURRENT_SUPPORT
seq0012,seq0012_valref_001195,1706258287.3780277,7.076929092407227,4.1022539138793945,59.76416015625,6.8642578125,4.5078125,59.26434326171875,0.6778818368911743,False,False,False,True,True,False,True,False,True,0.6778818368911743,0.6778818368911743,0.59375,0.59375,1,20,41417,558,40859,0.9031839370727539,0.9809496402740479,0.07776570320129395,0,0,10,0,0,39,nan,nan,,,0,0,False,False,NO_CURRENT_SUPPORT
seq0012,seq0012_valref_001196,1706258287.4369893,7.12029504776001,4.082328796386719,59.76430892944336,6.9697265625,4.65625,59.029296875,0.94461590051651,False,False,False,True,True,False,True,False,True,0.94461590051651,0.94461590051651,0.62109375,0.62109375,1,20,41357,533,40824,0.9030978679656982,0.9399192333221436,0.03682136535644531,0,0,10,0,0,40,nan,nan,,,0,0,False,False,NO_CURRENT_SUPPORT
seq0012,seq0012_valref_001197,1706258287.474489,7.160735130310059,4.063636779785156,59.76457595825195,6.9794921875,4.66015625,59.0224609375,0.9692363739013672,False,False,False,True,True,False,True,False,True,0.9692363739013672,0.9692363739013672,0.57421875,0.57421875,1,20,41357,533,40824,0.9030978679656982,0.9774188995361328,0.07432103157043457,0,0,9,0,0,37,nan,nan,,,0,0,False,False,NO_CURRENT_SUPPORT
seq0012,seq0012_valref_001198,1706258287.5225952,7.2004828453063965,4.043724060058594,59.763877868652344,6.9794921875,5.2109375,58.853515625,1.4966574907302856,False,False,False,False,True,False,False,False,False,1.2447162866592407,1.4966574907302856,0.73046875,nan,,20,41315,473,40842,0.9030139446258545,0.9254741668701172,0.022460222244262695,0,0,9,0,0,38,nan,nan,,,0,0,False,False,NO_CURRENT_SUPPORT
seq0012,seq0012_valref_001199,1706258287.5749505,7.239062786102295,4.024786949157715,59.76384353637695,7.005859375,5.21875,58.833984375,1.5311987400054932,False,False,False,False,True,False,False,False,False,1.2599657773971558,1.5311987400054932,0.64453125,nan,,20,41315,473,40842,0.9030139446258545,0.9778294563293457,0.07481551170349121,0,0,9,0,0,37,nan,nan,,,0,0,False,False,NO_CURRENT_SUPPORT
seq0013,seq0013_valref_001200,1706258737.5108986,-0.4927830100059509,4.428464889526367,3.821674108505249,nan,nan,nan,nan,True,True,False,False,False,False,False,False,False,nan,nan,nan,nan,,0,0,0,0,nan,nan,nan,0,0,0,0,0,0,nan,nan,,,0,0,False,False,NO_CURRENT_SUPPORT
seq0013,seq0013_valref_001201,1706258737.5720584,-0.43786099553108215,4.427387237548828,3.821216106414795,nan,nan,nan,nan,True,True,False,False,False,False,False,False,False,nan,nan,nan,nan,,0,0,0,0,nan,nan,nan,0,0,0,0,0,0,nan,nan,,,0,0,False,False,NO_CURRENT_SUPPORT
seq0013,seq0013_valref_001202,1706258737.6093137,-0.38216298818588257,4.425650119781494,3.820533037185669,-0.7510147094726562,4.41796875,4.0703125,0.445533812046051,False,False,True,True,True,True,True,True,True,0.3324463963508606,0.445533812046051,0.96875,0.96875,1,2,3917,1,3916,0.006576061248779297,0.014935731887817383,0.008359670639038086,1,1,1,5,9,9,1706258737.600954,0.008359670639038086,1,Mid360,1,9,True,True,CURRENT_SUPPORT
seq0013,seq0013_valref_001203,1706258737.658726,-0.3304719924926758,4.423251152038574,3.8196840286254883,-0.7475433349609375,4.427734375,4.109375,0.5078281760215759,False,False,False,True,True,True,True,False,True,0.3611204922199249,0.5078281760215759,0.9609375,0.9609375,1,2,3917,1,3916,0.006576061248779297,0.06434798240661621,0.057771921157836914,1,1,1,5,9,9,1706258737.600954,0.057771921157836914,1,Mid360,1,9,True,True,CURRENT_SUPPORT
seq0013,seq0013_valref_001204,1706258737.709508,-0.27777400612831116,4.420931816101074,3.819633960723877,-0.5224609375,4.282958984375,3.890625,0.28973767161369324,False,False,True,True,True,True,True,True,True,0.26686275005340576,0.28973767161369324,0.984375,0.984375,1,4,7816,2,7814,0.10553598403930664,0.11512994766235352,0.009593963623046875,2,2,2,7,14,14,1706258737.699914,0.009593963623046875,3,Mid360,2,14,True,True,CURRENT_SUPPORT
seq0013,seq0013_valref_001205,1706258737.7661624,-0.17299899458885193,4.417652130126953,3.8210771083831787,-0.515625,4.28515625,3.91796875,0.37991541624069214,False,False,True,True,True,True,True,True,True,0.3468465805053711,0.37991541624069214,0.984375,0.984375,1,4,7816,2,7814,0.10553598403930664,0.1717844009399414,0.06624841690063477,2,2,2,5,14,14,1706258737.699914,0.06624841690063477,3,Mid360,2,14,True,True,CURRENT_SUPPORT
seq0013,seq0013_valref_001206,1706258737.812099,-0.11839800328016281,4.416341781616211,3.8222060203552246,-0.21044921875,4.62890625,3.7734375,0.236718088388443,False,False,True,True,True,True,True,True,True,0.236718088388443,0.236718088388443,0.9921875,0.9921875,1,6,11825,3,11822,0.20538902282714844,0.21772098541259766,0.012331962585449219,3,3,3,4,22,22,1706258737.799767,0.012331962585449219,5,Mid360,2,13,True,True,CURRENT_SUPPORT
seq0013,seq0013_valref_001207,1706258737.8586757,-0.06243100017309189,4.4147629737854,3.823767900466919,-0.20751953125,4.63037109375,3.7890625,0.2621869742870331,False,False,True,True,True,True,True,True,True,0.2621869742870331,0.2621869742870331,0.9921875,0.9921875,1,6,11825,3,11822,0.20538902282714844,0.2642977237701416,0.058908700942993164,2,3,3,2,22,22,1706258737.799767,0.058908700942993164,5,Mid360,2,13,True,True,CURRENT_SUPPORT
seq0013,seq0013_valref_001208,1706258737.9090736,-0.007327999919652939,4.412599086761475,3.825061082839966,-0.5634765625,4.0087890625,3.98046875,0.7046384215354919,False,False,False,True,True,True,True,False,True,0.2452400177717209,0.7046384215354919,0.98828125,0.98828125,1,8,15772,3,15769,0.3057401180267334,0.3146955966949463,0.00895547866821289,2,4,4,10,40,40,1706258737.900118,0.00895547866821289,7,Mid360,2,26,True,True,CURRENT_SUPPORT
seq0013,seq0013_valref_001209,1706258737.962784,0.04901000112295151,4.409648895263672,3.826303005218506,-0.55078125,4.0,4.0,0.7468148469924927,False,False,False,True,True,True,True,False,True,0.28233858942985535,0.7468148469924927,0.98828125,0.98828125,1,8,15772,3,15769,0.3057401180267334,0.3684060573577881,0.06266593933105469,1,4,4,8,40,40,1706258737.900118,0.06266593933105469,7,Mid360,2,26,True,True,CURRENT_SUPPORT
seq0013,seq0013_valref_001210,1706258738.0069282,0.10046499967575073,4.4059247970581055,3.8266661167144775,-0.095703125,4.0625,3.83984375,0.39572232961654663,False,False,True,True,True,True,True,True,True,0.2549254596233368,0.39572232961654663,0.98828125,0.98828125,1,10,19660,3,19657,0.4056251049041748,0.4125502109527588,0.006925106048583984,2,5,5,6,49,49,1706258738.000003,0.006925106048583984,9,Mid360,2,27,True,True,CURRENT_SUPPORT
seq0013,seq0013_valref_001211,1706258738.0613647,0.14774499833583832,4.401461124420166,3.826848030090332,-0.08984375,4.0478515625,3.859375,0.42725419998168945,False,False,True,True,True,True,True,True,True,0.262263685464859,0.42725419998168945,0.98828125,0.98828125,1,10,19660,3,19657,0.4056251049041748,0.46698665618896484,0.06136155128479004,2,5,5,4,48,49,1706258738.000003,0.06136155128479004,9,Mid360,2,27,True,True,CURRENT_SUPPORT
seq0013,seq0013_valref_001212,1706258738.1108081,0.24570199847221375,4.389418125152588,3.8261709213256836,-0.0380859375,4.1162109375,3.84765625,0.3945115804672241,False,False,True,True,True,True,True,True,True,0.22670628130435944,0.3945115804672241,0.984375,0.984375,1,12,23698,4,23694,0.5054540634155273,0.516430139541626,0.010976076126098633,0,6,6,0,51,56,1706258738.099832,0.010976076126098633,11,Mid360,2,16,True,True,CURRENT_SUPPORT
seq0013,seq0013_valref_001213,1706258738.160117,0.2960900068283081,4.381992816925049,3.8254899978637695,0.0712890625,4.33056640625,3.7265625,0.25093182921409607,False,False,True,True,True,True,True,True,True,0.25093182921409607,0.25093182921409607,0.984375,0.984375,1,12,23698,4,23694,0.5054540634155273,0.5657389163970947,0.06028485298156738,0,6,6,0,49,56,1706258738.099832,0.06028485298156738,11,Mid360,2,16,True,True,CURRENT_SUPPORT
seq0013,seq0013_valref_001214,1706258738.2090304,0.35169100761413574,4.37310791015625,3.8245439529418945,-0.0322265625,4.0400390625,3.96875,0.528320848941803,False,False,False,True,True,True,True,False,True,0.33175092935562134,0.528320848941803,0.984375,0.984375,1,14,27600,5,27595,0.6056830883026123,0.6146523952484131,0.008969306945800781,1,7,7,5,56,66,1706258738.200061,0.008969306945800781,13,Mid360,2,17,True,True,CURRENT_SUPPORT
seq0013,seq0013_valref_001215,1706258738.2555983,0.4046750068664551,4.3635640144348145,3.8235769271850586,-0.025390625,4.029296875,3.98046875,0.5668386220932007,False,False,False,True,True,True,True,False,True,0.3709203898906708,0.5668386220932007,0.98046875,0.98046875,1,14,27600,5,27595,0.6056830883026123,0.6612203121185303,0.05553722381591797,1,7,7,3,53,66,1706258738.200061,0.05553722381591797,13,Mid360,2,17,True,True,CURRENT_SUPPORT
seq0013,seq0013_valref_001216,1706258738.307783,0.45465800166130066,4.355147838592529,3.8229739665985107,0.18896484375,4.1318359375,3.8125,0.34723299741744995,False,False,True,True,True,True,True,True,True,0.24973009526729584,0.34723299741744995,0.98828125,0.98828125,1,16,31605,5,31600,0.7055280208587646,0.7134048938751221,0.007876873016357422,2,8,8,6,58,75,1706258738.299906,0.007876873016357422,15,Mid360,2,19,True,True,CURRENT_SUPPORT
seq0013,seq0013_valref_001217,1706258738.3590097,0.5051630139350891,4.346288204193115,3.8226659297943115,0.197265625,4.1201171875,3.83203125,0.3821541965007782,False,False,True,True,True,True,True,True,True,0.27457189559936523,0.3821541965007782,0.98828125,0.98828125,1,16,31605,5,31600,0.7055280208587646,0.7646317481994629,0.05910372734069824,2,7,8,4,51,75,1706258738.299906,0.05910372734069824,15,Mid360,2,19,True,True,CURRENT_SUPPORT
seq0013,seq0013_valref_001218,1706258738.4080656,0.5499590039253235,4.339034080505371,3.8226330280303955,0.3427734375,4.314453125,3.78515625,0.21197780966758728,False,False,True,True,True,True,True,True,True,0.21197780966758728,0.21197780966758728,0.98828125,0.98828125,1,18,35602,5,35597,0.8054609298706055,0.8136875629425049,0.008226633071899414,1,8,9,2,53,80,1706258738.399839,0.008226633071899414,17,Mid360,2,14,True,True,CURRENT_SUPPORT
seq0013,seq0013_valref_001219,1706258738.461535,0.5959929823875427,4.3315749168396,3.822957992553711,0.35888671875,4.311279296875,3.8046875,0.2386736422777176,False,False,True,True,True,True,True,True,True,0.2386736422777176,0.2386736422777176,0.98828125,0.98828125,1,18,35602,5,35597,0.8054609298706055,0.867156982421875,0.06169605255126953,1,7,9,1,50,80,1706258738.399839,0.06169605255126953,17,Mid360,2,14,True,True,CURRENT_SUPPORT
seq0013,seq0013_valref_001220,1706258738.5106723,0.6392409801483154,4.3238420486450195,3.8236849308013916,0.53515625,4.15185546875,3.953125,0.23909777402877808,False,False,True,True,True,True,True,True,True,0.22446706891059875,0.23909777402877808,0.98046875,0.98046875,1,20,39456,5,39451,0.9066340923309326,0.9162943363189697,0.00966024398803711,1,8,10,13,63,95,1706258738.501012,0.00966024398803711,19,Mid360,2,20,True,True,CURRENT_SUPPORT
seq0013,seq0013_valref_001221,1706258738.5663984,0.7294480204582214,4.305561065673828,3.8242900371551514,0.55078125,4.13330078125,3.97265625,0.2891504168510437,False,False,True,True,True,True,True,True,True,0.21920061111450195,0.2891504168510437,0.9765625,0.9765625,1,20,39456,5,39451,0.9066340923309326,0.9720203876495361,0.06538629531860352,1,8,10,10,55,95,1706258738.501012,0.06538629531860352,19,Mid360,2,20,True,True,CURRENT_SUPPORT
seq0013,seq0013_valref_001222,1706258738.6116898,0.7736639976501465,4.294122219085693,3.8234450817108154,0.7021484375,4.2724609375,3.7734375,0.08991353958845139,False,False,True,True,True,True,True,True,True,0.08991353958845139,0.08991353958845139,0.96484375,0.96484375,1,20,39523,4,39519,0.9054610729217529,0.9172399044036865,0.011778831481933594,2,8,10,11,62,97,1706258738.599911,0.011778831481933594,19,Mid360,2,26,True,True,CURRENT_SUPPORT
seq0013,seq0013_valref_001223,1706258738.6572208,0.8125090003013611,4.280707836151123,3.822166919708252,0.710205078125,4.2755126953125,3.7890625,0.10765215009450912,False,False,True,True,True,True,True,True,True,0.10765215009450912,0.10765215009450912,0.97265625,0.97265625,1,20,39523,4,39519,0.9054610729217529,0.962770938873291,0.057309865951538086,2,8,10,10,55,97,1706258738.599911,0.057309865951538086,19,Mid360,2,26,True,True,CURRENT_SUPPORT
seq0013,seq0013_valref_001224,1706258738.7077136,0.8549699783325195,4.266994953155518,3.8204610347747803,0.919921875,4.24713134765625,3.693359375,0.14411155879497528,False,False,True,True,True,True,True,True,True,0.14411155879497528,0.14411155879497528,0.9765625,0.9765625,1,20,39571,3,39568,0.9054479598999023,0.9133355617523193,0.007887601852416992,3,8,10,8,59,101,1706258738.699826,0.007887601852416992,19,Mid360,2,20,True,True,CURRENT_SUPPORT
seq0013,seq0013_valref_001225,1706258738.7610486,0.8971390128135681,4.252723217010498,3.819042921066284,0.9326171875,4.240966796875,3.708984375,0.11623165756464005,False,False,True,True,True,True,True,True,True,0.11623165756464005,0.11623165756464005,0.98046875,0.98046875,1,20,39571,3,39568,0.9054479598999023,0.9666705131530762,0.06122255325317383,3,6,10,4,54,101,1706258738.699826,0.06122255325317383,19,Mid360,2,20,True,True,CURRENT_SUPPORT
seq0013,seq0013_valref_001226,1706258738.8102088,0.9766039848327637,4.223239898681641,3.817995071411133,0.8828125,4.1171875,3.875,0.15262213349342346,False,False,True,True,True,True,True,True,True,0.15262213349342346,0.15262213349342346,0.98828125,0.98828125,1,20,39439,2,39437,0.9055619239807129,0.9157106876373291,0.010148763656616211,2,7,10,14,69,112,1706258738.80006,0.010148763656616211,19,Mid360,2,28,True,True,CURRENT_SUPPORT
seq0013,seq0013_valref_001227,1706258738.8579793,1.0169960260391235,4.209268093109131,3.818053960800171,0.890625,4.1015625,3.8984375,0.18447667360305786,False,False,True,True,True,True,True,True,True,0.18447667360305786,0.18447667360305786,0.984375,0.984375,1,20,39439,2,39437,0.9055619239807129,0.9634811878204346,0.05791926383972168,2,7,10,14,66,112,1706258738.80006,0.05791926383972168,19,Mid360,2,28,True,True,CURRENT_SUPPORT
seq0013,seq0013_valref_001228,1706258738.908388,1.0594979524612427,4.194201946258545,3.818679094314575,0.91015625,4.14013671875,3.890625,0.17436228692531586,False,False,True,True,True,True,True,True,True,0.17436228692531586,0.17436228692531586,0.984375,0.984375,1,20,39524,2,39522,0.9056191444396973,0.9139859676361084,0.008366823196411133,3,8,10,15,81,112,1706258738.900021,0.008366823196411133,19,Mid360,2,37,True,True,CURRENT_SUPPORT
seq0013,seq0013_valref_001229,1706258738.9599235,1.101410984992981,4.178064823150635,3.818449020385742,0.9169921875,3.7320556640625,4.01953125,0.5228465795516968,False,False,False,True,True,True,True,False,True,0.21663279831409454,0.5228465795516968,0.98046875,0.98046875,1,20,39524,2,39522,0.9056191444396973,0.9655215740203857,0.05990242958068848,2,8,10,12,78,112,1706258738.900021,0.05990242958068848,19,Mid360,2,37,True,True,CURRENT_SUPPORT
seq0013,seq0013_valref_001230,1706258739.0091057,1.141605019569397,4.1623101234436035,3.818402051925659,1.025390625,4.2225341796875,3.859375,0.13715504109859467,False,False,True,True,True,True,True,True,True,0.13715504109859467,0.13715504109859467,0.98828125,0.98828125,1,20,39623,2,39621,0.9054520130157471,0.9147257804870605,0.009273767471313477,3,9,10,16,88,117,1706258738.999832,0.009273767471313477,19,Mid360,2,32,True,True,CURRENT_SUPPORT
seq0013,seq0013_valref_001231,1706258739.0577765,1.180076003074646,4.146271228790283,3.8183889389038086,1.0009765625,4.1240234375,3.86328125,0.18597550690174103,False,False,True,True,True,True,True,True,True,0.18073426187038422,0.18597550690174103,0.98828125,0.98828125,1,20,39623,2,39621,0.9054520130157471,0.9633965492248535,0.057944536209106445,3,8,10,15,87,117,1706258738.999832,0.057944536209106445,19,Mid360,2,32,True,True,CURRENT_SUPPORT
seq0013,seq0013_valref_001232,1706258739.1112695,1.2560590505599976,4.1131110191345215,3.8178539276123047,1.1181640625,3.947265625,3.99609375,0.27980199456214905,False,False,True,True,True,True,True,True,True,0.2040790319442749,0.27980199456214905,0.98046875,0.98046875,1,20,39479,1,39478,0.9065530300140381,0.9168245792388916,0.010271549224853516,3,7,10,15,87,119,1706258739.100998,0.010271549224853516,19,Mid360,2,23,True,True,CURRENT_SUPPORT
seq0013,seq0013_valref_001233,1706258739.159026,1.256060004234314,4.1131110191345215,3.8178539276123047,1.123046875,3.943359375,4.00390625,0.284822016954422,False,False,True,True,True,True,True,True,True,0.21605287492275238,0.284822016954422,0.98046875,0.98046875,1,20,39479,1,39478,0.9065530300140381,0.9645810127258301,0.05802798271179199,3,7,10,15,87,119,1706258739.100998,0.05802798271179199,19,Mid360,2,23,True,True,CURRENT_SUPPORT
seq0013,seq0013_valref_001234,1706258739.2077703,1.3333029747009277,4.0750579833984375,3.816711902618408,1.35791015625,4.16650390625,3.85546875,0.10232283920049667,False,False,True,True,True,True,True,True,True,0.10232283920049667,0.10232283920049667,0.98828125,0.98828125,1,20,39661,0,39661,0.9055280685424805,0.913379430770874,0.007851362228393555,2,8,10,8,95,125,1706258739.199919,0.007851362228393555,19,Mid360,2,25,True,True,CURRENT_SUPPORT
seq0013,seq0013_valref_001235,1706258739.2592347,1.370445966720581,4.055307865142822,3.815429925918579,1.36181640625,4.16650390625,3.87109375,0.12464947253465652,False,False,True,True,True,True,True,True,True,0.12464947253465652,0.12464947253465652,0.98828125,0.98828125,1,20,39661,0,39661,0.9055280685424805,0.96484375,0.05931568145751953,2,8,10,7,92,125,1706258739.199919,0.05931568145751953,19,Mid360,2,25,True,True,CURRENT_SUPPORT
seq0013,seq0013_valref_001236,1706258739.3096929,1.4038779735565186,4.033846855163574,3.814197063446045,1.2708740234375,4.0908203125,3.9375,0.19010429084300995,False,False,True,True,True,True,True,True,True,0.18239374458789825,0.19010429084300995,0.98828125,0.98828125,1,20,39518,0,39518,0.9053759574890137,0.9152357578277588,0.009859800338745117,3,9,10,12,96,125,1706258739.299833,0.009859800338745117,19,Mid360,2,25,True,True,CURRENT_SUPPORT
seq0013,seq0013_valref_001237,1706258739.3598735,1.4385930299758911,4.012810230255127,3.8129050731658936,1.2755126953125,4.0830078125,3.953125,0.22623997926712036,False,False,True,True,True,True,True,True,True,0.2144884467124939,0.22623997926712036,0.98828125,0.98828125,1,20,39518,0,39518,0.9053759574890137,0.965416431427002,0.06004047393798828,1,9,10,8,89,125,1706258739.299833,0.06004047393798828,19,Mid360,2,25,True,True,CURRENT_SUPPORT
seq0013,seq0013_valref_001238,1706258739.4083,1.5060820579528809,3.9690968990325928,3.811002016067505,1.2442626953125,4.1044921875,3.96875,0.3343137502670288,False,False,True,True,True,True,True,True,True,0.28663840889930725,0.3343137502670288,0.98828125,0.98828125,1,20,39440,0,39440,0.9065370559692383,0.913902997970581,0.0073659420013427734,2,9,10,11,90,128,1706258739.400934,0.0073659420013427734,19,Mid360,2,17,True,True,CURRENT_SUPPORT
seq0013,seq0013_valref_001239,1706258739.4608414,1.5382200479507446,3.9461729526519775,3.809720039367676,1.24456787109375,4.1005859375,3.98828125,0.37677454948425293,False,False,True,True,True,True,True,True,True,0.3054075241088867,0.37677454948425293,0.98828125,0.98828125,1,20,39440,0,39440,0.9065370559692383,0.9664444923400879,0.05990743637084961,2,9,10,10,86,128,1706258739.400934,0.05990743637084961,19,Mid360,2,17,True,True,CURRENT_SUPPORT
seq0013,seq0013_valref_001240,1706258739.5359933,1.6031270027160645,3.8991310596466064,3.807543992996216,1.494140625,3.951171875,3.94140625,0.18029248714447021,False,False,True,True,True,True,True,True,True,0.18029248714447021,0.18029248714447021,0.98828125,0.98828125,1,20,39571,0,39571,0.905627965927124,0.9416143894195557,0.03598642349243164,3,9,10,7,85,123,1706258739.500007,0.03598642349243164,19,Mid360,2,18,True,True,CURRENT_SUPPORT
seq0013,seq0013_valref_001241,1706258739.579689,1.6345820426940918,3.8751840591430664,3.806842088699341,1.4921875,3.947265625,3.953125,0.2164963036775589,False,False,True,True,True,True,True,True,True,0.2164963036775589,0.2164963036775589,0.984375,0.984375,1,20,39571,0,39571,0.905627965927124,0.9853100776672363,0.0796821117401123,3,9,10,7,79,123,1706258739.500007,0.0796821117401123,19,Mid360,2,18,True,True,CURRENT_SUPPORT
seq0013,seq0013_valref_001242,1706258739.6208875,1.6624740362167358,3.852375030517578,3.805828094482422,1.48828125,3.876953125,3.96484375,0.2371353805065155,False,False,True,True,True,True,True,True,True,0.2371353805065155,0.2371353805065155,0.98046875,0.98046875,1,20,39438,0,39438,0.9065618515014648,0.9264414310455322,0.019879579544067383,4,9,10,17,90,127,1706258739.601008,0.019879579544067383,19,Mid360,2,25,True,True,CURRENT_SUPPORT
seq0013,seq0013_valref_001243,1706258739.6655204,1.6931480169296265,3.828618049621582,3.8050789833068848,1.4892578125,3.87890625,3.98046875,0.27360865473747253,False,False,True,True,True,True,True,True,True,0.27360865473747253,0.27360865473747253,0.9765625,0.9765625,1,20,39438,0,39438,0.9065618515014648,0.9710743427276611,0.06451249122619629,4,9,10,14,87,127,1706258739.601008,0.06451249122619629,19,Mid360,2,25,True,True,CURRENT_SUPPORT
seq0013,seq0013_valref_001244,1706258739.7159793,1.724208950996399,3.803015947341919,3.803925037384033,1.4404296875,3.8359375,3.953125,0.3222966492176056,False,False,True,True,True,True,True,True,True,0.10244206339120865,0.3222966492176056,0.97265625,0.97265625,1,20,39401,0,39401,0.9065649509429932,0.9215972423553467,0.015032291412353516,5,10,10,16,92,127,1706258739.700947,0.015032291412353516,19,Mid360,2,24,True,True,CURRENT_SUPPORT
seq0013,seq0013_valref_001245,1706258739.762171,1.7554850578308105,3.7760000228881836,3.8034698963165283,1.4453125,3.83984375,3.9609375,0.35366520285606384,False,False,True,True,True,True,True,True,True,0.13175290822982788,0.35366520285606384,0.96484375,0.96484375,1,20,39401,0,39401,0.9065649509429932,0.9677889347076416,0.06122398376464844,5,10,10,14,88,127,1706258739.700947,0.06122398376464844,19,Mid360,2,24,True,True,CURRENT_SUPPORT
seq0013,seq0013_valref_001246,1706258739.8084946,1.785315990447998,3.7509829998016357,3.8024919033050537,2.134765625,3.8359375,3.9921875,0.40659162402153015,False,False,True,True,True,True,True,True,True,0.09950792789459229,0.40659162402153015,0.984375,0.984375,1,20,39450,0,39450,0.9053859710693359,0.9139845371246338,0.008598566055297852,4,10,10,12,89,119,1706258739.799896,0.008598566055297852,19,Mid360,2,20,True,True,CURRENT_SUPPORT
seq0013,seq0013_valref_001247,1706258739.860095,1.814350962638855,3.7259318828582764,3.802603006362915,1.752899169921875,3.750314712524414,3.91015625,0.12624795734882355,False,False,True,True,True,True,True,True,True,0.12624795734882355,0.12624795734882355,0.98046875,0.98046875,1,20,39450,0,39450,0.9053859710693359,0.9655849933624268,0.06019902229309082,4,9,10,12,82,119,1706258739.799896,0.06019902229309082,19,Mid360,2,20,True,True,CURRENT_SUPPORT
seq0013,seq0013_valref_001248,1706258739.908654,1.8426510095596313,3.6997320652008057,3.802504062652588,1.82568359375,3.4921875,4.0078125,0.2924281060695648,False,False,True,True,True,True,True,True,True,0.2924281060695648,0.2924281060695648,0.984375,0.984375,1,20,39270,0,39270,0.9054021835327148,0.9142310619354248,0.008828878402709961,5,10,10,20,87,111,1706258739.899825,0.008828878402709961,19,Mid360,2,21,True,True,CURRENT_SUPPORT
seq0013,seq0013_valref_001249,1706258739.961907,1.870182991027832,3.6745150089263916,3.8025100231170654,1.8359375,3.494140625,4.0234375,0.2872570753097534,False,False,True,True,True,True,True,True,True,0.2872570753097534,0.2872570753097534,0.984375,0.984375,1,20,39270,0,39270,0.9054021835327148,0.9674839973449707,0.06208181381225586,5,10,10,18,83,111,1706258739.899825,0.06208181381225586,19,Mid360,2,21,True,True,CURRENT_SUPPORT
seq0013,seq0013_valref_001250,1706258740.0134852,1.9245619773864746,3.6214399337768555,3.8027069568634033,1.908203125,3.63916015625,3.94921875,0.14848341047763824,False,False,True,True,True,True,True,True,True,0.14848341047763824,0.14848341047763824,0.9296875,0.9296875,1,20,39253,0,39253,0.9065320491790771,0.9191012382507324,0.012569189071655273,4,10,10,12,76,101,1706258740.000916,0.012569189071655273,19,Mid360,2,14,True,True,CURRENT_SUPPORT
seq0013,seq0013_valref_001251,1706258740.10357,1.9517229795455933,3.5937600135803223,3.802561044692993,2.119140625,3.38671875,3.84765625,0.2700524628162384,False,False,True,True,True,True,True,True,True,0.25718411803245544,0.2700524628162384,0.9296875,0.9296875,1,20,39302,0,39302,0.9055449962615967,0.9091060161590576,0.0035610198974609375,5,9,10,14,83,103,1706258740.100009,0.0035610198974609375,19,Mid360,2,15,True,True,CURRENT_SUPPORT
seq0013,seq0013_valref_001252,1706258740.1591635,2.003859043121338,3.532754898071289,3.801274061203003,2.13671875,3.37109375,3.85546875,0.2161552459001541,False,False,True,True,True,True,True,True,True,0.2161552459001541,0.2161552459001541,0.9296875,0.9296875,1,20,39302,0,39302,0.9055449962615967,0.9646995067596436,0.059154510498046875,4,9,10,12,78,103,1706258740.100009,0.059154510498046875,19,Mid360,2,15,True,True,CURRENT_SUPPORT
seq0013,seq0013_valref_001253,1706258740.2080135,2.0283970832824707,3.500962972640991,3.799912929534912,2.052734375,3.198974609375,4.0859375,0.41665253043174744,False,False,True,True,True,True,True,True,True,0.196332648396492,0.41665253043174744,0.96875,0.96875,1,20,38976,0,38976,0.9066290855407715,0.913637638092041,0.007008552551269531,5,10,10,20,88,99,1706258740.201005,0.007008552551269531,19,Mid360,2,23,True,True,CURRENT_SUPPORT
seq0013,seq0013_valref_001254,1706258740.260409,2.0527501106262207,3.4684910774230957,3.799232006072998,2.0625,3.19140625,4.109375,0.416004478931427,False,False,True,True,True,True,True,True,True,0.18626505136489868,0.416004478931427,0.96484375,0.96484375,1,20,38976,0,38976,0.9066290855407715,0.9660332202911377,0.05940413475036621,4,10,10,17,85,99,1706258740.201005,0.05940413475036621,19,Mid360,2,23,True,True,CURRENT_SUPPORT
seq0013,seq0013_valref_001255,1706258740.31017,2.077315092086792,3.4352951049804688,3.797801971435547,2.1494140625,3.12744140625,3.87890625,0.3264200687408447,False,False,True,True,True,True,True,True,True,0.1751645803451538,0.3264200687408447,0.97265625,0.97265625,1,20,39022,0,39022,0.9064681529998779,0.9157149791717529,0.009246826171875,5,10,10,21,86,98,1706258740.300923,0.009246826171875,19,Mid360,2,20,True,True,CURRENT_SUPPORT
seq0013,seq0013_valref_001256,1706258740.3688996,2.1227219104766846,3.369442939758301,3.7946369647979736,2.16650390625,3.12841796875,3.89453125,0.26455390453338623,False,False,True,True,True,True,True,True,True,0.10917317867279053,0.26455390453338623,0.9765625,0.9765625,1,20,39022,0,39022,0.9064681529998779,0.9744446277618408,0.06797647476196289,5,10,10,18,80,98,1706258740.300923,0.06797647476196289,19,Mid360,2,20,True,True,CURRENT_SUPPORT
seq0013,seq0013_valref_001257,1706258740.4079163,2.146246910095215,3.336421012878418,3.793955087661743,1.9794921875,2.982421875,3.99609375,0.4404345154762268,False,False,True,True,True,True,True,True,True,0.04525211825966835,0.4404345154762268,0.96875,0.96875,1,20,38848,0,38848,0.9055039882659912,0.91353440284729,0.008030414581298828,4,10,10,16,74,93,1706258740.399886,0.008030414581298828,19,Mid360,2,11,True,True,CURRENT_SUPPORT
seq0013,seq0013_valref_001258,1706258740.4555275,2.1692819595336914,3.3011300563812256,3.792642116546631,1.9873046875,2.974609375,4.0078125,0.431311696767807,False,False,True,True,True,True,True,True,True,0.06209881603717804,0.431311696767807,0.96484375,0.96484375,1,20,38848,0,38848,0.9055039882659912,0.9611456394195557,0.05564165115356445,4,10,10,11,72,93,1706258740.399886,0.05564165115356445,19,Mid360,2,11,True,True,CURRENT_SUPPORT
seq0013,seq0013_valref_001259,1706258740.506981,2.1927590370178223,3.267393112182617,3.7932538986206055,2.078125,3.296875,3.78515625,0.11864112317562103,False,False,True,True,True,True,True,True,True,0.05718032270669937,0.11864112317562103,0.984375,0.984375,1,20,38626,0,38626,0.905440092086792,0.912592887878418,0.0071527957916259766,5,10,10,18,82,97,1706258740.499828,0.0071527957916259766,19,Mid360,2,17,True,True,CURRENT_SUPPORT
seq0013,seq0013_valref_001260,1706258740.5584455,2.215277910232544,3.234339952468872,3.792881965637207,2.0849609375,3.2939453125,3.796875,0.1433570832014084,False,False,True,True,True,True,True,True,True,0.0918922871351242,0.1433570832014084,0.984375,0.984375,1,20,38626,0,38626,0.905440092086792,0.964057445526123,0.058617353439331055,5,10,10,18,78,97,1706258740.499828,0.058617353439331055,19,Mid360,2,17,True,True,CURRENT_SUPPORT
seq0013,seq0013_valref_001261,1706258740.6096208,2.2390120029449463,3.199152946472168,3.7935640811920166,2.13037109375,3.16015625,3.83984375,0.12435995787382126,False,False,True,True,True,True,True,True,True,0.0769466832280159,0.12435995787382126,0.98828125,0.98828125,1,20,38624,0,38624,0.9064960479736328,0.9151837825775146,0.008687734603881836,5,10,10,23,83,95,1706258740.600933,0.008687734603881836,19,Mid360,2,27,True,True,CURRENT_SUPPORT
seq0013,seq0013_valref_001262,1706258740.659576,2.283323049545288,3.1295249462127686,3.7938899993896484,2.14111328125,3.14990234375,3.85546875,0.1563035398721695,False,False,True,True,True,True,True,True,True,0.12363559007644653,0.1563035398721695,0.98828125,0.98828125,1,20,38624,0,38624,0.9064960479736328,0.9651389122009277,0.05864286422729492,4,10,10,20,78,95,1706258740.600933,0.05864286422729492,19,Mid360,2,27,True,True,CURRENT_SUPPORT
seq0013,seq0013_valref_001263,1706258740.7102504,2.3040149211883545,3.094069004058838,3.7935729026794434,2.295166015625,3.14892578125,3.84375,0.07486861944198608,False,False,True,True,True,True,True,True,True,0.07486861944198608,0.07486861944198608,0.98828125,0.98828125,1,20,38509,0,38509,0.905642032623291,0.9158754348754883,0.010233402252197266,4,10,10,22,83,95,1706258740.700017,0.010233402252197266,19,Mid360,2,22,True,True,CURRENT_SUPPORT
seq0013,seq0013_valref_001264,1706258740.7582903,2.3240270614624023,3.058182954788208,3.794145107269287,2.309326171875,3.13134765625,3.859375,0.0991167426109314,False,False,True,True,True,True,True,True,True,0.0991167426109314,0.0991167426109314,0.98828125,0.98828125,1,20,38509,0,38509,0.905642032623291,0.9639153480529785,0.0582733154296875,4,10,10,21,81,95,1706258740.700017,0.0582733154296875,19,Mid360,2,22,True,True,CURRENT_SUPPORT
seq0013,seq0013_valref_001265,1706258740.8076904,2.3384199142456055,3.022696018218994,3.7929229736328125,2.256591796875,2.8134765625,3.94140625,0.26928776502609253,False,False,True,True,True,True,True,True,True,0.12690551578998566,0.26928776502609253,0.984375,0.984375,1,20,38400,0,38400,0.9065520763397217,0.9132363796234131,0.006684303283691406,5,10,10,27,93,100,1706258740.801006,0.006684303283691406,19,Mid360,2,25,True,True,CURRENT_SUPPORT
seq0013,seq0013_valref_001266,1706258740.8572826,2.361398935317993,2.9821789264678955,3.7920479774475098,2.2646484375,2.80908203125,3.96484375,0.26302391290664673,False,False,True,True,True,True,True,True,True,0.14883765578269958,0.26302391290664673,0.984375,0.984375,1,20,38400,0,38400,0.9065520763397217,0.9628286361694336,0.056276559829711914,5,10,10,24,88,100,1706258740.801006,0.056276559829711914,19,Mid360,2,25,True,True,CURRENT_SUPPORT
seq0013,seq0013_valref_001267,1706258740.908368,2.3766589164733887,2.943397045135498,3.7901089191436768,2.3232421875,2.8642578125,3.9609375,0.1957007199525833,False,False,True,True,True,True,True,True,True,0.09305886924266815,0.1957007199525833,0.984375,0.984375,1,20,38355,0,38355,0.9056518077850342,0.9139590263366699,0.008307218551635742,6,10,10,24,87,96,1706258740.900061,0.008307218551635742,19,Mid360,2,22,True,True,CURRENT_SUPPORT
seq0013,seq0013_valref_001268,1706258740.9611788,2.3927459716796875,2.9033451080322266,3.789262056350708,2.33544921875,2.8671875,3.9765625,0.19917768239974976,False,False,True,True,True,True,True,True,True,0.10390543937683105,0.19917768239974976,0.984375,0.984375,1,20,38355,0,38355,0.9056518077850342,0.9667696952819824,0.06111788749694824,5,10,10,23,85,96,1706258740.900061,0.06111788749694824,19,Mid360,2,22,True,True,CURRENT_SUPPORT
seq0013,seq0013_valref_001269,1706258741.0091667,2.422060012817383,2.822031021118164,3.7865850925445557,2.16650390625,2.83251953125,3.94140625,0.29897913336753845,False,False,True,True,True,True,True,True,True,0.14905183017253876,0.29897913336753845,0.984375,0.984375,1,20,38043,0,38043,0.9055061340332031,0.914787769317627,0.009281635284423828,6,10,10,25,87,101,1706258740.999885,0.009281635284423828,19,Mid360,2,15,True,True,CURRENT_SUPPORT
seq0013,seq0013_valref_001270,1706258741.0570784,2.437382936477661,2.7829220294952393,3.7862980365753174,2.1767578125,2.83935546875,3.95703125,0.31663861870765686,False,False,True,True,True,True,True,True,True,0.15104174613952637,0.31663861870765686,0.984375,0.984375,1,20,38043,0,38043,0.9055061340332031,0.9626994132995605,0.05719327926635742,6,10,10,24,84,101,1706258740.999885,0.05719327926635742,19,Mid360,2,15,True,True,CURRENT_SUPPORT
seq0013,seq0013_valref_001271,1706258741.110374,2.4501800537109375,2.74596905708313,3.787055015563965,2.04296875,2.277099609375,3.8671875,0.6261635422706604,False,False,False,True,True,True,True,False,True,0.26456522941589355,0.6261635422706604,0.94140625,0.94140625,1,20,38033,0,38033,0.9054040908813477,0.9159469604492188,0.010542869567871094,7,10,10,26,90,101,1706258741.099831,0.010542869567871094,19,Mid360,2,20,True,True,CURRENT_SUPPORT
seq0013,seq0013_valref_001272,1706258741.1581516,2.4653449058532715,2.7042970657348633,3.7874720096588135,2.23516845703125,2.66357421875,3.90625,0.26219794154167175,False,False,True,True,True,True,True,True,True,0.26219794154167175,0.26219794154167175,0.94921875,0.94921875,1,20,38033,0,38033,0.9054040908813477,0.9637246131896973,0.05832052230834961,7,10,10,25,88,101,1706258741.099831,0.05832052230834961,19,Mid360,2,20,True,True,CURRENT_SUPPORT
seq0013,seq0013_valref_001273,1706258741.208146,2.4790079593658447,2.66506290435791,3.7884180545806885,2.4541015625,2.5712890625,3.86328125,0.12254942208528519,False,False,True,True,True,True,True,True,True,0.12254942208528519,0.12254942208528519,0.9765625,0.9765625,1,20,38141,0,38141,0.9065449237823486,0.9137639999389648,0.007219076156616211,7,10,10,32,94,101,1706258741.200927,0.007219076156616211,19,Mid360,2,23,True,True,CURRENT_SUPPORT
seq0013,seq0013_valref_001274,1706258741.2587864,2.4918360710144043,2.6238369941711426,3.7884750366210938,2.4658203125,2.556640625,3.8828125,0.11870859563350677,False,False,True,True,True,True,True,True,True,0.11870859563350677,0.11870859563350677,0.9765625,0.9765625,1,20,38141,0,38141,0.9065449237823486,0.9644043445587158,0.05785942077636719,7,10,10,27,92,101,1706258741.200927,0.05785942077636719,19,Mid360,2,23,True,True,CURRENT_SUPPORT
seq0013,seq0013_valref_001275,1706258741.3088567,2.5175681114196777,2.5432639122009277,3.7879769802093506,2.4658203125,2.474609375,3.8125,0.08940166980028152,False,False,True,True,True,True,True,True,True,0.08940166980028152,0.08940166980028152,0.91015625,0.91015625,1,20,38034,0,38034,0.9054820537567139,0.9143877029418945,0.008905649185180664,7,9,10,24,89,99,1706258741.299951,0.008905649185180664,19,Mid360,2,18,True,True,CURRENT_SUPPORT
seq0013,seq0013_valref_001276,1706258741.3711314,2.528978109359741,2.503922939300537,3.7872719764709473,2.23974609375,2.0224609375,3.708984375,0.5670888423919678,False,False,False,True,True,True,True,False,True,0.07545443624258041,0.5670888423919678,0.92578125,0.92578125,1,20,38034,0,38034,0.9054820537567139,0.9766623973846436,0.07118034362792969,6,9,10,22,85,99,1706258741.299951,0.07118034362792969,19,Mid360,2,18,True,True,CURRENT_SUPPORT
seq0013,seq0013_valref_001277,1706258741.407763,2.5402181148529053,2.4637959003448486,3.7858951091766357,2.5517578125,2.10546875,3.9375,0.3892499804496765,False,False,True,True,True,True,True,True,True,0.24457834661006927,0.3892499804496765,0.94921875,0.94921875,1,20,38115,0,38115,0.9065229892730713,0.9133589267730713,0.0068359375,7,10,10,35,102,115,1706258741.400927,0.0068359375,19,Mid360,2,25,True,True,CURRENT_SUPPORT
seq0013,seq0013_valref_001278,1706258741.456759,2.5513439178466797,2.421370029449463,3.786020040512085,2.55859375,2.11328125,3.953125,0.35056430101394653,False,False,True,True,True,True,True,True,True,0.2298661470413208,0.35056430101394653,0.95703125,0.95703125,1,20,38115,0,38115,0.9065229892730713,0.9623548984527588,0.0558319091796875,7,10,10,31,96,115,1706258741.400927,0.0558319091796875,19,Mid360,2,25,True,True,CURRENT_SUPPORT
seq0013,seq0013_valref_001279,1706258741.5110059,2.56141996383667,2.3848729133605957,3.7851250171661377,2.556640625,2.197021484375,3.96484375,0.26001888513565063,False,False,True,True,True,True,True,True,True,0.1597251147031784,0.26001888513565063,0.96875,0.96875,1,20,38215,0,38215,0.9056901931762695,0.9166669845581055,0.010976791381835938,7,10,10,42,104,117,1706258741.500029,0.010976791381835938,19,Mid360,2,35,True,True,CURRENT_SUPPORT
seq0013,seq0013_valref_001280,1706258741.5594609,2.5789170265197754,2.30776309967041,3.784296989440918,2.55859375,2.205322265625,3.984375,0.22569529712200165,False,False,True,True,True,True,True,True,True,0.12788082659244537,0.22569529712200165,0.97265625,0.97265625,1,20,38215,0,38215,0.9056901931762695,0.9651219844818115,0.05943179130554199,5,10,10,35,98,117,1706258741.500029,0.05943179130554199,19,Mid360,2,35,True,True,CURRENT_SUPPORT
seq0013,seq0013_valref_001281,1706258741.6074016,2.5860579013824463,2.2690320014953613,3.7846970558166504,2.541015625,2.26373291015625,3.828125,0.06279230117797852,False,False,True,True,True,True,True,True,True,0.06279230117797852,0.06279230117797852,0.9765625,0.9765625,1,20,38188,0,38188,0.905432939529419,0.9129536151885986,0.0075206756591796875,6,10,10,41,104,116,1706258741.599881,0.0075206756591796875,19,Mid360,2,28,True,True,CURRENT_SUPPORT
seq0013,seq0013_valref_001282,1706258741.6561978,2.5912580490112305,2.230958938598633,3.7829320430755615,2.4501953125,2.0390625,3.90234375,0.26642465591430664,False,False,True,True,True,True,True,True,True,0.09182136505842209,0.26642465591430664,0.9765625,0.9765625,1,20,38188,0,38188,0.905432939529419,0.961749792098999,0.05631685256958008,6,10,10,38,102,116,1706258741.599881,0.05631685256958008,19,Mid360,2,28,True,True,CURRENT_SUPPORT
seq0013,seq0013_valref_001283,1706258741.70767,2.5953609943389893,2.1918249130249023,3.7820188999176025,2.5224609375,2.14892578125,3.9765625,0.2121366709470749,False,False,True,True,True,True,True,True,True,0.2121366709470749,0.2121366709470749,0.984375,0.984375,1,20,38178,0,38178,0.9065489768981934,0.9132850170135498,0.006736040115356445,6,10,10,48,114,124,1706258741.700934,0.006736040115356445,19,Mid360,2,29,True,True,CURRENT_SUPPORT
seq0013,seq0013_valref_001284,1706258741.757369,2.5983309745788574,2.150851011276245,3.780179977416992,2.41015625,2.1123046875,4.02734375,0.3130263090133667,False,False,True,True,True,True,True,True,True,0.21483981609344482,0.3130263090133667,0.98046875,0.98046875,1,20,38178,0,38178,0.9065489768981934,0.9629840850830078,0.05643510818481445,6,10,10,46,112,124,1706258741.700934,0.05643510818481445,19,Mid360,2,29,True,True,CURRENT_SUPPORT
seq0013,seq0013_valref_001285,1706258741.814865,2.6004390716552734,2.068068027496338,3.7705440521240234,2.5224609375,2.083984375,3.90625,0.15732140839099884,False,False,True,True,True,True,True,True,True,0.15732140839099884,0.15732140839099884,0.984375,0.984375,1,20,38261,0,38261,0.9055719375610352,0.9203970432281494,0.014825105667114258,7,10,10,49,116,124,1706258741.80004,0.014825105667114258,19,Mid360,2,33,True,True,CURRENT_SUPPORT
seq0013,seq0013_valref_001286,1706258741.8613644,2.6010138988494873,2.026171922683716,3.7645750045776367,2.12109375,1.84228515625,3.94921875,0.5461053252220154,False,False,False,True,True,True,True,False,True,0.17253032326698303,0.5461053252220154,0.984375,0.984375,1,20,38261,0,38261,0.9055719375610352,0.9668962955474854,0.061324357986450195,7,10,10,45,115,124,1706258741.80004,0.061324357986450195,19,Mid360,2,33,True,True,CURRENT_SUPPORT
seq0013,seq0013_valref_001287,1706258741.9154377,2.6002719402313232,1.98232102394104,3.759284019470215,2.64453125,1.744720458984375,3.921875,0.2912880778312683,False,False,True,True,True,True,True,True,True,0.10737362504005432,0.2912880778312683,0.98828125,0.98828125,1,20,38315,1,38314,0.9054849147796631,0.9210426807403564,0.01555776596069336,8,10,10,49,123,132,1706258741.89988,0.01555776596069336,19,Mid360,2,30,True,True,CURRENT_SUPPORT
seq0013,seq0013_valref_001288,1706258741.9621959,2.602165937423706,1.9412150382995605,3.7564918994903564,2.65087890625,1.7357177734375,3.9375,0.27814745903015137,False,False,True,True,True,True,True,True,True,0.11375048756599426,0.27814745903015137,0.98828125,0.98828125,1,20,38315,1,38314,0.9054849147796631,0.9678008556365967,0.062315940856933594,7,10,10,43,122,132,1706258741.89988,0.062315940856933594,19,Mid360,2,30,True,True,CURRENT_SUPPORT
seq0013,seq0013_valref_001289,1706258742.009457,2.6030659675598145,1.9098819494247437,3.75478196144104,2.2763671875,1.8759765625,3.9375,0.37585577368736267,False,False,True,True,True,True,True,True,True,0.12305732816457748,0.37585577368736267,0.98828125,0.98828125,1,20,38506,4,38502,0.9066720008850098,0.9151270389556885,0.008455038070678711,8,11,11,54,140,146,1706258742.001002,0.008455038070678711,19,Mid360,3,37,True,True,CURRENT_SUPPORT
seq0013,seq0013_valref_001290,1706258742.0641763,2.6045939922332764,1.8828229904174805,3.753680944442749,2.29736328125,1.8837890625,3.9609375,0.3706034719944,False,False,True,True,True,True,True,True,True,0.1597725749015808,0.3706034719944,0.98828125,0.98828125,1,20,38506,4,38502,0.9066720008850098,0.969846248626709,0.06317424774169922,8,11,11,51,136,146,1706258742.001002,0.06317424774169922,19,Mid360,3,37,True,True,CURRENT_SUPPORT
seq0013,seq0013_valref_001291,1706258742.111901,2.6069140434265137,1.8609600067138672,3.754055976867676,2.396484375,1.9306640625,3.90625,0.268890917301178,False,False,True,True,True,True,True,True,True,0.12226074934005737,0.268890917301178,0.98828125,0.98828125,1,20,38569,4,38565,0.9064798355102539,0.917449951171875,0.010970115661621094,8,11,11,65,155,160,1706258742.100931,0.010970115661621094,19,Mid360,3,48,True,True,CURRENT_SUPPORT
seq0013,seq0013_valref_001292,1706258742.1620636,2.609570026397705,1.8410309553146362,3.7555389404296875,2.412109375,1.9248046875,3.9296875,0.27629053592681885,False,False,True,True,True,True,True,True,True,0.14776675403118134,0.27629053592681885,0.98828125,0.98828125,1,20,38569,4,38565,0.9064798355102539,0.9676125049591064,0.06113266944885254,8,11,11,61,153,160,1706258742.100931,0.06113266944885254,19,Mid360,3,48,True,True,CURRENT_SUPPORT
seq0013,seq0013_valref_001293,1706258742.208916,2.6123950481414795,1.8233939409255981,3.7574660778045654,2.384765625,1.9345703125,3.9609375,0.3249245584011078,False,False,True,True,True,True,True,True,True,0.09361971169710159,0.3249245584011078,0.984375,0.984375,1,20,38509,4,38505,0.9055469036102295,0.9145739078521729,0.00902700424194336,9,11,11,75,170,176,1706258742.199889,0.00902700424194336,19,Mid360,2,53,True,True,CURRENT_SUPPORT
seq0013,seq0013_valref_001294,1706258742.2594965,2.6176509857177734,1.7947640419006348,3.761255979537964,2.396484375,1.9306640625,3.98828125,0.34485355019569397,False,False,True,True,True,True,True,True,True,0.11518226563930511,0.34485355019569397,0.984375,0.984375,1,20,38509,4,38505,0.9055469036102295,0.9651544094085693,0.059607505798339844,8,11,11,71,169,176,1706258742.199889,0.059607505798339844,19,Mid360,2,53,True,True,CURRENT_SUPPORT
seq0013,seq0013_valref_001295,1706258742.3098876,2.6200850009918213,1.7817360162734985,3.762770891189575,2.177734375,1.3515625,4.09375,0.7001931667327881,False,False,False,True,True,True,True,False,True,0.13696546852588654,0.7001931667327881,0.98828125,0.98828125,1,20,38640,12,38628,0.9064850807189941,0.9154586791992188,0.00897359848022461,9,12,12,79,191,197,1706258742.300914,0.00897359848022461,19,Mid360,3,55,True,True,CURRENT_SUPPORT
seq0013,seq0013_valref_001296,1706258742.365161,2.6223649978637695,1.769294023513794,3.76424503326416,2.19140625,1.330078125,4.099609375,0.7007890343666077,False,False,False,True,True,True,True,False,True,0.15384039282798767,0.7007890343666077,0.98828125,0.98828125,1,20,38640,12,38628,0.9064850807189941,0.9707319736480713,0.06424689292907715,9,12,12,80,191,197,1706258742.300914,0.06424689292907715,19,Mid360,3,55,True,True,CURRENT_SUPPORT
seq0013,seq0013_valref_001297,1706258742.4032776,2.624213933944702,1.7586250305175781,3.7651290893554688,2.296142578125,1.4296875,3.8515625,0.47254782915115356,False,False,True,True,True,True,True,True,True,0.053895432502031326,0.47254782915115356,0.98828125,0.98828125,1,20,38772,12,38760,0.9056589603424072,0.9088876247406006,0.0032286643981933594,9,12,12,92,198,201,1706258742.400049,0.0032286643981933594,19,Mid360,3,50,True,True,CURRENT_SUPPORT
seq0013,seq0013_valref_001298,1706258742.4649704,2.625739097595215,1.7476069927215576,3.7655889987945557,2.3154296875,1.419921875,3.8828125,0.46627333760261536,False,False,True,True,True,True,True,True,True,0.0596376396715641,0.46627333760261536,0.98828125,0.98828125,1,20,38772,12,38760,0.9056589603424072,0.9705803394317627,0.06492137908935547,9,12,12,89,198,201,1706258742.400049,0.06492137908935547,19,Mid360,3,50,True,True,CURRENT_SUPPORT
seq0013,seq0013_valref_001299,1706258742.5082903,2.6268999576568604,1.7384320497512817,3.766284942626953,2.2464141845703125,1.14306640625,4.146484375,0.8023598194122314,False,False,False,True,True,True,True,True,True,0.14638884365558624,0.34321990609169006,0.9921875,0.9921875,1,20,38755,24,38731,0.9056930541992188,0.9139692783355713,0.008276224136352539,10,13,13,98,218,218,1706258742.500014,0.008276224136352539,19,Mid360,3,56,True,True,CURRENT_SUPPORT
seq0014,seq0014_valref_001300,1706258742.5500314,2.627578020095825,1.7279690504074097,3.765069007873535,nan,nan,nan,nan,True,True,False,False,False,False,False,False,False,nan,nan,nan,nan,,0,0,0,0,nan,nan,nan,0,0,0,0,0,0,nan,nan,,,0,0,False,False,NO_CURRENT_SUPPORT
seq0014,seq0014_valref_001301,1706258742.6069474,2.6279170513153076,1.7103910446166992,3.763227939605713,2.43359375,2.0546875,3.69921875,0.4004981517791748,False,False,True,True,True,True,True,True,True,0.2180558145046234,0.4004981517791748,0.95703125,0.95703125,1,2,3958,7,3951,0.0067119598388671875,0.012647390365600586,0.0059354305267333984,1,2,2,10,24,24,1706258742.601012,0.0059354305267333984,1,Mid360,2,24,True,True,CURRENT_SUPPORT
seq0014,seq0014_valref_001302,1706258742.658561,2.627887010574341,1.7034770250320435,3.762814998626709,2.2730712890625,1.34375,3.9951171875,0.5561133027076721,False,False,False,True,True,True,True,False,True,0.19732864201068878,0.5561133027076721,0.95703125,0.95703125,1,2,3958,7,3951,0.0067119598388671875,0.06426095962524414,0.05754899978637695,1,2,2,10,24,24,1706258742.601012,0.05754899978637695,1,Mid360,2,24,True,True,CURRENT_SUPPORT
seq0014,seq0014_valref_001303,1706258742.708277,2.628006935119629,1.698678970336914,3.7630369663238525,2.1591796875,1.5634765625,4.01171875,0.5476506948471069,False,False,False,True,True,True,True,False,True,0.20668546855449677,0.5476506948471069,0.98046875,0.98046875,1,4,7942,14,7928,0.1057579517364502,0.11397695541381836,0.008219003677368164,2,4,4,24,48,48,1706258742.700058,0.008219003677368164,3,Mid360,4,48,True,True,CURRENT_SUPPORT
seq0014,seq0014_valref_001304,1706258742.7622166,2.628504991531372,1.694815993309021,3.763991117477417,2.1005859375,1.30078125,4.1484375,0.7627325654029846,False,False,False,True,True,True,True,False,True,0.2160506695508957,0.7627325654029846,0.984375,0.984375,1,4,7942,14,7928,0.1057579517364502,0.16791653633117676,0.06215858459472656,2,4,4,24,48,48,1706258742.700058,0.06215858459472656,3,Mid360,4,48,True,True,CURRENT_SUPPORT
seq0014,seq0014_valref_001305,1706258742.8095024,2.628748893737793,1.6923190355300903,3.764760971069336,2.17529296875,1.568359375,4.015625,0.5328423976898193,False,False,False,True,True,True,True,False,True,0.2712450921535492,0.5328423976898193,0.98046875,0.98046875,1,6,11820,14,11806,0.20558691024780273,0.21520233154296875,0.009615421295166016,3,5,5,34,65,65,1706258742.799887,0.009615421295166016,5,Mid360,3,41,True,True,CURRENT_SUPPORT
seq0014,seq0014_valref_001306,1706258742.8586166,2.6293160915374756,1.690811038017273,3.7655229568481445,2.1796875,1.5556640625,4.03515625,0.5414173007011414,False,False,False,True,True,True,True,False,True,0.2731815278530121,0.5414173007011414,0.98046875,0.98046875,1,6,11820,14,11806,0.20558691024780273,0.2643165588378906,0.05872964859008789,3,5,5,34,65,65,1706258742.799887,0.05872964859008789,5,Mid360,3,41,True,True,CURRENT_SUPPORT
seq0014,seq0014_valref_001307,1706258742.9104364,2.630824089050293,1.6885329484939575,3.767301082611084,2.18701171875,1.28466796875,4.103515625,0.6878346800804138,False,False,False,True,True,True,True,False,True,0.32881030440330505,0.6878346800804138,0.98828125,0.98828125,1,8,15806,30,15776,0.30660486221313477,0.31613636016845703,0.009531497955322266,4,7,7,47,103,103,1706258742.900905,0.009531497955322266,7,Mid360,3,55,True,True,CURRENT_SUPPORT
seq0014,seq0014_valref_001308,1706258742.9565594,2.631843090057373,1.6877169609069824,3.768009901046753,2.197265625,1.301025390625,4.109375,0.674476146697998,False,False,False,True,True,True,True,False,True,0.336697518825531,0.674476146697998,0.98828125,0.98828125,1,8,15806,30,15776,0.30660486221313477,0.3622593879699707,0.05565452575683594,4,7,7,47,103,103,1706258742.900905,0.05565452575683594,7,Mid360,3,55,True,True,CURRENT_SUPPORT
seq0014,seq0014_valref_001309,1706258743.007163,2.6327428817749023,1.6866710186004639,3.768181085586548,2.166015625,1.1455078125,4.123046875,0.7978857755661011,False,False,False,True,True,True,True,False,True,0.21088029444217682,0.7978857755661011,0.9921875,0.9921875,1,10,19731,30,19701,0.40661191940307617,0.41286301612854004,0.006251096725463867,5,8,8,60,120,120,1706258743.000912,0.006251096725463867,9,Mid360,3,55,True,True,CURRENT_SUPPORT
seq0014,seq0014_valref_001310,1706258743.0497947,2.633327007293701,1.685811996459961,3.76800799369812,2.1689453125,1.150390625,4.125,0.7935802936553955,False,False,False,True,True,True,True,False,True,0.2111193835735321,0.7935802936553955,0.9921875,0.9921875,1,10,19731,30,19701,0.40661191940307617,0.45549464225769043,0.04888272285461426,5,8,8,60,120,120,1706258743.000912,0.04888272285461426,9,Mid360,3,55,True,True,CURRENT_SUPPORT
seq0014,seq0014_valref_001311,1706258743.1023536,2.6337430477142334,1.6851030588150024,3.767703056335449,2.26025390625,1.2021484375,4.03515625,0.6665362119674683,False,False,False,True,True,True,True,False,True,0.19380541145801544,0.6665362119674683,0.98828125,0.98828125,1,12,23657,33,23624,0.5056769847869873,0.5080535411834717,0.002376556396484375,6,10,10,71,135,135,1706258743.099977,0.002376556396484375,11,Mid360,3,32,True,True,CURRENT_SUPPORT
seq0014,seq0014_valref_001312,1706258743.1645322,2.634337902069092,1.6847590208053589,3.767508029937744,2.2674560546875,1.212890625,4.046875,0.6597787141799927,False,False,False,True,True,True,True,False,True,0.19342197477817535,0.6597787141799927,0.98828125,0.98828125,1,12,23657,33,23624,0.5056769847869873,0.5702321529388428,0.06455516815185547,6,10,10,71,135,135,1706258743.099977,0.06455516815185547,11,Mid360,3,32,True,True,CURRENT_SUPPORT
seq0014,seq0014_valref_001313,1706258743.2049212,2.634735107421875,1.6845040321350098,3.767426013946533,2.295166015625,1.225830078125,4.09765625,0.6593489050865173,False,False,False,True,True,True,True,False,True,0.15758433938026428,0.6593489050865173,0.9921875,0.9921875,1,14,27682,40,27642,0.6067080497741699,0.6106212139129639,0.003913164138793945,7,12,12,82,154,154,1706258743.201008,0.003913164138793945,13,Mid360,4,34,True,True,CURRENT_SUPPORT
seq0014,seq0014_valref_001314,1706258743.255127,2.636491060256958,1.686115026473999,3.7682199478149414,2.301025390625,1.215087890625,4.115234375,0.6744055151939392,False,False,False,True,True,True,True,False,True,0.16399234533309937,0.6744055151939392,0.9921875,0.9921875,1,14,27682,40,27642,0.6067080497741699,0.6608269214630127,0.05411887168884277,7,12,12,82,154,154,1706258743.201008,0.05411887168884277,13,Mid360,4,34,True,True,CURRENT_SUPPORT
seq0014,seq0014_valref_001315,1706258743.3110416,2.637566089630127,1.6873079538345337,3.768563985824585,2.2452392578125,1.13134765625,4.10546875,0.7592871785163879,False,False,False,True,True,True,True,False,True,0.18164123594760895,0.7592871785163879,0.98828125,0.98828125,1,16,31575,40,31535,0.7057368755340576,0.7167415618896484,0.01100468635559082,8,13,13,97,171,171,1706258743.300037,0.01100468635559082,15,Mid360,3,36,True,True,CURRENT_SUPPORT
seq0014,seq0014_valref_001316,1706258743.3567476,2.6394059658050537,1.6889619827270508,3.7689709663391113,2.2522430419921875,1.1103515625,4.115234375,0.777549684047699,False,False,False,True,True,True,True,False,True,0.1756121963262558,0.777549684047699,0.98828125,0.98828125,1,16,31575,40,31535,0.7057368755340576,0.7624475955963135,0.05671072006225586,8,13,13,98,171,171,1706258743.300037,0.05671072006225586,15,Mid360,3,36,True,True,CURRENT_SUPPORT
seq0014,seq0014_valref_001317,1706258743.4078667,2.64200496673584,1.6906750202178955,3.7689719200134277,2.15673828125,1.16552734375,4.0546875,0.7699981927871704,False,False,False,True,True,True,True,False,True,0.21687807142734528,0.7699981927871704,0.98828125,0.98828125,1,18,35506,53,35453,0.8056368827819824,0.8135666847229004,0.007929801940917969,9,15,15,108,201,201,1706258743.399937,0.007929801940917969,17,Mid360,3,47,True,True,CURRENT_SUPPORT
seq0014,seq0014_valref_001318,1706258743.4585292,2.644313097000122,1.6928540468215942,3.7689740657806396,2.1611328125,1.15625,4.0625,0.7794643044471741,False,False,False,True,True,True,True,False,True,0.23180444538593292,0.7794643044471741,0.98828125,0.98828125,1,18,35506,53,35453,0.8056368827819824,0.8642292022705078,0.05859231948852539,9,15,15,108,201,201,1706258743.399937,0.05859231948852539,17,Mid360,3,47,True,True,CURRENT_SUPPORT
seq0014,seq0014_valref_001319,1706258743.5116932,2.649009943008423,1.6960259675979614,3.7691938877105713,2.18701171875,1.07421875,4.05859375,0.8269454836845398,False,False,False,True,True,True,True,False,True,0.12178486585617065,0.8269454836845398,0.984375,0.984375,1,20,39488,53,39435,0.9066109657287598,0.9173932075500488,0.010782241821289062,10,16,16,121,218,218,1706258743.500911,0.010782241821289062,19,Mid360,3,47,True,True,CURRENT_SUPPORT
seq0014,seq0014_valref_001320,1706258743.5675595,2.6527180671691895,1.6980689764022827,3.7687790393829346,2.189697265625,1.0595703125,4.064453125,0.8423134684562683,False,False,False,True,True,True,True,False,True,0.11399176716804504,0.8423134684562683,0.984375,0.984375,1,20,39488,53,39435,0.9066109657287598,0.973259449005127,0.06664848327636719,10,16,16,121,218,218,1706258743.500911,0.06664848327636719,19,Mid360,3,47,True,True,CURRENT_SUPPORT
seq0014,seq0014_valref_001321,1706258743.6124241,2.656014919281006,1.699874997138977,3.768589973449707,2.2205810546875,1.247955322265625,3.98828125,0.664904773235321,False,False,False,True,True,True,True,False,True,0.18406255543231964,0.664904773235321,0.98828125,0.98828125,1,20,39410,62,39348,0.9056169986724854,0.9180350303649902,0.012418031692504883,10,16,16,122,222,222,1706258743.600006,0.012418031692504883,19,Mid360,3,45,True,True,CURRENT_SUPPORT
seq0014,seq0014_valref_001322,1706258743.6630113,2.65911602973938,1.7016229629516602,3.7682878971099854,2.1103515625,1.1865234375,4.107421875,0.8255191445350647,False,False,False,True,True,True,True,False,True,0.18326398730278015,0.8255191445350647,0.98828125,0.98828125,1,20,39410,62,39348,0.9056169986724854,0.9686222076416016,0.06300520896911621,10,16,16,122,222,222,1706258743.600006,0.06300520896911621,19,Mid360,3,45,True,True,CURRENT_SUPPORT
seq0014,seq0014_valref_001323,1706258743.7111747,2.6618409156799316,1.702417016029358,3.7676808834075928,2.277099609375,1.17431640625,3.9609375,0.6813693642616272,False,False,False,True,True,True,True,False,True,0.14218391478061676,0.6813693642616272,0.98828125,0.98828125,1,20,39377,55,39322,0.905555009841919,0.9168546199798584,0.011299610137939453,10,15,15,122,215,215,1706258743.699875,0.011299610137939453,19,Mid360,3,45,True,True,CURRENT_SUPPORT
seq0014,seq0014_valref_001324,1706258743.7618327,2.6643900871276855,1.703652024269104,3.7668468952178955,2.281982421875,1.16748046875,3.984375,0.6935662031173706,False,False,False,True,True,True,True,False,True,0.12789763510227203,0.6935662031173706,0.984375,0.984375,1,20,39377,55,39322,0.905555009841919,0.9675126075744629,0.061957597732543945,10,15,15,121,215,215,1706258743.699875,0.061957597732543945,19,Mid360,3,45,True,True,CURRENT_SUPPORT
seq0014,seq0014_valref_001325,1706258743.8110569,2.6664669513702393,1.7047890424728394,3.7664830684661865,2.2512664794921875,1.0244140625,4.109375,0.8676844835281372,False,False,False,True,True,True,True,False,True,0.15713448822498322,0.8676844835281372,0.97265625,0.97265625,1,20,39447,58,39389,0.9065110683441162,0.9166488647460938,0.010137796401977539,10,16,16,124,213,213,1706258743.800919,0.010137796401977539,19,Mid360,3,32,True,True,CURRENT_SUPPORT
seq0014,seq0014_valref_001326,1706258743.8584738,2.668560028076172,1.7064640522003174,3.766211986541748,2.26019287109375,1.0185546875,4.119140625,0.8743807077407837,False,False,False,True,True,True,True,False,True,0.1671183854341507,0.8743807077407837,0.97265625,0.97265625,1,20,39447,58,39389,0.9065110683441162,0.9640657901763916,0.05755472183227539,10,16,16,123,213,213,1706258743.800919,0.05755472183227539,19,Mid360,3,32,True,True,CURRENT_SUPPORT
seq0014,seq0014_valref_001327,1706258743.9100611,2.6721150875091553,1.7114050388336182,3.767504930496216,2.26806640625,0.9296875,4.1171875,0.9468978643417358,False,False,False,True,True,True,True,False,True,0.11266420781612396,0.9468978643417358,0.97265625,0.97265625,1,20,39351,44,39307,0.9056801795959473,0.9156842231750488,0.010004043579101562,10,16,16,117,188,188,1706258743.900057,0.010004043579101562,19,Mid360,4,28,True,True,CURRENT_SUPPORT
seq0014,seq0014_valref_001328,1706258743.9647505,2.673609972000122,1.7144910097122192,3.768120050430298,2.27685546875,0.916015625,4.126953125,0.9611130356788635,False,False,False,True,True,True,True,False,True,0.11718101054430008,0.9611130356788635,0.96875,0.96875,1,20,39351,44,39307,0.9056801795959473,0.9703736305236816,0.06469345092773438,10,16,16,117,188,188,1706258743.900057,0.06469345092773438,19,Mid360,4,28,True,True,CURRENT_SUPPORT
seq0014,seq0014_valref_001329,1706258744.0078304,2.6755080223083496,1.7172399759292603,3.768218994140625,2.5986328125,1.6396484375,3.82421875,0.12274452298879623,False,False,True,True,True,True,True,True,True,0.12274452298879623,0.12274452298879623,0.9609375,0.9609375,1,20,39465,44,39421,0.9055891036987305,0.913522481918335,0.007933378219604492,10,16,16,116,186,186,1706258743.999897,0.007933378219604492,19,Mid360,3,28,True,True,CURRENT_SUPPORT
seq0014,seq0014_valref_001330,1706258744.0593421,2.677823066711426,1.7202229499816895,3.768065929412842,2.60546875,1.63720703125,3.83984375,0.13144902884960175,False,False,True,True,True,True,True,True,True,0.13144902884960175,0.13144902884960175,0.95703125,0.95703125,1,20,39465,44,39421,0.9055891036987305,0.9650342464447021,0.05944514274597168,10,16,16,116,186,186,1706258743.999897,0.05944514274597168,19,Mid360,3,28,True,True,CURRENT_SUPPORT
seq0014,seq0014_valref_001331,1706258744.1117995,2.679964065551758,1.722357988357544,3.7679669857025146,2.12744140625,1.2374267578125,3.94921875,0.7571603655815125,False,False,False,True,True,True,True,False,True,0.213010773062706,0.7571603655815125,0.98828125,0.98828125,1,20,39529,50,39479,0.9065048694610596,0.9173784255981445,0.010873556137084961,10,16,16,115,191,191,1706258744.100926,0.010873556137084961,19,Mid360,3,35,True,True,CURRENT_SUPPORT
seq0014,seq0014_valref_001332,1706258744.160464,2.6826300621032715,1.724755048751831,3.7676539421081543,2.0595703125,1.2413330078125,3.9912109375,0.8196816444396973,False,False,False,True,True,True,True,False,True,0.20473545789718628,0.8196816444396973,0.98828125,0.98828125,1,20,39529,50,39479,0.9065048694610596,0.9660429954528809,0.05953812599182129,10,16,16,115,191,191,1706258744.100926,0.05953812599182129,19,Mid360,3,35,True,True,CURRENT_SUPPORT
seq0014,seq0014_valref_001333,1706258744.213416,2.6881868839263916,1.7285619974136353,3.7681210041046143,2.0693359375,1.1220703125,3.9697265625,0.8896366953849792,False,False,False,True,True,True,True,False,True,0.11823512613773346,0.8896366953849792,0.98828125,0.98828125,1,20,39430,43,39387,0.9056971073150635,0.9190990924835205,0.013401985168457031,10,15,15,116,186,186,1706258744.200014,0.013401985168457031,19,Mid360,3,34,True,True,CURRENT_SUPPORT
seq0014,seq0014_valref_001334,1706258744.2577858,2.691267967224121,1.730455994606018,3.768544912338257,2.0703125,1.115234375,3.9765625,0.8985291719436646,False,False,False,True,True,True,True,False,True,0.11770644783973694,0.8985291719436646,0.98828125,0.98828125,1,20,39430,43,39387,0.9056971073150635,0.9634687900543213,0.05777168273925781,10,15,15,116,186,186,1706258744.200014,0.05777168273925781,19,Mid360,3,34,True,True,CURRENT_SUPPORT
seq0014,seq0014_valref_001335,1706258744.3092039,2.6939210891723633,1.732192039489746,3.769087076187134,2.3095703125,1.1064453125,3.8984375,0.7456648349761963,False,False,False,True,True,True,True,False,True,0.18886658549308777,0.7456648349761963,0.98828125,0.98828125,1,20,39535,47,39488,0.9055509567260742,0.914794921875,0.009243965148925781,10,16,16,112,186,186,1706258744.29996,0.009243965148925781,19,Mid360,3,31,True,True,CURRENT_SUPPORT
seq0014,seq0014_valref_001336,1706258744.3766198,2.697295904159546,1.7364590167999268,3.770771026611328,2.31787109375,1.0869140625,3.921875,0.7672706246376038,False,False,False,True,True,True,True,False,True,0.17456266283988953,0.7672706246376038,0.98828125,0.98828125,1,20,39535,47,39488,0.9055509567260742,0.9822108745574951,0.0766599178314209,10,16,16,109,186,186,1706258744.29996,0.0766599178314209,19,Mid360,3,31,True,True,CURRENT_SUPPORT
seq0014,seq0014_valref_001337,1706258744.4640787,2.6950039863586426,1.7429020404815674,3.7725210189819336,2.2978515625,1.0234375,3.9609375,0.8431251645088196,False,False,False,True,True,True,True,False,True,0.2539140284061432,0.8431251645088196,0.9765625,0.9765625,1,20,39570,41,39529,0.906574010848999,0.9697446823120117,0.0631706714630127,10,16,16,114,180,180,1706258744.400908,0.0631706714630127,19,Mid360,4,41,True,True,CURRENT_SUPPORT
seq0014,seq0014_valref_001338,1706258744.5141308,2.6909799575805664,1.7469199895858765,3.7746329307556152,2.283935546875,1.0849609375,3.91015625,0.7888228297233582,False,False,False,True,True,True,True,False,True,0.09891396015882492,0.7888228297233582,0.984375,0.984375,1,20,39533,43,39490,0.9056820869445801,0.9197769165039062,0.014094829559326172,10,17,17,111,181,181,1706258744.500036,0.014094829559326172,19,Mid360,4,42,True,True,CURRENT_SUPPORT
seq0014,seq0014_valref_001339,1706258744.567207,2.686189889907837,1.7513220310211182,3.7757139205932617,2.28857421875,1.0751953125,3.93359375,0.8001072406768799,False,False,False,True,True,True,True,False,True,0.09584455192089081,0.8001072406768799,0.984375,0.984375,1,20,39533,43,39490,0.9056820869445801,0.9728531837463379,0.06717109680175781,10,17,17,110,181,181,1706258744.500036,0.06717109680175781,19,Mid360,4,42,True,True,CURRENT_SUPPORT
seq0014,seq0014_valref_001340,1706258744.6089401,2.6792819499969482,1.753620982170105,3.777039051055908,2.2521820068359375,0.869140625,4.01171875,1.009848713874817,False,False,False,False,True,True,True,True,True,0.12467997521162033,0.4576185941696167,0.96875,0.96875,2,20,39678,27,39651,0.9066269397735596,0.9145560264587402,0.007929086685180664,10,16,16,105,164,164,1706258744.601011,0.007929086685180664,19,Mid360,3,29,True,True,CURRENT_SUPPORT
seq0014,seq0014_valref_001341,1706258744.6581678,2.6723508834838867,1.7553880214691162,3.7772369384765625,2.2574462890625,0.85546875,4.03125,1.0229971408843994,False,False,False,False,True,True,True,True,True,0.13697248697280884,0.4345543086528778,0.9609375,0.9609375,2,20,39678,27,39651,0.9066269397735596,0.9637837409973145,0.05715680122375488,10,16,16,105,164,164,1706258744.601011,0.05715680122375488,19,Mid360,3,29,True,True,CURRENT_SUPPORT
seq0014,seq0014_valref_001342,1706258744.7080002,2.664868116378784,1.756451964378357,3.7764720916748047,2.6259765625,1.69287109375,3.76953125,0.07485489547252655,False,False,True,True,True,True,True,True,True,0.07485489547252655,0.07485489547252655,0.9609375,0.9609375,1,20,39698,27,39671,0.9065549373626709,0.9136462211608887,0.0070912837982177734,10,16,16,103,165,165,1706258744.700909,0.0070912837982177734,19,Mid360,2,29,True,True,CURRENT_SUPPORT
seq0014,seq0014_valref_001343,1706258744.7603698,2.6532020568847656,1.7558989524841309,3.775038957595825,2.62939453125,1.689453125,3.7890625,0.07196183502674103,False,False,True,True,True,True,True,True,True,0.07196183502674103,0.07196183502674103,0.95703125,0.95703125,1,20,39698,27,39671,0.9065549373626709,0.9660158157348633,0.05946087837219238,10,16,16,103,165,165,1706258744.700909,0.05946087837219238,19,Mid360,2,29,True,True,CURRENT_SUPPORT
seq0014,seq0014_valref_001344,1706258744.809134,2.6263859272003174,1.7522590160369873,3.770258903503418,2.392578125,1.1943359375,4.07421875,0.6770050525665283,False,False,False,True,True,True,True,False,True,0.19774675369262695,0.6770050525665283,0.984375,0.984375,1,20,39676,28,39648,0.9056088924407959,0.9147160053253174,0.009107112884521484,10,16,16,99,162,162,1706258744.800027,0.009107112884521484,19,Mid360,3,30,True,True,CURRENT_SUPPORT
seq0014,seq0014_valref_001345,1706258744.8566446,2.608731985092163,1.7494980096817017,3.767143964767456,2.3974609375,1.18359375,4.08203125,0.6812026500701904,False,False,False,True,True,True,True,False,True,0.19611477851867676,0.6812026500701904,0.984375,0.984375,1,20,39676,28,39648,0.9056088924407959,0.9622266292572021,0.05661773681640625,10,16,16,102,162,162,1706258744.800027,0.05661773681640625,19,Mid360,3,30,True,True,CURRENT_SUPPORT
seq0014,seq0014_valref_001346,1706258744.9069371,2.5902791023254395,1.7474149465560913,3.764430046081543,2.3310546875,1.0537109375,4.06640625,0.7997575998306274,False,False,False,True,True,True,True,False,True,0.08059707283973694,0.7997575998306274,0.96875,0.96875,1,20,39815,26,39789,0.9056649208068848,0.9125990867614746,0.006934165954589844,11,15,15,106,161,161,1706258744.900003,0.006934165954589844,19,Mid360,3,24,True,True,CURRENT_SUPPORT
seq0014,seq0014_valref_001347,1706258744.9652572,2.566551923751831,1.7449640035629272,3.761336088180542,2.34228515625,1.037109375,4.076171875,0.8065205216407776,False,False,False,True,True,True,True,False,True,0.09643090516328812,0.8065205216407776,0.96875,0.96875,1,20,39815,26,39789,0.9056649208068848,0.970919132232666,0.06525421142578125,11,15,15,107,161,161,1706258744.900003,0.06525421142578125,19,Mid360,3,24,True,True,CURRENT_SUPPORT
seq0014,seq0014_valref_001348,1706258745.0088453,2.544543981552124,1.7438379526138306,3.759071111679077,2.2495880126953125,1.2138671875,4.044921875,0.6705062985420227,False,False,False,True,True,True,True,False,True,0.14108285307884216,0.6705062985420227,0.9765625,0.9765625,1,20,39728,36,39692,0.906667947769165,0.9145512580871582,0.007883310317993164,12,16,16,111,175,175,1706258745.000962,0.007883310317993164,19,Mid360,3,41,True,True,CURRENT_SUPPORT
seq0014,seq0014_valref_001349,1706258745.0575836,2.517616033554077,1.743888020515442,3.7575581073760986,2.2531890869140625,1.20654296875,4.0546875,0.6685411334037781,False,False,False,True,True,True,True,False,True,0.15363357961177826,0.6685411334037781,0.9765625,0.9765625,1,20,39728,36,39692,0.906667947769165,0.9632894992828369,0.056621551513671875,12,16,16,113,175,175,1706258745.000962,0.056621551513671875,19,Mid360,3,41,True,True,CURRENT_SUPPORT
seq0014,seq0014_valref_001350,1706258745.112898,2.465212106704712,1.747791051864624,3.755682945251465,2.0859375,1.16650390625,3.9990234375,0.73549884557724,False,False,False,True,True,True,True,False,True,0.13967899978160858,0.73549884557724,0.984375,0.984375,1,20,39732,35,39697,0.9056351184844971,0.9185061454772949,0.012871026992797852,13,16,16,123,178,178,1706258745.100027,0.012871026992797852,19,Mid360,4,52,True,True,CURRENT_SUPPORT
seq0014,seq0014_valref_001351,1706258745.1591744,2.437047004699707,1.751047968864441,3.7535829544067383,2.08203125,1.16455078125,4.001953125,0.7291796207427979,False,False,False,True,True,True,True,False,True,0.14056158065795898,0.7291796207427979,0.984375,0.984375,1,20,39732,35,39697,0.9056351184844971,0.9647824764251709,0.05914735794067383,13,16,16,118,178,178,1706258745.100027,0.05914735794067383,19,Mid360,4,52,True,True,CURRENT_SUPPORT
seq0014,seq0014_valref_001352,1706258745.2150772,2.404226064682007,1.7548869848251343,3.7524220943450928,2.06640625,1.232177734375,4.09375,0.7098252773284912,False,False,False,True,True,True,True,False,True,0.22079095244407654,0.7098252773284912,0.98828125,0.98828125,1,20,39838,45,39793,0.9055688381195068,0.920767068862915,0.015198230743408203,14,17,17,117,192,192,1706258745.199879,0.015198230743408203,19,Mid360,4,51,True,True,CURRENT_SUPPORT
seq0014,seq0014_valref_001353,1706258745.274343,2.3693339824676514,1.7582670450210571,3.7508950233459473,2.0625,1.2298583984375,4.1015625,0.7045072317123413,False,False,False,True,True,True,True,False,True,0.2176375836133957,0.7045072317123413,0.98828125,0.98828125,1,20,39838,45,39793,0.9055688381195068,0.9800329208374023,0.07446408271789551,14,17,17,110,192,192,1706258745.199879,0.07446408271789551,19,Mid360,4,51,True,True,CURRENT_SUPPORT
seq0014,seq0014_valref_001354,1706258745.3567863,2.304802894592285,1.7638870477676392,3.748208999633789,2.0498046875,1.18310546875,4.130859375,0.7407784461975098,False,False,False,True,True,True,True,True,True,0.152584046125412,0.38490328192710876,0.9921875,0.9921875,1,20,39765,91,39674,0.9064939022064209,0.9623961448669434,0.05590224266052246,15,17,17,115,237,237,1706258745.300884,0.05590224266052246,19,Mid360,4,90,True,True,CURRENT_SUPPORT
seq0014,seq0014_valref_001355,1706258745.4106932,2.2746520042419434,1.7651439905166626,3.7462289333343506,2.0263671875,1.1201171875,4.169921875,0.8106914162635803,False,False,False,True,True,True,True,True,True,0.18158049881458282,0.382627934217453,0.9921875,0.9921875,1,20,39815,84,39731,0.9065611362457275,0.9163732528686523,0.009812116622924805,14,16,16,115,224,224,1706258745.400881,0.009812116622924805,19,Mid360,3,73,True,True,CURRENT_SUPPORT
seq0014,seq0014_valref_001356,1706258745.4616022,2.2430520057678223,1.7653520107269287,3.7440099716186523,2.021484375,1.115234375,4.177734375,0.8123189210891724,False,False,False,True,True,True,True,True,True,0.19363781809806824,0.41355469822883606,0.9921875,0.9921875,1,20,39815,84,39731,0.9065611362457275,0.9672822952270508,0.06072115898132324,14,16,16,114,224,224,1706258745.400881,0.06072115898132324,19,Mid360,3,73,True,True,CURRENT_SUPPORT
seq0014,seq0014_valref_001357,1706258745.509858,2.181746006011963,1.763152003288269,3.739074945449829,1.8671875,1.248779296875,4.134765625,0.7211778163909912,False,False,False,True,True,True,True,True,True,0.18841412663459778,0.4518800973892212,0.9921875,0.9921875,1,20,39856,87,39769,0.905555009841919,0.9154520034790039,0.009896993637084961,15,16,16,112,219,219,1706258745.499961,0.009896993637084961,19,Mid360,3,24,True,True,CURRENT_SUPPORT
seq0014,seq0014_valref_001358,1706258745.568335,2.1516330242156982,1.7612639665603638,3.7367310523986816,1.8515625,1.2529296875,4.158203125,0.7253170013427734,False,False,False,True,True,True,True,True,True,0.2097884863615036,0.48291248083114624,0.98828125,0.98828125,1,20,39856,87,39769,0.905555009841919,0.9739291667938232,0.0683741569519043,15,16,16,106,219,219,1706258745.499961,0.0683741569519043,19,Mid360,3,24,True,True,CURRENT_SUPPORT
seq0014,seq0014_valref_001359,1706258745.6089673,2.119858980178833,1.7596770524978638,3.734833002090454,1.783203125,1.20263671875,3.94921875,0.6852681040763855,False,False,False,True,True,True,True,True,True,0.11245166510343552,0.35741591453552246,0.9765625,0.9765625,1,20,39808,113,39695,0.9065670967102051,0.9145703315734863,0.00800323486328125,17,17,17,122,241,241,1706258745.600964,0.00800323486328125,19,Mid360,4,46,True,True,CURRENT_SUPPORT
seq0014,seq0014_valref_001360,1706258745.6567817,2.0884358882904053,1.7589010000228882,3.732820987701416,1.77978515625,1.2242431640625,3.9609375,0.6581500172615051,False,False,False,True,True,True,True,True,True,0.08984594792127609,0.38264068961143494,0.9765625,0.9765625,1,20,39808,113,39695,0.9065670967102051,0.9623847007751465,0.055817604064941406,17,17,17,116,240,241,1706258745.600964,0.055817604064941406,19,Mid360,4,46,True,True,CURRENT_SUPPORT
seq0014,seq0014_valref_001361,1706258745.7101638,2.057610034942627,1.7595700025558472,3.731671094894409,1.85986328125,1.302734375,4.060546875,0.5966253876686096,False,False,False,True,True,True,True,False,True,0.20625536143779755,0.5966253876686096,0.984375,0.984375,1,20,39944,152,39792,0.9066247940063477,0.9158697128295898,0.009244918823242188,18,18,18,151,272,272,1706258745.700919,0.009244918823242188,19,Mid360,4,82,True,True,CURRENT_SUPPORT
seq0014,seq0014_valref_001362,1706258745.7606726,2.0266199111938477,1.760956048965454,3.7308740615844727,1.892578125,1.32421875,4.07421875,0.5714824795722961,False,False,False,True,True,True,True,False,True,0.19479021430015564,0.5714824795722961,0.984375,0.984375,1,20,39944,152,39792,0.9066247940063477,0.9663784503936768,0.0597536563873291,17,18,18,142,271,272,1706258745.700919,0.0597536563873291,19,Mid360,4,82,True,True,CURRENT_SUPPORT
seq0014,seq0014_valref_001363,1706258745.8118293,1.9644269943237305,1.7671910524368286,3.7299981117248535,1.6171875,1.380859375,4.107421875,0.6420873403549194,False,False,False,True,True,True,True,False,True,0.21113534271717072,0.5757243633270264,0.9921875,0.9921875,1,20,39995,195,39800,0.9054129123687744,0.9174432754516602,0.012030363082885742,17,18,18,169,311,313,1706258745.799799,0.012030363082885742,19,Mid360,4,102,True,True,CURRENT_SUPPORT
seq0014,seq0014_valref_001364,1706258745.8552415,1.932515025138855,1.7716619968414307,3.729543924331665,1.64111328125,1.400390625,4.126953125,0.617002010345459,False,False,False,True,True,True,True,False,True,0.22731029987335205,0.617002010345459,0.9921875,0.9921875,1,20,39995,195,39800,0.9054129123687744,0.9608554840087891,0.05544257164001465,14,18,18,163,310,313,1706258745.799799,0.05544257164001465,19,Mid360,4,102,True,True,CURRENT_SUPPORT
seq0014,seq0014_valref_001365,1706258745.9099798,1.9024100303649902,1.7766040563583374,3.7288739681243896,1.669921875,1.74078369140625,3.94921875,0.32231301069259644,False,False,True,True,True,True,True,True,True,0.24002134799957275,0.32231301069259644,0.98828125,0.98828125,1,20,40014,290,39724,0.9065909385681152,0.9156608581542969,0.00906991958618164,16,19,19,244,397,402,1706258745.90091,0.00906991958618164,19,Mid360,4,154,True,True,CURRENT_SUPPORT
seq0014,seq0014_valref_001366,1706258745.9624205,1.871500015258789,1.7827939987182617,3.7285830974578857,1.685546875,1.75897216796875,3.96875,0.3046739101409912,False,False,True,True,True,True,True,True,True,0.24373094737529755,0.3046739101409912,0.98828125,0.98828125,1,20,40014,290,39724,0.9065909385681152,0.9681015014648438,0.061510562896728516,15,19,19,234,395,402,1706258745.90091,0.061510562896728516,19,Mid360,4,154,True,True,CURRENT_SUPPORT
seq0014,seq0014_valref_001367,1706258746.0129101,1.8438689708709717,1.7892869710922241,3.727837085723877,1.646484375,1.552734375,4.01953125,0.4242679476737976,False,False,True,True,True,True,True,True,True,0.22771242260932922,0.4242679476737976,0.9921875,0.9921875,1,20,40210,387,39823,0.9066078662872314,0.9186360836029053,0.012028217315673828,14,19,19,297,473,481,1706258746.000882,0.012028217315673828,19,Mid360,4,209,True,True,CURRENT_SUPPORT
seq0014,seq0014_valref_001368,1706258746.098574,1.8171629905700684,1.7963279485702515,3.728008985519409,1.462890625,1.328125,3.9794921875,0.6387227177619934,False,False,False,True,True,True,True,False,True,0.23888731002807617,0.6387227177619934,0.9921875,0.9921875,1,20,40333,510,39823,0.9942679405212402,0.998546838760376,0.004278898239135742,15,19,19,383,593,603,1706258746.094295,0.004278898239135742,19,Avia,4,244,True,True,CURRENT_SUPPORT
seq0014,seq0014_valref_001369,1706258746.1578734,1.7359130382537842,1.8202250003814697,3.7291159629821777,1.517578125,1.32421875,4.01171875,0.6111928224563599,False,False,False,True,True,True,True,False,True,0.26084157824516296,0.6111928224563599,0.9921875,0.9921875,1,20,40241,510,39731,0.9054069519042969,0.9634792804718018,0.05807232856750488,10,18,18,353,579,588,1706258746.094295,0.06357836723327637,18,Avia,3,238,True,True,CURRENT_SUPPORT
seq0014,seq0014_valref_001370,1706258746.2092135,1.7110710144042969,1.8284939527511597,3.728811025619507,1.52734375,1.203125,3.87890625,0.6688576936721802,False,False,False,True,True,True,True,False,True,0.25311771035194397,0.6688576936721802,0.9921875,0.9921875,1,20,40231,631,39600,0.9065940380096436,0.914914608001709,0.00832056999206543,9,18,18,428,688,693,1706258746.200893,0.00832056999206543,19,Mid360,3,263,True,True,CURRENT_SUPPORT
seq0014,seq0014_valref_001371,1706258746.2575982,1.681710958480835,1.8380550146102905,3.7289199829101562,1.546875,1.171875,3.87890625,0.6960405111312866,False,False,False,True,True,True,True,False,True,0.2950178384780884,0.6960405111312866,0.9921875,0.9921875,1,20,40231,631,39600,0.9065940380096436,0.9632992744445801,0.05670523643493652,8,18,18,409,688,693,1706258746.200893,0.05670523643493652,19,Mid360,3,263,True,True,CURRENT_SUPPORT
seq0014,seq0014_valref_001372,1706258746.309957,1.6555780172348022,1.8477189540863037,3.728848934173584,1.3994140625,1.37109375,3.87109375,0.5594865083694458,False,False,False,True,True,True,True,False,True,0.2192637026309967,0.5594865083694458,0.9921875,0.9921875,1,20,40540,799,39741,0.905634880065918,0.9155669212341309,0.00993204116821289,8,17,17,493,847,849,1706258746.294291,0.01566600799560547,18,Avia,3,351,True,True,CURRENT_SUPPORT
seq0014,seq0014_valref_001373,1706258746.3626413,1.6274800300598145,1.8586620092391968,3.7290079593658447,1.4111328125,1.365234375,3.8759765625,0.5584592223167419,False,False,False,True,True,True,True,False,True,0.24258336424827576,0.5584592223167419,0.9921875,0.9921875,1,20,40540,799,39741,0.905634880065918,0.9682512283325195,0.06261634826660156,8,17,17,478,847,849,1706258746.294291,0.06835031509399414,18,Avia,3,351,True,True,CURRENT_SUPPORT
seq0014,seq0014_valref_001374,1706258746.4110057,1.5690619945526123,1.8830699920654297,3.7319118976593018,1.40234375,1.66845703125,3.8984375,0.318723201751709,False,False,True,True,True,True,True,True,True,0.17305819690227509,0.318723201751709,0.98828125,0.98828125,1,20,40479,947,39532,0.905493974685669,0.9166536331176758,0.011159658432006836,9,18,18,543,984,987,1706258746.399846,0.011159658432006836,19,Mid360,3,367,True,True,CURRENT_SUPPORT
seq0014,seq0014_valref_001375,1706258746.4586337,1.5402189493179321,1.895447015762329,3.7328779697418213,1.4072265625,1.6865234375,3.9072265625,0.3028753399848938,False,False,True,True,True,True,True,True,True,0.19467014074325562,0.3028753399848938,0.98828125,0.98828125,1,20,40479,947,39532,0.905493974685669,0.9642815589904785,0.05878758430480957,9,18,18,516,982,987,1706258746.399846,0.05878758430480957,19,Mid360,3,367,True,True,CURRENT_SUPPORT
seq0014,seq0014_valref_001376,1706258746.5102403,1.5109740495681763,1.9075729846954346,3.7336180210113525,1.4072265625,1.7430419921875,3.8515625,0.22747503221035004,False,False,True,True,True,True,True,True,True,0.20957185328006744,0.22747503221035004,0.98828125,0.98828125,1,20,40646,1087,39559,0.9066128730773926,0.9159622192382812,0.009349346160888672,10,17,17,599,1114,1119,1706258746.494313,0.01592731475830078,18,Avia,3,294,True,True,CURRENT_SUPPORT
seq0014,seq0014_valref_001377,1706258746.5649326,1.4804970026016235,1.9204809665679932,3.734639883041382,1.54296875,1.73614501953125,3.9052734375,0.2588402330875397,False,False,True,True,True,True,True,True,True,0.20224472880363464,0.2588402330875397,0.9921875,0.9921875,1,20,40646,1087,39559,0.9066128730773926,0.9706544876098633,0.0640416145324707,9,17,17,561,1114,1119,1706258746.494313,0.07061958312988281,18,Avia,3,294,True,True,CURRENT_SUPPORT
seq0014,seq0014_valref_001378,1706258746.6075008,1.4512579441070557,1.9338500499725342,3.7354719638824463,1.0546875,1.841796875,3.77685546875,0.40921205282211304,False,False,True,True,True,True,True,True,True,0.1542029082775116,0.40921205282211304,0.98828125,0.98828125,1,20,40894,1274,39620,0.905616044998169,0.9131138324737549,0.0074977874755859375,10,17,17,645,1295,1301,1706258746.600003,0.0074977874755859375,19,Mid360,3,360,True,True,CURRENT_SUPPORT
seq0014,seq0014_valref_001379,1706258746.6598878,1.4211479425430298,1.9473849534988403,3.7368810176849365,1.211181640625,1.7783203125,3.7760009765625,0.2723950743675232,False,False,True,True,True,True,True,True,True,0.17505821585655212,0.2723950743675232,0.98828125,0.98828125,1,20,40894,1274,39620,0.905616044998169,0.9655008316040039,0.05988478660583496,9,17,17,583,1289,1301,1706258746.600003,0.05988478660583496,19,Mid360,3,360,True,True,CURRENT_SUPPORT
seq0014,seq0014_valref_001380,1706258746.710836,1.3601659536361694,1.9721599817276,3.737049102783203,1.2257080078125,1.779296875,3.740234375,0.23512817919254303,False,False,True,True,True,True,True,True,True,0.1400119811296463,0.23512817919254303,0.98828125,0.98828125,1,20,40757,1408,39349,0.9056510925292969,0.9165499210357666,0.010898828506469727,9,17,17,624,1392,1426,1706258746.699937,0.010898828506469727,19,Mid360,4,389,True,True,CURRENT_SUPPORT
seq0014,seq0014_valref_001381,1706258746.760767,1.3291759490966797,1.987138032913208,3.737157106399536,1.2349853515625,1.78515625,3.7578125,0.22381946444511414,False,False,True,True,True,True,True,True,True,0.13530178368091583,0.22381946444511414,0.98828125,0.98828125,1,20,40757,1408,39349,0.9056510925292969,0.9664809703826904,0.060829877853393555,9,17,17,587,1372,1426,1706258746.699937,0.060829877853393555,19,Mid360,4,389,True,True,CURRENT_SUPPORT
seq0014,seq0014_valref_001382,1706258746.809414,1.2972429990768433,2.0003929138183594,3.737061023712158,1.15625,1.943359375,3.8203125,0.1733858734369278,False,False,True,True,True,True,True,True,True,0.07621210068464279,0.1733858734369278,0.98828125,0.98828125,1,20,40828,1505,39323,0.9065728187561035,0.9150288105010986,0.008455991744995117,9,17,17,658,1440,1518,1706258746.800958,0.008455991744995117,19,Mid360,4,319,True,True,CURRENT_SUPPORT
seq0014,seq0014_valref_001383,1706258746.8578022,1.26665198802948,2.0140769481658936,3.7371280193328857,1.1533203125,1.955078125,3.8515625,0.17152312397956848,False,False,True,True,True,True,True,True,True,0.07631370425224304,0.17152312397956848,0.98828125,0.98828125,1,20,40828,1505,39323,0.9065728187561035,0.9634170532226562,0.056844234466552734,9,17,17,594,1413,1518,1706258746.800958,0.056844234466552734,19,Mid360,4,319,True,True,CURRENT_SUPPORT
seq0014,seq0014_valref_001384,1706258746.9080079,1.2348469495773315,2.027750015258789,3.737489938735962,0.84765625,1.9609375,3.68701171875,0.3961421549320221,False,False,True,True,True,True,True,True,True,0.140317901968956,0.3961421549320221,0.984375,0.984375,1,20,40956,1567,39389,0.9065961837768555,0.9136979579925537,0.007101774215698242,9,16,16,641,1449,1574,1706258746.894385,0.013622760772705078,18,Avia,3,302,True,True,CURRENT_SUPPORT
seq0014,seq0014_valref_001385,1706258746.9658844,1.2027209997177124,2.0431020259857178,3.737410068511963,0.984375,2.025390625,3.87109375,0.2566320300102234,False,False,True,True,True,True,True,True,True,0.1241932064294815,0.2566320300102234,0.984375,0.984375,1,20,40956,1567,39389,0.9065961837768555,0.9715745449066162,0.06497836112976074,9,16,16,587,1437,1574,1706258746.894385,0.07149934768676758,18,Avia,3,302,True,True,CURRENT_SUPPORT
seq0014,seq0014_valref_001386,1706258747.0116725,1.1397160291671753,2.0749669075012207,3.738550901412964,1.0380859375,1.837890625,3.710205078125,0.2594943642616272,False,False,True,True,True,True,True,True,True,0.11598915606737137,0.2594943642616272,0.9921875,0.9921875,1,20,40786,1629,39157,0.906714916229248,0.9173774719238281,0.010662555694580078,9,15,15,555,1492,1635,1706258746.994292,0.017380475997924805,18,Avia,2,326,True,True,CURRENT_SUPPORT
seq0014,seq0014_valref_001387,1706258747.064793,1.1091690063476562,2.093255043029785,3.7387819290161133,1.0390625,1.83203125,3.696044921875,0.2738233804702759,False,False,True,True,True,True,True,True,True,0.10995163023471832,0.2738233804702759,0.9921875,0.9921875,1,20,40786,1629,39157,0.906714916229248,0.9704980850219727,0.06378316879272461,9,15,15,497,1473,1635,1706258746.994292,0.07050108909606934,18,Avia,2,323,True,True,CURRENT_SUPPORT
seq0014,seq0014_valref_001388,1706258747.1103072,1.0778369903564453,2.1111319065093994,3.7401340007781982,1.064453125,1.7421875,3.734375,0.3692319989204407,False,False,True,True,True,True,True,True,True,0.06921757012605667,0.3692319989204407,0.98828125,0.98828125,1,20,40999,1758,39241,0.906501054763794,0.9159262180328369,0.009425163269042969,10,14,15,613,1608,1765,1706258747.094264,0.01604318618774414,18,Avia,2,429,True,True,CURRENT_SUPPORT
seq0014,seq0014_valref_001389,1706258747.175627,1.0471479892730713,2.1296939849853516,3.7407660484313965,1.0673828125,1.74609375,3.76171875,0.3847045600414276,False,False,True,True,True,True,True,True,True,0.06148143857717514,0.3847045600414276,0.98828125,0.98828125,1,20,40999,1758,39241,0.906501054763794,0.9812459945678711,0.07474493980407715,9,14,15,548,1566,1765,1706258747.094264,0.08136296272277832,18,Avia,2,429,True,True,CURRENT_SUPPORT
seq0014,seq0014_valref_001390,1706258747.2080848,1.0178040266036987,2.149121046066284,3.741802930831909,0.91796875,1.787109375,3.6513671875,0.3862617611885071,False,False,True,True,True,True,True,True,True,0.18104535341262817,0.3862617611885071,0.98828125,0.98828125,1,20,40882,1750,39132,0.9057149887084961,0.9137938022613525,0.008078813552856445,10,13,14,580,1582,1755,1706258747.194339,0.013745784759521484,18,Avia,2,383,True,True,CURRENT_SUPPORT
seq0014,seq0014_valref_001391,1706258747.2672784,0.9587000012397766,2.1868538856506348,3.7428441047668457,1.009765625,1.7265625,3.7734375,0.46412479877471924,False,False,True,True,True,True,True,True,True,0.22962969541549683,0.46412479877471924,0.98828125,0.98828125,1,20,40882,1750,39132,0.9057149887084961,0.9729874134063721,0.06727242469787598,8,13,14,440,1532,1755,1706258747.194339,0.07293939590454102,18,Avia,2,383,True,True,CURRENT_SUPPORT
seq0014,seq0014_valref_001392,1706258747.3125749,0.9269220232963562,2.2069900035858154,3.7435998916625977,1.017578125,1.91015625,3.74566650390625,0.3103756904602051,False,False,True,True,True,True,True,True,True,0.2672135829925537,0.3103756904602051,0.98828125,0.98828125,1,20,40552,1727,38825,0.9055287837982178,0.9181897640228271,0.012660980224609375,9,13,14,454,1579,1732,1706258747.294269,0.01830577850341797,18,Avia,2,318,True,True,CURRENT_SUPPORT
seq0014,seq0014_valref_001393,1706258747.3715873,0.8981710076332092,2.2281839847564697,3.744576930999756,1.03515625,1.884765625,3.72509765625,0.37024393677711487,False,False,True,True,True,True,True,True,True,0.2880535423755646,0.37024393677711487,0.98828125,0.98828125,1,20,40552,1727,38825,0.9055287837982178,0.9772021770477295,0.07167339324951172,9,12,14,392,1539,1732,1706258747.294269,0.07731819152832031,18,Avia,2,318,True,True,CURRENT_SUPPORT
seq0014,seq0014_valref_001394,1706258747.408953,0.8648080229759216,2.2481279373168945,3.745474100112915,0.87353515625,2.1123046875,3.7734375,0.1389462947845459,False,False,True,True,True,True,True,True,True,0.1389462947845459,0.1389462947845459,0.98828125,0.98828125,1,20,40709,1766,38943,0.9066290855407715,0.914639949798584,0.0080108642578125,9,12,13,464,1607,1770,1706258747.394385,0.014567852020263672,18,Avia,2,382,True,True,CURRENT_SUPPORT
seq0014,seq0014_valref_001395,1706258747.4570725,0.8338860273361206,2.2704501152038574,3.746277093887329,0.8837890625,2.1220703125,3.7890625,0.16228823363780975,False,False,True,True,True,True,True,True,True,0.16228823363780975,0.16228823363780975,0.98828125,0.98828125,1,20,40709,1766,38943,0.9066290855407715,0.9627594947814941,0.056130409240722656,9,11,13,417,1575,1770,1706258747.394385,0.06268739700317383,18,Avia,2,382,True,True,CURRENT_SUPPORT
seq0014,seq0014_valref_001396,1706258747.5094752,0.8036440014839172,2.289396047592163,3.7470569610595703,0.59765625,2.0166015625,3.87255859375,0.36414068937301636,False,False,True,True,True,True,True,True,True,0.25902774930000305,0.36414068937301636,0.9921875,0.9921875,1,20,40643,1817,38826,0.9065060615539551,0.9150822162628174,0.008576154708862305,10,11,13,508,1627,1821,1706258747.494312,0.015163183212280273,18,Avia,2,383,True,True,CURRENT_SUPPORT
seq0014,seq0014_valref_001397,1706258747.5715847,0.7747899889945984,2.310422897338867,3.74725604057312,0.74139404296875,2.0439453125,3.8359375,0.2828250229358673,False,False,True,True,True,True,True,True,True,0.25468960404396057,0.2828250229358673,0.9921875,0.9921875,1,20,40643,1817,38826,0.9065060615539551,0.977191686630249,0.07068562507629395,10,10,13,449,1597,1821,1706258747.494312,0.07727265357971191,18,Avia,2,383,True,True,CURRENT_SUPPORT
seq0014,seq0014_valref_001398,1706258747.610372,0.7103260159492493,2.349407911300659,3.747728109359741,0.763916015625,2.0283203125,3.732421875,0.32588866353034973,False,False,True,True,True,True,True,True,True,0.2246307134628296,0.32588866353034973,0.9921875,0.9921875,1,20,40409,1790,38619,0.906627893447876,0.9159910678863525,0.009363174438476562,9,10,12,412,1571,1792,1706258747.594386,0.015985965728759766,18,Avia,2,382,True,True,CURRENT_SUPPORT
seq0014,seq0014_valref_001399,1706258747.6577075,0.6772140264511108,2.3698830604553223,3.7478690147399902,0.7685546875,2.03125,3.75390625,0.35078755021095276,False,False,True,True,True,True,True,True,True,0.214247465133667,0.35078755021095276,0.9921875,0.9921875,1,20,40409,1790,38619,0.906627893447876,0.9633264541625977,0.05669856071472168,9,10,12,356,1521,1792,1706258747.594386,0.06332135200500488,18,Avia,2,382,True,True,CURRENT_SUPPORT
seq0015,seq0015_valref_001400,1706258747.70766,0.645658016204834,2.3889288902282715,3.747201919555664,nan,nan,nan,nan,True,True,False,False,False,False,False,False,False,nan,nan,nan,nan,,0,0,0,0,nan,nan,nan,0,0,0,0,0,0,nan,nan,,,0,0,False,False,NO_CURRENT_SUPPORT
seq0015,seq0015_valref_001401,1706258747.7583737,0.6151319742202759,2.4060919284820557,3.7467260360717773,nan,nan,nan,nan,True,True,False,False,False,False,False,False,False,nan,nan,nan,nan,,0,0,0,0,nan,nan,nan,0,0,0,0,0,0,nan,nan,,,0,0,False,False,NO_CURRENT_SUPPORT
seq0015,seq0015_valref_001402,1706258747.8121316,0.5823000073432922,2.42427396774292,3.7461609840393066,0.64794921875,1.955078125,3.8095703125,0.47799089550971985,False,False,True,True,True,True,True,True,True,0.2357737421989441,0.47799089550971985,0.98828125,0.98828125,1,2,3886,164,3722,0.0066070556640625,0.01786971092224121,0.011262655258178711,1,1,1,103,164,164,1706258747.794262,0.01786971092224121,0,Avia,1,164,True,True,CURRENT_SUPPORT
seq0015,seq0015_valref_001403,1706258747.8592153,0.5510640144348145,2.4421470165252686,3.7458128929138184,0.67138671875,1.947265625,3.81591796875,0.5141010284423828,False,False,False,True,True,True,True,False,True,0.283273845911026,0.5141010284423828,0.98828125,0.98828125,1,2,3886,164,3722,0.0066070556640625,0.06495332717895508,0.05834627151489258,1,1,1,100,164,164,1706258747.794262,0.06495332717895508,0,Avia,1,164,True,True,CURRENT_SUPPORT
seq0015,seq0015_valref_001404,1706258747.910652,0.518051028251648,2.46089506149292,3.745466947555542,0.3759765625,1.880859375,3.681640625,0.6005833148956299,False,False,False,True,True,True,True,False,True,0.3460078537464142,0.6005833148956299,0.984375,0.984375,1,4,7903,368,7535,0.10567212104797363,0.11638998985290527,0.01071786880493164,2,2,2,197,368,368,1706258747.894392,0.01625990867614746,2,Avia,2,368,True,True,CURRENT_SUPPORT
seq0015,seq0015_valref_001405,1706258747.9636297,0.4497910141944885,2.4967548847198486,3.745405912399292,0.3896484375,1.849609375,3.66162109375,0.6553124189376831,False,False,False,True,True,True,True,False,True,0.3597070276737213,0.6553124189376831,0.984375,0.984375,1,4,7903,368,7535,0.10567212104797363,0.16936779022216797,0.06369566917419434,2,2,2,180,368,368,1706258747.894392,0.06923770904541016,2,Avia,2,368,True,True,CURRENT_SUPPORT
seq0015,seq0015_valref_001406,1706258748.0102763,0.4151569902896881,2.515394926071167,3.744966983795166,0.3427734375,2.01953125,3.6103515625,0.5188848376274109,False,False,False,True,True,True,True,False,True,0.3125462830066681,0.5188848376274109,0.984375,0.984375,1,6,11920,545,11375,0.20667505264282227,0.21601438522338867,0.009339332580566406,3,3,3,254,545,545,1706258747.994289,0.015987396240234375,4,Avia,2,381,True,True,CURRENT_SUPPORT
seq0015,seq0015_valref_001407,1706258748.061631,0.3786660134792328,2.5343449115753174,3.7441349029541016,0.4013671875,1.978515625,3.671875,0.5609661340713501,False,False,False,True,True,True,True,False,True,0.3595840632915497,0.5609661340713501,0.984375,0.984375,1,6,11920,545,11375,0.20667505264282227,0.26736903190612793,0.060693979263305664,3,3,3,231,543,545,1706258747.994289,0.06734204292297363,4,Avia,2,381,True,True,CURRENT_SUPPORT
seq0015,seq0015_valref_001408,1706258748.110477,0.34449198842048645,2.551337957382202,3.743803024291992,0.3349609375,2.0478515625,3.662109375,0.5101600289344788,False,False,False,True,True,True,True,False,True,0.31227388978004456,0.5101600289344788,0.984375,0.984375,1,8,15931,680,15251,0.3066260814666748,0.31621503829956055,0.009588956832885742,4,4,4,301,673,680,1706258748.094258,0.016218900680541992,6,Avia,2,312,True,True,CURRENT_SUPPORT
seq0015,seq0015_valref_001409,1706258748.158173,0.3061180114746094,2.56965708732605,3.7435359954833984,0.3408203125,2.0556640625,3.681640625,0.518868088722229,False,False,False,True,True,True,True,False,True,0.3219602704048157,0.518868088722229,0.984375,0.984375,1,8,15931,680,15251,0.3066260814666748,0.36391115188598633,0.05728507041931152,4,4,4,270,671,680,1706258748.094258,0.06391501426696777,6,Avia,2,312,True,True,CURRENT_SUPPORT
seq0015,seq0015_valref_001410,1706258748.20941,0.2714869976043701,2.5876550674438477,3.7434840202331543,0.3857421875,2.359375,3.78125,0.25805485248565674,False,False,True,True,True,True,True,True,True,0.25805485248565674,0.25805485248565674,0.98828125,0.98828125,1,10,19917,847,19070,0.40674614906311035,0.4151480197906494,0.008401870727539062,5,5,5,320,829,846,1706258748.194331,0.015079021453857422,8,Avia,2,301,True,True,CURRENT_SUPPORT
seq0015,seq0015_valref_001411,1706258748.259209,0.20163999497890472,2.62178897857666,3.744307041168213,0.3955078125,2.353515625,3.80078125,0.3357747197151184,False,False,True,True,True,True,True,True,True,0.3357747197151184,0.3357747197151184,0.98828125,0.98828125,1,10,19917,847,19070,0.40674614906311035,0.464946985244751,0.058200836181640625,5,5,5,254,817,846,1706258748.194331,0.06487798690795898,8,Avia,2,301,True,True,CURRENT_SUPPORT
seq0015,seq0015_valref_001412,1706258748.312672,0.1621219962835312,2.6414670944213867,3.7442519664764404,0.1875,2.283203125,3.7578125,0.359417587518692,False,False,True,True,True,True,True,True,True,0.33496683835983276,0.359417587518692,0.98828125,0.98828125,1,12,23852,1028,22824,0.5066211223602295,0.5184099674224854,0.01178884506225586,6,6,6,289,993,1027,1706258748.294258,0.018413782119750977,10,Avia,2,346,True,True,CURRENT_SUPPORT
seq0015,seq0015_valref_001413,1706258748.3592088,0.1621209979057312,2.6414670944213867,3.744251012802124,0.1826171875,2.2734375,3.7734375,0.3697536289691925,False,False,True,True,True,True,True,True,True,0.33934348821640015,0.3697536289691925,0.98828125,0.98828125,1,12,23852,1028,22824,0.5066211223602295,0.5649468898773193,0.058325767517089844,6,6,6,289,993,1027,1706258748.294258,0.06495070457458496,10,Avia,2,346,True,True,CURRENT_SUPPORT
seq0015,seq0015_valref_001414,1706258748.410528,0.08201099932193756,2.6800320148468018,3.7450110912323,0.2235107421875,2.30078125,3.712890625,0.4060603976249695,False,False,True,True,True,True,True,True,True,0.3789007067680359,0.4060603976249695,0.98828125,0.98828125,1,14,27689,1153,26536,0.6057360172271729,0.6162660121917725,0.01052999496459961,7,7,7,272,1080,1152,1706258748.39434,0.01618790626525879,12,Avia,2,306,True,True,CURRENT_SUPPORT
seq0015,seq0015_valref_001415,1706258748.465417,0.04316899925470352,2.6980841159820557,3.7454659938812256,0.2220458984375,2.28515625,3.744140625,0.4500090479850769,False,False,True,True,True,True,True,True,True,0.4205286204814911,0.4500090479850769,0.98828125,0.98828125,1,14,27689,1153,26536,0.6057360172271729,0.6711549758911133,0.06541895866394043,7,7,7,219,1066,1152,1706258748.39434,0.07107686996459961,12,Avia,2,306,True,True,CURRENT_SUPPORT
seq0015,seq0015_valref_001416,1706258748.513602,0.00495600001886487,2.7176220417022705,3.7456610202789307,-0.05078125,2.5068359375,3.953125,0.30096301436424255,False,False,True,True,True,True,True,True,True,0.15785396099090576,0.30096301436424255,0.98828125,0.98828125,1,16,31719,1288,30431,0.7055320739746094,0.7193400859832764,0.013808012008666992,7,9,9,264,1170,1288,1706258748.499794,0.013808012008666992,15,Mid360,3,261,True,True,CURRENT_SUPPORT
seq0015,seq0015_valref_001417,1706258748.5637038,-0.03746800124645233,2.7380928993225098,3.745950937271118,-0.05078125,2.5224609375,3.984375,0.321745902299881,False,False,True,True,True,True,True,True,True,0.12112320214509964,0.321745902299881,0.98828125,0.98828125,1,16,31719,1288,30431,0.7055320739746094,0.7694418430328369,0.06390976905822754,6,9,9,219,1146,1288,1706258748.499794,0.06390976905822754,15,Mid360,3,261,True,True,CURRENT_SUPPORT
seq0015,seq0015_valref_001418,1706258748.6116543,-0.12275899946689606,2.778701066970825,3.7457849979400635,-0.1669921875,2.7509078979492188,3.83984375,0.10759221017360687,False,False,True,True,True,True,True,True,True,0.10759221017360687,0.10759221017360687,0.98828125,0.98828125,1,18,35709,1385,34324,0.8066849708557129,0.8173923492431641,0.010707378387451172,7,11,11,198,1159,1390,1706258748.600947,0.010707378387451172,17,Mid360,4,238,True,True,CURRENT_SUPPORT
seq0015,seq0015_valref_001419,1706258748.6569953,-0.16572299599647522,2.798743963241577,3.745357036590576,-0.16064453125,2.776123046875,3.859375,0.1163511648774147,False,False,True,True,True,True,True,True,True,0.1163511648774147,0.1163511648774147,0.98828125,0.98828125,1,18,35709,1385,34324,0.8066849708557129,0.8627333641052246,0.05604839324951172,7,11,11,165,1094,1390,1706258748.600947,0.05604839324951172,17,Mid360,4,238,True,True,CURRENT_SUPPORT
seq0015,seq0015_valref_001420,1706258748.7098322,-0.2062090039253235,2.8182260990142822,3.7420029640197754,-0.239501953125,2.90234375,3.73046875,0.0911988914012909,False,False,True,True,True,True,True,True,True,0.0911988914012909,0.0911988914012909,0.98828125,0.98828125,1,20,39630,1437,38193,0.9057350158691406,0.9155702590942383,0.009835243225097656,8,13,13,148,1087,1454,1706258748.699997,0.009835243225097656,19,Mid360,4,166,True,True,CURRENT_SUPPORT
seq0015,seq0015_valref_001421,1706258748.8441641,-0.2062090039253235,2.8182260990142822,3.7420029640197754,-0.126953125,2.49609375,3.8876953125,0.3623217046260834,False,False,True,True,True,True,True,True,True,0.25307291746139526,0.3623217046260834,0.98828125,0.98828125,1,20,39701,1340,38361,0.9066128730773926,0.9497721195220947,0.04315924644470215,10,14,14,179,1122,1375,1706258748.801005,0.04315924644470215,19,Mid360,4,149,True,True,CURRENT_SUPPORT
seq0015,seq0015_valref_001422,1706258748.9636438,-0.4825809895992279,2.9475340843200684,3.741408109664917,-0.2198486328125,2.509765625,3.86572265625,0.5254746675491333,False,False,False,True,True,True,True,False,True,0.24425138533115387,0.5254746675491333,0.98828125,0.98828125,1,20,39732,1217,38515,0.9065999984741211,0.9693548679351807,0.06275486946105957,7,15,15,71,751,1275,1706258748.900889,0.06275486946105957,19,Mid360,4,187,True,True,CURRENT_SUPPORT
seq0015,seq0015_valref_001423,1706258749.0103521,-0.5240169763565063,2.9678618907928467,3.742043972015381,-0.4326171875,2.607421875,3.84619140625,0.3861575126647949,False,False,True,True,True,True,True,True,True,0.26995372772216797,0.3861575126647949,0.98828125,0.98828125,1,20,39704,1110,38594,0.9056990146636963,0.9160940647125244,0.010395050048828125,9,16,16,72,727,1174,1706258748.999957,0.010395050048828125,19,Mid360,4,180,True,True,CURRENT_SUPPORT
seq0015,seq0015_valref_001424,1706258749.058118,-0.5661929845809937,2.9893980026245117,3.742511034011841,-0.57421875,2.541015625,3.806396484375,0.4529817998409271,False,False,True,True,True,True,True,True,True,0.3113930821418762,0.4529817998409271,0.98828125,0.98828125,1,20,39704,1110,38594,0.9056990146636963,0.963860034942627,0.058161020278930664,8,16,16,58,667,1174,1706258748.999957,0.058161020278930664,19,Mid360,4,179,True,True,CURRENT_SUPPORT
seq0015,seq0015_valref_001425,1706258749.1119018,-0.6046609878540039,3.0094690322875977,3.7429699897766113,-0.78955078125,2.69482421875,3.82421875,0.37388095259666443,False,False,True,True,True,True,True,True,True,0.3535585105419159,0.37388095259666443,0.98828125,0.98828125,1,20,39630,1016,38614,0.9066829681396484,0.9175708293914795,0.010887861251831055,8,17,17,54,643,1089,1706258749.101014,0.010887861251831055,19,Mid360,4,126,True,True,CURRENT_SUPPORT
seq0015,seq0015_valref_001426,1706258749.1728194,-0.6451060175895691,3.030925989151001,3.74406099319458,-0.7060546875,2.46484375,3.8671875,0.5825152397155762,False,False,False,True,True,True,True,False,True,0.37379392981529236,0.5825152397155762,0.9921875,0.9921875,1,20,39630,1016,38614,0.9066829681396484,0.9784884452819824,0.07180547714233398,8,17,17,47,579,1089,1706258749.101014,0.07180547714233398,19,Mid360,4,126,True,True,CURRENT_SUPPORT
seq0015,seq0015_valref_001427,1706258749.2110803,-0.6883839964866638,3.0522959232330322,3.7444539070129395,-0.84716796875,2.81787109375,3.765625,0.2839288115501404,False,False,True,True,True,True,True,True,True,0.2839288115501404,0.2839288115501404,0.98828125,0.98828125,1,20,39596,879,38717,0.9066948890686035,0.9168221950531006,0.01012730598449707,9,17,18,53,564,967,1706258749.200953,0.01012730598449707,19,Mid360,4,94,True,True,CURRENT_SUPPORT
seq0015,seq0015_valref_001428,1706258749.2622762,-0.7695649862289429,3.0928080081939697,3.746109962463379,-0.83642578125,2.81201171875,3.79296875,0.2924254834651947,False,False,True,True,True,True,True,True,True,0.2924254834651947,0.2924254834651947,0.98828125,0.98828125,1,20,39596,879,38717,0.9066948890686035,0.9680180549621582,0.06132316589355469,7,17,18,33,469,967,1706258749.200953,0.06132316589355469,19,Mid360,4,87,True,True,CURRENT_SUPPORT
seq0015,seq0015_valref_001429,1706258749.3087327,-0.8089699745178223,3.112931966781616,3.7466421127319336,-0.6337890625,2.65478515625,4.00390625,0.5538697242736816,False,False,False,True,True,True,True,False,True,0.1878606230020523,0.5538697242736816,0.9921875,0.9921875,1,20,39563,710,38853,0.9056940078735352,0.9143927097320557,0.008698701858520508,6,17,19,40,423,828,1706258749.300034,0.008698701858520508,19,Mid360,4,83,True,True,CURRENT_SUPPORT
seq0015,seq0015_valref_001430,1706258749.3591418,-0.8459939956665039,3.1313769817352295,3.7477660179138184,-0.5927734375,2.63623046875,4.01953125,0.6189887523651123,False,False,False,True,True,True,True,False,True,0.2140810638666153,0.6189887523651123,0.9921875,0.9921875,1,20,39563,710,38853,0.9056940078735352,0.9648017883300781,0.05910778045654297,6,16,19,32,374,828,1706258749.300034,0.05910778045654297,19,Mid360,4,82,True,True,CURRENT_SUPPORT
seq0015,seq0015_valref_001431,1706258749.4117782,-0.8843389749526978,3.151871919631958,3.7487618923187256,-0.6611328125,2.5068359375,3.9931640625,0.7249998450279236,False,False,False,True,True,True,True,True,True,0.1642594337463379,0.4348044693470001,0.99609375,0.99609375,1,20,39753,600,39153,0.9066550731658936,0.9175052642822266,0.010850191116333008,6,18,20,42,374,746,1706258749.400928,0.010850191116333008,19,Mid360,4,85,True,True,CURRENT_SUPPORT
seq0015,seq0015_valref_001432,1706258749.4767973,-0.9198690056800842,3.1714670658111572,3.749830961227417,-0.630859375,2.4921875,4.005859375,0.7813435792922974,False,False,False,True,True,True,True,True,True,0.12555643916130066,0.4160682260990143,0.99609375,0.99609375,1,20,39753,600,39153,0.9066550731658936,0.9825243949890137,0.07586932182312012,6,18,20,33,334,746,1706258749.400928,0.07586932182312012,19,Mid360,4,85,True,True,CURRENT_SUPPORT
seq0015,seq0015_valref_001433,1706258749.5140254,-0.9964569807052612,3.212667942047119,3.7529261112213135,-0.876953125,2.5263671875,3.9296875,0.7187033295631409,False,False,False,True,True,True,True,False,True,0.1435181200504303,0.7187033295631409,0.9921875,0.9921875,1,20,39794,483,39311,0.9064369201660156,0.9195773601531982,0.013140439987182617,3,18,20,44,304,661,1706258749.500885,0.013140439987182617,19,Mid360,4,94,True,True,CURRENT_SUPPORT
seq0015,seq0015_valref_001434,1706258749.560968,-1.0376479625701904,3.2343180179595947,3.7535550594329834,-0.8564453125,2.5166015625,3.939453125,0.7632230520248413,False,False,False,True,True,True,True,False,True,0.11487314850091934,0.7632230520248413,0.9921875,0.9921875,1,20,39794,483,39311,0.9064369201660156,0.966519832611084,0.06008291244506836,2,18,20,35,286,661,1706258749.500885,0.06008291244506836,19,Mid360,4,94,True,True,CURRENT_SUPPORT
seq0015,seq0015_valref_001435,1706258749.6089878,-1.0747569799423218,3.2548348903656006,3.7544450759887695,-1.1025390625,3.217041015625,3.765625,0.048220451921224594,False,False,True,True,True,True,True,True,True,0.048220451921224594,0.048220451921224594,0.9921875,0.9921875,1,20,39672,389,39283,0.9056239128112793,0.9146497249603271,0.009025812149047852,3,19,20,40,272,582,1706258749.599962,0.009025812149047852,19,Mid360,4,74,True,True,CURRENT_SUPPORT
seq0015,seq0015_valref_001436,1706258749.657883,-1.1122219562530518,3.2749860286712646,3.755012035369873,-1.095703125,3.19873046875,3.78515625,0.0836448147892952,False,False,True,True,True,True,True,True,True,0.0836448147892952,0.0836448147892952,0.9921875,0.9921875,1,20,39672,389,39283,0.9056239128112793,0.9635448455810547,0.05792093276977539,3,19,20,28,257,582,1706258749.599962,0.05792093276977539,19,Mid360,4,74,True,True,CURRENT_SUPPORT
seq0015,seq0015_valref_001437,1706258749.709169,-1.148697018623352,3.295095920562744,3.755640983581543,-0.9794921875,2.37109375,3.98046875,0.9658974409103394,False,False,False,True,True,True,True,True,True,0.13904403150081635,0.13904403150081635,0.9921875,0.9921875,1,20,39797,340,39457,0.9066698551177979,0.9149038791656494,0.008234024047851562,4,19,20,38,262,541,1706258749.700935,0.008234024047851562,19,Mid360,4,46,True,True,CURRENT_SUPPORT
seq0015,seq0015_valref_001438,1706258749.7643287,-1.1853150129318237,3.3149518966674805,3.755565881729126,-0.9658203125,2.353515625,3.9833984375,1.0121488571166992,False,False,False,False,True,True,True,True,True,0.15471294522285461,0.15471294522285461,0.9921875,0.98828125,2,20,39797,340,39457,0.9066698551177979,0.9700636863708496,0.06339383125305176,4,18,20,30,241,541,1706258749.700935,0.06339383125305176,19,Mid360,4,45,True,True,CURRENT_SUPPORT
seq0015,seq0015_valref_001439,1706258749.8124843,-1.2540630102157593,3.353503942489624,3.756556987762451,-1.681640625,3.333984375,3.9453125,0.46779510378837585,False,False,True,True,True,True,True,True,True,0.1058204397559166,0.46779510378837585,0.984375,0.984375,1,20,39885,273,39612,0.9065380096435547,0.9181382656097412,0.011600255966186523,5,16,19,34,218,475,1706258749.800884,0.011600255966186523,19,Mid360,3,42,True,True,CURRENT_SUPPORT
seq0015,seq0015_valref_001440,1706258749.8572483,-1.288862943649292,3.3731141090393066,3.7569499015808105,-1.65771484375,3.3232421875,3.984375,0.43618932366371155,False,False,True,True,True,True,True,True,True,0.12218760699033737,0.43618932366371155,0.984375,0.984375,1,20,39885,273,39612,0.9065380096435547,0.962902307510376,0.05636429786682129,4,15,19,26,201,475,1706258749.800884,0.05636429786682129,19,Mid360,3,42,True,True,CURRENT_SUPPORT
seq0015,seq0015_valref_001441,1706258749.9086037,-1.3232619762420654,3.393580913543701,3.7572269439697266,-1.78662109375,3.37451171875,3.94140625,0.49898630380630493,False,False,True,True,True,True,True,True,True,0.10931824892759323,0.49898630380630493,0.98828125,0.98828125,1,20,39818,192,39626,0.9056861400604248,0.9143297672271729,0.008643627166748047,5,14,18,32,203,388,1706258749.89996,0.008643627166748047,19,Mid360,2,36,True,True,CURRENT_SUPPORT
seq0015,seq0015_valref_001442,1706258749.9588408,-1.3566739559173584,3.4136509895324707,3.7579360008239746,-1.7880859375,3.3720703125,3.96875,0.4819624423980713,False,False,True,True,True,True,True,True,True,0.10555925220251083,0.4819624423980713,0.98828125,0.98828125,1,20,39818,192,39626,0.9056861400604248,0.9645669460296631,0.05888080596923828,5,12,18,25,189,388,1706258749.89996,0.05888080596923828,19,Mid360,2,36,True,True,CURRENT_SUPPORT
seq0015,seq0015_valref_001443,1706258750.0101087,-1.3899129629135132,3.433950901031494,3.758913993835449,-1.904296875,3.4404296875,3.8984375,0.533009946346283,False,False,False,True,True,True,True,False,True,0.15478678047657013,0.533009946346283,0.98828125,0.98828125,1,20,39890,122,39768,0.906749963760376,0.915839672088623,0.00908970832824707,5,11,17,32,188,331,1706258750.001019,0.00908970832824707,19,Mid360,2,36,True,True,CURRENT_SUPPORT
seq0015,seq0015_valref_001444,1706258750.0615063,-1.422116994857788,3.4541780948638916,3.7590339183807373,-1.892578125,3.4384765625,3.93359375,0.5020471215248108,False,False,False,True,True,True,True,False,True,0.15584024786949158,0.5020471215248108,0.984375,0.984375,1,20,39890,122,39768,0.906749963760376,0.9672372341156006,0.06048727035522461,4,9,17,23,180,331,1706258750.001019,0.06048727035522461,19,Mid360,2,36,True,True,CURRENT_SUPPORT
seq0015,seq0015_valref_001445,1706258750.1111581,-1.45346200466156,3.4745659828186035,3.759821891784668,-1.3984375,3.7939453125,3.6171875,0.35408392548561096,False,False,True,True,True,True,True,True,True,0.14075016975402832,0.35408392548561096,0.98828125,0.98828125,1,20,39841,81,39760,0.9065151214599609,0.916790246963501,0.010275125503540039,4,10,16,23,189,298,1706258750.100883,0.010275125503540039,19,Mid360,2,36,True,True,CURRENT_SUPPORT
seq0015,seq0015_valref_001446,1706258750.1610608,-1.487663984298706,3.4956839084625244,3.760322093963623,-1.3974609375,3.788330078125,3.62890625,0.3332393765449524,False,False,True,True,True,True,True,True,True,0.10378628224134445,0.3332393765449524,0.98828125,0.98828125,1,20,39841,81,39760,0.9065151214599609,0.9666929244995117,0.06017780303955078,4,9,16,21,180,298,1706258750.100883,0.06017780303955078,19,Mid360,2,36,True,True,CURRENT_SUPPORT
seq0015,seq0015_valref_001447,1706258750.2131233,-1.5534980297088623,3.5406150817871094,3.761636972427368,-1.4052734375,3.688232421875,3.77734375,0.20978111028671265,False,False,True,True,True,True,True,True,True,0.07778767496347427,0.20978111028671265,0.98828125,0.98828125,1,20,39850,52,39798,0.9057049751281738,0.9188232421875,0.013118267059326172,5,10,15,17,164,259,1706258750.200005,0.013118267059326172,19,Mid360,2,22,True,True,CURRENT_SUPPORT
seq0015,seq0015_valref_001448,1706258750.2585642,-1.5859880447387695,3.562786102294922,3.761723041534424,-1.392578125,3.68115234375,3.80078125,0.2300945669412613,False,False,True,True,True,True,True,True,True,0.10412738472223282,0.2300945669412613,0.98828125,0.98828125,1,20,39850,52,39798,0.9057049751281738,0.9642641544342041,0.05855917930603027,4,9,15,14,153,259,1706258750.200005,0.05855917930603027,19,Mid360,2,22,True,True,CURRENT_SUPPORT
seq0015,seq0015_valref_001449,1706258750.3092413,-1.6158440113067627,3.583656072616577,3.7625770568847656,-1.72412109375,3.8466796875,3.568359375,0.34442105889320374,False,False,True,True,True,True,True,True,True,0.13510769605636597,0.34442105889320374,0.984375,0.984375,1,20,40016,40,39976,0.905580997467041,0.9148972034454346,0.009316205978393555,5,10,14,23,157,230,1706258750.299925,0.009316205978393555,19,Mid360,2,18,True,True,CURRENT_SUPPORT
seq0015,seq0015_valref_001450,1706258750.3605525,-1.6460009813308716,3.605370044708252,3.7631099224090576,-1.70849609375,3.8349609375,3.583984375,0.2978314757347107,False,False,True,True,True,True,True,True,True,0.14599713683128357,0.2978314757347107,0.984375,0.984375,1,20,40016,40,39976,0.905580997467041,0.9662084579467773,0.06062746047973633,5,10,14,18,150,230,1706258750.299925,0.06062746047973633,19,Mid360,2,18,True,True,CURRENT_SUPPORT
seq0015,seq0015_valref_001451,1706258750.4085443,-1.675658941268921,3.626568078994751,3.7635140419006348,-1.900390625,3.81591796875,3.7265625,0.2961809039115906,False,False,True,True,True,True,True,True,True,0.15184755623340607,0.2961809039115906,0.98828125,0.98828125,1,20,39903,25,39878,0.906641960144043,0.9142673015594482,0.0076253414154052734,4,10,13,24,156,204,1706258750.400919,0.0076253414154052734,19,Mid360,2,30,True,True,CURRENT_SUPPORT
seq0015,seq0015_valref_001452,1706258750.460609,-1.705443024635315,3.648827075958252,3.7641758918762207,-1.89453125,3.80908203125,3.748046875,0.24838709831237793,False,False,True,True,True,True,True,True,True,0.16965888440608978,0.24838709831237793,0.98828125,0.98828125,1,20,39903,25,39878,0.906641960144043,0.966331958770752,0.059689998626708984,4,10,13,22,146,204,1706258750.400919,0.059689998626708984,19,Mid360,2,30,True,True,CURRENT_SUPPORT
seq0015,seq0015_valref_001453,1706258750.5116324,-1.7332630157470703,3.669301986694336,3.7646939754486084,-1.8291015625,3.9140625,3.71484375,0.26754024624824524,False,False,True,True,True,True,True,True,True,0.15648747980594635,0.26754024624824524,0.98828125,0.98828125,1,20,39798,7,39791,0.9055638313293457,0.9172453880310059,0.011681556701660156,5,10,12,19,138,162,1706258750.499951,0.011681556701660156,19,Mid360,2,26,True,True,CURRENT_SUPPORT
seq0015,seq0015_valref_001454,1706258750.5604255,-1.7869449853897095,3.711664915084839,3.764693021774292,-1.83251953125,3.9189453125,3.73828125,0.2138686180114746,False,False,True,True,True,True,True,True,True,0.15468844771385193,0.2138686180114746,0.98828125,0.98828125,1,20,39798,7,39791,0.9055638313293457,0.9660384654998779,0.06047463417053223,4,10,12,14,123,162,1706258750.499951,0.06047463417053223,19,Mid360,2,26,True,True,CURRENT_SUPPORT
seq0015,seq0015_valref_001455,1706258750.609029,-1.8148969411849976,3.73370099067688,3.765367031097412,-1.966796875,3.9873046875,3.685546875,0.3062020242214203,False,False,True,True,True,True,True,True,True,0.18287540972232819,0.3062020242214203,0.984375,0.984375,1,20,39993,4,39989,0.906653881072998,0.9147160053253174,0.008062124252319336,4,10,11,16,114,146,1706258750.600967,0.008062124252319336,19,Mid360,2,16,True,True,CURRENT_SUPPORT
seq0015,seq0015_valref_001456,1706258750.6614876,-1.8418560028076172,3.7566890716552734,3.766309976577759,-1.9716796875,3.9912109375,3.701171875,0.2758580446243286,False,False,True,True,True,True,True,True,True,0.16023187339305878,0.2758580446243286,0.984375,0.984375,1,20,39993,4,39989,0.906653881072998,0.9671745300292969,0.06052064895629883,4,10,11,13,108,146,1706258750.600967,0.06052064895629883,19,Mid360,2,16,True,True,CURRENT_SUPPORT
seq0015,seq0015_valref_001457,1706258750.7105358,-1.8671469688415527,3.777268886566162,3.766627073287964,-2.125,3.9384765625,3.734375,0.3058043420314789,False,False,True,True,True,True,True,True,True,0.13610371947288513,0.3058043420314789,0.98046875,0.98046875,1,20,39884,1,39883,0.9066250324249268,0.9162688255310059,0.009643793106079102,4,10,10,15,109,130,1706258750.700892,0.009643793106079102,19,Mid360,2,14,True,True,CURRENT_SUPPORT
seq0015,seq0015_valref_001458,1706258750.7598948,-1.892725944519043,3.79986310005188,3.766839027404785,-2.12109375,3.9326171875,3.75,0.2646867334842682,False,False,True,True,True,True,True,True,True,0.0963594913482666,0.2646867334842682,0.9765625,0.9765625,1,20,39884,1,39883,0.9066250324249268,0.965627908706665,0.05900287628173828,4,10,10,11,105,130,1706258750.700892,0.05900287628173828,19,Mid360,2,14,True,True,CURRENT_SUPPORT
seq0015,seq0015_valref_001459,1706258750.8124235,-1.9431270360946655,3.8441500663757324,3.7674760818481445,-2.150390625,4.00390625,3.736328125,0.2635344862937927,False,False,True,True,True,True,True,True,True,0.2588253915309906,0.2635344862937927,0.9765625,0.9765625,1,20,39903,1,39902,0.9056799411773682,0.9180994033813477,0.012419462203979492,4,10,10,11,107,125,1706258750.800004,0.012419462203979492,19,Mid360,2,21,True,True,CURRENT_SUPPORT
seq0015,seq0015_valref_001460,1706258750.8588648,-1.9694390296936035,3.8665080070495605,3.7678699493408203,-2.150390625,4.005859375,3.74609375,0.22942642867565155,False,False,True,True,True,True,True,True,True,0.22942642867565155,0.22942642867565155,0.9765625,0.9765625,1,20,39903,1,39902,0.9056799411773682,0.9645407199859619,0.05886077880859375,3,10,10,10,105,125,1706258750.800004,0.05886077880859375,19,Mid360,2,21,True,True,CURRENT_SUPPORT
seq0015,seq0015_valref_001461,1706258750.9091468,-1.995650053024292,3.889133930206299,3.7678730487823486,-2.10546875,4.09375,3.6875,0.24573910236358643,False,False,True,True,True,True,True,True,True,0.12439533323049545,0.24573910236358643,0.9765625,0.9765625,1,20,39931,1,39930,0.9056248664855957,0.914881706237793,0.009256839752197266,3,10,10,12,106,118,1706258750.89989,0.009256839752197266,19,Mid360,2,24,True,True,CURRENT_SUPPORT
seq0015,seq0015_valref_001462,1706258750.9580545,-2.021552085876465,3.912179946899414,3.767810106277466,-2.111328125,4.09375,3.701171875,0.21323244273662567,False,False,True,True,True,True,True,True,True,0.11949263513088226,0.21323244273662567,0.9765625,0.9765625,1,20,39931,1,39930,0.9056248664855957,0.9637894630432129,0.05816459655761719,3,10,10,9,102,118,1706258750.89989,0.05816459655761719,19,Mid360,2,24,True,True,CURRENT_SUPPORT
seq0015,seq0015_valref_001463,1706258751.00815,-2.045422077178955,3.9342520236968994,3.767853021621704,-2.392578125,3.85595703125,3.91796875,0.38624104857444763,False,False,True,True,True,True,True,True,True,0.12469847500324249,0.38624104857444763,0.97265625,0.97265625,1,20,39843,1,39842,0.9065811634063721,0.9138021469116211,0.0072209835052490234,4,10,10,20,102,114,1706258751.000929,0.0072209835052490234,19,Mid360,2,25,True,True,CURRENT_SUPPORT
seq0015,seq0015_valref_001464,1706258751.0588884,-2.070668935775757,3.9566240310668945,3.7678539752960205,-2.400390625,3.86669921875,3.93359375,0.3798322379589081,False,False,True,True,True,True,True,True,True,0.11042991280555725,0.3798322379589081,0.9765625,0.9765625,1,20,39843,1,39842,0.9065811634063721,0.9645404815673828,0.05795931816101074,4,10,10,17,97,114,1706258751.000929,0.05795931816101074,19,Mid360,2,25,True,True,CURRENT_SUPPORT
seq0015,seq0015_valref_001465,1706258751.1141045,-2.095750093460083,3.979741096496582,3.767345905303955,-2.2485809326171875,4.029296875,3.732421875,0.1644163280725479,False,False,True,True,True,True,True,True,True,0.13654688000679016,0.1644163280725479,0.9765625,0.9765625,1,20,40009,1,40008,0.9057028293609619,0.9198024272918701,0.014099597930908203,4,10,10,16,97,103,1706258751.100005,0.014099597930908203,19,Mid360,2,21,True,True,CURRENT_SUPPORT
seq0015,seq0015_valref_001466,1706258751.171786,-2.1472320556640625,4.02578592300415,3.7668159008026123,-2.256195068359375,4.041015625,3.748046875,0.11161164194345474,False,False,True,True,True,True,True,True,True,0.0699864849448204,0.11161164194345474,0.98046875,0.98046875,1,20,40009,1,40008,0.9057028293609619,0.9774839878082275,0.07178115844726562,2,10,10,10,94,103,1706258751.100005,0.07178115844726562,19,Mid360,2,21,True,True,CURRENT_SUPPORT
seq0015,seq0015_valref_001467,1706258751.2139056,-2.174006938934326,4.051346778869629,3.7667911052703857,-2.26300048828125,4.0625,3.7890625,0.092413529753685,False,False,True,True,True,True,True,True,True,0.039496250450611115,0.092413529753685,0.98046875,0.98046875,1,20,40040,0,40040,0.9066300392150879,0.9196205139160156,0.012990474700927734,3,10,10,9,94,103,1706258751.200915,0.012990474700927734,19,Mid360,2,11,True,True,CURRENT_SUPPORT
seq0015,seq0015_valref_001468,1706258751.2585301,-2.1997060775756836,4.076148986816406,3.7664709091186523,-2.7388916015625,3.947265625,3.8828125,0.5664514899253845,False,False,False,True,True,True,True,False,True,0.07807689160108566,0.5664514899253845,0.98046875,0.98046875,1,20,40040,0,40040,0.9066300392150879,0.964245080947876,0.057615041732788086,3,10,10,7,90,103,1706258751.200915,0.057615041732788086,19,Mid360,2,11,True,True,CURRENT_SUPPORT
seq0015,seq0015_valref_001469,1706258751.3097918,-2.2239229679107666,4.100283145904541,3.766510009765625,-2.29443359375,4.0390625,3.859375,0.13169518113136292,False,False,True,True,True,True,True,True,True,0.13169518113136292,0.13169518113136292,0.984375,0.984375,1,20,39947,0,39947,0.9065141677856445,0.9154589176177979,0.00894474983215332,3,10,10,10,89,97,1706258751.300847,0.00894474983215332,19,Mid360,2,12,True,True,CURRENT_SUPPORT
seq0015,seq0015_valref_001470,1706258751.4025238,-2.270453929901123,4.146020889282227,3.7663190364837646,-2.376953125,4.064453125,3.84375,0.1548900604248047,False,False,True,True,True,True,True,True,True,0.1548900604248047,0.1548900604248047,0.98046875,0.98046875,1,20,40062,0,40062,0.9065830707550049,0.9082608222961426,0.0016777515411376953,4,10,10,10,82,86,1706258751.400846,0.0016777515411376953,19,Mid360,2,13,True,True,CURRENT_SUPPORT
seq0015,seq0015_valref_001471,1706258751.471252,-2.3141400814056396,4.190622806549072,3.7656009197235107,-2.890625,4.189453125,3.78125,0.5766984820365906,False,False,False,True,True,True,True,False,True,0.16169816255569458,0.5766984820365906,0.9765625,0.9765625,1,20,40062,0,40062,0.9065830707550049,0.9769890308380127,0.07040596008300781,3,10,10,8,75,86,1706258751.400846,0.07040596008300781,19,Mid360,2,13,True,True,CURRENT_SUPPORT
seq0015,seq0015_valref_001472,1706258751.5150664,-2.3383491039276123,4.214239120483398,3.7659060955047607,-2.4443359375,4.109375,3.90625,0.2047586441040039,False,False,True,True,True,True,True,True,True,0.2047586441040039,0.2047586441040039,0.97265625,0.97265625,1,20,40062,0,40062,0.9065861701965332,0.9207234382629395,0.01413726806640625,4,10,10,7,72,79,1706258751.500929,0.01413726806640625,19,Mid360,2,8,True,True,CURRENT_SUPPORT
seq0015,seq0015_valref_001473,1706258751.5651996,-2.361293077468872,4.237490177154541,3.765597105026245,-2.94921875,4.23046875,3.85546875,0.5947964191436768,False,False,False,True,True,True,True,False,True,0.21822912991046906,0.5947964191436768,0.96875,0.96875,1,20,40062,0,40062,0.9065861701965332,0.9708566665649414,0.0642704963684082,3,10,10,4,71,79,1706258751.500929,0.0642704963684082,19,Mid360,2,8,True,True,CURRENT_SUPPORT
seq0015,seq0015_valref_001474,1706258751.6182518,-2.3866629600524902,4.262333869934082,3.76557993888855,-2.704345703125,3.9775390625,3.80859375,0.42881301045417786,False,False,True,True,True,True,True,True,True,0.21350471675395966,0.42881301045417786,0.9765625,0.9765625,1,20,40003,0,40003,0.9066290855407715,0.9239559173583984,0.017326831817626953,3,10,10,5,75,79,1706258751.600925,0.017326831817626953,19,Mid360,2,9,True,True,CURRENT_SUPPORT
seq0015,seq0015_valref_001475,1706258751.6608746,-2.4100189208984375,4.286933898925781,3.7654879093170166,-2.7080078125,3.9873046875,3.82421875,0.42664313316345215,False,False,True,True,True,True,True,True,True,0.20002396404743195,0.42664313316345215,0.9765625,0.9765625,1,20,40003,0,40003,0.9066290855407715,0.9665787220001221,0.059949636459350586,3,10,10,5,72,79,1706258751.600925,0.059949636459350586,19,Mid360,2,9,True,True,CURRENT_SUPPORT
seq0015,seq0015_valref_001476,1706258751.711708,-2.4329700469970703,4.31076717376709,3.7652430534362793,-2.69287109375,3.943359375,3.8828125,0.46514472365379333,False,False,True,True,True,True,True,True,True,0.09666766226291656,0.46514472365379333,0.984375,0.984375,1,20,40135,0,40135,0.9057459831237793,0.9174461364746094,0.011700153350830078,4,10,10,9,72,78,1706258751.700008,0.011700153350830078,19,Mid360,2,13,True,True,CURRENT_SUPPORT
seq0015,seq0015_valref_001477,1706258751.7600815,-2.4547019004821777,4.333944797515869,3.7649641036987305,-2.69580078125,3.9482421875,3.90234375,0.47515085339546204,False,False,True,True,True,True,True,True,True,0.11363639682531357,0.47515085339546204,0.984375,0.984375,1,20,40135,0,40135,0.9057459831237793,0.9658195972442627,0.0600736141204834,4,10,10,9,69,78,1706258751.700008,0.0600736141204834,19,Mid360,2,13,True,True,CURRENT_SUPPORT
seq0015,seq0015_valref_001478,1706258751.8095672,-2.476500988006592,4.356926918029785,3.764939069747925,-2.54296875,4.552734375,3.693359375,0.21881996095180511,False,False,True,True,True,True,True,True,True,0.18521665036678314,0.21881996095180511,0.98046875,0.98046875,1,20,39961,0,39961,0.9066050052642822,0.915250301361084,0.008645296096801758,4,10,10,8,64,70,1706258751.800922,0.008645296096801758,19,Mid360,2,12,True,True,CURRENT_SUPPORT
seq0015,seq0015_valref_001479,1706258751.859635,-2.4971609115600586,4.380121231079102,3.765023946762085,-2.552734375,4.5625,3.69921875,0.20169468224048615,False,False,True,True,True,True,True,True,True,0.17904959619045258,0.20169468224048615,0.98046875,0.98046875,1,20,39961,0,39961,0.9066050052642822,0.9653182029724121,0.05871319770812988,4,10,10,7,63,70,1706258751.800922,0.05871319770812988,19,Mid360,2,12,True,True,CURRENT_SUPPORT
seq0015,seq0015_valref_001480,1706258751.9116614,-2.539278030395508,4.427618026733398,3.764888048171997,-2.71240234375,4.5546875,3.693359375,0.2263515591621399,False,False,True,True,True,True,True,True,True,0.13016963005065918,0.2263515591621399,0.984375,0.984375,1,20,40036,1,40035,0.9066200256347656,0.9173943996429443,0.010774374008178711,3,10,10,6,59,64,1706258751.900887,0.010774374008178711,19,Mid360,2,10,True,True,CURRENT_SUPPORT
seq0015,seq0015_valref_001481,1706258751.9608078,-2.5596439838409424,4.451260089874268,3.764312982559204,-2.716796875,4.560546875,3.705078125,0.20037315785884857,False,False,True,True,True,True,True,True,True,0.10960852354764938,0.20037315785884857,0.984375,0.984375,1,20,40036,1,40035,0.9066200256347656,0.9665408134460449,0.0599207878112793,2,10,10,4,59,64,1706258751.900887,0.0599207878112793,19,Mid360,2,10,True,True,CURRENT_SUPPORT
seq0015,seq0015_valref_001482,1706258752.0094018,-2.5800700187683105,4.476062774658203,3.7640490531921387,-2.7900390625,4.4765625,3.80859375,0.2146426886320114,False,False,True,True,True,True,True,True,True,0.08495034277439117,0.2146426886320114,0.98828125,0.98828125,1,20,40162,1,40161,0.90659499168396,0.9151527881622314,0.008557796478271484,3,10,10,9,54,55,1706258752.000844,0.008557796478271484,19,Mid360,2,10,True,True,CURRENT_SUPPORT
seq0015,seq0015_valref_001483,1706258752.0988235,-2.600841999053955,4.501861095428467,3.7631781101226807,-2.7998046875,4.478515625,3.83984375,0.21449658274650574,False,False,True,True,True,True,True,True,True,0.08515070378780365,0.21449658274650574,0.98828125,0.98828125,1,20,40162,1,40161,0.9941990375518799,0.9988186359405518,0.004619598388671875,3,10,10,9,53,55,1706258752.000844,0.09797954559326172,18,Mid360,2,10,True,True,CURRENT_SUPPORT
seq0015,seq0015_valref_001484,1706258752.162468,-2.6407630443573,4.551929950714111,3.761681079864502,-2.62841796875,4.7308349609375,3.666015625,0.20325176417827606,False,False,True,True,True,True,True,True,True,0.15403170883655548,0.20325176417827606,0.9921875,0.9921875,1,20,40032,1,40031,0.9066140651702881,0.9681680202484131,0.061553955078125,4,10,10,9,57,60,1706258752.100914,0.061553955078125,19,Mid360,2,17,True,True,CURRENT_SUPPORT
seq0015,seq0015_valref_001485,1706258752.2112286,-2.676906108856201,4.600955963134766,3.759002923965454,-2.568359375,4.6572265625,3.673828125,0.14900845289230347,False,False,True,True,True,True,True,True,True,0.14900845289230347,0.14900845289230347,0.9921875,0.9921875,1,20,40103,1,40102,0.9065508842468262,0.916947603225708,0.010396718978881836,4,10,10,8,54,58,1706258752.200832,0.010396718978881836,19,Mid360,2,14,True,True,CURRENT_SUPPORT
seq0015,seq0015_valref_001486,1706258752.2566257,-2.6955060958862305,4.626330852508545,3.7574191093444824,-2.5576171875,4.63916015625,3.685546875,0.15602423250675201,False,False,True,True,True,True,True,True,True,0.15602423250675201,0.15602423250675201,0.9921875,0.9921875,1,20,40103,1,40102,0.9065508842468262,0.9623446464538574,0.05579376220703125,4,10,10,6,53,58,1706258752.200832,0.05579376220703125,19,Mid360,2,14,True,True,CURRENT_SUPPORT
seq0015,seq0015_valref_001487,1706258752.3093362,-2.712364912033081,4.6512861251831055,3.755568027496338,-2.677734375,4.65673828125,3.64453125,0.11643953621387482,False,False,True,True,True,True,True,True,True,0.11643953621387482,0.11643953621387482,0.9921875,0.9921875,1,20,40143,1,40142,0.9065291881561279,0.9150192737579346,0.00849008560180664,4,10,10,8,53,57,1706258752.300846,0.00849008560180664,19,Mid360,2,9,True,True,CURRENT_SUPPORT
seq0015,seq0015_valref_001488,1706258752.3588827,-2.731595993041992,4.67784309387207,3.7538199424743652,-2.68115234375,4.65087890625,3.654296875,0.11478880792856216,False,False,True,True,True,True,True,True,True,0.11478880792856216,0.11478880792856216,0.9921875,0.9921875,1,20,40143,1,40142,0.9065291881561279,0.9645657539367676,0.05803656578063965,3,10,10,6,52,57,1706258752.300846,0.05803656578063965,19,Mid360,2,9,True,True,CURRENT_SUPPORT
seq0015,seq0015_valref_001489,1706258752.4093862,-2.748194932937622,4.703550815582275,3.751530885696411,-2.8125,4.87060546875,3.732421875,0.18002097308635712,False,False,True,True,True,True,True,True,True,0.17753483355045319,0.18002097308635712,0.98828125,0.98828125,1,20,40106,1,40105,0.9066932201385498,0.9151172637939453,0.008424043655395508,4,10,10,8,58,62,1706258752.400962,0.008424043655395508,19,Mid360,2,17,True,True,CURRENT_SUPPORT
seq0015,seq0015_valref_001490,1706258752.4643457,-2.764230966567993,4.728707790374756,3.7493860721588135,-2.810546875,4.86279296875,3.7578125,0.14210912585258484,False,False,True,True,True,True,True,True,True,0.14210912585258484,0.14210912585258484,0.98828125,0.98828125,1,20,40106,1,40105,0.9066932201385498,0.9700767993927002,0.06338357925415039,3,10,10,7,57,62,1706258752.400962,0.06338357925415039,19,Mid360,2,17,True,True,CURRENT_SUPPORT
seq0015,seq0015_valref_001491,1706258752.5102296,-2.7961549758911133,4.780696868896484,3.7448630332946777,-2.795654296875,4.82275390625,3.7890625,0.06101342290639877,False,False,True,True,True,True,True,True,True,0.06101342290639877,0.06101342290639877,0.98828125,0.98828125,1,20,40244,2,40242,0.9066591262817383,0.9160206317901611,0.009361505508422852,2,9,9,4,55,60,1706258752.400962,0.1092674732208252,17,Mid360,1,11,True,True,CURRENT_SUPPORT
seq0015,seq0015_valref_001492,1706258752.5606883,-2.813002109527588,4.807497978210449,3.741633892059326,-2.7939453125,4.81103515625,3.8046875,0.06596537679433823,False,False,True,True,True,True,True,True,True,0.06596537679433823,0.06596537679433823,0.98828125,0.98828125,1,20,40244,2,40242,0.9066591262817383,0.9664793014526367,0.05982017517089844,2,9,9,2,55,60,1706258752.400962,0.15972614288330078,17,Mid360,1,11,True,True,CURRENT_SUPPORT
seq0015,seq0015_valref_001493,1706258752.611692,-2.8285460472106934,4.8353400230407715,3.738352060317993,-3.060546875,5.197265625,3.728515625,0.43001312017440796,False,False,True,True,True,True,True,True,True,0.24228717386722565,0.43001312017440796,0.96875,0.96875,1,20,40231,3,40228,0.9055838584899902,0.9173898696899414,0.011806011199951172,2,9,9,5,57,60,1706258752.599886,0.011806011199951172,19,Mid360,1,7,True,True,CURRENT_SUPPORT
seq0015,seq0015_valref_001494,1706258752.6668594,-2.846519947052002,4.866082191467285,3.733894109725952,-3.0703125,5.19921875,3.744140625,0.40145742893218994,False,False,True,True,True,True,True,True,True,0.263668030500412,0.40145742893218994,0.96875,0.96875,1,20,40231,3,40228,0.9055838584899902,0.9725573062896729,0.06697344779968262,1,9,9,3,57,60,1706258752.599886,0.06697344779968262,19,Mid360,1,7,True,True,CURRENT_SUPPORT
seq0015,seq0015_valref_001495,1706258752.7103822,-2.8636269569396973,4.894396781921387,3.728945016860962,-3.0703125,5.12890625,3.77734375,0.3163163661956787,False,False,True,True,True,True,True,True,True,0.3053065240383148,0.3163163661956787,0.97265625,0.97265625,1,20,40210,3,40207,0.9056460857391357,0.9161171913146973,0.010471105575561523,2,9,9,4,55,56,1706258752.699911,0.010471105575561523,19,Mid360,2,9,True,True,CURRENT_SUPPORT
seq0015,seq0015_valref_001496,1706258752.7744343,-2.895068883895874,4.9481611251831055,3.7188000679016113,-3.08203125,5.130859375,3.79296875,0.2717251777648926,False,False,True,True,True,True,True,True,True,0.2717251777648926,0.2717251777648926,0.96875,0.96875,1,20,40210,3,40207,0.9056460857391357,0.9801692962646484,0.0745232105255127,2,9,9,4,55,56,1706258752.699911,0.0745232105255127,19,Mid360,2,9,True,True,CURRENT_SUPPORT
seq0015,seq0015_valref_001497,1706258752.8168826,-2.911129951477051,4.975299835205078,3.7128090858459473,-3.04296875,5.138671875,3.662109375,0.21596841514110565,False,False,True,True,True,True,True,True,True,0.21596841514110565,0.21596841514110565,0.9765625,0.9765625,1,20,40441,3,40438,0.906552791595459,0.9225285053253174,0.0159757137298584,2,9,9,3,51,51,1706258752.800907,0.0159757137298584,19,Mid360,2,3,True,True,CURRENT_SUPPORT
seq0015,seq0015_valref_001498,1706258752.8704026,-2.9284470081329346,5.002399921417236,3.7059760093688965,-3.041015625,5.12890625,3.685546875,0.1705663949251175,False,False,True,True,True,True,True,True,True,0.1705663949251175,0.1705663949251175,0.9765625,0.9765625,1,20,40441,3,40438,0.906552791595459,0.976048469543457,0.06949567794799805,2,9,9,3,51,51,1706258752.800907,0.06949567794799805,19,Mid360,2,3,True,True,CURRENT_SUPPORT
seq0015,seq0015_valref_001499,1706258752.9125516,-2.944883108139038,5.02567720413208,3.7007510662078857,-3.158203125,5.140625,3.9140625,0.32283154129981995,False,False,True,True,True,True,True,True,True,0.16008919477462769,0.32283154129981995,0.97265625,0.97265625,1,20,40356,2,40354,0.9066190719604492,0.918285608291626,0.011666536331176758,3,9,9,4,48,49,1706258752.900885,0.011666536331176758,19,Mid360,2,3,True,True,CURRENT_SUPPORT
seq0016,seq0016_valref_001500,1706256059.0537317,-1.8708289861679077,4.99097204208374,20.67123031616211,nan,nan,nan,nan,True,True,False,False,False,False,False,False,False,nan,nan,nan,nan,,0,0,0,0,nan,nan,nan,0,0,0,0,0,0,nan,nan,,,0,0,False,False,NO_CURRENT_SUPPORT
seq0016,seq0016_valref_001501,1706256059.1578157,-1.872418999671936,4.995316982269287,20.680522918701172,-1.828125,5.3671875,20.38671875,0.4759942591190338,False,False,True,True,True,True,True,True,True,0.378266304731369,0.4759942591190338,0.80078125,0.80078125,1,1,8,8,0,0.0,0.04741358757019043,0.04741358757019043,1,1,1,3,8,8,1706256059.110402,0.04741358757019043,0,Avia,1,8,True,True,CURRENT_SUPPORT
seq0016,seq0016_valref_001502,1706256059.1949353,-1.8739060163497925,4.996574878692627,20.682941436767578,-1.974609375,4.78515625,20.537109375,0.2758731544017792,False,False,True,True,True,True,True,True,True,0.2758731544017792,0.2758731544017792,0.447265625,0.447265625,1,1,8,8,0,0.0,0.0845332145690918,0.0845332145690918,1,1,1,3,8,8,1706256059.110402,0.0845332145690918,0,Avia,1,8,True,True,CURRENT_SUPPORT
seq0016,seq0016_valref_001503,1706256059.2319288,-1.8756519556045532,4.996588230133057,20.68547248840332,-1.8994140625,5.05859375,20.638671875,0.0812380388379097,False,False,True,True,True,True,True,True,True,0.0812380388379097,0.0812380388379097,0.98046875,0.98046875,1,3,5003,11,4992,0.10009384155273438,0.12152671813964844,0.021432876586914062,2,2,2,4,11,11,1706256059.210496,0.021432876586914062,2,Avia,2,11,True,True,CURRENT_SUPPORT
seq0016,seq0016_valref_001504,1706256059.299136,-1.8784949779510498,4.995960235595703,20.687496185302734,-1.83251953125,5.115234375,20.671875,0.12877920269966125,False,False,True,True,True,True,True,True,True,0.0987897589802742,0.12877920269966125,0.98046875,0.98046875,1,3,5003,11,4992,0.10009384155273438,0.18873381614685059,0.08863997459411621,2,2,2,4,11,11,1706256059.210496,0.08863997459411621,2,Avia,2,11,True,True,CURRENT_SUPPORT
seq0016,seq0016_valref_001505,1706256059.3438404,-1.8822619915008545,4.995144844055176,20.68956756591797,-1.89453125,5.1298828125,20.568359375,0.18164877593517303,False,False,True,True,True,True,True,True,True,0.14605650305747986,0.18164877593517303,0.98828125,0.98828125,1,5,10017,18,9999,0.20107078552246094,0.23343825340270996,0.03236746788024902,3,3,3,5,18,18,1706256059.311473,0.03236746788024902,4,Avia,2,10,True,True,CURRENT_SUPPORT
seq0016,seq0016_valref_001506,1706256059.3969965,-1.8858530521392822,4.993928909301758,20.69114112854004,-1.83056640625,5.173828125,20.595703125,0.211018368601799,False,False,True,True,True,True,True,True,True,0.1356985718011856,0.211018368601799,0.98828125,0.98828125,1,5,10017,18,9999,0.20107078552246094,0.2865943908691406,0.08552360534667969,3,3,3,5,18,18,1706256059.311473,0.08552360534667969,4,Avia,2,10,True,True,CURRENT_SUPPORT
seq0016,seq0016_valref_001507,1706256059.4364872,-1.888735055923462,4.992049217224121,20.692806243896484,-1.865234375,5.12109375,20.66015625,0.13516950607299805,False,False,True,True,True,True,True,True,True,0.13516950607299805,0.13516950607299805,0.98828125,0.98828125,1,7,14872,19,14853,0.3010258674621582,0.32608509063720703,0.025059223175048828,4,4,4,6,19,19,1706256059.411428,0.025059223175048828,6,Avia,2,8,True,True,CURRENT_SUPPORT
seq0016,seq0016_valref_001508,1706256059.482335,-1.8921890258789062,4.990119934082031,20.69475746154785,-1.837890625,5.14111328125,20.6796875,0.16116578876972198,False,False,True,True,True,True,True,True,True,0.16116578876972198,0.16116578876972198,0.98828125,0.98828125,1,7,14872,19,14853,0.3010258674621582,0.3719329833984375,0.0709071159362793,4,4,4,5,19,19,1706256059.411428,0.0709071159362793,6,Avia,2,8,True,True,CURRENT_SUPPORT
seq0016,seq0016_valref_001509,1706256059.5330062,-1.895990014076233,4.988086223602295,20.69697380065918,-1.86669921875,5.0810546875,20.642578125,0.11162426322698593,False,False,True,True,True,True,True,True,True,0.11162426322698593,0.11162426322698593,0.9921875,0.9921875,1,9,19850,26,19824,0.4000399112701416,0.4226040840148926,0.022564172744750977,5,5,5,5,26,26,1706256059.510442,0.022564172744750977,8,Avia,2,8,True,True,CURRENT_SUPPORT
seq0016,seq0016_valref_001510,1706256059.5775776,-1.9019310474395752,4.984315872192383,20.700883865356445,-1.84326171875,5.09375,20.6640625,0.1295134425163269,False,False,True,True,True,True,True,True,True,0.12544651329517365,0.1295134425163269,0.9921875,0.9921875,1,9,19850,26,19824,0.4000399112701416,0.4671754837036133,0.06713557243347168,5,5,5,5,26,26,1706256059.510442,0.06713557243347168,8,Avia,2,8,True,True,CURRENT_SUPPORT
seq0016,seq0016_valref_001511,1706256059.6238585,-1.904981017112732,4.98248291015625,20.702804565429688,-2.115234375,4.818359375,20.78125,0.278022825717926,False,False,True,True,True,True,True,True,True,0.09690506011247635,0.278022825717926,0.9921875,0.9921875,1,11,29732,34,29698,0.4999690055847168,0.5134563446044922,0.01348733901977539,6,6,6,9,34,34,1706256059.610371,0.01348733901977539,10,Avia,2,15,True,True,CURRENT_SUPPORT
seq0016,seq0016_valref_001512,1706256059.6806657,-1.9075260162353516,4.980620861053467,20.70462417602539,-2.0927734375,4.845703125,20.8046875,0.2500641345977783,False,False,True,True,True,True,True,True,True,0.12203419953584671,0.2500641345977783,0.9921875,0.9921875,1,11,29732,34,29698,0.4999690055847168,0.5702636241912842,0.07029461860656738,5,6,6,8,34,34,1706256059.610371,0.07029461860656738,10,Avia,2,15,True,True,CURRENT_SUPPORT
seq0016,seq0016_valref_001513,1706256059.7278285,-1.9096440076828003,4.9787421226501465,20.70670509338379,-2.0615234375,4.865234375,20.828125,0.22515363991260529,False,False,True,True,True,True,True,True,True,0.14253000915050507,0.22515363991260529,0.9921875,0.9921875,1,12,29732,34,29698,0.6000750064849854,0.6174263954162598,0.017351388931274414,5,6,6,8,34,34,1706256059.610371,0.11745738983154297,10,Avia,2,15,True,True,CURRENT_SUPPORT
seq0016,seq0016_valref_001514,1706256059.773714,-1.912330985069275,4.977167129516602,20.709430694580078,-2.0361328125,4.880859375,20.84765625,0.2090654969215393,False,False,True,True,True,True,True,True,True,0.1529219001531601,0.2090654969215393,0.98828125,0.98828125,1,12,29732,34,29698,0.6000750064849854,0.6633119583129883,0.06323695182800293,5,6,6,8,34,34,1706256059.610371,0.16334295272827148,10,Avia,2,15,True,True,CURRENT_SUPPORT
seq0016,seq0016_valref_001515,1706256059.896303,-1.9199570417404175,4.9714179039001465,20.715742111206055,-1.947265625,4.84765625,20.8046875,0.15483535826206207,False,False,True,True,True,True,True,True,True,0.13133035600185394,0.15483535826206207,0.9921875,0.9921875,1,14,34787,63,34724,0.7009828090667725,0.7859008312225342,0.08491802215576172,5,7,7,13,63,63,1706256059.811385,0.08491802215576172,13,Avia,2,37,True,True,CURRENT_SUPPORT
seq0016,seq0016_valref_001516,1706256059.9391484,-1.9243589639663696,4.969571113586426,20.718154907226562,-2.0390625,4.798828125,20.8515625,0.24516862630844116,False,False,True,True,True,True,True,True,True,0.1870248168706894,0.24516862630844116,0.9921875,0.9921875,1,16,44610,64,44546,0.801055908203125,0.8287463188171387,0.027690410614013672,5,8,8,12,64,64,1706256059.911458,0.027690410614013672,15,Avia,2,30,True,True,CURRENT_SUPPORT
seq0016,seq0016_valref_001517,1706256059.9854834,-1.9282159805297852,4.968152046203613,20.721012115478516,-2.0205078125,4.810546875,20.875,0.2388921082019806,False,False,True,True,True,True,True,True,True,0.18512484431266785,0.2388921082019806,0.9921875,0.9921875,1,16,44610,64,44546,0.801055908203125,0.8750813007354736,0.07402539253234863,5,8,8,12,64,64,1706256059.911458,0.07402539253234863,15,Avia,2,30,True,True,CURRENT_SUPPORT
seq0016,seq0016_valref_001518,1706256060.0330315,-1.932286024093628,4.966487884521484,20.724172592163086,-1.912109375,4.703125,20.83984375,0.2883520722389221,False,False,True,True,True,True,True,True,True,0.12563346326351166,0.2883520722389221,0.9921875,0.9921875,1,17,44636,90,44546,0.9000658988952637,0.9226293563842773,0.022563457489013672,5,9,9,20,90,90,1706256060.010468,0.022563457489013672,16,Avia,3,56,True,True,CURRENT_SUPPORT
seq0016,seq0016_valref_001519,1706256060.0777214,-1.9361449480056763,4.964057922363281,20.727075576782227,-1.888671875,4.7109375,20.859375,0.2895285487174988,False,False,True,True,True,True,True,True,True,0.12036482244729996,0.2895285487174988,0.9921875,0.9921875,1,17,44636,90,44546,0.9000658988952637,0.9673192501068115,0.06725335121154785,5,9,9,19,90,90,1706256060.010468,0.06725335121154785,16,Avia,3,56,True,True,CURRENT_SUPPORT
seq0016,seq0016_valref_001520,1706256060.1236405,-1.9395010471343994,4.960791110992432,20.72994041442871,-1.986328125,4.66796875,20.875,0.3301211893558502,False,False,True,True,True,True,True,True,True,0.15096507966518402,0.3301211893558502,0.9921875,0.9921875,1,19,49628,93,49535,0.9999539852142334,1.0132384300231934,0.013284444808959961,6,10,10,21,93,93,1706256060.110356,0.013284444808959961,18,Avia,3,30,True,True,CURRENT_SUPPORT
seq0016,seq0016_valref_001521,1706256060.1663241,-1.9424099922180176,4.95780611038208,20.73326873779297,-1.97265625,4.671875,20.890625,0.32776886224746704,False,False,True,True,True,True,True,True,True,0.1375051587820053,0.32776886224746704,0.9921875,0.9921875,1,19,49628,93,49535,0.9999539852142334,1.055922031402588,0.05596804618835449,6,10,10,20,93,93,1706256060.110356,0.05596804618835449,18,Avia,3,30,True,True,CURRENT_SUPPORT
seq0016,seq0016_valref_001522,1706256060.21612,-1.9450620412826538,4.9545578956604,20.73668098449707,-1.82421875,4.73046875,20.74609375,0.25476980209350586,False,False,True,True,True,True,True,True,True,0.13090120255947113,0.25476980209350586,0.9921875,0.9921875,1,20,59331,92,59239,1.0096628665924072,1.0153019428253174,0.005639076232910156,6,10,10,22,92,92,1706256060.210481,0.005639076232910156,19,Avia,2,10,True,True,CURRENT_SUPPORT
seq0016,seq0016_valref_001523,1706256060.2622292,-1.9477089643478394,4.952091217041016,20.739288330078125,-1.806640625,4.72265625,20.7734375,0.27149006724357605,False,False,True,True,True,True,True,True,True,0.131460502743721,0.27149006724357605,0.9921875,0.9921875,1,20,59331,92,59239,1.0096628665924072,1.0614111423492432,0.05174827575683594,6,10,10,21,92,92,1706256060.210481,0.05174827575683594,19,Avia,2,10,True,True,CURRENT_SUPPORT
seq0016,seq0016_valref_001524,1706256060.3149796,-1.9540120363235474,4.945621013641357,20.744125366210938,-1.794921875,4.8671875,20.75,0.17747114598751068,False,False,True,True,True,True,True,True,True,0.1438053846359253,0.17747114598751068,0.9921875,0.9921875,1,20,54354,107,54247,1.1010000705718994,1.1044836044311523,0.0034835338592529297,7,11,11,25,107,107,1706256060.311496,0.0034835338592529297,19,Avia,3,25,True,True,CURRENT_SUPPORT
seq0016,seq0016_valref_001525,1706256060.3731215,-1.9581680297851562,4.941714763641357,20.746257781982422,-1.91015625,4.787109375,20.736328125,0.1621929556131363,False,False,True,True,True,True,True,True,True,0.1621929556131363,0.1621929556131363,0.9921875,0.9921875,1,20,54354,107,54247,1.1010000705718994,1.1626255512237549,0.06162548065185547,7,11,11,24,107,107,1706256060.311496,0.06162548065185547,19,Avia,3,25,True,True,CURRENT_SUPPORT
seq0016,seq0016_valref_001526,1706256060.4168189,-1.9627490043640137,4.93803596496582,20.74898910522461,-1.8935546875,4.875,20.77734375,0.09780272096395493,False,False,True,True,True,True,True,True,True,0.09780272096395493,0.09780272096395493,0.9921875,0.9921875,1,20,54299,108,54191,1.0999460220336914,1.1053459644317627,0.005399942398071289,7,11,11,24,108,108,1706256060.411419,0.005399942398071289,19,Avia,3,26,True,True,CURRENT_SUPPORT
seq0016,seq0016_valref_001527,1706256060.460681,-1.9678380489349365,4.935103893280029,20.752182006835938,-1.8798828125,4.890625,20.796875,0.10822180658578873,False,False,True,True,True,True,True,True,True,0.10822180658578873,0.10822180658578873,0.9921875,0.9921875,1,20,54299,108,54191,1.0999460220336914,1.1492080688476562,0.049262046813964844,7,11,11,23,108,108,1706256060.411419,0.049262046813964844,19,Avia,3,26,True,True,CURRENT_SUPPORT
seq0016,seq0016_valref_001528,1706256060.511275,-1.9721759557724,4.931818008422852,20.754953384399414,-1.8984375,4.8515625,20.677734375,0.13357050716876984,False,False,True,True,True,True,True,True,True,0.04731686785817146,0.13357050716876984,0.9921875,0.9921875,1,20,59296,110,59186,1.0989899635314941,1.0998470783233643,0.0008571147918701172,8,11,11,24,110,110,1706256060.510418,0.0008571147918701172,19,Avia,2,13,True,True,CURRENT_SUPPORT
seq0016,seq0016_valref_001529,1706256060.5626588,-1.9768270254135132,4.928234100341797,20.75786018371582,-1.88671875,4.857421875,20.703125,0.12700319290161133,False,False,True,True,True,True,True,True,True,0.023901628330349922,0.12700319290161133,0.9921875,0.9921875,1,20,59296,110,59186,1.0989899635314941,1.151230812072754,0.052240848541259766,8,11,11,23,110,110,1706256060.510418,0.052240848541259766,19,Avia,2,13,True,True,CURRENT_SUPPORT
seq0016,seq0016_valref_001530,1706256060.6088982,-1.985355019569397,4.922362804412842,20.76472282409668,-1.873046875,4.8671875,20.724609375,0.1314021497964859,False,False,True,True,True,True,True,True,True,0.022936658933758736,0.1314021497964859,0.98828125,0.98828125,1,20,59296,110,59186,1.0989899635314941,1.1974701881408691,0.098480224609375,8,11,11,21,110,110,1706256060.510418,0.098480224609375,19,Avia,2,13,True,True,CURRENT_SUPPORT
seq0016,seq0016_valref_001531,1706256060.6559765,-1.989501953125,4.919178009033203,20.76781463623047,-1.9453125,4.765625,20.76171875,0.1599012017250061,False,False,True,True,True,True,True,True,True,0.04740980267524719,0.1599012017250061,0.98828125,0.98828125,1,20,59296,110,59186,1.109485149383545,1.1551055908203125,0.04562044143676758,9,11,11,21,110,110,1706256060.610356,0.04562044143676758,19,Avia,3,14,True,True,CURRENT_SUPPORT
seq0016,seq0016_valref_001532,1706256060.7071455,-1.993075966835022,4.917436122894287,20.771793365478516,-1.958984375,4.787109375,20.79296875,0.13636602461338043,False,False,True,True,True,True,True,True,True,0.08431680500507355,0.13636602461338043,0.98828125,0.98828125,1,20,59271,110,59161,1.1904540061950684,1.1967034339904785,0.006249427795410156,9,11,11,18,110,110,1706256060.610356,0.09678936004638672,18,Avia,2,10,True,True,CURRENT_SUPPORT
seq0016,seq0016_valref_001533,1706256060.7561398,-1.9972349405288696,4.915500164031982,20.775596618652344,-1.861328125,4.755859375,20.7734375,0.2096676081418991,False,False,True,True,True,True,True,True,True,0.0895572081208229,0.2096676081418991,0.98828125,0.98828125,1,20,59270,109,59161,1.1097021102905273,1.155357837677002,0.04565572738647461,9,11,11,18,109,109,1706256060.710484,0.04565572738647461,19,Avia,3,16,True,True,CURRENT_SUPPORT
seq0016,seq0016_valref_001534,1706256060.8061872,-2.001199960708618,4.9133381843566895,20.779987335205078,-1.89453125,4.765625,20.7890625,0.18242740631103516,False,False,True,True,True,True,True,True,True,0.08604785799980164,0.18242740631103516,0.98828125,0.98828125,1,20,59233,109,59124,1.1903929710388184,1.1958160400390625,0.005423069000244141,9,11,11,18,109,109,1706256060.710484,0.095703125,18,Avia,2,7,True,True,CURRENT_SUPPORT
seq0016,seq0016_valref_001535,1706256060.8548708,-2.005307912826538,4.911435127258301,20.7840576171875,-1.982421875,4.73828125,20.8046875,0.17587389051914215,False,False,True,True,True,True,True,True,True,0.07282084971666336,0.17587389051914215,0.9921875,0.9921875,1,20,59230,106,59124,1.100998878479004,1.1443936824798584,0.04339480400085449,9,11,11,17,106,106,1706256060.811476,0.04339480400085449,19,Avia,2,11,True,True,CURRENT_SUPPORT
seq0016,seq0016_valref_001536,1706256060.9066963,-2.01042103767395,4.909492015838623,20.788862228393555,-1.966796875,4.75,20.82421875,0.16908830404281616,False,False,True,True,True,True,True,True,True,0.07815983146429062,0.16908830404281616,0.98828125,0.98828125,1,20,59230,106,59124,1.100998878479004,1.1962192058563232,0.09522032737731934,9,11,11,16,106,106,1706256060.811476,0.09522032737731934,19,Avia,2,11,True,True,CURRENT_SUPPORT
seq0016,seq0016_valref_001537,1706256060.9597132,-2.0214650630950928,4.905134201049805,20.7971248626709,-1.958984375,4.7578125,20.84375,0.16667760908603668,False,False,True,True,True,True,True,True,True,0.09036099910736084,0.16667760908603668,0.98828125,0.98828125,1,20,59230,106,59124,1.1105010509490967,1.1588022708892822,0.04830121994018555,9,11,11,15,106,106,1706256060.811476,0.1482372283935547,18,Avia,2,11,True,True,CURRENT_SUPPORT
seq0016,seq0016_valref_001538,1706256061.0059276,-2.0273120403289795,4.902927875518799,20.80084991455078,-1.955078125,4.765625,20.8515625,0.1632225066423416,False,False,True,True,True,True,True,True,True,0.10876651108264923,0.1632225066423416,0.984375,0.984375,1,20,59120,106,59014,1.1894340515136719,1.194542646408081,0.00510859489440918,9,11,11,12,106,106,1706256060.811476,0.19445157051086426,17,Avia,1,5,True,True,CURRENT_SUPPORT
seq0016,seq0016_valref_001539,1706256061.055559,-2.0330629348754883,4.900485992431641,20.805023193359375,-1.994140625,4.7421875,20.87109375,0.17589393258094788,False,False,True,True,True,True,True,True,True,0.11867493391036987,0.17589393258094788,0.9921875,0.9921875,1,20,59120,106,59014,1.1096460819244385,1.154778003692627,0.04513192176818848,7,11,11,18,106,106,1706256061.010427,0.04513192176818848,19,Avia,2,34,True,True,CURRENT_SUPPORT
seq0016,seq0016_valref_001540,1706256061.1056154,-2.0384819507598877,4.898196220397949,20.80872344970703,-2.0107421875,4.767578125,20.9140625,0.1700790822505951,False,False,True,True,True,True,True,True,True,0.1700790822505951,0.1700790822505951,0.98828125,0.98828125,1,20,54197,106,54091,1.1893360614776611,1.194157361984253,0.004821300506591797,7,11,11,18,106,106,1706256061.010427,0.09518837928771973,18,Avia,1,29,True,True,CURRENT_SUPPORT
seq0016,seq0016_valref_001541,1706256061.1612196,-2.0442960262298584,4.89500617980957,20.81287384033203,-2.103515625,4.71484375,20.96484375,0.24302329123020172,False,False,True,True,True,True,True,True,True,0.17281915247440338,0.24302329123020172,0.98828125,0.98828125,1,20,54198,107,54091,1.0998969078063965,1.1507515907287598,0.05085468292236328,8,11,11,19,107,107,1706256061.110365,0.05085468292236328,19,Avia,2,31,True,True,CURRENT_SUPPORT
seq0016,seq0016_valref_001542,1706256061.2090223,-2.0493650436401367,4.890769958496094,20.81601905822754,-2.0595703125,4.7890625,20.94921875,0.1679009050130844,False,False,True,True,True,True,True,True,True,0.08257853984832764,0.1679009050130844,0.98828125,0.98828125,1,20,59122,81,59041,1.0990688800811768,1.1081912517547607,0.009122371673583984,7,10,10,16,81,81,1706256061.110365,0.09865736961364746,18,Avia,2,31,True,True,CURRENT_SUPPORT
seq0016,seq0016_valref_001543,1706256061.2718842,-2.0564959049224854,4.8823161125183105,20.823654174804688,-1.947265625,4.7890625,20.9140625,0.16970902681350708,False,False,True,True,True,True,True,True,True,0.02060551941394806,0.16970902681350708,0.98828125,0.98828125,1,20,54161,109,54052,1.1001269817352295,1.1615281105041504,0.0614011287689209,7,11,11,23,109,109,1706256061.210483,0.0614011287689209,19,Avia,2,30,True,True,CURRENT_SUPPORT
seq0016,seq0016_valref_001544,1706256061.355954,-2.06060791015625,4.874774932861328,20.8306941986084,-2.060546875,4.66796875,20.92578125,0.22761887311935425,False,False,True,True,True,True,True,True,True,0.034162379801273346,0.22761887311935425,0.98828125,0.98828125,1,20,49304,110,49194,1.1009900569915771,1.1454730033874512,0.04448294639587402,8,11,11,22,110,110,1706256061.311471,0.04448294639587402,19,Avia,2,32,True,True,CURRENT_SUPPORT
seq0016,seq0016_valref_001545,1706256061.4043324,-2.0623600482940674,4.871148109436035,20.834035873413086,-2.0732421875,4.68359375,20.91015625,0.20270512998104095,False,False,True,True,True,True,True,True,True,0.06882436573505402,0.20270512998104095,0.9921875,0.9921875,1,20,59139,103,59036,1.0892629623413086,1.0928363800048828,0.0035734176635742188,8,10,10,22,103,103,1706256061.311471,0.09286141395568848,18,Avia,2,32,True,True,CURRENT_SUPPORT
seq0016,seq0016_valref_001546,1706256061.4583957,-2.063646078109741,4.868177890777588,20.83797264099121,-1.994140625,4.7734375,20.8984375,0.1321467012166977,False,False,True,True,True,True,True,True,True,0.08383571356534958,0.1321467012166977,0.9921875,0.9921875,1,20,59130,94,59036,1.0104920864105225,1.057492733001709,0.04700064659118652,7,10,10,21,94,94,1706256061.411395,0.04700064659118652,19,Avia,2,10,True,True,CURRENT_SUPPORT
seq0016,seq0016_valref_001547,1706256061.5068698,-2.0648460388183594,4.864997863769531,20.841896057128906,-1.982421875,4.775390625,20.921875,0.14567027986049652,False,False,True,True,True,True,True,True,True,0.0917411595582962,0.14567027986049652,0.9921875,0.9921875,1,20,59130,94,59036,1.0104920864105225,1.1059668064117432,0.0954747200012207,7,10,10,21,94,94,1706256061.411395,0.0954747200012207,19,Avia,2,10,True,True,CURRENT_SUPPORT
seq0016,seq0016_valref_001548,1706256061.5562372,-2.067591905593872,4.859690189361572,20.849096298217773,-1.970703125,4.71484375,20.9140625,0.1859799176454544,False,False,True,True,True,True,True,True,True,0.14812619984149933,0.1859799176454544,0.9921875,0.9921875,1,20,54191,106,54085,1.098992109298706,1.1448183059692383,0.04582619667053223,7,11,11,23,106,106,1706256061.510411,0.04582619667053223,19,Avia,3,22,True,True,CURRENT_SUPPORT
seq0016,seq0016_valref_001549,1706256061.6002388,-2.0690228939056396,4.856901168823242,20.852659225463867,-1.9609375,4.7265625,20.9375,0.18939001858234406,False,False,True,True,True,True,True,True,True,0.14309310913085938,0.18939001858234406,0.98828125,0.98828125,1,20,54191,106,54085,1.098992109298706,1.1888198852539062,0.0898277759552002,7,11,11,21,106,106,1706256061.510411,0.0898277759552002,19,Avia,3,22,True,True,CURRENT_SUPPORT
seq0016,seq0016_valref_001550,1706256061.6497056,-2.0708279609680176,4.854675769805908,20.855846405029297,-1.927734375,4.84375,20.9140625,0.15486852824687958,False,False,True,True,True,True,True,True,True,0.15406686067581177,0.15486852824687958,0.98828125,0.98828125,1,20,49201,105,49096,1.0999369621276855,1.1392877101898193,0.03935074806213379,7,11,11,20,105,105,1706256061.610355,0.03935074806213379,19,Avia,3,21,True,True,CURRENT_SUPPORT
seq0016,seq0016_valref_001551,1706256061.7017584,-2.0727379322052,4.852227210998535,20.859479904174805,-1.859375,4.90625,20.88671875,0.22177501022815704,False,False,True,True,True,True,True,True,True,0.180830180644989,0.22177501022815704,0.98828125,0.98828125,1,20,59107,96,59011,1.0904529094696045,1.091402292251587,0.0009493827819824219,6,10,10,18,96,96,1706256061.610355,0.09140348434448242,18,Avia,2,15,True,True,CURRENT_SUPPORT
seq0016,seq0016_valref_001552,1706256061.7695744,-2.074373960494995,4.851085186004639,20.863765716552734,-2.0166015625,4.787109375,20.9296875,0.10851836204528809,False,False,True,True,True,True,True,True,True,0.10851836204528809,0.10851836204528809,0.98828125,0.98828125,1,20,59111,100,59011,1.009526014328003,1.068678379058838,0.05915236473083496,7,10,10,18,100,100,1706256061.710422,0.05915236473083496,19,Avia,2,8,True,True,CURRENT_SUPPORT
seq0016,seq0016_valref_001553,1706256061.8083408,-2.076361894607544,4.85028076171875,20.87355613708496,-2.01171875,4.798828125,20.94140625,0.10690999776124954,False,False,True,True,True,True,True,True,True,0.10690999776124954,0.10690999776124954,0.98828125,0.98828125,1,20,59111,100,59011,1.009526014328003,1.1074447631835938,0.09791874885559082,7,10,10,16,100,100,1706256061.710422,0.09791874885559082,19,Avia,2,8,True,True,CURRENT_SUPPORT
seq0016,seq0016_valref_001554,1706256061.855981,-2.0771191120147705,4.849577903747559,20.878328323364258,-2.22021484375,4.75,20.93359375,0.1828836053609848,False,False,True,True,True,True,True,True,True,0.15883179008960724,0.1828836053609848,0.98828125,0.98828125,1,20,54168,103,54065,1.100985050201416,1.1454970836639404,0.044512033462524414,7,11,11,15,103,103,1706256061.811469,0.044512033462524414,19,Avia,3,11,True,True,CURRENT_SUPPORT
seq0016,seq0016_valref_001555,1706256061.9061172,-2.077277898788452,4.84945011138916,20.883413314819336,-2.207763671875,4.7734375,20.97265625,0.17541025578975677,False,False,True,True,True,True,True,True,True,0.17459696531295776,0.17541025578975677,0.98828125,0.98828125,1,20,59000,97,58903,1.1000800132751465,1.1053531169891357,0.005273103713989258,7,10,10,14,97,97,1706256061.811469,0.09464812278747559,18,Avia,2,8,True,True,CURRENT_SUPPORT
seq0016,seq0016_valref_001556,1706256061.9574032,-2.0778748989105225,4.849294185638428,20.88808250427246,-2.0517578125,4.691162109375,20.994140625,0.19218789041042328,False,False,True,True,True,True,True,True,True,0.03880012407898903,0.19218789041042328,0.98828125,0.98828125,1,20,49169,103,49066,1.099937915802002,1.1459271907806396,0.045989274978637695,8,11,11,16,103,103,1706256061.911414,0.045989274978637695,19,Avia,3,14,True,True,CURRENT_SUPPORT
seq0016,seq0016_valref_001557,1706256062.0046122,-2.0785930156707764,4.848567008972168,20.892240524291992,-2.052734375,4.63916015625,20.9912109375,0.23305587470531464,False,False,True,True,True,True,True,True,True,0.03962317854166031,0.23305587470531464,0.98828125,0.98828125,1,20,59142,98,59044,1.0893280506134033,1.0932002067565918,0.0038721561431884766,8,10,10,16,98,98,1706256061.911414,0.09319829940795898,18,Avia,2,9,True,True,CURRENT_SUPPORT
seq0016,seq0016_valref_001558,1706256062.0641754,-2.0808238983154297,4.8449859619140625,20.901838302612305,-2.296630859375,4.7381591796875,21.072265625,0.2950086295604706,False,False,True,True,True,True,True,True,True,0.045958779752254486,0.2950086295604706,0.9921875,0.9921875,1,20,59148,104,59044,1.0096399784088135,1.0633563995361328,0.053716421127319336,8,11,11,15,104,104,1706256062.010459,0.053716421127319336,19,Avia,2,12,True,True,CURRENT_SUPPORT
seq0016,seq0016_valref_001559,1706256062.109334,-2.0819931030273438,4.842444896697998,20.906312942504883,-2.285888671875,4.7392578125,21.083984375,0.28946176171302795,False,False,True,True,True,True,True,True,True,0.032399989664554596,0.28946176171302795,0.98828125,0.98828125,1,20,59148,104,59044,1.0096399784088135,1.1085150241851807,0.09887504577636719,8,11,11,14,104,104,1706256062.010459,0.09887504577636719,19,Avia,2,12,True,True,CURRENT_SUPPORT
seq0016,seq0016_valref_001560,1706256062.170331,-2.082763910293579,4.840072154998779,20.911174774169922,-2.254730224609375,4.7215576171875,21.09375,0.2774018943309784,False,False,True,True,True,True,True,True,True,0.023484932258725166,0.2774018943309784,0.98828125,0.98828125,1,20,54232,104,54128,1.0999701023101807,1.1599040031433105,0.05993390083312988,8,11,11,12,104,104,1706256062.010459,0.15987205505371094,18,Avia,2,12,True,True,CURRENT_SUPPORT
seq0016,seq0016_valref_001561,1706256062.252463,-2.083785057067871,4.835732936859131,20.91952133178711,-2.20556640625,4.795654296875,21.048828125,0.18209129571914673,False,False,True,True,True,True,True,True,True,0.09082867205142975,0.18209129571914673,0.9921875,0.9921875,1,20,54145,99,54046,1.100074052810669,1.1420981884002686,0.04202413558959961,7,11,11,14,99,99,1706256062.210439,0.04202413558959961,19,Avia,2,30,True,True,CURRENT_SUPPORT
seq0016,seq0016_valref_001562,1706256062.2997773,-2.0846409797668457,4.833296775817871,20.923490524291992,-2.18603515625,4.810302734375,21.0625,0.17358899116516113,False,False,True,True,True,True,True,True,True,0.09342148154973984,0.17358899116516113,0.9921875,0.9921875,1,20,54145,99,54046,1.100074052810669,1.1894123554229736,0.08933830261230469,7,11,11,13,99,99,1706256062.210439,0.08933830261230469,19,Avia,2,30,True,True,CURRENT_SUPPORT
seq0016,seq0016_valref_001563,1706256062.350972,-2.0856781005859375,4.83079195022583,20.92691421508789,-2.17431640625,4.773193359375,21.076171875,0.18289941549301147,False,False,True,True,True,True,True,True,True,0.09257472306489944,0.18289941549301147,0.9921875,0.9921875,1,20,59056,99,58957,1.1008639335632324,1.140488862991333,0.039624929428100586,8,11,11,13,99,99,1706256062.311347,0.039624929428100586,19,Avia,2,26,True,True,CURRENT_SUPPORT
seq0016,seq0016_valref_001564,1706256062.406715,-2.088118076324463,4.825786113739014,20.93325424194336,-2.1513671875,4.781494140625,21.09375,0.1781042218208313,False,False,True,True,True,True,True,True,True,0.12392640858888626,0.1781042218208313,0.9921875,0.9921875,1,20,59056,99,58957,1.1008639335632324,1.1962318420410156,0.0953679084777832,8,11,11,13,99,99,1706256062.311347,0.0953679084777832,19,Avia,2,26,True,True,CURRENT_SUPPORT
seq0016,seq0016_valref_001565,1706256062.4558594,-2.0895891189575195,4.82332706451416,20.936431884765625,-2.0263671875,4.71875,21.029296875,0.1534838080406189,False,False,True,True,True,True,True,True,True,0.09927193075418472,0.1534838080406189,0.9921875,0.9921875,1,20,59056,99,58957,1.1105668544769287,1.1550183296203613,0.04445147514343262,7,11,11,20,99,99,1706256062.411408,0.04445147514343262,19,Avia,3,54,True,True,CURRENT_SUPPORT
seq0016,seq0016_valref_001566,1706256062.5066936,-2.090780019760132,4.821447849273682,20.939176559448242,-2.0166015625,4.67578125,21.076171875,0.2132813036441803,False,False,True,True,True,True,True,True,True,0.07618368417024612,0.2132813036441803,0.9921875,0.9921875,1,20,59088,99,58989,1.189316987991333,1.1952226161956787,0.005905628204345703,7,11,11,20,99,99,1706256062.411408,0.09528565406799316,18,Avia,2,30,True,True,CURRENT_SUPPORT
seq0016,seq0016_valref_001567,1706256062.5542889,-2.092405080795288,4.819593906402588,20.9421443939209,-2.0107421875,4.61328125,21.083984375,0.2633482813835144,False,False,True,True,True,True,True,True,True,0.05864845961332321,0.2633482813835144,0.9921875,0.9921875,1,20,59087,98,58989,1.1096549034118652,1.1535298824310303,0.04387497901916504,8,11,11,21,98,98,1706256062.510414,0.04387497901916504,19,Avia,3,33,True,True,CURRENT_SUPPORT
seq0016,seq0016_valref_001568,1706256062.606794,-2.0942840576171875,4.817799091339111,20.945369720458984,-1.958984375,4.7060546875,21.08203125,0.2224167138338089,False,False,True,True,True,True,True,True,True,0.07011458277702332,0.2224167138338089,0.98828125,0.98828125,1,20,59018,98,58920,1.189378023147583,1.1953990459442139,0.006021022796630859,8,11,11,21,98,98,1706256062.510414,0.09638023376464844,18,Avia,2,31,True,True,CURRENT_SUPPORT
seq0016,seq0016_valref_001569,1706256062.655716,-2.0958011150360107,4.816483020782471,20.94822120666504,-2.16845703125,4.6640625,21.013671875,0.1810930371284485,False,False,True,True,True,True,True,True,True,0.046155378222465515,0.1810930371284485,0.9921875,0.9921875,1,20,59017,97,58920,1.0999679565429688,1.1453049182891846,0.04533696174621582,9,11,11,23,97,97,1706256062.610379,0.04533696174621582,19,Avia,2,8,True,True,CURRENT_SUPPORT
seq0016,seq0016_valref_001570,1706256062.7068667,-2.097490072250366,4.815368175506592,20.950592041015625,-2.134765625,4.6484375,21.029296875,0.1882810890674591,False,False,True,True,True,True,True,True,True,0.03617174178361893,0.1882810890674591,0.9921875,0.9921875,1,20,59017,97,58920,1.0999679565429688,1.196455717086792,0.09648776054382324,9,11,11,20,97,97,1706256062.610379,0.09648776054382324,19,Avia,2,8,True,True,CURRENT_SUPPORT
seq0016,seq0016_valref_001571,1706256062.7639465,-2.099760055541992,4.813930988311768,20.95330047607422,-2.095703125,4.7900390625,21.033203125,0.08349680155515671,False,False,True,True,True,True,True,True,True,0.08349680155515671,0.08349680155515671,0.9921875,0.9921875,1,20,59021,101,58920,1.1095290184020996,1.1631605625152588,0.05363154411315918,9,11,11,23,101,101,1706256062.710315,0.05363154411315918,19,Avia,3,24,True,True,CURRENT_SUPPORT
seq0016,seq0016_valref_001572,1706256062.8079805,-2.1024630069732666,4.812594890594482,20.956161499023438,-2.13525390625,4.805419921875,21.072265625,0.12085897475481033,False,False,True,True,True,True,True,True,True,0.12085897475481033,0.12085897475481033,0.9921875,0.9921875,1,20,59019,101,58918,1.1904990673065186,1.1976256370544434,0.007126569747924805,9,11,11,22,101,101,1706256062.710315,0.09766554832458496,18,Avia,2,21,True,True,CURRENT_SUPPORT
seq0016,seq0016_valref_001573,1706256062.854857,-2.1106491088867188,4.810391902923584,20.963409423828125,-2.17578125,4.90234375,21.08984375,0.16936048865318298,False,False,True,True,True,True,True,True,True,0.13982588052749634,0.16936048865318298,0.9921875,0.9921875,1,20,59019,101,58918,1.1095819473266602,1.154047966003418,0.04446601867675781,9,11,11,18,101,101,1706256062.810391,0.04446601867675781,19,Avia,3,24,True,True,CURRENT_SUPPORT
seq0016,seq0016_valref_001574,1706256062.9070292,-2.114645004272461,4.809267997741699,20.967147827148438,-2.2666015625,4.87255859375,21.08203125,0.20073539018630981,False,False,True,True,True,True,True,True,True,0.11947343498468399,0.20073539018630981,0.9921875,0.9921875,1,20,58800,101,58699,1.190335988998413,1.1966071128845215,0.0062711238861083984,9,11,11,18,101,101,1706256062.810391,0.09663820266723633,18,Avia,2,19,True,True,CURRENT_SUPPORT
seq0016,seq0016_valref_001575,1706256062.9690819,-2.1182050704956055,4.807258129119873,20.970809936523438,-2.060546875,4.8818359375,21.046875,0.12112890183925629,False,False,True,True,True,True,True,True,True,0.03974156081676483,0.12112890183925629,0.9921875,0.9921875,1,20,58803,104,58699,1.0989069938659668,1.1576128005981445,0.058705806732177734,9,11,11,20,104,104,1706256062.910376,0.058705806732177734,19,Avia,2,11,True,True,CURRENT_SUPPORT
seq0016,seq0016_valref_001576,1706256063.0068882,-2.1208879947662354,4.8055100440979,20.973876953125,-2.0517578125,4.8798828125,21.068359375,0.1386982947587967,False,False,True,True,True,True,True,True,True,0.05097883567214012,0.1386982947587967,0.9921875,0.9921875,1,20,58803,104,58699,1.0989069938659668,1.1954190731048584,0.0965120792388916,9,11,11,19,104,104,1706256062.910376,0.0965120792388916,19,Avia,2,11,True,True,CURRENT_SUPPORT
seq0016,seq0016_valref_001577,1706256063.0577033,-2.121933937072754,4.803290843963623,20.977008819580078,-2.091796875,4.767578125,21.0703125,0.10435140877962112,False,False,True,True,True,True,True,True,True,0.04993019625544548,0.10435140877962112,0.9921875,0.9921875,1,20,58801,102,58699,1.1095638275146484,1.1568591594696045,0.047295331954956055,8,10,10,15,101,101,1706256062.910376,0.14732718467712402,18,Avia,2,11,True,True,CURRENT_SUPPORT
seq0016,seq0016_valref_001578,1706256063.1077266,-2.121746063232422,4.800724983215332,20.97989273071289,-1.9921875,4.607421875,21.064453125,0.24759234488010406,False,False,True,True,True,True,True,True,True,0.07325699180364609,0.24759234488010406,0.98828125,0.98828125,1,20,68338,102,68236,1.1894199848175049,1.196312665939331,0.006892681121826172,8,10,10,15,101,101,1706256062.910376,0.19735050201416016,17,Avia,1,8,True,True,CURRENT_SUPPORT
seq0016,seq0016_valref_001579,1706256063.1567006,-2.119489908218384,4.7974019050598145,20.983165740966797,-2.0537109375,4.806640625,21.05078125,0.09478440135717392,False,False,True,True,True,True,True,True,True,0.09204581379890442,0.09478440135717392,0.9921875,0.9921875,1,20,68338,102,68236,1.11067795753479,1.1559605598449707,0.045282602310180664,8,10,10,15,101,101,1706256063.111418,0.045282602310180664,19,Avia,2,14,True,True,CURRENT_SUPPORT
seq0016,seq0016_valref_001580,1706256063.2149737,-2.1114790439605713,4.789796829223633,20.98828125,-2.1455078125,4.75555419921875,21.064453125,0.09018131345510483,False,False,True,True,True,True,True,True,True,0.09018131345510483,0.09018131345510483,0.9921875,0.9921875,1,20,58367,109,58258,1.1999640464782715,1.204514741897583,0.0045506954193115234,8,11,11,16,108,108,1706256063.210423,0.0045506954193115234,19,Avia,2,13,True,True,CURRENT_SUPPORT
seq0016,seq0016_valref_001581,1706256063.2617798,-2.105820894241333,4.786170959472656,20.990428924560547,-2.134765625,4.7494354248046875,21.083984375,0.10459406673908234,False,False,True,True,True,True,True,True,True,0.10459406673908234,0.10459406673908234,0.9921875,0.9921875,1,20,58367,109,58258,1.1999640464782715,1.2513208389282227,0.05135679244995117,7,11,11,15,108,108,1706256063.210423,0.05135679244995117,19,Avia,2,13,True,True,CURRENT_SUPPORT
seq0016,seq0016_valref_001582,1706256063.3065417,-2.0978050231933594,4.782464981079102,20.992717742919922,-2.1259765625,4.74114990234375,21.103515625,0.12155961990356445,False,False,True,True,True,True,True,True,True,0.12155961990356445,0.12155961990356445,0.98828125,0.98828125,1,20,58367,109,58258,1.1999640464782715,1.2960827350616455,0.09611868858337402,7,11,11,14,108,108,1706256063.210423,0.09611868858337402,19,Avia,2,13,True,True,CURRENT_SUPPORT
seq0016,seq0016_valref_001583,1706256063.3688025,-2.0890491008758545,4.777945041656494,20.994157791137695,-2.15625,4.7684326171875,21.09765625,0.1237674355506897,False,False,True,True,True,True,True,True,True,0.1237674355506897,0.1237674355506897,0.9921875,0.9921875,1,20,58361,103,58258,1.199988842010498,1.2584054470062256,0.05841660499572754,7,10,10,14,102,102,1706256063.210423,0.15837955474853516,18,Avia,2,13,True,True,CURRENT_SUPPORT
seq0016,seq0016_valref_001584,1706256063.405132,-2.079210042953491,4.773589134216309,20.995309829711914,-2.13037109375,4.7041015625,21.115234375,0.14774258434772491,False,False,True,True,True,True,True,True,True,0.07340358197689056,0.14774258434772491,0.98828125,0.98828125,1,20,63211,103,63108,1.1999099254608154,1.2042250633239746,0.00431513786315918,7,10,10,14,102,102,1706256063.210423,0.19470906257629395,17,Avia,2,13,True,True,CURRENT_SUPPORT
seq0016,seq0016_valref_001585,1706256063.452598,-2.0662879943847656,4.767841815948486,20.996259689331055,-2.103515625,4.6865234375,21.0703125,0.11611370742321014,False,False,True,True,True,True,True,True,True,0.09753821790218353,0.11611370742321014,0.9921875,0.9921875,1,20,58413,122,58291,1.1999421119689941,1.242159128189087,0.04221701622009277,8,11,11,19,121,121,1706256063.410381,0.04221701622009277,19,Avia,2,26,True,True,CURRENT_SUPPORT
seq0016,seq0016_valref_001586,1706256063.5191154,-2.0353329181671143,4.754580974578857,20.996994018554688,-2.220458984375,4.75885009765625,21.083984375,0.2045903354883194,False,False,True,True,True,True,True,True,True,0.09362240135669708,0.2045903354883194,0.9921875,0.9921875,1,20,57880,100,57780,1.1990680694580078,1.207768440246582,0.008700370788574219,8,11,11,17,99,99,1706256063.510415,0.008700370788574219,19,Avia,2,21,True,True,CURRENT_SUPPORT
seq0016,seq0016_valref_001587,1706256063.5607872,-2.01855206489563,4.748367786407471,20.997060775756836,-2.214111328125,4.765625,21.103515625,0.22332458198070526,False,False,True,True,True,True,True,True,True,0.11478626728057861,0.22332458198070526,0.9921875,0.9921875,1,20,57880,100,57780,1.1990680694580078,1.2494401931762695,0.05037212371826172,8,11,11,16,99,99,1706256063.510415,0.05037212371826172,19,Avia,2,21,True,True,CURRENT_SUPPORT
seq0016,seq0016_valref_001588,1706256063.6079633,-1.9996490478515625,4.740387916564941,20.996936798095703,-2.206298828125,4.77734375,21.12890625,0.2479633092880249,False,False,True,True,True,True,True,True,True,0.1456863284111023,0.2479633092880249,0.9921875,0.9921875,1,20,57880,100,57780,1.1990680694580078,1.2966163158416748,0.09754824638366699,6,11,11,13,99,99,1706256063.510415,0.09754824638366699,19,Avia,2,21,True,True,CURRENT_SUPPORT
seq0016,seq0016_valref_001589,1706256063.6555529,-1.9783929586410522,4.731266021728516,20.995847702026367,-2.162109375,4.74163818359375,21.123046875,0.22369384765625,False,False,True,True,True,True,True,True,True,0.14195206761360168,0.22369384765625,0.9921875,0.9921875,1,20,57902,122,57780,1.2000291347503662,1.2441449165344238,0.04411578178405762,7,11,11,19,120,121,1706256063.611437,0.04411578178405762,19,Avia,3,44,True,True,CURRENT_SUPPORT
seq0016,seq0016_valref_001590,1706256063.7080925,-1.9549249410629272,4.7215142250061035,20.994720458984375,-2.1015625,4.771484375,21.11328125,0.19508011639118195,False,False,True,True,True,True,True,True,True,0.12623965740203857,0.19508011639118195,0.9921875,0.9921875,1,20,62719,94,62625,1.2000069618225098,1.2073044776916504,0.007297515869140625,6,10,10,13,92,93,1706256063.611437,0.09665536880493164,18,Avia,2,25,True,True,CURRENT_SUPPORT
seq0016,seq0016_valref_001591,1706256063.7575824,-1.9283980131149292,4.710104942321777,20.993520736694336,-2.111328125,4.781005859375,21.09375,0.22030949592590332,False,False,True,True,True,True,True,True,True,0.14550353586673737,0.22030949592590332,0.9921875,0.9921875,1,20,57843,96,57747,1.2009642124176025,1.2471685409545898,0.046204328536987305,5,11,11,11,94,95,1706256063.711378,0.046204328536987305,19,Avia,3,27,True,True,CURRENT_SUPPORT
seq0016,seq0016_valref_001592,1706256063.8076646,-1.8999110460281372,4.697264194488525,20.992307662963867,-2.0634765625,4.717041015625,21.134765625,0.21780511736869812,False,False,True,True,True,True,True,True,True,0.15389637649059296,0.21780511736869812,0.9921875,0.9921875,1,20,67226,93,67133,1.1999638080596924,1.2068915367126465,0.0069277286529541016,3,10,10,9,90,92,1706256063.711378,0.09628653526306152,18,Avia,2,25,True,True,CURRENT_SUPPORT
seq0016,seq0016_valref_001593,1706256063.8863106,-1.837162971496582,4.667716026306152,20.987539291381836,-1.990234375,4.6142578125,21.19140625,0.2604810297489166,False,False,True,True,True,True,True,True,True,0.16099867224693298,0.2604810297489166,0.98828125,0.98828125,1,20,57460,100,57360,1.200010061264038,1.2759315967559814,0.07592153549194336,4,11,11,9,97,99,1706256063.810389,0.07592153549194336,19,Avia,2,9,True,True,CURRENT_SUPPORT
seq0016,seq0016_valref_001594,1706256063.9574742,-1.7730770111083984,4.635603904724121,20.981746673583984,-1.935546875,4.696533203125,21.134765625,0.23135176301002502,False,False,True,True,True,True,True,True,True,0.2059924602508545,0.23135176301002502,0.98828125,0.98828125,1,20,57480,120,57360,1.200037956237793,1.2471592426300049,0.047121286392211914,3,11,11,6,117,119,1706256063.910353,0.047121286392211914,19,Avia,3,34,True,True,CURRENT_SUPPORT
seq0016,seq0016_valref_001595,1706256064.007753,-1.7376409769058228,4.617070198059082,20.97869110107422,-1.966796875,4.58203125,21.060546875,0.24584653973579407,False,False,True,True,True,True,True,True,True,0.17327091097831726,0.24584653973579407,0.9921875,0.9921875,1,20,62188,104,62084,1.1999690532684326,1.2068989276885986,0.006929874420166016,1,10,10,3,100,103,1706256063.910353,0.09739995002746582,18,Avia,2,32,True,True,CURRENT_SUPPORT
seq0016,seq0016_valref_001596,1706256064.0560956,-1.7035449743270874,4.599472999572754,20.975988388061523,-1.7578125,4.742828369140625,21.09375,0.19329646229743958,False,False,True,True,True,True,True,True,True,0.16713273525238037,0.19329646229743958,0.98828125,0.98828125,1,20,57337,111,57226,1.2000229358673096,1.2457046508789062,0.04568171501159668,1,11,11,2,105,110,1706256064.010414,0.04568171501159668,19,Avia,3,39,True,True,CURRENT_SUPPORT
seq0016,seq0016_valref_001597,1706256064.1069384,-1.6691659688949585,4.5809760093688965,20.97334861755371,-1.763671875,4.717529296875,21.138671875,0.2343287169933319,False,False,True,True,True,True,True,True,True,0.21477869153022766,0.2343287169933319,0.98828125,0.98828125,1,20,66663,108,66555,1.200023889541626,1.2061803340911865,0.006156444549560547,1,10,10,1,98,107,1706256064.010414,0.09652447700500488,18,Avia,2,32,True,True,CURRENT_SUPPORT
seq0016,seq0016_valref_001598,1706256064.1599429,-1.6316540241241455,4.560618877410889,20.96992301940918,-1.77587890625,4.46484375,21.1015625,0.21749171614646912,False,False,True,True,True,True,True,True,True,0.15749652683734894,0.21749171614646912,0.9921875,0.9921875,1,20,56995,136,56859,1.201045036315918,1.2495667934417725,0.04852175712585449,2,11,11,6,123,135,1706256064.111421,0.04852175712585449,19,Avia,2,34,True,True,CURRENT_SUPPORT
seq0016,seq0016_valref_001599,1706256064.2087624,-1.5555089712142944,4.518375873565674,20.963647842407227,-1.746490478515625,4.45703125,21.126953125,0.2586613893508911,False,False,True,True,True,True,True,True,True,0.22101762890815735,0.2586613893508911,0.9921875,0.9921875,1,20,56995,136,56859,1.201045036315918,1.2983863353729248,0.09734129905700684,2,11,11,2,107,135,1706256064.111421,0.09734129905700684,19,Avia,2,34,True,True,CURRENT_SUPPORT
