batch_index,clip_indices,sequence_ids,anchor_ordinals,query_occurrences,unique_queries,deduplicated_occurrences,dedup_ratio
0,"[0, 4]","[""seq0001""]","[0, 4]",6,5,1,0.16666666666666663
1,"[8, 12]","[""seq0001""]","[8, 12]",16,12,4,0.25
2,"[16, 20]","[""seq0001""]","[16, 20]",16,12,4,0.25
3,"[24, 28]","[""seq0001""]","[24, 28]",16,12,4,0.25
4,"[32, 36]","[""seq0001""]","[32, 36]",16,12,4,0.25
5,"[40, 44]","[""seq0001""]","[40, 44]",16,12,4,0.25
6,"[48, 52]","[""seq0001""]","[48, 52]",16,12,4,0.25
7,"[56, 60]","[""seq0001""]","[56, 60]",16,12,4,0.25
8,"[64, 68]","[""seq0001""]","[64, 68]",16,12,4,0.25
9,"[72, 76]","[""seq0001""]","[72, 76]",16,12,4,0.25
10,"[80, 84]","[""seq0001""]","[80, 84]",16,12,4,0.25
11,"[88, 92]","[""seq0001""]","[88, 92]",16,12,4,0.25
12,"[96, 100]","[""seq0001""]","[96, 100]",16,12,4,0.25
13,"[104, 108]","[""seq0001""]","[104, 108]",16,12,4,0.25
14,"[112, 116]","[""seq0001""]","[112, 116]",16,12,4,0.25
15,"[120, 124]","[""seq0001""]","[120, 124]",16,12,4,0.25
16,"[128, 132]","[""seq0001""]","[128, 132]",16,12,4,0.25
17,"[136, 140]","[""seq0001""]","[136, 140]",16,12,4,0.25
18,"[144, 148]","[""seq0001""]","[144, 148]",16,12,4,0.25
19,"[152, 156]","[""seq0001""]","[152, 156]",16,12,4,0.25
20,"[160, 164]","[""seq0001""]","[160, 164]",16,12,4,0.25
21,"[168, 172]","[""seq0001""]","[168, 172]",16,12,4,0.25
22,"[176, 180]","[""seq0001""]","[176, 180]",16,12,4,0.25
23,"[184, 188]","[""seq0001""]","[184, 188]",16,12,4,0.25
24,"[192, 196]","[""seq0001""]","[192, 196]",16,12,4,0.25
25,"[200, 204]","[""seq0001""]","[200, 204]",16,12,4,0.25
26,"[208, 212]","[""seq0001""]","[208, 212]",16,12,4,0.25
27,"[216, 220]","[""seq0001""]","[216, 220]",16,12,4,0.25
28,"[224, 228]","[""seq0001""]","[224, 228]",16,12,4,0.25
29,"[232, 236]","[""seq0001""]","[232, 236]",16,12,4,0.25
30,"[240, 244]","[""seq0001""]","[240, 244]",16,12,4,0.25
31,"[248, 252]","[""seq0001""]","[248, 252]",16,12,4,0.25
32,"[256, 260]","[""seq0001""]","[256, 260]",16,12,4,0.25
33,"[264, 268]","[""seq0001""]","[264, 268]",16,12,4,0.25
34,"[272, 276]","[""seq0001""]","[272, 276]",16,12,4,0.25
35,"[280, 284]","[""seq0001""]","[280, 284]",16,12,4,0.25
36,"[288, 292]","[""seq0001""]","[288, 292]",16,12,4,0.25
37,"[296, 300]","[""seq0001""]","[296, 300]",16,12,4,0.25
38,"[304, 308]","[""seq0001""]","[304, 308]",16,12,4,0.25
39,"[312, 316]","[""seq0001""]","[312, 316]",16,12,4,0.25
40,"[320, 324]","[""seq0001""]","[320, 324]",16,12,4,0.25
41,"[328, 332]","[""seq0001""]","[328, 332]",16,12,4,0.25
42,"[336, 340]","[""seq0001""]","[336, 340]",16,12,4,0.25
43,"[344, 348]","[""seq0001""]","[344, 348]",16,12,4,0.25
44,"[352, 356]","[""seq0001""]","[352, 356]",16,12,4,0.25
45,"[360, 364]","[""seq0001""]","[360, 364]",16,12,4,0.25
46,"[368, 372]","[""seq0001""]","[368, 372]",16,12,4,0.25
47,"[376, 380]","[""seq0001""]","[376, 380]",16,12,4,0.25
48,"[384, 388]","[""seq0001""]","[384, 388]",16,12,4,0.25
49,"[392, 396]","[""seq0001""]","[392, 396]",16,12,4,0.25
50,"[400, 404]","[""seq0002""]","[0, 4]",6,5,1,0.16666666666666663
51,"[408, 412]","[""seq0002""]","[8, 12]",16,12,4,0.25
52,"[416, 420]","[""seq0002""]","[16, 20]",16,12,4,0.25
53,"[424, 428]","[""seq0002""]","[24, 28]",16,12,4,0.25
54,"[432, 436]","[""seq0002""]","[32, 36]",16,12,4,0.25
55,"[440, 444]","[""seq0002""]","[40, 44]",16,12,4,0.25
56,"[448, 452]","[""seq0002""]","[48, 52]",16,12,4,0.25
57,"[456, 460]","[""seq0002""]","[56, 60]",16,12,4,0.25
58,"[464, 468]","[""seq0002""]","[64, 68]",16,12,4,0.25
59,"[472, 476]","[""seq0002""]","[72, 76]",16,12,4,0.25
60,"[480, 484]","[""seq0002""]","[80, 84]",16,12,4,0.25
61,"[488, 492]","[""seq0002""]","[88, 92]",16,12,4,0.25
62,"[496, 500]","[""seq0002""]","[96, 100]",16,12,4,0.25
63,"[504, 508]","[""seq0002""]","[104, 108]",16,12,4,0.25
64,"[512, 516]","[""seq0002""]","[112, 116]",16,12,4,0.25
65,"[520, 524]","[""seq0002""]","[120, 124]",16,12,4,0.25
66,"[528, 532]","[""seq0002""]","[128, 132]",16,12,4,0.25
67,"[536, 540]","[""seq0002""]","[136, 140]",16,12,4,0.25
68,"[544, 548]","[""seq0002""]","[144, 148]",16,12,4,0.25
69,"[552, 556]","[""seq0002""]","[152, 156]",16,12,4,0.25
70,"[560, 564]","[""seq0002""]","[160, 164]",16,12,4,0.25
71,"[568, 572]","[""seq0002""]","[168, 172]",16,12,4,0.25
72,"[576, 580]","[""seq0002""]","[176, 180]",16,12,4,0.25
73,"[584, 588]","[""seq0002""]","[184, 188]",16,12,4,0.25
74,"[592, 596]","[""seq0002""]","[192, 196]",16,12,4,0.25
75,"[600, 604]","[""seq0002""]","[200, 204]",16,12,4,0.25
76,"[608, 612]","[""seq0002""]","[208, 212]",16,12,4,0.25
77,"[616, 620]","[""seq0002""]","[216, 220]",16,12,4,0.25
78,"[624, 628]","[""seq0002""]","[224, 228]",16,12,4,0.25
79,"[632, 636]","[""seq0002""]","[232, 236]",16,12,4,0.25
80,"[640, 644]","[""seq0002""]","[240, 244]",16,12,4,0.25
81,"[648, 652]","[""seq0002""]","[248, 252]",16,12,4,0.25
82,"[656, 660]","[""seq0002""]","[256, 260]",16,12,4,0.25
83,"[664, 668]","[""seq0002""]","[264, 268]",16,12,4,0.25
84,"[672, 676]","[""seq0002""]","[272, 276]",16,12,4,0.25
85,"[680, 684]","[""seq0002""]","[280, 284]",16,12,4,0.25
86,"[688, 692]","[""seq0002""]","[288, 292]",16,12,4,0.25
87,"[696, 700]","[""seq0002""]","[296, 300]",16,12,4,0.25
88,"[704, 708]","[""seq0002""]","[304, 308]",16,12,4,0.25
89,"[712, 716]","[""seq0002""]","[312, 316]",16,12,4,0.25
90,"[720, 724]","[""seq0002""]","[320, 324]",16,12,4,0.25
91,"[728, 732]","[""seq0002""]","[328, 332]",16,12,4,0.25
92,"[736, 740]","[""seq0002""]","[336, 340]",16,12,4,0.25
93,"[744, 748]","[""seq0002""]","[344, 348]",16,12,4,0.25
94,"[752, 756]","[""seq0002""]","[352, 356]",16,12,4,0.25
95,"[760, 764]","[""seq0002""]","[360, 364]",16,12,4,0.25
96,"[768, 772]","[""seq0002""]","[368, 372]",16,12,4,0.25
97,"[776, 780]","[""seq0002""]","[376, 380]",16,12,4,0.25
98,"[784, 788]","[""seq0002""]","[384, 388]",16,12,4,0.25
99,"[792, 796]","[""seq0002""]","[392, 396]",16,12,4,0.25
100,"[800, 804]","[""seq0003""]","[0, 4]",6,5,1,0.16666666666666663
101,"[808, 812]","[""seq0003""]","[8, 12]",16,12,4,0.25
102,"[816, 820]","[""seq0003""]","[16, 20]",16,12,4,0.25
103,"[824, 828]","[""seq0003""]","[24, 28]",16,12,4,0.25
104,"[832, 836]","[""seq0003""]","[32, 36]",16,12,4,0.25
105,"[840, 844]","[""seq0003""]","[40, 44]",16,12,4,0.25
106,"[848, 852]","[""seq0003""]","[48, 52]",16,12,4,0.25
107,"[856, 860]","[""seq0003""]","[56, 60]",16,12,4,0.25
108,"[864, 868]","[""seq0003""]","[64, 68]",16,12,4,0.25
109,"[872, 876]","[""seq0003""]","[72, 76]",16,12,4,0.25
110,"[880, 884]","[""seq0003""]","[80, 84]",16,12,4,0.25
111,"[888, 892]","[""seq0003""]","[88, 92]",16,12,4,0.25
112,"[896, 900]","[""seq0003""]","[96, 100]",16,12,4,0.25
113,"[904, 908]","[""seq0003""]","[104, 108]",16,12,4,0.25
114,"[912, 916]","[""seq0003""]","[112, 116]",16,12,4,0.25
115,"[920, 924]","[""seq0003""]","[120, 124]",16,12,4,0.25
116,"[928, 932]","[""seq0003""]","[128, 132]",16,12,4,0.25
117,"[936, 940]","[""seq0003""]","[136, 140]",16,12,4,0.25
118,"[944, 948]","[""seq0003""]","[144, 148]",16,12,4,0.25
119,"[952, 956]","[""seq0003""]","[152, 156]",16,12,4,0.25
120,"[960, 964]","[""seq0003""]","[160, 164]",16,12,4,0.25
121,"[968, 972]","[""seq0003""]","[168, 172]",16,12,4,0.25
122,"[976, 980]","[""seq0003""]","[176, 180]",16,12,4,0.25
123,"[984, 988]","[""seq0003""]","[184, 188]",16,12,4,0.25
124,"[992, 996]","[""seq0003""]","[192, 196]",16,12,4,0.25
125,"[1000, 1004]","[""seq0003""]","[200, 204]",16,12,4,0.25
126,"[1008, 1012]","[""seq0003""]","[208, 212]",16,12,4,0.25
127,"[1016, 1020]","[""seq0003""]","[216, 220]",16,12,4,0.25
128,"[1024, 1028]","[""seq0003""]","[224, 228]",16,12,4,0.25
129,"[1032, 1036]","[""seq0003""]","[232, 236]",16,12,4,0.25
130,"[1040, 1044]","[""seq0003""]","[240, 244]",16,12,4,0.25
131,"[1048, 1052]","[""seq0003""]","[248, 252]",16,12,4,0.25
132,"[1056, 1060]","[""seq0003""]","[256, 260]",16,12,4,0.25
133,"[1064, 1068]","[""seq0003""]","[264, 268]",16,12,4,0.25
134,"[1072, 1076]","[""seq0003""]","[272, 276]",16,12,4,0.25
135,"[1080, 1084]","[""seq0003""]","[280, 284]",16,12,4,0.25
136,"[1088, 1092]","[""seq0003""]","[288, 292]",16,12,4,0.25
137,"[1096, 1100]","[""seq0003""]","[296, 300]",16,12,4,0.25
138,"[1104, 1108]","[""seq0003""]","[304, 308]",16,12,4,0.25
139,"[1112, 1116]","[""seq0003""]","[312, 316]",16,12,4,0.25
140,"[1120, 1124]","[""seq0003""]","[320, 324]",16,12,4,0.25
141,"[1128, 1132]","[""seq0003""]","[328, 332]",16,12,4,0.25
142,"[1136, 1140]","[""seq0003""]","[336, 340]",16,12,4,0.25
143,"[1144, 1148]","[""seq0003""]","[344, 348]",16,12,4,0.25
144,"[1152, 1156]","[""seq0003""]","[352, 356]",16,12,4,0.25
145,"[1160, 1164]","[""seq0003""]","[360, 364]",16,12,4,0.25
146,"[1168, 1172]","[""seq0003""]","[368, 372]",16,12,4,0.25
147,"[1176, 1180]","[""seq0003""]","[376, 380]",16,12,4,0.25
148,"[1184, 1188]","[""seq0003""]","[384, 388]",16,12,4,0.25
149,"[1192, 1196]","[""seq0003""]","[392, 396]",16,12,4,0.25
150,"[1200, 1204]","[""seq0004""]","[0, 4]",6,5,1,0.16666666666666663
151,"[1208, 1212]","[""seq0004""]","[8, 12]",16,12,4,0.25
152,"[1216, 1220]","[""seq0004""]","[16, 20]",16,12,4,0.25
153,"[1224, 1228]","[""seq0004""]","[24, 28]",16,12,4,0.25
154,"[1232, 1236]","[""seq0004""]","[32, 36]",16,12,4,0.25
155,"[1240, 1244]","[""seq0004""]","[40, 44]",16,12,4,0.25
156,"[1248, 1252]","[""seq0004""]","[48, 52]",16,12,4,0.25
157,"[1256, 1260]","[""seq0004""]","[56, 60]",16,12,4,0.25
158,"[1264, 1268]","[""seq0004""]","[64, 68]",16,12,4,0.25
159,"[1272, 1276]","[""seq0004""]","[72, 76]",16,12,4,0.25
160,"[1280, 1284]","[""seq0004""]","[80, 84]",16,12,4,0.25
161,"[1288, 1292]","[""seq0004""]","[88, 92]",16,12,4,0.25
162,"[1296, 1300]","[""seq0004""]","[96, 100]",16,12,4,0.25
163,"[1304, 1308]","[""seq0004""]","[104, 108]",16,12,4,0.25
164,"[1312, 1316]","[""seq0004""]","[112, 116]",16,12,4,0.25
165,"[1320, 1324]","[""seq0004""]","[120, 124]",16,12,4,0.25
166,"[1328, 1332]","[""seq0004""]","[128, 132]",16,12,4,0.25
167,"[1336, 1340]","[""seq0004""]","[136, 140]",16,12,4,0.25
168,"[1344, 1348]","[""seq0004""]","[144, 148]",16,12,4,0.25
169,"[1352, 1356]","[""seq0004""]","[152, 156]",16,12,4,0.25
170,"[1360, 1364]","[""seq0004""]","[160, 164]",16,12,4,0.25
171,"[1368, 1372]","[""seq0004""]","[168, 172]",16,12,4,0.25
172,"[1376, 1380]","[""seq0004""]","[176, 180]",16,12,4,0.25
173,"[1384, 1388]","[""seq0004""]","[184, 188]",16,12,4,0.25
174,"[1392, 1396]","[""seq0004""]","[192, 196]",16,12,4,0.25
175,"[1400, 1404]","[""seq0004""]","[200, 204]",16,12,4,0.25
176,"[1408, 1412]","[""seq0004""]","[208, 212]",16,12,4,0.25
177,"[1416, 1420]","[""seq0004""]","[216, 220]",16,12,4,0.25
178,"[1424, 1428]","[""seq0004""]","[224, 228]",16,12,4,0.25
179,"[1432, 1436]","[""seq0004""]","[232, 236]",16,12,4,0.25
180,"[1440, 1444]","[""seq0004""]","[240, 244]",16,12,4,0.25
181,"[1448, 1452]","[""seq0004""]","[248, 252]",16,12,4,0.25
182,"[1456, 1460]","[""seq0004""]","[256, 260]",16,12,4,0.25
183,"[1464, 1468]","[""seq0004""]","[264, 268]",16,12,4,0.25
184,"[1472, 1476]","[""seq0004""]","[272, 276]",16,12,4,0.25
185,"[1480, 1484]","[""seq0004""]","[280, 284]",16,12,4,0.25
186,"[1488, 1492]","[""seq0004""]","[288, 292]",16,12,4,0.25
187,"[1496, 1500]","[""seq0004""]","[296, 300]",16,12,4,0.25
188,"[1504, 1508]","[""seq0004""]","[304, 308]",16,12,4,0.25
189,"[1512, 1516]","[""seq0004""]","[312, 316]",16,12,4,0.25
190,"[1520, 1524]","[""seq0004""]","[320, 324]",16,12,4,0.25
191,"[1528, 1532]","[""seq0004""]","[328, 332]",16,12,4,0.25
192,"[1536, 1540]","[""seq0004""]","[336, 340]",16,12,4,0.25
193,"[1544, 1548]","[""seq0004""]","[344, 348]",16,12,4,0.25
194,"[1552, 1556]","[""seq0004""]","[352, 356]",16,12,4,0.25
195,"[1560, 1564]","[""seq0004""]","[360, 364]",16,12,4,0.25
196,"[1568, 1572]","[""seq0004""]","[368, 372]",16,12,4,0.25
197,"[1576, 1580]","[""seq0004""]","[376, 380]",16,12,4,0.25
198,"[1584, 1588]","[""seq0004""]","[384, 388]",16,12,4,0.25
199,"[1592, 1596]","[""seq0004""]","[392, 396]",16,12,4,0.25
200,"[1600, 1604]","[""seq0005""]","[0, 4]",6,5,1,0.16666666666666663
201,"[1608, 1612]","[""seq0005""]","[8, 12]",16,12,4,0.25
202,"[1616, 1620]","[""seq0005""]","[16, 20]",16,12,4,0.25
203,"[1624, 1628]","[""seq0005""]","[24, 28]",16,12,4,0.25
204,"[1632, 1636]","[""seq0005""]","[32, 36]",16,12,4,0.25
205,"[1640, 1644]","[""seq0005""]","[40, 44]",16,12,4,0.25
206,"[1648, 1652]","[""seq0005""]","[48, 52]",16,12,4,0.25
207,"[1656, 1660]","[""seq0005""]","[56, 60]",16,12,4,0.25
208,"[1664, 1668]","[""seq0005""]","[64, 68]",16,12,4,0.25
209,"[1672, 1676]","[""seq0005""]","[72, 76]",16,12,4,0.25
210,"[1680, 1684]","[""seq0005""]","[80, 84]",16,12,4,0.25
211,"[1688, 1692]","[""seq0005""]","[88, 92]",16,12,4,0.25
212,"[1696, 1700]","[""seq0005""]","[96, 100]",16,12,4,0.25
213,"[1704, 1708]","[""seq0005""]","[104, 108]",16,12,4,0.25
214,"[1712, 1716]","[""seq0005""]","[112, 116]",16,12,4,0.25
215,"[1720, 1724]","[""seq0005""]","[120, 124]",16,12,4,0.25
216,"[1728, 1732]","[""seq0005""]","[128, 132]",16,12,4,0.25
217,"[1736, 1740]","[""seq0005""]","[136, 140]",16,12,4,0.25
218,"[1744, 1748]","[""seq0005""]","[144, 148]",16,12,4,0.25
219,"[1752, 1756]","[""seq0005""]","[152, 156]",16,12,4,0.25
220,"[1760, 1764]","[""seq0005""]","[160, 164]",16,12,4,0.25
221,"[1768, 1772]","[""seq0005""]","[168, 172]",16,12,4,0.25
222,"[1776, 1780]","[""seq0005""]","[176, 180]",16,12,4,0.25
223,"[1784, 1788]","[""seq0005""]","[184, 188]",16,12,4,0.25
224,"[1792, 1796]","[""seq0005""]","[192, 196]",16,12,4,0.25
225,"[1800, 1804]","[""seq0005""]","[200, 204]",16,12,4,0.25
226,"[1808, 1812]","[""seq0005""]","[208, 212]",16,12,4,0.25
227,"[1816, 1820]","[""seq0005""]","[216, 220]",16,12,4,0.25
228,"[1824, 1828]","[""seq0005""]","[224, 228]",16,12,4,0.25
229,"[1832, 1836]","[""seq0005""]","[232, 236]",16,12,4,0.25
230,"[1840, 1844]","[""seq0005""]","[240, 244]",16,12,4,0.25
231,"[1848, 1852]","[""seq0005""]","[248, 252]",16,12,4,0.25
232,"[1856, 1860]","[""seq0005""]","[256, 260]",16,12,4,0.25
233,"[1864, 1868]","[""seq0005""]","[264, 268]",16,12,4,0.25
234,"[1872, 1876]","[""seq0005""]","[272, 276]",16,12,4,0.25
235,"[1880, 1884]","[""seq0005""]","[280, 284]",16,12,4,0.25
236,"[1888, 1892]","[""seq0005""]","[288, 292]",16,12,4,0.25
237,"[1896, 1900]","[""seq0005""]","[296, 300]",16,12,4,0.25
238,"[1904, 1908]","[""seq0005""]","[304, 308]",16,12,4,0.25
239,"[1912, 1916]","[""seq0005""]","[312, 316]",16,12,4,0.25
240,"[1920, 1924]","[""seq0005""]","[320, 324]",16,12,4,0.25
241,"[1928, 1932]","[""seq0005""]","[328, 332]",16,12,4,0.25
242,"[1936, 1940]","[""seq0005""]","[336, 340]",16,12,4,0.25
243,"[1944, 1948]","[""seq0005""]","[344, 348]",16,12,4,0.25
244,"[1952, 1956]","[""seq0005""]","[352, 356]",16,12,4,0.25
245,"[1960, 1964]","[""seq0005""]","[360, 364]",16,12,4,0.25
246,"[1968, 1972]","[""seq0005""]","[368, 372]",16,12,4,0.25
247,"[1976, 1980]","[""seq0005""]","[376, 380]",16,12,4,0.25
248,"[1984, 1988]","[""seq0005""]","[384, 388]",16,12,4,0.25
249,"[1992, 1996]","[""seq0005""]","[392, 396]",16,12,4,0.25
250,"[2000, 2004]","[""seq0006""]","[0, 4]",6,5,1,0.16666666666666663
251,"[2008, 2012]","[""seq0006""]","[8, 12]",16,12,4,0.25
252,"[2016, 2020]","[""seq0006""]","[16, 20]",16,12,4,0.25
253,"[2024, 2028]","[""seq0006""]","[24, 28]",16,12,4,0.25
254,"[2032, 2036]","[""seq0006""]","[32, 36]",16,12,4,0.25
255,"[2040, 2044]","[""seq0006""]","[40, 44]",16,12,4,0.25
256,"[2048, 2052]","[""seq0006""]","[48, 52]",16,12,4,0.25
257,"[2056, 2060]","[""seq0006""]","[56, 60]",16,12,4,0.25
258,"[2064, 2068]","[""seq0006""]","[64, 68]",16,12,4,0.25
259,"[2072, 2076]","[""seq0006""]","[72, 76]",16,12,4,0.25
260,"[2080, 2084]","[""seq0006""]","[80, 84]",16,12,4,0.25
261,"[2088, 2092]","[""seq0006""]","[88, 92]",16,12,4,0.25
262,"[2096, 2100]","[""seq0006""]","[96, 100]",16,12,4,0.25
263,"[2104, 2108]","[""seq0006""]","[104, 108]",16,12,4,0.25
264,"[2112, 2116]","[""seq0006""]","[112, 116]",16,12,4,0.25
265,"[2120, 2124]","[""seq0006""]","[120, 124]",16,12,4,0.25
266,"[2128, 2132]","[""seq0006""]","[128, 132]",16,12,4,0.25
267,"[2136, 2140]","[""seq0006""]","[136, 140]",16,12,4,0.25
268,"[2144, 2148]","[""seq0006""]","[144, 148]",16,12,4,0.25
269,"[2152, 2156]","[""seq0006""]","[152, 156]",16,12,4,0.25
270,"[2160, 2164]","[""seq0006""]","[160, 164]",16,12,4,0.25
271,"[2168, 2172]","[""seq0006""]","[168, 172]",16,12,4,0.25
272,"[2176, 2180]","[""seq0006""]","[176, 180]",16,12,4,0.25
273,"[2184, 2188]","[""seq0006""]","[184, 188]",16,12,4,0.25
274,"[2192, 2196]","[""seq0006""]","[192, 196]",16,12,4,0.25
275,"[2200, 2204]","[""seq0006""]","[200, 204]",16,12,4,0.25
276,"[2208, 2212]","[""seq0006""]","[208, 212]",16,12,4,0.25
277,"[2216, 2220]","[""seq0006""]","[216, 220]",16,12,4,0.25
278,"[2224, 2228]","[""seq0006""]","[224, 228]",16,12,4,0.25
279,"[2232, 2236]","[""seq0006""]","[232, 236]",16,12,4,0.25
280,"[2240, 2244]","[""seq0006""]","[240, 244]",16,12,4,0.25
281,"[2248, 2252]","[""seq0006""]","[248, 252]",16,12,4,0.25
282,"[2256, 2260]","[""seq0006""]","[256, 260]",16,12,4,0.25
283,"[2264, 2268]","[""seq0006""]","[264, 268]",16,12,4,0.25
284,"[2272, 2276]","[""seq0006""]","[272, 276]",16,12,4,0.25
285,"[2280, 2284]","[""seq0006""]","[280, 284]",16,12,4,0.25
286,"[2288, 2292]","[""seq0006""]","[288, 292]",16,12,4,0.25
287,"[2296, 2300]","[""seq0006""]","[296, 300]",16,12,4,0.25
288,"[2304, 2308]","[""seq0006""]","[304, 308]",16,12,4,0.25
289,"[2312, 2316]","[""seq0006""]","[312, 316]",16,12,4,0.25
290,"[2320, 2324]","[""seq0006""]","[320, 324]",16,12,4,0.25
291,"[2328, 2332]","[""seq0006""]","[328, 332]",16,12,4,0.25
292,"[2336, 2340]","[""seq0006""]","[336, 340]",16,12,4,0.25
293,"[2344, 2348]","[""seq0006""]","[344, 348]",16,12,4,0.25
294,"[2352, 2356]","[""seq0006""]","[352, 356]",16,12,4,0.25
295,"[2360, 2364]","[""seq0006""]","[360, 364]",16,12,4,0.25
296,"[2368, 2372]","[""seq0006""]","[368, 372]",16,12,4,0.25
297,"[2376, 2380]","[""seq0006""]","[376, 380]",16,12,4,0.25
298,"[2384, 2388]","[""seq0006""]","[384, 388]",16,12,4,0.25
299,"[2392, 2396]","[""seq0006""]","[392, 396]",16,12,4,0.25
300,"[2400, 2404]","[""seq0008""]","[0, 4]",6,5,1,0.16666666666666663
301,"[2408, 2412]","[""seq0008""]","[8, 12]",16,12,4,0.25
302,"[2416, 2420]","[""seq0008""]","[16, 20]",16,12,4,0.25
303,"[2424, 2428]","[""seq0008""]","[24, 28]",16,12,4,0.25
304,"[2432, 2436]","[""seq0008""]","[32, 36]",16,12,4,0.25
305,"[2440, 2444]","[""seq0008""]","[40, 44]",16,12,4,0.25
306,"[2448, 2452]","[""seq0008""]","[48, 52]",16,12,4,0.25
307,"[2456, 2460]","[""seq0008""]","[56, 60]",16,12,4,0.25
308,"[2464, 2468]","[""seq0008""]","[64, 68]",16,12,4,0.25
309,"[2472, 2476]","[""seq0008""]","[72, 76]",16,12,4,0.25
310,"[2480, 2484]","[""seq0008""]","[80, 84]",16,12,4,0.25
311,"[2488, 2492]","[""seq0008""]","[88, 92]",16,12,4,0.25
312,"[2496, 2500]","[""seq0008""]","[96, 100]",16,12,4,0.25
313,"[2504, 2508]","[""seq0008""]","[104, 108]",16,12,4,0.25
314,"[2512, 2516]","[""seq0008""]","[112, 116]",16,12,4,0.25
315,"[2520, 2524]","[""seq0008""]","[120, 124]",16,12,4,0.25
316,"[2528, 2532]","[""seq0008""]","[128, 132]",16,12,4,0.25
317,"[2536, 2540]","[""seq0008""]","[136, 140]",16,12,4,0.25
318,"[2544, 2548]","[""seq0008""]","[144, 148]",16,12,4,0.25
319,"[2552, 2556]","[""seq0008""]","[152, 156]",16,12,4,0.25
320,"[2560, 2564]","[""seq0008""]","[160, 164]",16,12,4,0.25
321,"[2568, 2572]","[""seq0008""]","[168, 172]",16,12,4,0.25
322,"[2576, 2580]","[""seq0008""]","[176, 180]",16,12,4,0.25
323,"[2584, 2588]","[""seq0008""]","[184, 188]",16,12,4,0.25
324,"[2592, 2596]","[""seq0008""]","[192, 196]",16,12,4,0.25
325,"[2600, 2604]","[""seq0008""]","[200, 204]",16,12,4,0.25
326,"[2608, 2612]","[""seq0008""]","[208, 212]",16,12,4,0.25
327,"[2616, 2620]","[""seq0008""]","[216, 220]",16,12,4,0.25
328,"[2624, 2628]","[""seq0008""]","[224, 228]",16,12,4,0.25
329,"[2632, 2636]","[""seq0008""]","[232, 236]",16,12,4,0.25
330,"[2640, 2644]","[""seq0008""]","[240, 244]",16,12,4,0.25
331,"[2648, 2652]","[""seq0008""]","[248, 252]",16,12,4,0.25
332,"[2656, 2660]","[""seq0008""]","[256, 260]",16,12,4,0.25
333,"[2664, 2668]","[""seq0008""]","[264, 268]",16,12,4,0.25
334,"[2672, 2676]","[""seq0008""]","[272, 276]",16,12,4,0.25
335,"[2680, 2684]","[""seq0008""]","[280, 284]",16,12,4,0.25
336,"[2688, 2692]","[""seq0008""]","[288, 292]",16,12,4,0.25
337,"[2696, 2700]","[""seq0008""]","[296, 300]",16,12,4,0.25
338,"[2704, 2708]","[""seq0008""]","[304, 308]",16,12,4,0.25
339,"[2712, 2716]","[""seq0008""]","[312, 316]",16,12,4,0.25
340,"[2720, 2724]","[""seq0008""]","[320, 324]",16,12,4,0.25
341,"[2728, 2732]","[""seq0008""]","[328, 332]",16,12,4,0.25
342,"[2736, 2740]","[""seq0008""]","[336, 340]",16,12,4,0.25
343,"[2744, 2748]","[""seq0008""]","[344, 348]",16,12,4,0.25
344,"[2752, 2756]","[""seq0008""]","[352, 356]",16,12,4,0.25
345,"[2760, 2764]","[""seq0008""]","[360, 364]",16,12,4,0.25
346,"[2768, 2772]","[""seq0008""]","[368, 372]",16,12,4,0.25
347,"[2776, 2780]","[""seq0008""]","[376, 380]",16,12,4,0.25
348,"[2784, 2788]","[""seq0008""]","[384, 388]",16,12,4,0.25
349,"[2792, 2796]","[""seq0008""]","[392, 396]",16,12,4,0.25
350,"[2800, 2804]","[""seq0010""]","[0, 4]",6,5,1,0.16666666666666663
351,"[2808, 2812]","[""seq0010""]","[8, 12]",16,12,4,0.25
352,"[2816, 2820]","[""seq0010""]","[16, 20]",16,12,4,0.25
353,"[2824, 2828]","[""seq0010""]","[24, 28]",16,12,4,0.25
354,"[2832, 2836]","[""seq0010""]","[32, 36]",16,12,4,0.25
355,"[2840, 2844]","[""seq0010""]","[40, 44]",16,12,4,0.25
356,"[2848, 2852]","[""seq0010""]","[48, 52]",16,12,4,0.25
357,"[2856, 2860]","[""seq0010""]","[56, 60]",16,12,4,0.25
358,"[2864, 2868]","[""seq0010""]","[64, 68]",16,12,4,0.25
359,"[2872, 2876]","[""seq0010""]","[72, 76]",16,12,4,0.25
360,"[2880, 2884]","[""seq0010""]","[80, 84]",16,12,4,0.25
361,"[2888, 2892]","[""seq0010""]","[88, 92]",16,12,4,0.25
362,"[2896, 2900]","[""seq0010""]","[96, 100]",16,12,4,0.25
363,"[2904, 2908]","[""seq0010""]","[104, 108]",16,12,4,0.25
364,"[2912, 2916]","[""seq0010""]","[112, 116]",16,12,4,0.25
365,"[2920, 2924]","[""seq0010""]","[120, 124]",16,12,4,0.25
366,"[2928, 2932]","[""seq0010""]","[128, 132]",16,12,4,0.25
367,"[2936, 2940]","[""seq0010""]","[136, 140]",16,12,4,0.25
368,"[2944, 2948]","[""seq0010""]","[144, 148]",16,12,4,0.25
369,"[2952, 2956]","[""seq0010""]","[152, 156]",16,12,4,0.25
370,"[2960, 2964]","[""seq0010""]","[160, 164]",16,12,4,0.25
371,"[2968, 2972]","[""seq0010""]","[168, 172]",16,12,4,0.25
372,"[2976, 2980]","[""seq0010""]","[176, 180]",16,12,4,0.25
373,"[2984, 2988]","[""seq0010""]","[184, 188]",16,12,4,0.25
374,"[2992, 2996]","[""seq0010""]","[192, 196]",16,12,4,0.25
375,"[3000, 3004]","[""seq0010""]","[200, 204]",16,12,4,0.25
376,"[3008, 3012]","[""seq0010""]","[208, 212]",16,12,4,0.25
377,"[3016, 3020]","[""seq0010""]","[216, 220]",16,12,4,0.25
378,"[3024, 3028]","[""seq0010""]","[224, 228]",16,12,4,0.25
379,"[3032, 3036]","[""seq0010""]","[232, 236]",16,12,4,0.25
380,"[3040, 3044]","[""seq0010""]","[240, 244]",16,12,4,0.25
381,"[3048, 3052]","[""seq0010""]","[248, 252]",16,12,4,0.25
382,"[3056, 3060]","[""seq0010""]","[256, 260]",16,12,4,0.25
383,"[3064, 3068]","[""seq0010""]","[264, 268]",16,12,4,0.25
384,"[3072, 3076]","[""seq0010""]","[272, 276]",16,12,4,0.25
385,"[3080, 3084]","[""seq0010""]","[280, 284]",16,12,4,0.25
386,"[3088, 3092]","[""seq0010""]","[288, 292]",16,12,4,0.25
387,"[3096, 3100]","[""seq0010""]","[296, 300]",16,12,4,0.25
388,"[3104, 3108]","[""seq0010""]","[304, 308]",16,12,4,0.25
389,"[3112, 3116]","[""seq0010""]","[312, 316]",16,12,4,0.25
390,"[3120, 3124]","[""seq0010""]","[320, 324]",16,12,4,0.25
391,"[3128, 3132]","[""seq0010""]","[328, 332]",16,12,4,0.25
392,"[3136, 3140]","[""seq0010""]","[336, 340]",16,12,4,0.25
393,"[3144, 3148]","[""seq0010""]","[344, 348]",16,12,4,0.25
394,"[3152, 3156]","[""seq0010""]","[352, 356]",16,12,4,0.25
395,"[3160, 3164]","[""seq0010""]","[360, 364]",16,12,4,0.25
396,"[3168, 3172]","[""seq0010""]","[368, 372]",16,12,4,0.25
397,"[3176, 3180]","[""seq0010""]","[376, 380]",16,12,4,0.25
398,"[3184, 3188]","[""seq0010""]","[384, 388]",16,12,4,0.25
399,"[3192, 3196]","[""seq0010""]","[392, 396]",16,12,4,0.25
400,"[3200, 3204]","[""seq0011""]","[0, 4]",6,5,1,0.16666666666666663
401,"[3208, 3212]","[""seq0011""]","[8, 12]",16,12,4,0.25
402,"[3216, 3220]","[""seq0011""]","[16, 20]",16,12,4,0.25
403,"[3224, 3228]","[""seq0011""]","[24, 28]",16,12,4,0.25
404,"[3232, 3236]","[""seq0011""]","[32, 36]",16,12,4,0.25
405,"[3240, 3244]","[""seq0011""]","[40, 44]",16,12,4,0.25
406,"[3248, 3252]","[""seq0011""]","[48, 52]",16,12,4,0.25
407,"[3256, 3260]","[""seq0011""]","[56, 60]",16,12,4,0.25
408,"[3264, 3268]","[""seq0011""]","[64, 68]",16,12,4,0.25
409,"[3272, 3276]","[""seq0011""]","[72, 76]",16,12,4,0.25
410,"[3280, 3284]","[""seq0011""]","[80, 84]",16,12,4,0.25
411,"[3288, 3292]","[""seq0011""]","[88, 92]",16,12,4,0.25
412,"[3296, 3300]","[""seq0011""]","[96, 100]",16,12,4,0.25
413,"[3304, 3308]","[""seq0011""]","[104, 108]",16,12,4,0.25
414,"[3312, 3316]","[""seq0011""]","[112, 116]",16,12,4,0.25
415,"[3320, 3324]","[""seq0011""]","[120, 124]",16,12,4,0.25
416,"[3328, 3332]","[""seq0011""]","[128, 132]",16,12,4,0.25
417,"[3336, 3340]","[""seq0011""]","[136, 140]",16,12,4,0.25
418,"[3344, 3348]","[""seq0011""]","[144, 148]",16,12,4,0.25
419,"[3352, 3356]","[""seq0011""]","[152, 156]",16,12,4,0.25
420,"[3360, 3364]","[""seq0011""]","[160, 164]",16,12,4,0.25
421,"[3368, 3372]","[""seq0011""]","[168, 172]",16,12,4,0.25
422,"[3376, 3380]","[""seq0011""]","[176, 180]",16,12,4,0.25
423,"[3384, 3388]","[""seq0011""]","[184, 188]",16,12,4,0.25
424,"[3392, 3396]","[""seq0011""]","[192, 196]",16,12,4,0.25
425,"[3400, 3404]","[""seq0011""]","[200, 204]",16,12,4,0.25
426,"[3408, 3412]","[""seq0011""]","[208, 212]",16,12,4,0.25
427,"[3416, 3420]","[""seq0011""]","[216, 220]",16,12,4,0.25
428,"[3424, 3428]","[""seq0011""]","[224, 228]",16,12,4,0.25
429,"[3432, 3436]","[""seq0011""]","[232, 236]",16,12,4,0.25
430,"[3440, 3444]","[""seq0011""]","[240, 244]",16,12,4,0.25
431,"[3448, 3452]","[""seq0011""]","[248, 252]",16,12,4,0.25
432,"[3456, 3460]","[""seq0011""]","[256, 260]",16,12,4,0.25
433,"[3464, 3468]","[""seq0011""]","[264, 268]",16,12,4,0.25
434,"[3472, 3476]","[""seq0011""]","[272, 276]",16,12,4,0.25
435,"[3480, 3484]","[""seq0011""]","[280, 284]",16,12,4,0.25
436,"[3488, 3492]","[""seq0011""]","[288, 292]",16,12,4,0.25
437,"[3496, 3500]","[""seq0011""]","[296, 300]",16,12,4,0.25
438,"[3504, 3508]","[""seq0011""]","[304, 308]",16,12,4,0.25
439,"[3512, 3516]","[""seq0011""]","[312, 316]",16,12,4,0.25
440,"[3520, 3524]","[""seq0011""]","[320, 324]",16,12,4,0.25
441,"[3528, 3532]","[""seq0011""]","[328, 332]",16,12,4,0.25
442,"[3536, 3540]","[""seq0011""]","[336, 340]",16,12,4,0.25
443,"[3544, 3548]","[""seq0011""]","[344, 348]",16,12,4,0.25
444,"[3552, 3556]","[""seq0011""]","[352, 356]",16,12,4,0.25
445,"[3560, 3564]","[""seq0011""]","[360, 364]",16,12,4,0.25
446,"[3568, 3572]","[""seq0011""]","[368, 372]",16,12,4,0.25
447,"[3576, 3580]","[""seq0011""]","[376, 380]",16,12,4,0.25
448,"[3584, 3588]","[""seq0011""]","[384, 388]",16,12,4,0.25
449,"[3592, 3596]","[""seq0011""]","[392, 396]",16,12,4,0.25
450,"[3600, 3604]","[""seq0016""]","[0, 4]",6,5,1,0.16666666666666663
451,"[3608, 3612]","[""seq0016""]","[8, 12]",16,12,4,0.25
452,"[3616, 3620]","[""seq0016""]","[16, 20]",16,12,4,0.25
453,"[3624, 3628]","[""seq0016""]","[24, 28]",16,12,4,0.25
454,"[3632, 3636]","[""seq0016""]","[32, 36]",16,12,4,0.25
455,"[3640, 3644]","[""seq0016""]","[40, 44]",16,12,4,0.25
456,"[3648, 3652]","[""seq0016""]","[48, 52]",16,12,4,0.25
457,"[3656, 3660]","[""seq0016""]","[56, 60]",16,12,4,0.25
458,"[3664, 3668]","[""seq0016""]","[64, 68]",16,12,4,0.25
459,"[3672, 3676]","[""seq0016""]","[72, 76]",16,12,4,0.25
460,"[3680, 3684]","[""seq0016""]","[80, 84]",16,12,4,0.25
461,"[3688, 3692]","[""seq0016""]","[88, 92]",16,12,4,0.25
462,"[3696, 3700]","[""seq0016""]","[96, 100]",16,12,4,0.25
463,"[3704, 3708]","[""seq0016""]","[104, 108]",16,12,4,0.25
464,"[3712, 3716]","[""seq0016""]","[112, 116]",16,12,4,0.25
465,"[3720, 3724]","[""seq0016""]","[120, 124]",16,12,4,0.25
466,"[3728, 3732]","[""seq0016""]","[128, 132]",16,12,4,0.25
467,"[3736, 3740]","[""seq0016""]","[136, 140]",16,12,4,0.25
468,"[3744, 3748]","[""seq0016""]","[144, 148]",16,12,4,0.25
469,"[3752, 3756]","[""seq0016""]","[152, 156]",16,12,4,0.25
470,"[3760, 3764]","[""seq0016""]","[160, 164]",16,12,4,0.25
471,"[3768, 3772]","[""seq0016""]","[168, 172]",16,12,4,0.25
472,"[3776, 3780]","[""seq0016""]","[176, 180]",16,12,4,0.25
473,"[3784, 3788]","[""seq0016""]","[184, 188]",16,12,4,0.25
474,"[3792, 3796]","[""seq0016""]","[192, 196]",16,12,4,0.25
475,"[3800, 3804]","[""seq0016""]","[200, 204]",16,12,4,0.25
476,"[3808, 3812]","[""seq0016""]","[208, 212]",16,12,4,0.25
477,"[3816, 3820]","[""seq0016""]","[216, 220]",16,12,4,0.25
478,"[3824, 3828]","[""seq0016""]","[224, 228]",16,12,4,0.25
479,"[3832, 3836]","[""seq0016""]","[232, 236]",16,12,4,0.25
480,"[3840, 3844]","[""seq0016""]","[240, 244]",16,12,4,0.25
481,"[3848, 3852]","[""seq0016""]","[248, 252]",16,12,4,0.25
482,"[3856, 3860]","[""seq0016""]","[256, 260]",16,12,4,0.25
483,"[3864, 3868]","[""seq0016""]","[264, 268]",16,12,4,0.25
484,"[3872, 3876]","[""seq0016""]","[272, 276]",16,12,4,0.25
485,"[3880, 3884]","[""seq0016""]","[280, 284]",16,12,4,0.25
486,"[3888, 3892]","[""seq0016""]","[288, 292]",16,12,4,0.25
487,"[3896, 3900]","[""seq0016""]","[296, 300]",16,12,4,0.25
488,"[3904, 3908]","[""seq0016""]","[304, 308]",16,12,4,0.25
489,"[3912, 3916]","[""seq0016""]","[312, 316]",16,12,4,0.25
490,"[3920, 3924]","[""seq0016""]","[320, 324]",16,12,4,0.25
491,"[3928, 3932]","[""seq0016""]","[328, 332]",16,12,4,0.25
492,"[3936, 3940]","[""seq0016""]","[336, 340]",16,12,4,0.25
493,"[3944, 3948]","[""seq0016""]","[344, 348]",16,12,4,0.25
494,"[3952, 3956]","[""seq0016""]","[352, 356]",16,12,4,0.25
495,"[3960, 3964]","[""seq0016""]","[360, 364]",16,12,4,0.25
496,"[3968, 3972]","[""seq0016""]","[368, 372]",16,12,4,0.25
497,"[3976, 3980]","[""seq0016""]","[376, 380]",16,12,4,0.25
498,"[3984, 3988]","[""seq0016""]","[384, 388]",16,12,4,0.25
499,"[3992, 3996]","[""seq0016""]","[392, 396]",16,12,4,0.25
500,"[4000, 4004]","[""seq0017""]","[0, 4]",6,5,1,0.16666666666666663
501,"[4008, 4012]","[""seq0017""]","[8, 12]",16,12,4,0.25
502,"[4016, 4020]","[""seq0017""]","[16, 20]",16,12,4,0.25
503,"[4024, 4028]","[""seq0017""]","[24, 28]",16,12,4,0.25
504,"[4032, 4036]","[""seq0017""]","[32, 36]",16,12,4,0.25
505,"[4040, 4044]","[""seq0017""]","[40, 44]",16,12,4,0.25
506,"[4048, 4052]","[""seq0017""]","[48, 52]",16,12,4,0.25
507,"[4056, 4060]","[""seq0017""]","[56, 60]",16,12,4,0.25
508,"[4064, 4068]","[""seq0017""]","[64, 68]",16,12,4,0.25
509,"[4072, 4076]","[""seq0017""]","[72, 76]",16,12,4,0.25
510,"[4080, 4084]","[""seq0017""]","[80, 84]",16,12,4,0.25
511,"[4088, 4092]","[""seq0017""]","[88, 92]",16,12,4,0.25
512,"[4096, 4100]","[""seq0017""]","[96, 100]",16,12,4,0.25
513,"[4104, 4108]","[""seq0017""]","[104, 108]",16,12,4,0.25
514,"[4112, 4116]","[""seq0017""]","[112, 116]",16,12,4,0.25
515,"[4120, 4124]","[""seq0017""]","[120, 124]",16,12,4,0.25
516,"[4128, 4132]","[""seq0017""]","[128, 132]",16,12,4,0.25
517,"[4136, 4140]","[""seq0017""]","[136, 140]",16,12,4,0.25
518,"[4144, 4148]","[""seq0017""]","[144, 148]",16,12,4,0.25
519,"[4152, 4156]","[""seq0017""]","[152, 156]",16,12,4,0.25
520,"[4160, 4164]","[""seq0017""]","[160, 164]",16,12,4,0.25
521,"[4168, 4172]","[""seq0017""]","[168, 172]",16,12,4,0.25
522,"[4176, 4180]","[""seq0017""]","[176, 180]",16,12,4,0.25
523,"[4184, 4188]","[""seq0017""]","[184, 188]",16,12,4,0.25
524,"[4192, 4196]","[""seq0017""]","[192, 196]",16,12,4,0.25
525,"[4200, 4204]","[""seq0017""]","[200, 204]",16,12,4,0.25
526,"[4208, 4212]","[""seq0017""]","[208, 212]",16,12,4,0.25
527,"[4216, 4220]","[""seq0017""]","[216, 220]",16,12,4,0.25
528,"[4224, 4228]","[""seq0017""]","[224, 228]",16,12,4,0.25
529,"[4232, 4236]","[""seq0017""]","[232, 236]",16,12,4,0.25
530,"[4240, 4244]","[""seq0017""]","[240, 244]",16,12,4,0.25
531,"[4248, 4252]","[""seq0017""]","[248, 252]",16,12,4,0.25
532,"[4256, 4260]","[""seq0017""]","[256, 260]",16,12,4,0.25
533,"[4264, 4268]","[""seq0017""]","[264, 268]",16,12,4,0.25
534,"[4272, 4276]","[""seq0017""]","[272, 276]",16,12,4,0.25
535,"[4280, 4284]","[""seq0017""]","[280, 284]",16,12,4,0.25
536,"[4288, 4292]","[""seq0017""]","[288, 292]",16,12,4,0.25
537,"[4296, 4300]","[""seq0017""]","[296, 300]",16,12,4,0.25
538,"[4304, 4308]","[""seq0017""]","[304, 308]",16,12,4,0.25
539,"[4312, 4316]","[""seq0017""]","[312, 316]",16,12,4,0.25
540,"[4320, 4324]","[""seq0017""]","[320, 324]",16,12,4,0.25
541,"[4328, 4332]","[""seq0017""]","[328, 332]",16,12,4,0.25
542,"[4336, 4340]","[""seq0017""]","[336, 340]",16,12,4,0.25
543,"[4344, 4348]","[""seq0017""]","[344, 348]",16,12,4,0.25
544,"[4352, 4356]","[""seq0017""]","[352, 356]",16,12,4,0.25
545,"[4360, 4364]","[""seq0017""]","[360, 364]",16,12,4,0.25
546,"[4368, 4372]","[""seq0017""]","[368, 372]",16,12,4,0.25
547,"[4376, 4380]","[""seq0017""]","[376, 380]",16,12,4,0.25
548,"[4384, 4388]","[""seq0017""]","[384, 388]",16,12,4,0.25
549,"[4392, 4396]","[""seq0017""]","[392, 396]",16,12,4,0.25
550,"[4400, 4404]","[""seq0018""]","[0, 4]",6,5,1,0.16666666666666663
551,"[4408, 4412]","[""seq0018""]","[8, 12]",16,12,4,0.25
552,"[4416, 4420]","[""seq0018""]","[16, 20]",16,12,4,0.25
553,"[4424, 4428]","[""seq0018""]","[24, 28]",16,12,4,0.25
554,"[4432, 4436]","[""seq0018""]","[32, 36]",16,12,4,0.25
555,"[4440, 4444]","[""seq0018""]","[40, 44]",16,12,4,0.25
556,"[4448, 4452]","[""seq0018""]","[48, 52]",16,12,4,0.25
557,"[4456, 4460]","[""seq0018""]","[56, 60]",16,12,4,0.25
558,"[4464, 4468]","[""seq0018""]","[64, 68]",16,12,4,0.25
559,"[4472, 4476]","[""seq0018""]","[72, 76]",16,12,4,0.25
560,"[4480, 4484]","[""seq0018""]","[80, 84]",16,12,4,0.25
561,"[4488, 4492]","[""seq0018""]","[88, 92]",16,12,4,0.25
562,"[4496, 4500]","[""seq0018""]","[96, 100]",16,12,4,0.25
563,"[4504, 4508]","[""seq0018""]","[104, 108]",16,12,4,0.25
564,"[4512, 4516]","[""seq0018""]","[112, 116]",16,12,4,0.25
565,"[4520, 4524]","[""seq0018""]","[120, 124]",16,12,4,0.25
566,"[4528, 4532]","[""seq0018""]","[128, 132]",16,12,4,0.25
567,"[4536, 4540]","[""seq0018""]","[136, 140]",16,12,4,0.25
568,"[4544, 4548]","[""seq0018""]","[144, 148]",16,12,4,0.25
569,"[4552, 4556]","[""seq0018""]","[152, 156]",16,12,4,0.25
570,"[4560, 4564]","[""seq0018""]","[160, 164]",16,12,4,0.25
571,"[4568, 4572]","[""seq0018""]","[168, 172]",16,12,4,0.25
572,"[4576, 4580]","[""seq0018""]","[176, 180]",16,12,4,0.25
573,"[4584, 4588]","[""seq0018""]","[184, 188]",16,12,4,0.25
574,"[4592, 4596]","[""seq0018""]","[192, 196]",16,12,4,0.25
575,"[4600, 4604]","[""seq0018""]","[200, 204]",16,12,4,0.25
576,"[4608, 4612]","[""seq0018""]","[208, 212]",16,12,4,0.25
577,"[4616, 4620]","[""seq0018""]","[216, 220]",16,12,4,0.25
578,"[4624, 4628]","[""seq0018""]","[224, 228]",16,12,4,0.25
579,"[4632, 4636]","[""seq0018""]","[232, 236]",16,12,4,0.25
580,"[4640, 4644]","[""seq0018""]","[240, 244]",16,12,4,0.25
581,"[4648, 4652]","[""seq0018""]","[248, 252]",16,12,4,0.25
582,"[4656, 4660]","[""seq0018""]","[256, 260]",16,12,4,0.25
583,"[4664, 4668]","[""seq0018""]","[264, 268]",16,12,4,0.25
584,"[4672, 4676]","[""seq0018""]","[272, 276]",16,12,4,0.25
585,"[4680, 4684]","[""seq0018""]","[280, 284]",16,12,4,0.25
586,"[4688, 4692]","[""seq0018""]","[288, 292]",16,12,4,0.25
587,"[4696, 4700]","[""seq0018""]","[296, 300]",16,12,4,0.25
588,"[4704, 4708]","[""seq0018""]","[304, 308]",16,12,4,0.25
589,"[4712, 4716]","[""seq0018""]","[312, 316]",16,12,4,0.25
590,"[4720, 4724]","[""seq0018""]","[320, 324]",16,12,4,0.25
591,"[4728, 4732]","[""seq0018""]","[328, 332]",16,12,4,0.25
592,"[4736, 4740]","[""seq0018""]","[336, 340]",16,12,4,0.25
593,"[4744, 4748]","[""seq0018""]","[344, 348]",16,12,4,0.25
594,"[4752, 4756]","[""seq0018""]","[352, 356]",16,12,4,0.25
595,"[4760, 4764]","[""seq0018""]","[360, 364]",16,12,4,0.25
596,"[4768, 4772]","[""seq0018""]","[368, 372]",16,12,4,0.25
597,"[4776, 4780]","[""seq0018""]","[376, 380]",16,12,4,0.25
598,"[4784, 4788]","[""seq0018""]","[384, 388]",16,12,4,0.25
599,"[4792, 4796]","[""seq0018""]","[392, 396]",16,12,4,0.25
600,"[4800, 4804]","[""seq0019""]","[0, 4]",6,5,1,0.16666666666666663
601,"[4808, 4812]","[""seq0019""]","[8, 12]",16,12,4,0.25
602,"[4816, 4820]","[""seq0019""]","[16, 20]",16,12,4,0.25
603,"[4824, 4828]","[""seq0019""]","[24, 28]",16,12,4,0.25
604,"[4832, 4836]","[""seq0019""]","[32, 36]",16,12,4,0.25
605,"[4840, 4844]","[""seq0019""]","[40, 44]",16,12,4,0.25
606,"[4848, 4852]","[""seq0019""]","[48, 52]",16,12,4,0.25
607,"[4856, 4860]","[""seq0019""]","[56, 60]",16,12,4,0.25
608,"[4864, 4868]","[""seq0019""]","[64, 68]",16,12,4,0.25
609,"[4872, 4876]","[""seq0019""]","[72, 76]",16,12,4,0.25
610,"[4880, 4884]","[""seq0019""]","[80, 84]",16,12,4,0.25
611,"[4888, 4892]","[""seq0019""]","[88, 92]",16,12,4,0.25
612,"[4896, 4900]","[""seq0019""]","[96, 100]",16,12,4,0.25
613,"[4904, 4908]","[""seq0019""]","[104, 108]",16,12,4,0.25
614,"[4912, 4916]","[""seq0019""]","[112, 116]",16,12,4,0.25
615,"[4920, 4924]","[""seq0019""]","[120, 124]",16,12,4,0.25
616,"[4928, 4932]","[""seq0019""]","[128, 132]",16,12,4,0.25
617,"[4936, 4940]","[""seq0019""]","[136, 140]",16,12,4,0.25
618,"[4944, 4948]","[""seq0019""]","[144, 148]",16,12,4,0.25
619,"[4952, 4956]","[""seq0019""]","[152, 156]",16,12,4,0.25
620,"[4960, 4964]","[""seq0019""]","[160, 164]",16,12,4,0.25
621,"[4968, 4972]","[""seq0019""]","[168, 172]",16,12,4,0.25
622,"[4976, 4980]","[""seq0019""]","[176, 180]",16,12,4,0.25
623,"[4984, 4988]","[""seq0019""]","[184, 188]",16,12,4,0.25
624,"[4992, 4996]","[""seq0019""]","[192, 196]",16,12,4,0.25
625,"[5000, 5004]","[""seq0019""]","[200, 204]",16,12,4,0.25
626,"[5008, 5012]","[""seq0019""]","[208, 212]",16,12,4,0.25
627,"[5016, 5020]","[""seq0019""]","[216, 220]",16,12,4,0.25
628,"[5024, 5028]","[""seq0019""]","[224, 228]",16,12,4,0.25
629,"[5032, 5036]","[""seq0019""]","[232, 236]",16,12,4,0.25
630,"[5040, 5044]","[""seq0019""]","[240, 244]",16,12,4,0.25
631,"[5048, 5052]","[""seq0019""]","[248, 252]",16,12,4,0.25
632,"[5056, 5060]","[""seq0019""]","[256, 260]",16,12,4,0.25
633,"[5064, 5068]","[""seq0019""]","[264, 268]",16,12,4,0.25
634,"[5072, 5076]","[""seq0019""]","[272, 276]",16,12,4,0.25
635,"[5080, 5084]","[""seq0019""]","[280, 284]",16,12,4,0.25
636,"[5088, 5092]","[""seq0019""]","[288, 292]",16,12,4,0.25
637,"[5096, 5100]","[""seq0019""]","[296, 300]",16,12,4,0.25
638,"[5104, 5108]","[""seq0019""]","[304, 308]",16,12,4,0.25
639,"[5112, 5116]","[""seq0019""]","[312, 316]",16,12,4,0.25
640,"[5120, 5124]","[""seq0019""]","[320, 324]",16,12,4,0.25
641,"[5128, 5132]","[""seq0019""]","[328, 332]",16,12,4,0.25
642,"[5136, 5140]","[""seq0019""]","[336, 340]",16,12,4,0.25
643,"[5144, 5148]","[""seq0019""]","[344, 348]",16,12,4,0.25
644,"[5152, 5156]","[""seq0019""]","[352, 356]",16,12,4,0.25
645,"[5160, 5164]","[""seq0019""]","[360, 364]",16,12,4,0.25
646,"[5168, 5172]","[""seq0019""]","[368, 372]",16,12,4,0.25
647,"[5176, 5180]","[""seq0019""]","[376, 380]",16,12,4,0.25
648,"[5184, 5188]","[""seq0019""]","[384, 388]",16,12,4,0.25
649,"[5192, 5196]","[""seq0019""]","[392, 396]",16,12,4,0.25
650,"[5200, 5204]","[""seq0021""]","[0, 4]",6,5,1,0.16666666666666663
651,"[5208, 5212]","[""seq0021""]","[8, 12]",16,12,4,0.25
652,"[5216, 5220]","[""seq0021""]","[16, 20]",16,12,4,0.25
653,"[5224, 5228]","[""seq0021""]","[24, 28]",16,12,4,0.25
654,"[5232, 5236]","[""seq0021""]","[32, 36]",16,12,4,0.25
655,"[5240, 5244]","[""seq0021""]","[40, 44]",16,12,4,0.25
656,"[5248, 5252]","[""seq0021""]","[48, 52]",16,12,4,0.25
657,"[5256, 5260]","[""seq0021""]","[56, 60]",16,12,4,0.25
658,"[5264, 5268]","[""seq0021""]","[64, 68]",16,12,4,0.25
659,"[5272, 5276]","[""seq0021""]","[72, 76]",16,12,4,0.25
660,"[5280, 5284]","[""seq0021""]","[80, 84]",16,12,4,0.25
661,"[5288, 5292]","[""seq0021""]","[88, 92]",16,12,4,0.25
662,"[5296, 5300]","[""seq0021""]","[96, 100]",16,12,4,0.25
663,"[5304, 5308]","[""seq0021""]","[104, 108]",16,12,4,0.25
664,"[5312, 5316]","[""seq0021""]","[112, 116]",16,12,4,0.25
665,"[5320, 5324]","[""seq0021""]","[120, 124]",16,12,4,0.25
666,"[5328, 5332]","[""seq0021""]","[128, 132]",16,12,4,0.25
667,"[5336, 5340]","[""seq0021""]","[136, 140]",16,12,4,0.25
668,"[5344, 5348]","[""seq0021""]","[144, 148]",16,12,4,0.25
669,"[5352, 5356]","[""seq0021""]","[152, 156]",16,12,4,0.25
670,"[5360, 5364]","[""seq0021""]","[160, 164]",16,12,4,0.25
671,"[5368, 5372]","[""seq0021""]","[168, 172]",16,12,4,0.25
672,"[5376, 5380]","[""seq0021""]","[176, 180]",16,12,4,0.25
673,"[5384, 5388]","[""seq0021""]","[184, 188]",16,12,4,0.25
674,"[5392, 5396]","[""seq0021""]","[192, 196]",16,12,4,0.25
675,"[5400, 5404]","[""seq0021""]","[200, 204]",16,12,4,0.25
676,"[5408, 5412]","[""seq0021""]","[208, 212]",16,12,4,0.25
677,"[5416, 5420]","[""seq0021""]","[216, 220]",16,12,4,0.25
678,"[5424, 5428]","[""seq0021""]","[224, 228]",16,12,4,0.25
679,"[5432, 5436]","[""seq0021""]","[232, 236]",16,12,4,0.25
680,"[5440, 5444]","[""seq0021""]","[240, 244]",16,12,4,0.25
681,"[5448, 5452]","[""seq0021""]","[248, 252]",16,12,4,0.25
682,"[5456, 5460]","[""seq0021""]","[256, 260]",16,12,4,0.25
683,"[5464, 5468]","[""seq0021""]","[264, 268]",16,12,4,0.25
684,"[5472, 5476]","[""seq0021""]","[272, 276]",16,12,4,0.25
685,"[5480, 5484]","[""seq0021""]","[280, 284]",16,12,4,0.25
686,"[5488, 5492]","[""seq0021""]","[288, 292]",16,12,4,0.25
687,"[5496, 5500]","[""seq0021""]","[296, 300]",16,12,4,0.25
688,"[5504, 5508]","[""seq0021""]","[304, 308]",16,12,4,0.25
689,"[5512, 5516]","[""seq0021""]","[312, 316]",16,12,4,0.25
690,"[5520, 5524]","[""seq0021""]","[320, 324]",16,12,4,0.25
691,"[5528, 5532]","[""seq0021""]","[328, 332]",16,12,4,0.25
692,"[5536, 5540]","[""seq0021""]","[336, 340]",16,12,4,0.25
693,"[5544, 5548]","[""seq0021""]","[344, 348]",16,12,4,0.25
694,"[5552, 5556]","[""seq0021""]","[352, 356]",16,12,4,0.25
695,"[5560, 5564]","[""seq0021""]","[360, 364]",16,12,4,0.25
696,"[5568, 5572]","[""seq0021""]","[368, 372]",16,12,4,0.25
697,"[5576, 5580]","[""seq0021""]","[376, 380]",16,12,4,0.25
698,"[5584, 5588]","[""seq0021""]","[384, 388]",16,12,4,0.25
699,"[5592, 5596]","[""seq0021""]","[392, 396]",16,12,4,0.25
700,"[5600, 5604]","[""seq0022""]","[0, 4]",6,5,1,0.16666666666666663
701,"[5608, 5612]","[""seq0022""]","[8, 12]",16,12,4,0.25
702,"[5616, 5620]","[""seq0022""]","[16, 20]",16,12,4,0.25
703,"[5624, 5628]","[""seq0022""]","[24, 28]",16,12,4,0.25
704,"[5632, 5636]","[""seq0022""]","[32, 36]",16,12,4,0.25
705,"[5640, 5644]","[""seq0022""]","[40, 44]",16,12,4,0.25
706,"[5648, 5652]","[""seq0022""]","[48, 52]",16,12,4,0.25
707,"[5656, 5660]","[""seq0022""]","[56, 60]",16,12,4,0.25
708,"[5664, 5668]","[""seq0022""]","[64, 68]",16,12,4,0.25
709,"[5672, 5676]","[""seq0022""]","[72, 76]",16,12,4,0.25
710,"[5680, 5684]","[""seq0022""]","[80, 84]",16,12,4,0.25
711,"[5688, 5692]","[""seq0022""]","[88, 92]",16,12,4,0.25
712,"[5696, 5700]","[""seq0022""]","[96, 100]",16,12,4,0.25
713,"[5704, 5708]","[""seq0022""]","[104, 108]",16,12,4,0.25
714,"[5712, 5716]","[""seq0022""]","[112, 116]",16,12,4,0.25
715,"[5720, 5724]","[""seq0022""]","[120, 124]",16,12,4,0.25
716,"[5728, 5732]","[""seq0022""]","[128, 132]",16,12,4,0.25
717,"[5736, 5740]","[""seq0022""]","[136, 140]",16,12,4,0.25
718,"[5744, 5748]","[""seq0022""]","[144, 148]",16,12,4,0.25
719,"[5752, 5756]","[""seq0022""]","[152, 156]",16,12,4,0.25
720,"[5760, 5764]","[""seq0022""]","[160, 164]",16,12,4,0.25
721,"[5768, 5772]","[""seq0022""]","[168, 172]",16,12,4,0.25
722,"[5776, 5780]","[""seq0022""]","[176, 180]",16,12,4,0.25
723,"[5784, 5788]","[""seq0022""]","[184, 188]",16,12,4,0.25
724,"[5792, 5796]","[""seq0022""]","[192, 196]",16,12,4,0.25
725,"[5800, 5804]","[""seq0022""]","[200, 204]",16,12,4,0.25
726,"[5808, 5812]","[""seq0022""]","[208, 212]",16,12,4,0.25
727,"[5816, 5820]","[""seq0022""]","[216, 220]",16,12,4,0.25
728,"[5824, 5828]","[""seq0022""]","[224, 228]",16,12,4,0.25
729,"[5832, 5836]","[""seq0022""]","[232, 236]",16,12,4,0.25
730,"[5840, 5844]","[""seq0022""]","[240, 244]",16,12,4,0.25
731,"[5848, 5852]","[""seq0022""]","[248, 252]",16,12,4,0.25
732,"[5856, 5860]","[""seq0022""]","[256, 260]",16,12,4,0.25
733,"[5864, 5868]","[""seq0022""]","[264, 268]",16,12,4,0.25
734,"[5872, 5876]","[""seq0022""]","[272, 276]",16,12,4,0.25
735,"[5880, 5884]","[""seq0022""]","[280, 284]",16,12,4,0.25
736,"[5888, 5892]","[""seq0022""]","[288, 292]",16,12,4,0.25
737,"[5896, 5900]","[""seq0022""]","[296, 300]",16,12,4,0.25
738,"[5904, 5908]","[""seq0022""]","[304, 308]",16,12,4,0.25
739,"[5912, 5916]","[""seq0022""]","[312, 316]",16,12,4,0.25
740,"[5920, 5924]","[""seq0022""]","[320, 324]",16,12,4,0.25
741,"[5928, 5932]","[""seq0022""]","[328, 332]",16,12,4,0.25
742,"[5936, 5940]","[""seq0022""]","[336, 340]",16,12,4,0.25
743,"[5944, 5948]","[""seq0022""]","[344, 348]",16,12,4,0.25
744,"[5952, 5956]","[""seq0022""]","[352, 356]",16,12,4,0.25
745,"[5960, 5964]","[""seq0022""]","[360, 364]",16,12,4,0.25
746,"[5968, 5972]","[""seq0022""]","[368, 372]",16,12,4,0.25
747,"[5976, 5980]","[""seq0022""]","[376, 380]",16,12,4,0.25
748,"[5984, 5988]","[""seq0022""]","[384, 388]",16,12,4,0.25
749,"[5992, 5996]","[""seq0022""]","[392, 396]",16,12,4,0.25
750,"[6000, 6004]","[""seq0024""]","[0, 4]",6,5,1,0.16666666666666663
751,"[6008, 6012]","[""seq0024""]","[8, 12]",16,12,4,0.25
752,"[6016, 6020]","[""seq0024""]","[16, 20]",16,12,4,0.25
753,"[6024, 6028]","[""seq0024""]","[24, 28]",16,12,4,0.25
754,"[6032, 6036]","[""seq0024""]","[32, 36]",16,12,4,0.25
755,"[6040, 6044]","[""seq0024""]","[40, 44]",16,12,4,0.25
756,"[6048, 6052]","[""seq0024""]","[48, 52]",16,12,4,0.25
757,"[6056, 6060]","[""seq0024""]","[56, 60]",16,12,4,0.25
758,"[6064, 6068]","[""seq0024""]","[64, 68]",16,12,4,0.25
759,"[6072, 6076]","[""seq0024""]","[72, 76]",16,12,4,0.25
760,"[6080, 6084]","[""seq0024""]","[80, 84]",16,12,4,0.25
761,"[6088, 6092]","[""seq0024""]","[88, 92]",16,12,4,0.25
762,"[6096, 6100]","[""seq0024""]","[96, 100]",16,12,4,0.25
763,"[6104, 6108]","[""seq0024""]","[104, 108]",16,12,4,0.25
764,"[6112, 6116]","[""seq0024""]","[112, 116]",16,12,4,0.25
765,"[6120, 6124]","[""seq0024""]","[120, 124]",16,12,4,0.25
766,"[6128, 6132]","[""seq0024""]","[128, 132]",16,12,4,0.25
767,"[6136, 6140]","[""seq0024""]","[136, 140]",16,12,4,0.25
768,"[6144, 6148]","[""seq0024""]","[144, 148]",16,12,4,0.25
769,"[6152, 6156]","[""seq0024""]","[152, 156]",16,12,4,0.25
770,"[6160, 6164]","[""seq0024""]","[160, 164]",16,12,4,0.25
771,"[6168, 6172]","[""seq0024""]","[168, 172]",16,12,4,0.25
772,"[6176, 6180]","[""seq0024""]","[176, 180]",16,12,4,0.25
773,"[6184, 6188]","[""seq0024""]","[184, 188]",16,12,4,0.25
774,"[6192, 6196]","[""seq0024""]","[192, 196]",16,12,4,0.25
775,"[6200, 6204]","[""seq0024""]","[200, 204]",16,12,4,0.25
776,"[6208, 6212]","[""seq0024""]","[208, 212]",16,12,4,0.25
777,"[6216, 6220]","[""seq0024""]","[216, 220]",16,12,4,0.25
778,"[6224, 6228]","[""seq0024""]","[224, 228]",16,12,4,0.25
779,"[6232, 6236]","[""seq0024""]","[232, 236]",16,12,4,0.25
780,"[6240, 6244]","[""seq0024""]","[240, 244]",16,12,4,0.25
781,"[6248, 6252]","[""seq0024""]","[248, 252]",16,12,4,0.25
782,"[6256, 6260]","[""seq0024""]","[256, 260]",16,12,4,0.25
783,"[6264, 6268]","[""seq0024""]","[264, 268]",16,12,4,0.25
784,"[6272, 6276]","[""seq0024""]","[272, 276]",16,12,4,0.25
785,"[6280, 6284]","[""seq0024""]","[280, 284]",16,12,4,0.25
786,"[6288, 6292]","[""seq0024""]","[288, 292]",16,12,4,0.25
787,"[6296, 6300]","[""seq0024""]","[296, 300]",16,12,4,0.25
788,"[6304, 6308]","[""seq0024""]","[304, 308]",16,12,4,0.25
789,"[6312, 6316]","[""seq0024""]","[312, 316]",16,12,4,0.25
790,"[6320, 6324]","[""seq0024""]","[320, 324]",16,12,4,0.25
791,"[6328, 6332]","[""seq0024""]","[328, 332]",16,12,4,0.25
792,"[6336, 6340]","[""seq0024""]","[336, 340]",16,12,4,0.25
793,"[6344, 6348]","[""seq0024""]","[344, 348]",16,12,4,0.25
794,"[6352, 6356]","[""seq0024""]","[352, 356]",16,12,4,0.25
795,"[6360, 6364]","[""seq0024""]","[360, 364]",16,12,4,0.25
796,"[6368, 6372]","[""seq0024""]","[368, 372]",16,12,4,0.25
797,"[6376, 6380]","[""seq0024""]","[376, 380]",16,12,4,0.25
798,"[6384, 6388]","[""seq0024""]","[384, 388]",16,12,4,0.25
799,"[6392, 6396]","[""seq0024""]","[392, 396]",16,12,4,0.25
800,"[6400, 6404]","[""seq0025""]","[0, 4]",6,5,1,0.16666666666666663
801,"[6408, 6412]","[""seq0025""]","[8, 12]",16,12,4,0.25
802,"[6416, 6420]","[""seq0025""]","[16, 20]",16,12,4,0.25
803,"[6424, 6428]","[""seq0025""]","[24, 28]",16,12,4,0.25
804,"[6432, 6436]","[""seq0025""]","[32, 36]",16,12,4,0.25
805,"[6440, 6444]","[""seq0025""]","[40, 44]",16,12,4,0.25
806,"[6448, 6452]","[""seq0025""]","[48, 52]",16,12,4,0.25
807,"[6456, 6460]","[""seq0025""]","[56, 60]",16,12,4,0.25
808,"[6464, 6468]","[""seq0025""]","[64, 68]",16,12,4,0.25
809,"[6472, 6476]","[""seq0025""]","[72, 76]",16,12,4,0.25
810,"[6480, 6484]","[""seq0025""]","[80, 84]",16,12,4,0.25
811,"[6488, 6492]","[""seq0025""]","[88, 92]",16,12,4,0.25
812,"[6496, 6500]","[""seq0025""]","[96, 100]",16,12,4,0.25
813,"[6504, 6508]","[""seq0025""]","[104, 108]",16,12,4,0.25
814,"[6512, 6516]","[""seq0025""]","[112, 116]",16,12,4,0.25
815,"[6520, 6524]","[""seq0025""]","[120, 124]",16,12,4,0.25
816,"[6528, 6532]","[""seq0025""]","[128, 132]",16,12,4,0.25
817,"[6536, 6540]","[""seq0025""]","[136, 140]",16,12,4,0.25
818,"[6544, 6548]","[""seq0025""]","[144, 148]",16,12,4,0.25
819,"[6552, 6556]","[""seq0025""]","[152, 156]",16,12,4,0.25
820,"[6560, 6564]","[""seq0025""]","[160, 164]",16,12,4,0.25
821,"[6568, 6572]","[""seq0025""]","[168, 172]",16,12,4,0.25
822,"[6576, 6580]","[""seq0025""]","[176, 180]",16,12,4,0.25
823,"[6584, 6588]","[""seq0025""]","[184, 188]",16,12,4,0.25
824,"[6592, 6596]","[""seq0025""]","[192, 196]",16,12,4,0.25
825,"[6600, 6604]","[""seq0025""]","[200, 204]",16,12,4,0.25
826,"[6608, 6612]","[""seq0025""]","[208, 212]",16,12,4,0.25
827,"[6616, 6620]","[""seq0025""]","[216, 220]",16,12,4,0.25
828,"[6624, 6628]","[""seq0025""]","[224, 228]",16,12,4,0.25
829,"[6632, 6636]","[""seq0025""]","[232, 236]",16,12,4,0.25
830,"[6640, 6644]","[""seq0025""]","[240, 244]",16,12,4,0.25
831,"[6648, 6652]","[""seq0025""]","[248, 252]",16,12,4,0.25
832,"[6656, 6660]","[""seq0025""]","[256, 260]",16,12,4,0.25
833,"[6664, 6668]","[""seq0025""]","[264, 268]",16,12,4,0.25
834,"[6672, 6676]","[""seq0025""]","[272, 276]",16,12,4,0.25
835,"[6680, 6684]","[""seq0025""]","[280, 284]",16,12,4,0.25
836,"[6688, 6692]","[""seq0025""]","[288, 292]",16,12,4,0.25
837,"[6696, 6700]","[""seq0025""]","[296, 300]",16,12,4,0.25
838,"[6704, 6708]","[""seq0025""]","[304, 308]",16,12,4,0.25
839,"[6712, 6716]","[""seq0025""]","[312, 316]",16,12,4,0.25
840,"[6720, 6724]","[""seq0025""]","[320, 324]",16,12,4,0.25
841,"[6728, 6732]","[""seq0025""]","[328, 332]",16,12,4,0.25
842,"[6736, 6740]","[""seq0025""]","[336, 340]",16,12,4,0.25
843,"[6744, 6748]","[""seq0025""]","[344, 348]",16,12,4,0.25
844,"[6752, 6756]","[""seq0025""]","[352, 356]",16,12,4,0.25
845,"[6760, 6764]","[""seq0025""]","[360, 364]",16,12,4,0.25
846,"[6768, 6772]","[""seq0025""]","[368, 372]",16,12,4,0.25
847,"[6776, 6780]","[""seq0025""]","[376, 380]",16,12,4,0.25
848,"[6784, 6788]","[""seq0025""]","[384, 388]",16,12,4,0.25
849,"[6792, 6796]","[""seq0025""]","[392, 396]",16,12,4,0.25
850,"[6800, 6804]","[""seq0026""]","[0, 4]",6,5,1,0.16666666666666663
851,"[6808, 6812]","[""seq0026""]","[8, 12]",16,12,4,0.25
852,"[6816, 6820]","[""seq0026""]","[16, 20]",16,12,4,0.25
853,"[6824, 6828]","[""seq0026""]","[24, 28]",16,12,4,0.25
854,"[6832, 6836]","[""seq0026""]","[32, 36]",16,12,4,0.25
855,"[6840, 6844]","[""seq0026""]","[40, 44]",16,12,4,0.25
856,"[6848, 6852]","[""seq0026""]","[48, 52]",16,12,4,0.25
857,"[6856, 6860]","[""seq0026""]","[56, 60]",16,12,4,0.25
858,"[6864, 6868]","[""seq0026""]","[64, 68]",16,12,4,0.25
859,"[6872, 6876]","[""seq0026""]","[72, 76]",16,12,4,0.25
860,"[6880, 6884]","[""seq0026""]","[80, 84]",16,12,4,0.25
861,"[6888, 6892]","[""seq0026""]","[88, 92]",16,12,4,0.25
862,"[6896, 6900]","[""seq0026""]","[96, 100]",16,12,4,0.25
863,"[6904, 6908]","[""seq0026""]","[104, 108]",16,12,4,0.25
864,"[6912, 6916]","[""seq0026""]","[112, 116]",16,12,4,0.25
865,"[6920, 6924]","[""seq0026""]","[120, 124]",16,12,4,0.25
866,"[6928, 6932]","[""seq0026""]","[128, 132]",16,12,4,0.25
867,"[6936, 6940]","[""seq0026""]","[136, 140]",16,12,4,0.25
868,"[6944, 6948]","[""seq0026""]","[144, 148]",16,12,4,0.25
869,"[6952, 6956]","[""seq0026""]","[152, 156]",16,12,4,0.25
870,"[6960, 6964]","[""seq0026""]","[160, 164]",16,12,4,0.25
871,"[6968, 6972]","[""seq0026""]","[168, 172]",16,12,4,0.25
872,"[6976, 6980]","[""seq0026""]","[176, 180]",16,12,4,0.25
873,"[6984, 6988]","[""seq0026""]","[184, 188]",16,12,4,0.25
874,"[6992, 6996]","[""seq0026""]","[192, 196]",16,12,4,0.25
875,"[7000, 7004]","[""seq0026""]","[200, 204]",16,12,4,0.25
876,"[7008, 7012]","[""seq0026""]","[208, 212]",16,12,4,0.25
877,"[7016, 7020]","[""seq0026""]","[216, 220]",16,12,4,0.25
878,"[7024, 7028]","[""seq0026""]","[224, 228]",16,12,4,0.25
879,"[7032, 7036]","[""seq0026""]","[232, 236]",16,12,4,0.25
880,"[7040, 7044]","[""seq0026""]","[240, 244]",16,12,4,0.25
881,"[7048, 7052]","[""seq0026""]","[248, 252]",16,12,4,0.25
882,"[7056, 7060]","[""seq0026""]","[256, 260]",16,12,4,0.25
883,"[7064, 7068]","[""seq0026""]","[264, 268]",16,12,4,0.25
884,"[7072, 7076]","[""seq0026""]","[272, 276]",16,12,4,0.25
885,"[7080, 7084]","[""seq0026""]","[280, 284]",16,12,4,0.25
886,"[7088, 7092]","[""seq0026""]","[288, 292]",16,12,4,0.25
887,"[7096, 7100]","[""seq0026""]","[296, 300]",16,12,4,0.25
888,"[7104, 7108]","[""seq0026""]","[304, 308]",16,12,4,0.25
889,"[7112, 7116]","[""seq0026""]","[312, 316]",16,12,4,0.25
890,"[7120, 7124]","[""seq0026""]","[320, 324]",16,12,4,0.25
891,"[7128, 7132]","[""seq0026""]","[328, 332]",16,12,4,0.25
892,"[7136, 7140]","[""seq0026""]","[336, 340]",16,12,4,0.25
893,"[7144, 7148]","[""seq0026""]","[344, 348]",16,12,4,0.25
894,"[7152, 7156]","[""seq0026""]","[352, 356]",16,12,4,0.25
895,"[7160, 7164]","[""seq0026""]","[360, 364]",16,12,4,0.25
896,"[7168, 7172]","[""seq0026""]","[368, 372]",16,12,4,0.25
897,"[7176, 7180]","[""seq0026""]","[376, 380]",16,12,4,0.25
898,"[7184, 7188]","[""seq0026""]","[384, 388]",16,12,4,0.25
899,"[7192, 7196]","[""seq0026""]","[392, 396]",16,12,4,0.25
900,"[7200, 7204]","[""seq0027""]","[0, 4]",6,5,1,0.16666666666666663
901,"[7208, 7212]","[""seq0027""]","[8, 12]",16,12,4,0.25
902,"[7216, 7220]","[""seq0027""]","[16, 20]",16,12,4,0.25
903,"[7224, 7228]","[""seq0027""]","[24, 28]",16,12,4,0.25
904,"[7232, 7236]","[""seq0027""]","[32, 36]",16,12,4,0.25
905,"[7240, 7244]","[""seq0027""]","[40, 44]",16,12,4,0.25
906,"[7248, 7252]","[""seq0027""]","[48, 52]",16,12,4,0.25
907,"[7256, 7260]","[""seq0027""]","[56, 60]",16,12,4,0.25
908,"[7264, 7268]","[""seq0027""]","[64, 68]",16,12,4,0.25
909,"[7272, 7276]","[""seq0027""]","[72, 76]",16,12,4,0.25
910,"[7280, 7284]","[""seq0027""]","[80, 84]",16,12,4,0.25
911,"[7288, 7292]","[""seq0027""]","[88, 92]",16,12,4,0.25
912,"[7296, 7300]","[""seq0027""]","[96, 100]",16,12,4,0.25
913,"[7304, 7308]","[""seq0027""]","[104, 108]",16,12,4,0.25
914,"[7312, 7316]","[""seq0027""]","[112, 116]",16,12,4,0.25
915,"[7320, 7324]","[""seq0027""]","[120, 124]",16,12,4,0.25
916,"[7328, 7332]","[""seq0027""]","[128, 132]",16,12,4,0.25
917,"[7336, 7340]","[""seq0027""]","[136, 140]",16,12,4,0.25
918,"[7344, 7348]","[""seq0027""]","[144, 148]",16,12,4,0.25
919,"[7352, 7356]","[""seq0027""]","[152, 156]",16,12,4,0.25
920,"[7360, 7364]","[""seq0027""]","[160, 164]",16,12,4,0.25
921,"[7368, 7372]","[""seq0027""]","[168, 172]",16,12,4,0.25
922,"[7376, 7380]","[""seq0027""]","[176, 180]",16,12,4,0.25
923,"[7384, 7388]","[""seq0027""]","[184, 188]",16,12,4,0.25
924,"[7392, 7396]","[""seq0027""]","[192, 196]",16,12,4,0.25
925,"[7400, 7404]","[""seq0027""]","[200, 204]",16,12,4,0.25
926,"[7408, 7412]","[""seq0027""]","[208, 212]",16,12,4,0.25
927,"[7416, 7420]","[""seq0027""]","[216, 220]",16,12,4,0.25
928,"[7424, 7428]","[""seq0027""]","[224, 228]",16,12,4,0.25
929,"[7432, 7436]","[""seq0027""]","[232, 236]",16,12,4,0.25
930,"[7440, 7444]","[""seq0027""]","[240, 244]",16,12,4,0.25
931,"[7448, 7452]","[""seq0027""]","[248, 252]",16,12,4,0.25
932,"[7456, 7460]","[""seq0027""]","[256, 260]",16,12,4,0.25
933,"[7464, 7468]","[""seq0027""]","[264, 268]",16,12,4,0.25
934,"[7472, 7476]","[""seq0027""]","[272, 276]",16,12,4,0.25
935,"[7480, 7484]","[""seq0027""]","[280, 284]",16,12,4,0.25
936,"[7488, 7492]","[""seq0027""]","[288, 292]",16,12,4,0.25
937,"[7496, 7500]","[""seq0027""]","[296, 300]",16,12,4,0.25
938,"[7504, 7508]","[""seq0027""]","[304, 308]",16,12,4,0.25
939,"[7512, 7516]","[""seq0027""]","[312, 316]",16,12,4,0.25
940,"[7520, 7524]","[""seq0027""]","[320, 324]",16,12,4,0.25
941,"[7528, 7532]","[""seq0027""]","[328, 332]",16,12,4,0.25
942,"[7536, 7540]","[""seq0027""]","[336, 340]",16,12,4,0.25
943,"[7544, 7548]","[""seq0027""]","[344, 348]",16,12,4,0.25
944,"[7552, 7556]","[""seq0027""]","[352, 356]",16,12,4,0.25
945,"[7560, 7564]","[""seq0027""]","[360, 364]",16,12,4,0.25
946,"[7568, 7572]","[""seq0027""]","[368, 372]",16,12,4,0.25
947,"[7576, 7580]","[""seq0027""]","[376, 380]",16,12,4,0.25
948,"[7584, 7588]","[""seq0027""]","[384, 388]",16,12,4,0.25
949,"[7592, 7596]","[""seq0027""]","[392, 396]",16,12,4,0.25
950,"[7600, 7604]","[""seq0028""]","[0, 4]",6,5,1,0.16666666666666663
951,"[7608, 7612]","[""seq0028""]","[8, 12]",16,12,4,0.25
952,"[7616, 7620]","[""seq0028""]","[16, 20]",16,12,4,0.25
953,"[7624, 7628]","[""seq0028""]","[24, 28]",16,12,4,0.25
954,"[7632, 7636]","[""seq0028""]","[32, 36]",16,12,4,0.25
955,"[7640, 7644]","[""seq0028""]","[40, 44]",16,12,4,0.25
956,"[7648, 7652]","[""seq0028""]","[48, 52]",16,12,4,0.25
957,"[7656, 7660]","[""seq0028""]","[56, 60]",16,12,4,0.25
958,"[7664, 7668]","[""seq0028""]","[64, 68]",16,12,4,0.25
959,"[7672, 7676]","[""seq0028""]","[72, 76]",16,12,4,0.25
960,"[7680, 7684]","[""seq0028""]","[80, 84]",16,12,4,0.25
961,"[7688, 7692]","[""seq0028""]","[88, 92]",16,12,4,0.25
962,"[7696, 7700]","[""seq0028""]","[96, 100]",16,12,4,0.25
963,"[7704, 7708]","[""seq0028""]","[104, 108]",16,12,4,0.25
964,"[7712, 7716]","[""seq0028""]","[112, 116]",16,12,4,0.25
965,"[7720, 7724]","[""seq0028""]","[120, 124]",16,12,4,0.25
966,"[7728, 7732]","[""seq0028""]","[128, 132]",16,12,4,0.25
967,"[7736, 7740]","[""seq0028""]","[136, 140]",16,12,4,0.25
968,"[7744, 7748]","[""seq0028""]","[144, 148]",16,12,4,0.25
969,"[7752, 7756]","[""seq0028""]","[152, 156]",16,12,4,0.25
970,"[7760, 7764]","[""seq0028""]","[160, 164]",16,12,4,0.25
971,"[7768, 7772]","[""seq0028""]","[168, 172]",16,12,4,0.25
972,"[7776, 7780]","[""seq0028""]","[176, 180]",16,12,4,0.25
973,"[7784, 7788]","[""seq0028""]","[184, 188]",16,12,4,0.25
974,"[7792, 7796]","[""seq0028""]","[192, 196]",16,12,4,0.25
975,"[7800, 7804]","[""seq0028""]","[200, 204]",16,12,4,0.25
976,"[7808, 7812]","[""seq0028""]","[208, 212]",16,12,4,0.25
977,"[7816, 7820]","[""seq0028""]","[216, 220]",16,12,4,0.25
978,"[7824, 7828]","[""seq0028""]","[224, 228]",16,12,4,0.25
979,"[7832, 7836]","[""seq0028""]","[232, 236]",16,12,4,0.25
980,"[7840, 7844]","[""seq0028""]","[240, 244]",16,12,4,0.25
981,"[7848, 7852]","[""seq0028""]","[248, 252]",16,12,4,0.25
982,"[7856, 7860]","[""seq0028""]","[256, 260]",16,12,4,0.25
983,"[7864, 7868]","[""seq0028""]","[264, 268]",16,12,4,0.25
984,"[7872, 7876]","[""seq0028""]","[272, 276]",16,12,4,0.25
985,"[7880, 7884]","[""seq0028""]","[280, 284]",16,12,4,0.25
986,"[7888, 7892]","[""seq0028""]","[288, 292]",16,12,4,0.25
987,"[7896, 7900]","[""seq0028""]","[296, 300]",16,12,4,0.25
988,"[7904, 7908]","[""seq0028""]","[304, 308]",16,12,4,0.25
989,"[7912, 7916]","[""seq0028""]","[312, 316]",16,12,4,0.25
990,"[7920, 7924]","[""seq0028""]","[320, 324]",16,12,4,0.25
991,"[7928, 7932]","[""seq0028""]","[328, 332]",16,12,4,0.25
992,"[7936, 7940]","[""seq0028""]","[336, 340]",16,12,4,0.25
993,"[7944, 7948]","[""seq0028""]","[344, 348]",16,12,4,0.25
994,"[7952, 7956]","[""seq0028""]","[352, 356]",16,12,4,0.25
995,"[7960, 7964]","[""seq0028""]","[360, 364]",16,12,4,0.25
996,"[7968, 7972]","[""seq0028""]","[368, 372]",16,12,4,0.25
997,"[7976, 7980]","[""seq0028""]","[376, 380]",16,12,4,0.25
998,"[7984, 7988]","[""seq0028""]","[384, 388]",16,12,4,0.25
999,"[7992, 7996]","[""seq0028""]","[392, 396]",16,12,4,0.25
1000,"[8000, 8004]","[""seq0029""]","[0, 4]",6,5,1,0.16666666666666663
1001,"[8008, 8012]","[""seq0029""]","[8, 12]",16,12,4,0.25
1002,"[8016, 8020]","[""seq0029""]","[16, 20]",16,12,4,0.25
1003,"[8024, 8028]","[""seq0029""]","[24, 28]",16,12,4,0.25
1004,"[8032, 8036]","[""seq0029""]","[32, 36]",16,12,4,0.25
1005,"[8040, 8044]","[""seq0029""]","[40, 44]",16,12,4,0.25
1006,"[8048, 8052]","[""seq0029""]","[48, 52]",16,12,4,0.25
1007,"[8056, 8060]","[""seq0029""]","[56, 60]",16,12,4,0.25
1008,"[8064, 8068]","[""seq0029""]","[64, 68]",16,12,4,0.25
1009,"[8072, 8076]","[""seq0029""]","[72, 76]",16,12,4,0.25
1010,"[8080, 8084]","[""seq0029""]","[80, 84]",16,12,4,0.25
1011,"[8088, 8092]","[""seq0029""]","[88, 92]",16,12,4,0.25
1012,"[8096, 8100]","[""seq0029""]","[96, 100]",16,12,4,0.25
1013,"[8104, 8108]","[""seq0029""]","[104, 108]",16,12,4,0.25
1014,"[8112, 8116]","[""seq0029""]","[112, 116]",16,12,4,0.25
1015,"[8120, 8124]","[""seq0029""]","[120, 124]",16,12,4,0.25
1016,"[8128, 8132]","[""seq0029""]","[128, 132]",16,12,4,0.25
1017,"[8136, 8140]","[""seq0029""]","[136, 140]",16,12,4,0.25
1018,"[8144, 8148]","[""seq0029""]","[144, 148]",16,12,4,0.25
1019,"[8152, 8156]","[""seq0029""]","[152, 156]",16,12,4,0.25
1020,"[8160, 8164]","[""seq0029""]","[160, 164]",16,12,4,0.25
1021,"[8168, 8172]","[""seq0029""]","[168, 172]",16,12,4,0.25
1022,"[8176, 8180]","[""seq0029""]","[176, 180]",16,12,4,0.25
1023,"[8184, 8188]","[""seq0029""]","[184, 188]",16,12,4,0.25
1024,"[8192, 8196]","[""seq0029""]","[192, 196]",16,12,4,0.25
1025,"[8200, 8204]","[""seq0029""]","[200, 204]",16,12,4,0.25
1026,"[8208, 8212]","[""seq0029""]","[208, 212]",16,12,4,0.25
1027,"[8216, 8220]","[""seq0029""]","[216, 220]",16,12,4,0.25
1028,"[8224, 8228]","[""seq0029""]","[224, 228]",16,12,4,0.25
1029,"[8232, 8236]","[""seq0029""]","[232, 236]",16,12,4,0.25
1030,"[8240, 8244]","[""seq0029""]","[240, 244]",16,12,4,0.25
1031,"[8248, 8252]","[""seq0029""]","[248, 252]",16,12,4,0.25
1032,"[8256, 8260]","[""seq0029""]","[256, 260]",16,12,4,0.25
1033,"[8264, 8268]","[""seq0029""]","[264, 268]",16,12,4,0.25
1034,"[8272, 8276]","[""seq0029""]","[272, 276]",16,12,4,0.25
1035,"[8280, 8284]","[""seq0029""]","[280, 284]",16,12,4,0.25
1036,"[8288, 8292]","[""seq0029""]","[288, 292]",16,12,4,0.25
1037,"[8296, 8300]","[""seq0029""]","[296, 300]",16,12,4,0.25
1038,"[8304, 8308]","[""seq0029""]","[304, 308]",16,12,4,0.25
1039,"[8312, 8316]","[""seq0029""]","[312, 316]",16,12,4,0.25
1040,"[8320, 8324]","[""seq0029""]","[320, 324]",16,12,4,0.25
1041,"[8328, 8332]","[""seq0029""]","[328, 332]",16,12,4,0.25
1042,"[8336, 8340]","[""seq0029""]","[336, 340]",16,12,4,0.25
1043,"[8344, 8348]","[""seq0029""]","[344, 348]",16,12,4,0.25
1044,"[8352, 8356]","[""seq0029""]","[352, 356]",16,12,4,0.25
1045,"[8360, 8364]","[""seq0029""]","[360, 364]",16,12,4,0.25
1046,"[8368, 8372]","[""seq0029""]","[368, 372]",16,12,4,0.25
1047,"[8376, 8380]","[""seq0029""]","[376, 380]",16,12,4,0.25
1048,"[8384, 8388]","[""seq0029""]","[384, 388]",16,12,4,0.25
1049,"[8392, 8396]","[""seq0029""]","[392, 396]",16,12,4,0.25
1050,"[8400, 8404]","[""seq0030""]","[0, 4]",6,5,1,0.16666666666666663
1051,"[8408, 8412]","[""seq0030""]","[8, 12]",16,12,4,0.25
1052,"[8416, 8420]","[""seq0030""]","[16, 20]",16,12,4,0.25
1053,"[8424, 8428]","[""seq0030""]","[24, 28]",16,12,4,0.25
1054,"[8432, 8436]","[""seq0030""]","[32, 36]",16,12,4,0.25
1055,"[8440, 8444]","[""seq0030""]","[40, 44]",16,12,4,0.25
1056,"[8448, 8452]","[""seq0030""]","[48, 52]",16,12,4,0.25
1057,"[8456, 8460]","[""seq0030""]","[56, 60]",16,12,4,0.25
1058,"[8464, 8468]","[""seq0030""]","[64, 68]",16,12,4,0.25
1059,"[8472, 8476]","[""seq0030""]","[72, 76]",16,12,4,0.25
1060,"[8480, 8484]","[""seq0030""]","[80, 84]",16,12,4,0.25
1061,"[8488, 8492]","[""seq0030""]","[88, 92]",16,12,4,0.25
1062,"[8496, 8500]","[""seq0030""]","[96, 100]",16,12,4,0.25
1063,"[8504, 8508]","[""seq0030""]","[104, 108]",16,12,4,0.25
1064,"[8512, 8516]","[""seq0030""]","[112, 116]",16,12,4,0.25
1065,"[8520, 8524]","[""seq0030""]","[120, 124]",16,12,4,0.25
1066,"[8528, 8532]","[""seq0030""]","[128, 132]",16,12,4,0.25
1067,"[8536, 8540]","[""seq0030""]","[136, 140]",16,12,4,0.25
1068,"[8544, 8548]","[""seq0030""]","[144, 148]",16,12,4,0.25
1069,"[8552, 8556]","[""seq0030""]","[152, 156]",16,12,4,0.25
1070,"[8560, 8564]","[""seq0030""]","[160, 164]",16,12,4,0.25
1071,"[8568, 8572]","[""seq0030""]","[168, 172]",16,12,4,0.25
1072,"[8576, 8580]","[""seq0030""]","[176, 180]",16,12,4,0.25
1073,"[8584, 8588]","[""seq0030""]","[184, 188]",16,12,4,0.25
1074,"[8592, 8596]","[""seq0030""]","[192, 196]",16,12,4,0.25
1075,"[8600, 8604]","[""seq0030""]","[200, 204]",16,12,4,0.25
1076,"[8608, 8612]","[""seq0030""]","[208, 212]",16,12,4,0.25
1077,"[8616, 8620]","[""seq0030""]","[216, 220]",16,12,4,0.25
1078,"[8624, 8628]","[""seq0030""]","[224, 228]",16,12,4,0.25
1079,"[8632, 8636]","[""seq0030""]","[232, 236]",16,12,4,0.25
1080,"[8640, 8644]","[""seq0030""]","[240, 244]",16,12,4,0.25
1081,"[8648, 8652]","[""seq0030""]","[248, 252]",16,12,4,0.25
1082,"[8656, 8660]","[""seq0030""]","[256, 260]",16,12,4,0.25
1083,"[8664, 8668]","[""seq0030""]","[264, 268]",16,12,4,0.25
1084,"[8672, 8676]","[""seq0030""]","[272, 276]",16,12,4,0.25
1085,"[8680, 8684]","[""seq0030""]","[280, 284]",16,12,4,0.25
1086,"[8688, 8692]","[""seq0030""]","[288, 292]",16,12,4,0.25
1087,"[8696, 8700]","[""seq0030""]","[296, 300]",16,12,4,0.25
1088,"[8704, 8708]","[""seq0030""]","[304, 308]",16,12,4,0.25
1089,"[8712, 8716]","[""seq0030""]","[312, 316]",16,12,4,0.25
1090,"[8720, 8724]","[""seq0030""]","[320, 324]",16,12,4,0.25
1091,"[8728, 8732]","[""seq0030""]","[328, 332]",16,12,4,0.25
1092,"[8736, 8740]","[""seq0030""]","[336, 340]",16,12,4,0.25
1093,"[8744, 8748]","[""seq0030""]","[344, 348]",16,12,4,0.25
1094,"[8752, 8756]","[""seq0030""]","[352, 356]",16,12,4,0.25
1095,"[8760, 8764]","[""seq0030""]","[360, 364]",16,12,4,0.25
1096,"[8768, 8772]","[""seq0030""]","[368, 372]",16,12,4,0.25
1097,"[8776, 8780]","[""seq0030""]","[376, 380]",16,12,4,0.25
1098,"[8784, 8788]","[""seq0030""]","[384, 388]",16,12,4,0.25
1099,"[8792, 8796]","[""seq0030""]","[392, 396]",16,12,4,0.25
1100,"[8800, 8804]","[""seq0032""]","[0, 4]",6,5,1,0.16666666666666663
1101,"[8808, 8812]","[""seq0032""]","[8, 12]",16,12,4,0.25
1102,"[8816, 8820]","[""seq0032""]","[16, 20]",16,12,4,0.25
1103,"[8824, 8828]","[""seq0032""]","[24, 28]",16,12,4,0.25
1104,"[8832, 8836]","[""seq0032""]","[32, 36]",16,12,4,0.25
1105,"[8840, 8844]","[""seq0032""]","[40, 44]",16,12,4,0.25
1106,"[8848, 8852]","[""seq0032""]","[48, 52]",16,12,4,0.25
1107,"[8856, 8860]","[""seq0032""]","[56, 60]",16,12,4,0.25
1108,"[8864, 8868]","[""seq0032""]","[64, 68]",16,12,4,0.25
1109,"[8872, 8876]","[""seq0032""]","[72, 76]",16,12,4,0.25
1110,"[8880, 8884]","[""seq0032""]","[80, 84]",16,12,4,0.25
1111,"[8888, 8892]","[""seq0032""]","[88, 92]",16,12,4,0.25
1112,"[8896, 8900]","[""seq0032""]","[96, 100]",16,12,4,0.25
1113,"[8904, 8908]","[""seq0032""]","[104, 108]",16,12,4,0.25
1114,"[8912, 8916]","[""seq0032""]","[112, 116]",16,12,4,0.25
1115,"[8920, 8924]","[""seq0032""]","[120, 124]",16,12,4,0.25
1116,"[8928, 8932]","[""seq0032""]","[128, 132]",16,12,4,0.25
1117,"[8936, 8940]","[""seq0032""]","[136, 140]",16,12,4,0.25
1118,"[8944, 8948]","[""seq0032""]","[144, 148]",16,12,4,0.25
1119,"[8952, 8956]","[""seq0032""]","[152, 156]",16,12,4,0.25
1120,"[8960, 8964]","[""seq0032""]","[160, 164]",16,12,4,0.25
1121,"[8968, 8972]","[""seq0032""]","[168, 172]",16,12,4,0.25
1122,"[8976, 8980]","[""seq0032""]","[176, 180]",16,12,4,0.25
1123,"[8984, 8988]","[""seq0032""]","[184, 188]",16,12,4,0.25
1124,"[8992, 8996]","[""seq0032""]","[192, 196]",16,12,4,0.25
1125,"[9000, 9004]","[""seq0032""]","[200, 204]",16,12,4,0.25
1126,"[9008, 9012]","[""seq0032""]","[208, 212]",16,12,4,0.25
1127,"[9016, 9020]","[""seq0032""]","[216, 220]",16,12,4,0.25
1128,"[9024, 9028]","[""seq0032""]","[224, 228]",16,12,4,0.25
1129,"[9032, 9036]","[""seq0032""]","[232, 236]",16,12,4,0.25
1130,"[9040, 9044]","[""seq0032""]","[240, 244]",16,12,4,0.25
1131,"[9048, 9052]","[""seq0032""]","[248, 252]",16,12,4,0.25
1132,"[9056, 9060]","[""seq0032""]","[256, 260]",16,12,4,0.25
1133,"[9064, 9068]","[""seq0032""]","[264, 268]",16,12,4,0.25
1134,"[9072, 9076]","[""seq0032""]","[272, 276]",16,12,4,0.25
1135,"[9080, 9084]","[""seq0032""]","[280, 284]",16,12,4,0.25
1136,"[9088, 9092]","[""seq0032""]","[288, 292]",16,12,4,0.25
1137,"[9096, 9100]","[""seq0032""]","[296, 300]",16,12,4,0.25
1138,"[9104, 9108]","[""seq0032""]","[304, 308]",16,12,4,0.25
1139,"[9112, 9116]","[""seq0032""]","[312, 316]",16,12,4,0.25
1140,"[9120, 9124]","[""seq0032""]","[320, 324]",16,12,4,0.25
1141,"[9128, 9132]","[""seq0032""]","[328, 332]",16,12,4,0.25
1142,"[9136, 9140]","[""seq0032""]","[336, 340]",16,12,4,0.25
1143,"[9144, 9148]","[""seq0032""]","[344, 348]",16,12,4,0.25
1144,"[9152, 9156]","[""seq0032""]","[352, 356]",16,12,4,0.25
1145,"[9160, 9164]","[""seq0032""]","[360, 364]",16,12,4,0.25
1146,"[9168, 9172]","[""seq0032""]","[368, 372]",16,12,4,0.25
1147,"[9176, 9180]","[""seq0032""]","[376, 380]",16,12,4,0.25
1148,"[9184, 9188]","[""seq0032""]","[384, 388]",16,12,4,0.25
1149,"[9192, 9196]","[""seq0032""]","[392, 396]",16,12,4,0.25
1150,"[9200, 9204]","[""seq0033""]","[0, 4]",6,5,1,0.16666666666666663
1151,"[9208, 9212]","[""seq0033""]","[8, 12]",16,12,4,0.25
1152,"[9216, 9220]","[""seq0033""]","[16, 20]",16,12,4,0.25
1153,"[9224, 9228]","[""seq0033""]","[24, 28]",16,12,4,0.25
1154,"[9232, 9236]","[""seq0033""]","[32, 36]",16,12,4,0.25
1155,"[9240, 9244]","[""seq0033""]","[40, 44]",16,12,4,0.25
1156,"[9248, 9252]","[""seq0033""]","[48, 52]",16,12,4,0.25
1157,"[9256, 9260]","[""seq0033""]","[56, 60]",16,12,4,0.25
1158,"[9264, 9268]","[""seq0033""]","[64, 68]",16,12,4,0.25
1159,"[9272, 9276]","[""seq0033""]","[72, 76]",16,12,4,0.25
1160,"[9280, 9284]","[""seq0033""]","[80, 84]",16,12,4,0.25
1161,"[9288, 9292]","[""seq0033""]","[88, 92]",16,12,4,0.25
1162,"[9296, 9300]","[""seq0033""]","[96, 100]",16,12,4,0.25
1163,"[9304, 9308]","[""seq0033""]","[104, 108]",16,12,4,0.25
1164,"[9312, 9316]","[""seq0033""]","[112, 116]",16,12,4,0.25
1165,"[9320, 9324]","[""seq0033""]","[120, 124]",16,12,4,0.25
1166,"[9328, 9332]","[""seq0033""]","[128, 132]",16,12,4,0.25
1167,"[9336, 9340]","[""seq0033""]","[136, 140]",16,12,4,0.25
1168,"[9344, 9348]","[""seq0033""]","[144, 148]",16,12,4,0.25
1169,"[9352, 9356]","[""seq0033""]","[152, 156]",16,12,4,0.25
1170,"[9360, 9364]","[""seq0033""]","[160, 164]",16,12,4,0.25
1171,"[9368, 9372]","[""seq0033""]","[168, 172]",16,12,4,0.25
1172,"[9376, 9380]","[""seq0033""]","[176, 180]",16,12,4,0.25
1173,"[9384, 9388]","[""seq0033""]","[184, 188]",16,12,4,0.25
1174,"[9392, 9396]","[""seq0033""]","[192, 196]",16,12,4,0.25
1175,"[9400, 9404]","[""seq0033""]","[200, 204]",16,12,4,0.25
1176,"[9408, 9412]","[""seq0033""]","[208, 212]",16,12,4,0.25
1177,"[9416, 9420]","[""seq0033""]","[216, 220]",16,12,4,0.25
1178,"[9424, 9428]","[""seq0033""]","[224, 228]",16,12,4,0.25
1179,"[9432, 9436]","[""seq0033""]","[232, 236]",16,12,4,0.25
1180,"[9440, 9444]","[""seq0033""]","[240, 244]",16,12,4,0.25
1181,"[9448, 9452]","[""seq0033""]","[248, 252]",16,12,4,0.25
1182,"[9456, 9460]","[""seq0033""]","[256, 260]",16,12,4,0.25
1183,"[9464, 9468]","[""seq0033""]","[264, 268]",16,12,4,0.25
1184,"[9472, 9476]","[""seq0033""]","[272, 276]",16,12,4,0.25
1185,"[9480, 9484]","[""seq0033""]","[280, 284]",16,12,4,0.25
1186,"[9488, 9492]","[""seq0033""]","[288, 292]",16,12,4,0.25
1187,"[9496, 9500]","[""seq0033""]","[296, 300]",16,12,4,0.25
1188,"[9504, 9508]","[""seq0033""]","[304, 308]",16,12,4,0.25
1189,"[9512, 9516]","[""seq0033""]","[312, 316]",16,12,4,0.25
1190,"[9520, 9524]","[""seq0033""]","[320, 324]",16,12,4,0.25
1191,"[9528, 9532]","[""seq0033""]","[328, 332]",16,12,4,0.25
1192,"[9536, 9540]","[""seq0033""]","[336, 340]",16,12,4,0.25
1193,"[9544, 9548]","[""seq0033""]","[344, 348]",16,12,4,0.25
1194,"[9552, 9556]","[""seq0033""]","[352, 356]",16,12,4,0.25
1195,"[9560, 9564]","[""seq0033""]","[360, 364]",16,12,4,0.25
1196,"[9568, 9572]","[""seq0033""]","[368, 372]",16,12,4,0.25
1197,"[9576, 9580]","[""seq0033""]","[376, 380]",16,12,4,0.25
1198,"[9584, 9588]","[""seq0033""]","[384, 388]",16,12,4,0.25
1199,"[9592, 9596]","[""seq0033""]","[392, 396]",16,12,4,0.25
1200,"[9600, 9604]","[""seq0034""]","[0, 4]",6,5,1,0.16666666666666663
1201,"[9608, 9612]","[""seq0034""]","[8, 12]",16,12,4,0.25
1202,"[9616, 9620]","[""seq0034""]","[16, 20]",16,12,4,0.25
1203,"[9624, 9628]","[""seq0034""]","[24, 28]",16,12,4,0.25
1204,"[9632, 9636]","[""seq0034""]","[32, 36]",16,12,4,0.25
1205,"[9640, 9644]","[""seq0034""]","[40, 44]",16,12,4,0.25
1206,"[9648, 9652]","[""seq0034""]","[48, 52]",16,12,4,0.25
1207,"[9656, 9660]","[""seq0034""]","[56, 60]",16,12,4,0.25
1208,"[9664, 9668]","[""seq0034""]","[64, 68]",16,12,4,0.25
1209,"[9672, 9676]","[""seq0034""]","[72, 76]",16,12,4,0.25
1210,"[9680, 9684]","[""seq0034""]","[80, 84]",16,12,4,0.25
1211,"[9688, 9692]","[""seq0034""]","[88, 92]",16,12,4,0.25
1212,"[9696, 9700]","[""seq0034""]","[96, 100]",16,12,4,0.25
1213,"[9704, 9708]","[""seq0034""]","[104, 108]",16,12,4,0.25
1214,"[9712, 9716]","[""seq0034""]","[112, 116]",16,12,4,0.25
1215,"[9720, 9724]","[""seq0034""]","[120, 124]",16,12,4,0.25
1216,"[9728, 9732]","[""seq0034""]","[128, 132]",16,12,4,0.25
1217,"[9736, 9740]","[""seq0034""]","[136, 140]",16,12,4,0.25
1218,"[9744, 9748]","[""seq0034""]","[144, 148]",16,12,4,0.25
1219,"[9752, 9756]","[""seq0034""]","[152, 156]",16,12,4,0.25
1220,"[9760, 9764]","[""seq0034""]","[160, 164]",16,12,4,0.25
1221,"[9768, 9772]","[""seq0034""]","[168, 172]",16,12,4,0.25
1222,"[9776, 9780]","[""seq0034""]","[176, 180]",16,12,4,0.25
1223,"[9784, 9788]","[""seq0034""]","[184, 188]",16,12,4,0.25
1224,"[9792, 9796]","[""seq0034""]","[192, 196]",16,12,4,0.25
1225,"[9800, 9804]","[""seq0034""]","[200, 204]",16,12,4,0.25
1226,"[9808, 9812]","[""seq0034""]","[208, 212]",16,12,4,0.25
1227,"[9816, 9820]","[""seq0034""]","[216, 220]",16,12,4,0.25
1228,"[9824, 9828]","[""seq0034""]","[224, 228]",16,12,4,0.25
1229,"[9832, 9836]","[""seq0034""]","[232, 236]",16,12,4,0.25
1230,"[9840, 9844]","[""seq0034""]","[240, 244]",16,12,4,0.25
1231,"[9848, 9852]","[""seq0034""]","[248, 252]",16,12,4,0.25
1232,"[9856, 9860]","[""seq0034""]","[256, 260]",16,12,4,0.25
1233,"[9864, 9868]","[""seq0034""]","[264, 268]",16,12,4,0.25
1234,"[9872, 9876]","[""seq0034""]","[272, 276]",16,12,4,0.25
1235,"[9880, 9884]","[""seq0034""]","[280, 284]",16,12,4,0.25
1236,"[9888, 9892]","[""seq0034""]","[288, 292]",16,12,4,0.25
1237,"[9896, 9900]","[""seq0034""]","[296, 300]",16,12,4,0.25
1238,"[9904, 9908]","[""seq0034""]","[304, 308]",16,12,4,0.25
1239,"[9912, 9916]","[""seq0034""]","[312, 316]",16,12,4,0.25
1240,"[9920, 9924]","[""seq0034""]","[320, 324]",16,12,4,0.25
1241,"[9928, 9932]","[""seq0034""]","[328, 332]",16,12,4,0.25
1242,"[9936, 9940]","[""seq0034""]","[336, 340]",16,12,4,0.25
1243,"[9944, 9948]","[""seq0034""]","[344, 348]",16,12,4,0.25
1244,"[9952, 9956]","[""seq0034""]","[352, 356]",16,12,4,0.25
1245,"[9960, 9964]","[""seq0034""]","[360, 364]",16,12,4,0.25
1246,"[9968, 9972]","[""seq0034""]","[368, 372]",16,12,4,0.25
1247,"[9976, 9980]","[""seq0034""]","[376, 380]",16,12,4,0.25
1248,"[9984, 9988]","[""seq0034""]","[384, 388]",16,12,4,0.25
1249,"[9992, 9996]","[""seq0034""]","[392, 396]",16,12,4,0.25
1250,"[10000, 10004]","[""seq0038""]","[0, 4]",6,5,1,0.16666666666666663
1251,"[10008, 10012]","[""seq0038""]","[8, 12]",16,12,4,0.25
1252,"[10016, 10020]","[""seq0038""]","[16, 20]",16,12,4,0.25
1253,"[10024, 10028]","[""seq0038""]","[24, 28]",16,12,4,0.25
1254,"[10032, 10036]","[""seq0038""]","[32, 36]",16,12,4,0.25
1255,"[10040, 10044]","[""seq0038""]","[40, 44]",16,12,4,0.25
1256,"[10048, 10052]","[""seq0038""]","[48, 52]",16,12,4,0.25
1257,"[10056, 10060]","[""seq0038""]","[56, 60]",16,12,4,0.25
1258,"[10064, 10068]","[""seq0038""]","[64, 68]",16,12,4,0.25
1259,"[10072, 10076]","[""seq0038""]","[72, 76]",16,12,4,0.25
1260,"[10080, 10084]","[""seq0038""]","[80, 84]",16,12,4,0.25
1261,"[10088, 10092]","[""seq0038""]","[88, 92]",16,12,4,0.25
1262,"[10096, 10100]","[""seq0038""]","[96, 100]",16,12,4,0.25
1263,"[10104, 10108]","[""seq0038""]","[104, 108]",16,12,4,0.25
1264,"[10112, 10116]","[""seq0038""]","[112, 116]",16,12,4,0.25
1265,"[10120, 10124]","[""seq0038""]","[120, 124]",16,12,4,0.25
1266,"[10128, 10132]","[""seq0038""]","[128, 132]",16,12,4,0.25
1267,"[10136, 10140]","[""seq0038""]","[136, 140]",16,12,4,0.25
1268,"[10144, 10148]","[""seq0038""]","[144, 148]",16,12,4,0.25
1269,"[10152, 10156]","[""seq0038""]","[152, 156]",16,12,4,0.25
1270,"[10160, 10164]","[""seq0038""]","[160, 164]",16,12,4,0.25
1271,"[10168, 10172]","[""seq0038""]","[168, 172]",16,12,4,0.25
1272,"[10176, 10180]","[""seq0038""]","[176, 180]",16,12,4,0.25
1273,"[10184, 10188]","[""seq0038""]","[184, 188]",16,12,4,0.25
1274,"[10192, 10196]","[""seq0038""]","[192, 196]",16,12,4,0.25
1275,"[10200, 10204]","[""seq0038""]","[200, 204]",16,12,4,0.25
1276,"[10208, 10212]","[""seq0038""]","[208, 212]",16,12,4,0.25
1277,"[10216, 10220]","[""seq0038""]","[216, 220]",16,12,4,0.25
1278,"[10224, 10228]","[""seq0038""]","[224, 228]",16,12,4,0.25
1279,"[10232, 10236]","[""seq0038""]","[232, 236]",16,12,4,0.25
1280,"[10240, 10244]","[""seq0038""]","[240, 244]",16,12,4,0.25
1281,"[10248, 10252]","[""seq0038""]","[248, 252]",16,12,4,0.25
1282,"[10256, 10260]","[""seq0038""]","[256, 260]",16,12,4,0.25
1283,"[10264, 10268]","[""seq0038""]","[264, 268]",16,12,4,0.25
1284,"[10272, 10276]","[""seq0038""]","[272, 276]",16,12,4,0.25
1285,"[10280, 10284]","[""seq0038""]","[280, 284]",16,12,4,0.25
1286,"[10288, 10292]","[""seq0038""]","[288, 292]",16,12,4,0.25
1287,"[10296, 10300]","[""seq0038""]","[296, 300]",16,12,4,0.25
1288,"[10304, 10308]","[""seq0038""]","[304, 308]",16,12,4,0.25
1289,"[10312, 10316]","[""seq0038""]","[312, 316]",16,12,4,0.25
1290,"[10320, 10324]","[""seq0038""]","[320, 324]",16,12,4,0.25
1291,"[10328, 10332]","[""seq0038""]","[328, 332]",16,12,4,0.25
1292,"[10336, 10340]","[""seq0038""]","[336, 340]",16,12,4,0.25
1293,"[10344, 10348]","[""seq0038""]","[344, 348]",16,12,4,0.25
1294,"[10352, 10356]","[""seq0038""]","[352, 356]",16,12,4,0.25
1295,"[10360, 10364]","[""seq0038""]","[360, 364]",16,12,4,0.25
1296,"[10368, 10372]","[""seq0038""]","[368, 372]",16,12,4,0.25
1297,"[10376, 10380]","[""seq0038""]","[376, 380]",16,12,4,0.25
1298,"[10384, 10388]","[""seq0038""]","[384, 388]",16,12,4,0.25
1299,"[10392, 10396]","[""seq0038""]","[392, 396]",16,12,4,0.25
1300,"[10400, 10404]","[""seq0039""]","[0, 4]",6,5,1,0.16666666666666663
1301,"[10408, 10412]","[""seq0039""]","[8, 12]",16,12,4,0.25
1302,"[10416, 10420]","[""seq0039""]","[16, 20]",16,12,4,0.25
1303,"[10424, 10428]","[""seq0039""]","[24, 28]",16,12,4,0.25
1304,"[10432, 10436]","[""seq0039""]","[32, 36]",16,12,4,0.25
1305,"[10440, 10444]","[""seq0039""]","[40, 44]",16,12,4,0.25
1306,"[10448, 10452]","[""seq0039""]","[48, 52]",16,12,4,0.25
1307,"[10456, 10460]","[""seq0039""]","[56, 60]",16,12,4,0.25
1308,"[10464, 10468]","[""seq0039""]","[64, 68]",16,12,4,0.25
1309,"[10472, 10476]","[""seq0039""]","[72, 76]",16,12,4,0.25
1310,"[10480, 10484]","[""seq0039""]","[80, 84]",16,12,4,0.25
1311,"[10488, 10492]","[""seq0039""]","[88, 92]",16,12,4,0.25
1312,"[10496, 10500]","[""seq0039""]","[96, 100]",16,12,4,0.25
1313,"[10504, 10508]","[""seq0039""]","[104, 108]",16,12,4,0.25
1314,"[10512, 10516]","[""seq0039""]","[112, 116]",16,12,4,0.25
1315,"[10520, 10524]","[""seq0039""]","[120, 124]",16,12,4,0.25
1316,"[10528, 10532]","[""seq0039""]","[128, 132]",16,12,4,0.25
1317,"[10536, 10540]","[""seq0039""]","[136, 140]",16,12,4,0.25
1318,"[10544, 10548]","[""seq0039""]","[144, 148]",16,12,4,0.25
1319,"[10552, 10556]","[""seq0039""]","[152, 156]",16,12,4,0.25
1320,"[10560, 10564]","[""seq0039""]","[160, 164]",16,12,4,0.25
1321,"[10568, 10572]","[""seq0039""]","[168, 172]",16,12,4,0.25
1322,"[10576, 10580]","[""seq0039""]","[176, 180]",16,12,4,0.25
1323,"[10584, 10588]","[""seq0039""]","[184, 188]",16,12,4,0.25
1324,"[10592, 10596]","[""seq0039""]","[192, 196]",16,12,4,0.25
1325,"[10600, 10604]","[""seq0039""]","[200, 204]",16,12,4,0.25
1326,"[10608, 10612]","[""seq0039""]","[208, 212]",16,12,4,0.25
1327,"[10616, 10620]","[""seq0039""]","[216, 220]",16,12,4,0.25
1328,"[10624, 10628]","[""seq0039""]","[224, 228]",16,12,4,0.25
1329,"[10632, 10636]","[""seq0039""]","[232, 236]",16,12,4,0.25
1330,"[10640, 10644]","[""seq0039""]","[240, 244]",16,12,4,0.25
1331,"[10648, 10652]","[""seq0039""]","[248, 252]",16,12,4,0.25
1332,"[10656, 10660]","[""seq0039""]","[256, 260]",16,12,4,0.25
1333,"[10664, 10668]","[""seq0039""]","[264, 268]",16,12,4,0.25
1334,"[10672, 10676]","[""seq0039""]","[272, 276]",16,12,4,0.25
1335,"[10680, 10684]","[""seq0039""]","[280, 284]",16,12,4,0.25
1336,"[10688, 10692]","[""seq0039""]","[288, 292]",16,12,4,0.25
1337,"[10696, 10700]","[""seq0039""]","[296, 300]",16,12,4,0.25
1338,"[10704, 10708]","[""seq0039""]","[304, 308]",16,12,4,0.25
1339,"[10712, 10716]","[""seq0039""]","[312, 316]",16,12,4,0.25
1340,"[10720, 10724]","[""seq0039""]","[320, 324]",16,12,4,0.25
1341,"[10728, 10732]","[""seq0039""]","[328, 332]",16,12,4,0.25
1342,"[10736, 10740]","[""seq0039""]","[336, 340]",16,12,4,0.25
1343,"[10744, 10748]","[""seq0039""]","[344, 348]",16,12,4,0.25
1344,"[10752, 10756]","[""seq0039""]","[352, 356]",16,12,4,0.25
1345,"[10760, 10764]","[""seq0039""]","[360, 364]",16,12,4,0.25
1346,"[10768, 10772]","[""seq0039""]","[368, 372]",16,12,4,0.25
1347,"[10776, 10780]","[""seq0039""]","[376, 380]",16,12,4,0.25
1348,"[10784, 10788]","[""seq0039""]","[384, 388]",16,12,4,0.25
1349,"[10792, 10796]","[""seq0039""]","[392, 396]",16,12,4,0.25
1350,"[10800, 10804]","[""seq0040""]","[0, 4]",6,5,1,0.16666666666666663
1351,"[10808, 10812]","[""seq0040""]","[8, 12]",16,12,4,0.25
1352,"[10816, 10820]","[""seq0040""]","[16, 20]",16,12,4,0.25
1353,"[10824, 10828]","[""seq0040""]","[24, 28]",16,12,4,0.25
1354,"[10832, 10836]","[""seq0040""]","[32, 36]",16,12,4,0.25
1355,"[10840, 10844]","[""seq0040""]","[40, 44]",16,12,4,0.25
1356,"[10848, 10852]","[""seq0040""]","[48, 52]",16,12,4,0.25
1357,"[10856, 10860]","[""seq0040""]","[56, 60]",16,12,4,0.25
1358,"[10864, 10868]","[""seq0040""]","[64, 68]",16,12,4,0.25
1359,"[10872, 10876]","[""seq0040""]","[72, 76]",16,12,4,0.25
1360,"[10880, 10884]","[""seq0040""]","[80, 84]",16,12,4,0.25
1361,"[10888, 10892]","[""seq0040""]","[88, 92]",16,12,4,0.25
1362,"[10896, 10900]","[""seq0040""]","[96, 100]",16,12,4,0.25
1363,"[10904, 10908]","[""seq0040""]","[104, 108]",16,12,4,0.25
1364,"[10912, 10916]","[""seq0040""]","[112, 116]",16,12,4,0.25
1365,"[10920, 10924]","[""seq0040""]","[120, 124]",16,12,4,0.25
1366,"[10928, 10932]","[""seq0040""]","[128, 132]",16,12,4,0.25
1367,"[10936, 10940]","[""seq0040""]","[136, 140]",16,12,4,0.25
1368,"[10944, 10948]","[""seq0040""]","[144, 148]",16,12,4,0.25
1369,"[10952, 10956]","[""seq0040""]","[152, 156]",16,12,4,0.25
1370,"[10960, 10964]","[""seq0040""]","[160, 164]",16,12,4,0.25
1371,"[10968, 10972]","[""seq0040""]","[168, 172]",16,12,4,0.25
1372,"[10976, 10980]","[""seq0040""]","[176, 180]",16,12,4,0.25
1373,"[10984, 10988]","[""seq0040""]","[184, 188]",16,12,4,0.25
1374,"[10992, 10996]","[""seq0040""]","[192, 196]",16,12,4,0.25
1375,"[11000, 11004]","[""seq0040""]","[200, 204]",16,12,4,0.25
1376,"[11008, 11012]","[""seq0040""]","[208, 212]",16,12,4,0.25
1377,"[11016, 11020]","[""seq0040""]","[216, 220]",16,12,4,0.25
1378,"[11024, 11028]","[""seq0040""]","[224, 228]",16,12,4,0.25
1379,"[11032, 11036]","[""seq0040""]","[232, 236]",16,12,4,0.25
1380,"[11040, 11044]","[""seq0040""]","[240, 244]",16,12,4,0.25
1381,"[11048, 11052]","[""seq0040""]","[248, 252]",16,12,4,0.25
1382,"[11056, 11060]","[""seq0040""]","[256, 260]",16,12,4,0.25
1383,"[11064, 11068]","[""seq0040""]","[264, 268]",16,12,4,0.25
1384,"[11072, 11076]","[""seq0040""]","[272, 276]",16,12,4,0.25
1385,"[11080, 11084]","[""seq0040""]","[280, 284]",16,12,4,0.25
1386,"[11088, 11092]","[""seq0040""]","[288, 292]",16,12,4,0.25
1387,"[11096, 11100]","[""seq0040""]","[296, 300]",16,12,4,0.25
1388,"[11104, 11108]","[""seq0040""]","[304, 308]",16,12,4,0.25
1389,"[11112, 11116]","[""seq0040""]","[312, 316]",16,12,4,0.25
1390,"[11120, 11124]","[""seq0040""]","[320, 324]",16,12,4,0.25
1391,"[11128, 11132]","[""seq0040""]","[328, 332]",16,12,4,0.25
1392,"[11136, 11140]","[""seq0040""]","[336, 340]",16,12,4,0.25
1393,"[11144, 11148]","[""seq0040""]","[344, 348]",16,12,4,0.25
1394,"[11152, 11156]","[""seq0040""]","[352, 356]",16,12,4,0.25
1395,"[11160, 11164]","[""seq0040""]","[360, 364]",16,12,4,0.25
1396,"[11168, 11172]","[""seq0040""]","[368, 372]",16,12,4,0.25
1397,"[11176, 11180]","[""seq0040""]","[376, 380]",16,12,4,0.25
1398,"[11184, 11188]","[""seq0040""]","[384, 388]",16,12,4,0.25
1399,"[11192, 11196]","[""seq0040""]","[392, 396]",16,12,4,0.25
1400,"[11200, 11204]","[""seq0041""]","[0, 4]",6,5,1,0.16666666666666663
1401,"[11208, 11212]","[""seq0041""]","[8, 12]",16,12,4,0.25
1402,"[11216, 11220]","[""seq0041""]","[16, 20]",16,12,4,0.25
1403,"[11224, 11228]","[""seq0041""]","[24, 28]",16,12,4,0.25
1404,"[11232, 11236]","[""seq0041""]","[32, 36]",16,12,4,0.25
1405,"[11240, 11244]","[""seq0041""]","[40, 44]",16,12,4,0.25
1406,"[11248, 11252]","[""seq0041""]","[48, 52]",16,12,4,0.25
1407,"[11256, 11260]","[""seq0041""]","[56, 60]",16,12,4,0.25
1408,"[11264, 11268]","[""seq0041""]","[64, 68]",16,12,4,0.25
1409,"[11272, 11276]","[""seq0041""]","[72, 76]",16,12,4,0.25
1410,"[11280, 11284]","[""seq0041""]","[80, 84]",16,12,4,0.25
1411,"[11288, 11292]","[""seq0041""]","[88, 92]",16,12,4,0.25
1412,"[11296, 11300]","[""seq0041""]","[96, 100]",16,12,4,0.25
1413,"[11304, 11308]","[""seq0041""]","[104, 108]",16,12,4,0.25
1414,"[11312, 11316]","[""seq0041""]","[112, 116]",16,12,4,0.25
1415,"[11320, 11324]","[""seq0041""]","[120, 124]",16,12,4,0.25
1416,"[11328, 11332]","[""seq0041""]","[128, 132]",16,12,4,0.25
1417,"[11336, 11340]","[""seq0041""]","[136, 140]",16,12,4,0.25
1418,"[11344, 11348]","[""seq0041""]","[144, 148]",16,12,4,0.25
1419,"[11352, 11356]","[""seq0041""]","[152, 156]",16,12,4,0.25
1420,"[11360, 11364]","[""seq0041""]","[160, 164]",16,12,4,0.25
1421,"[11368, 11372]","[""seq0041""]","[168, 172]",16,12,4,0.25
1422,"[11376, 11380]","[""seq0041""]","[176, 180]",16,12,4,0.25
1423,"[11384, 11388]","[""seq0041""]","[184, 188]",16,12,4,0.25
1424,"[11392, 11396]","[""seq0041""]","[192, 196]",16,12,4,0.25
1425,"[11400, 11404]","[""seq0041""]","[200, 204]",16,12,4,0.25
1426,"[11408, 11412]","[""seq0041""]","[208, 212]",16,12,4,0.25
1427,"[11416, 11420]","[""seq0041""]","[216, 220]",16,12,4,0.25
1428,"[11424, 11428]","[""seq0041""]","[224, 228]",16,12,4,0.25
1429,"[11432, 11436]","[""seq0041""]","[232, 236]",16,12,4,0.25
1430,"[11440, 11444]","[""seq0041""]","[240, 244]",16,12,4,0.25
1431,"[11448, 11452]","[""seq0041""]","[248, 252]",16,12,4,0.25
1432,"[11456, 11460]","[""seq0041""]","[256, 260]",16,12,4,0.25
1433,"[11464, 11468]","[""seq0041""]","[264, 268]",16,12,4,0.25
1434,"[11472, 11476]","[""seq0041""]","[272, 276]",16,12,4,0.25
1435,"[11480, 11484]","[""seq0041""]","[280, 284]",16,12,4,0.25
1436,"[11488, 11492]","[""seq0041""]","[288, 292]",16,12,4,0.25
1437,"[11496, 11500]","[""seq0041""]","[296, 300]",16,12,4,0.25
1438,"[11504, 11508]","[""seq0041""]","[304, 308]",16,12,4,0.25
1439,"[11512, 11516]","[""seq0041""]","[312, 316]",16,12,4,0.25
1440,"[11520, 11524]","[""seq0041""]","[320, 324]",16,12,4,0.25
1441,"[11528, 11532]","[""seq0041""]","[328, 332]",16,12,4,0.25
1442,"[11536, 11540]","[""seq0041""]","[336, 340]",16,12,4,0.25
1443,"[11544, 11548]","[""seq0041""]","[344, 348]",16,12,4,0.25
1444,"[11552, 11556]","[""seq0041""]","[352, 356]",16,12,4,0.25
1445,"[11560, 11564]","[""seq0041""]","[360, 364]",16,12,4,0.25
1446,"[11568, 11572]","[""seq0041""]","[368, 372]",16,12,4,0.25
1447,"[11576, 11580]","[""seq0041""]","[376, 380]",16,12,4,0.25
1448,"[11584, 11588]","[""seq0041""]","[384, 388]",16,12,4,0.25
1449,"[11592, 11596]","[""seq0041""]","[392, 396]",16,12,4,0.25
1450,"[11600, 11604]","[""seq0043""]","[0, 4]",6,5,1,0.16666666666666663
1451,"[11608, 11612]","[""seq0043""]","[8, 12]",16,12,4,0.25
1452,"[11616, 11620]","[""seq0043""]","[16, 20]",16,12,4,0.25
1453,"[11624, 11628]","[""seq0043""]","[24, 28]",16,12,4,0.25
1454,"[11632, 11636]","[""seq0043""]","[32, 36]",16,12,4,0.25
1455,"[11640, 11644]","[""seq0043""]","[40, 44]",16,12,4,0.25
1456,"[11648, 11652]","[""seq0043""]","[48, 52]",16,12,4,0.25
1457,"[11656, 11660]","[""seq0043""]","[56, 60]",16,12,4,0.25
1458,"[11664, 11668]","[""seq0043""]","[64, 68]",16,12,4,0.25
1459,"[11672, 11676]","[""seq0043""]","[72, 76]",16,12,4,0.25
1460,"[11680, 11684]","[""seq0043""]","[80, 84]",16,12,4,0.25
1461,"[11688, 11692]","[""seq0043""]","[88, 92]",16,12,4,0.25
1462,"[11696, 11700]","[""seq0043""]","[96, 100]",16,12,4,0.25
1463,"[11704, 11708]","[""seq0043""]","[104, 108]",16,12,4,0.25
1464,"[11712, 11716]","[""seq0043""]","[112, 116]",16,12,4,0.25
1465,"[11720, 11724]","[""seq0043""]","[120, 124]",16,12,4,0.25
1466,"[11728, 11732]","[""seq0043""]","[128, 132]",16,12,4,0.25
1467,"[11736, 11740]","[""seq0043""]","[136, 140]",16,12,4,0.25
1468,"[11744, 11748]","[""seq0043""]","[144, 148]",16,12,4,0.25
1469,"[11752, 11756]","[""seq0043""]","[152, 156]",16,12,4,0.25
1470,"[11760, 11764]","[""seq0043""]","[160, 164]",16,12,4,0.25
1471,"[11768, 11772]","[""seq0043""]","[168, 172]",16,12,4,0.25
1472,"[11776, 11780]","[""seq0043""]","[176, 180]",16,12,4,0.25
1473,"[11784, 11788]","[""seq0043""]","[184, 188]",16,12,4,0.25
1474,"[11792, 11796]","[""seq0043""]","[192, 196]",16,12,4,0.25
1475,"[11800, 11804]","[""seq0043""]","[200, 204]",16,12,4,0.25
1476,"[11808, 11812]","[""seq0043""]","[208, 212]",16,12,4,0.25
1477,"[11816, 11820]","[""seq0043""]","[216, 220]",16,12,4,0.25
1478,"[11824, 11828]","[""seq0043""]","[224, 228]",16,12,4,0.25
1479,"[11832, 11836]","[""seq0043""]","[232, 236]",16,12,4,0.25
1480,"[11840, 11844]","[""seq0043""]","[240, 244]",16,12,4,0.25
1481,"[11848, 11852]","[""seq0043""]","[248, 252]",16,12,4,0.25
1482,"[11856, 11860]","[""seq0043""]","[256, 260]",16,12,4,0.25
1483,"[11864, 11868]","[""seq0043""]","[264, 268]",16,12,4,0.25
1484,"[11872, 11876]","[""seq0043""]","[272, 276]",16,12,4,0.25
1485,"[11880, 11884]","[""seq0043""]","[280, 284]",16,12,4,0.25
1486,"[11888, 11892]","[""seq0043""]","[288, 292]",16,12,4,0.25
1487,"[11896, 11900]","[""seq0043""]","[296, 300]",16,12,4,0.25
1488,"[11904, 11908]","[""seq0043""]","[304, 308]",16,12,4,0.25
1489,"[11912, 11916]","[""seq0043""]","[312, 316]",16,12,4,0.25
1490,"[11920, 11924]","[""seq0043""]","[320, 324]",16,12,4,0.25
1491,"[11928, 11932]","[""seq0043""]","[328, 332]",16,12,4,0.25
1492,"[11936, 11940]","[""seq0043""]","[336, 340]",16,12,4,0.25
1493,"[11944, 11948]","[""seq0043""]","[344, 348]",16,12,4,0.25
1494,"[11952, 11956]","[""seq0043""]","[352, 356]",16,12,4,0.25
1495,"[11960, 11964]","[""seq0043""]","[360, 364]",16,12,4,0.25
1496,"[11968, 11972]","[""seq0043""]","[368, 372]",16,12,4,0.25
1497,"[11976, 11980]","[""seq0043""]","[376, 380]",16,12,4,0.25
1498,"[11984, 11988]","[""seq0043""]","[384, 388]",16,12,4,0.25
1499,"[11992, 11996]","[""seq0043""]","[392, 396]",16,12,4,0.25
1500,"[12000, 12004]","[""seq0044""]","[0, 4]",6,5,1,0.16666666666666663
1501,"[12008, 12012]","[""seq0044""]","[8, 12]",16,12,4,0.25
1502,"[12016, 12020]","[""seq0044""]","[16, 20]",16,12,4,0.25
1503,"[12024, 12028]","[""seq0044""]","[24, 28]",16,12,4,0.25
1504,"[12032, 12036]","[""seq0044""]","[32, 36]",16,12,4,0.25
1505,"[12040, 12044]","[""seq0044""]","[40, 44]",16,12,4,0.25
1506,"[12048, 12052]","[""seq0044""]","[48, 52]",16,12,4,0.25
1507,"[12056, 12060]","[""seq0044""]","[56, 60]",16,12,4,0.25
1508,"[12064, 12068]","[""seq0044""]","[64, 68]",16,12,4,0.25
1509,"[12072, 12076]","[""seq0044""]","[72, 76]",16,12,4,0.25
1510,"[12080, 12084]","[""seq0044""]","[80, 84]",16,12,4,0.25
1511,"[12088, 12092]","[""seq0044""]","[88, 92]",16,12,4,0.25
1512,"[12096, 12100]","[""seq0044""]","[96, 100]",16,12,4,0.25
1513,"[12104, 12108]","[""seq0044""]","[104, 108]",16,12,4,0.25
1514,"[12112, 12116]","[""seq0044""]","[112, 116]",16,12,4,0.25
1515,"[12120, 12124]","[""seq0044""]","[120, 124]",16,12,4,0.25
1516,"[12128, 12132]","[""seq0044""]","[128, 132]",16,12,4,0.25
1517,"[12136, 12140]","[""seq0044""]","[136, 140]",16,12,4,0.25
1518,"[12144, 12148]","[""seq0044""]","[144, 148]",16,12,4,0.25
1519,"[12152, 12156]","[""seq0044""]","[152, 156]",16,12,4,0.25
1520,"[12160, 12164]","[""seq0044""]","[160, 164]",16,12,4,0.25
1521,"[12168, 12172]","[""seq0044""]","[168, 172]",16,12,4,0.25
1522,"[12176, 12180]","[""seq0044""]","[176, 180]",16,12,4,0.25
1523,"[12184, 12188]","[""seq0044""]","[184, 188]",16,12,4,0.25
1524,"[12192, 12196]","[""seq0044""]","[192, 196]",16,12,4,0.25
1525,"[12200, 12204]","[""seq0044""]","[200, 204]",16,12,4,0.25
1526,"[12208, 12212]","[""seq0044""]","[208, 212]",16,12,4,0.25
1527,"[12216, 12220]","[""seq0044""]","[216, 220]",16,12,4,0.25
1528,"[12224, 12228]","[""seq0044""]","[224, 228]",16,12,4,0.25
1529,"[12232, 12236]","[""seq0044""]","[232, 236]",16,12,4,0.25
1530,"[12240, 12244]","[""seq0044""]","[240, 244]",16,12,4,0.25
1531,"[12248, 12252]","[""seq0044""]","[248, 252]",16,12,4,0.25
1532,"[12256, 12260]","[""seq0044""]","[256, 260]",16,12,4,0.25
1533,"[12264, 12268]","[""seq0044""]","[264, 268]",16,12,4,0.25
1534,"[12272, 12276]","[""seq0044""]","[272, 276]",16,12,4,0.25
1535,"[12280, 12284]","[""seq0044""]","[280, 284]",16,12,4,0.25
1536,"[12288, 12292]","[""seq0044""]","[288, 292]",16,12,4,0.25
1537,"[12296, 12300]","[""seq0044""]","[296, 300]",16,12,4,0.25
1538,"[12304, 12308]","[""seq0044""]","[304, 308]",16,12,4,0.25
1539,"[12312, 12316]","[""seq0044""]","[312, 316]",16,12,4,0.25
1540,"[12320, 12324]","[""seq0044""]","[320, 324]",16,12,4,0.25
1541,"[12328, 12332]","[""seq0044""]","[328, 332]",16,12,4,0.25
1542,"[12336, 12340]","[""seq0044""]","[336, 340]",16,12,4,0.25
1543,"[12344, 12348]","[""seq0044""]","[344, 348]",16,12,4,0.25
1544,"[12352, 12356]","[""seq0044""]","[352, 356]",16,12,4,0.25
1545,"[12360, 12364]","[""seq0044""]","[360, 364]",16,12,4,0.25
1546,"[12368, 12372]","[""seq0044""]","[368, 372]",16,12,4,0.25
1547,"[12376, 12380]","[""seq0044""]","[376, 380]",16,12,4,0.25
1548,"[12384, 12388]","[""seq0044""]","[384, 388]",16,12,4,0.25
1549,"[12392, 12396]","[""seq0044""]","[392, 396]",16,12,4,0.25
1550,"[12400, 12404]","[""seq0045""]","[0, 4]",6,5,1,0.16666666666666663
1551,"[12408, 12412]","[""seq0045""]","[8, 12]",16,12,4,0.25
1552,"[12416, 12420]","[""seq0045""]","[16, 20]",16,12,4,0.25
1553,"[12424, 12428]","[""seq0045""]","[24, 28]",16,12,4,0.25
1554,"[12432, 12436]","[""seq0045""]","[32, 36]",16,12,4,0.25
1555,"[12440, 12444]","[""seq0045""]","[40, 44]",16,12,4,0.25
1556,"[12448, 12452]","[""seq0045""]","[48, 52]",16,12,4,0.25
1557,"[12456, 12460]","[""seq0045""]","[56, 60]",16,12,4,0.25
1558,"[12464, 12468]","[""seq0045""]","[64, 68]",16,12,4,0.25
1559,"[12472, 12476]","[""seq0045""]","[72, 76]",16,12,4,0.25
1560,"[12480, 12484]","[""seq0045""]","[80, 84]",16,12,4,0.25
1561,"[12488, 12492]","[""seq0045""]","[88, 92]",16,12,4,0.25
1562,"[12496, 12500]","[""seq0045""]","[96, 100]",16,12,4,0.25
1563,"[12504, 12508]","[""seq0045""]","[104, 108]",16,12,4,0.25
1564,"[12512, 12516]","[""seq0045""]","[112, 116]",16,12,4,0.25
1565,"[12520, 12524]","[""seq0045""]","[120, 124]",16,12,4,0.25
1566,"[12528, 12532]","[""seq0045""]","[128, 132]",16,12,4,0.25
1567,"[12536, 12540]","[""seq0045""]","[136, 140]",16,12,4,0.25
1568,"[12544, 12548]","[""seq0045""]","[144, 148]",16,12,4,0.25
1569,"[12552, 12556]","[""seq0045""]","[152, 156]",16,12,4,0.25
1570,"[12560, 12564]","[""seq0045""]","[160, 164]",16,12,4,0.25
1571,"[12568, 12572]","[""seq0045""]","[168, 172]",16,12,4,0.25
1572,"[12576, 12580]","[""seq0045""]","[176, 180]",16,12,4,0.25
1573,"[12584, 12588]","[""seq0045""]","[184, 188]",16,12,4,0.25
1574,"[12592, 12596]","[""seq0045""]","[192, 196]",16,12,4,0.25
1575,"[12600, 12604]","[""seq0045""]","[200, 204]",16,12,4,0.25
1576,"[12608, 12612]","[""seq0045""]","[208, 212]",16,12,4,0.25
1577,"[12616, 12620]","[""seq0045""]","[216, 220]",16,12,4,0.25
1578,"[12624, 12628]","[""seq0045""]","[224, 228]",16,12,4,0.25
1579,"[12632, 12636]","[""seq0045""]","[232, 236]",16,12,4,0.25
1580,"[12640, 12644]","[""seq0045""]","[240, 244]",16,12,4,0.25
1581,"[12648, 12652]","[""seq0045""]","[248, 252]",16,12,4,0.25
1582,"[12656, 12660]","[""seq0045""]","[256, 260]",16,12,4,0.25
1583,"[12664, 12668]","[""seq0045""]","[264, 268]",16,12,4,0.25
1584,"[12672, 12676]","[""seq0045""]","[272, 276]",16,12,4,0.25
1585,"[12680, 12684]","[""seq0045""]","[280, 284]",16,12,4,0.25
1586,"[12688, 12692]","[""seq0045""]","[288, 292]",16,12,4,0.25
1587,"[12696, 12700]","[""seq0045""]","[296, 300]",16,12,4,0.25
1588,"[12704, 12708]","[""seq0045""]","[304, 308]",16,12,4,0.25
1589,"[12712, 12716]","[""seq0045""]","[312, 316]",16,12,4,0.25
1590,"[12720, 12724]","[""seq0045""]","[320, 324]",16,12,4,0.25
1591,"[12728, 12732]","[""seq0045""]","[328, 332]",16,12,4,0.25
1592,"[12736, 12740]","[""seq0045""]","[336, 340]",16,12,4,0.25
1593,"[12744, 12748]","[""seq0045""]","[344, 348]",16,12,4,0.25
1594,"[12752, 12756]","[""seq0045""]","[352, 356]",16,12,4,0.25
1595,"[12760, 12764]","[""seq0045""]","[360, 364]",16,12,4,0.25
1596,"[12768, 12772]","[""seq0045""]","[368, 372]",16,12,4,0.25
1597,"[12776, 12780]","[""seq0045""]","[376, 380]",16,12,4,0.25
1598,"[12784, 12788]","[""seq0045""]","[384, 388]",16,12,4,0.25
1599,"[12792, 12796]","[""seq0045""]","[392, 396]",16,12,4,0.25
1600,"[12800, 12804]","[""seq0046""]","[0, 4]",6,5,1,0.16666666666666663
1601,"[12808, 12812]","[""seq0046""]","[8, 12]",16,12,4,0.25
1602,"[12816, 12820]","[""seq0046""]","[16, 20]",16,12,4,0.25
1603,"[12824, 12828]","[""seq0046""]","[24, 28]",16,12,4,0.25
1604,"[12832, 12836]","[""seq0046""]","[32, 36]",16,12,4,0.25
1605,"[12840, 12844]","[""seq0046""]","[40, 44]",16,12,4,0.25
1606,"[12848, 12852]","[""seq0046""]","[48, 52]",16,12,4,0.25
1607,"[12856, 12860]","[""seq0046""]","[56, 60]",16,12,4,0.25
1608,"[12864, 12868]","[""seq0046""]","[64, 68]",16,12,4,0.25
1609,"[12872, 12876]","[""seq0046""]","[72, 76]",16,12,4,0.25
1610,"[12880, 12884]","[""seq0046""]","[80, 84]",16,12,4,0.25
1611,"[12888, 12892]","[""seq0046""]","[88, 92]",16,12,4,0.25
1612,"[12896, 12900]","[""seq0046""]","[96, 100]",16,12,4,0.25
1613,"[12904, 12908]","[""seq0046""]","[104, 108]",16,12,4,0.25
1614,"[12912, 12916]","[""seq0046""]","[112, 116]",16,12,4,0.25
1615,"[12920, 12924]","[""seq0046""]","[120, 124]",16,12,4,0.25
1616,"[12928, 12932]","[""seq0046""]","[128, 132]",16,12,4,0.25
1617,"[12936, 12940]","[""seq0046""]","[136, 140]",16,12,4,0.25
1618,"[12944, 12948]","[""seq0046""]","[144, 148]",16,12,4,0.25
1619,"[12952, 12956]","[""seq0046""]","[152, 156]",16,12,4,0.25
1620,"[12960, 12964]","[""seq0046""]","[160, 164]",16,12,4,0.25
1621,"[12968, 12972]","[""seq0046""]","[168, 172]",16,12,4,0.25
1622,"[12976, 12980]","[""seq0046""]","[176, 180]",16,12,4,0.25
1623,"[12984, 12988]","[""seq0046""]","[184, 188]",16,12,4,0.25
1624,"[12992, 12996]","[""seq0046""]","[192, 196]",16,12,4,0.25
1625,"[13000, 13004]","[""seq0046""]","[200, 204]",16,12,4,0.25
1626,"[13008, 13012]","[""seq0046""]","[208, 212]",16,12,4,0.25
1627,"[13016, 13020]","[""seq0046""]","[216, 220]",16,12,4,0.25
1628,"[13024, 13028]","[""seq0046""]","[224, 228]",16,12,4,0.25
1629,"[13032, 13036]","[""seq0046""]","[232, 236]",16,12,4,0.25
1630,"[13040, 13044]","[""seq0046""]","[240, 244]",16,12,4,0.25
1631,"[13048, 13052]","[""seq0046""]","[248, 252]",16,12,4,0.25
1632,"[13056, 13060]","[""seq0046""]","[256, 260]",16,12,4,0.25
1633,"[13064, 13068]","[""seq0046""]","[264, 268]",16,12,4,0.25
1634,"[13072, 13076]","[""seq0046""]","[272, 276]",16,12,4,0.25
1635,"[13080, 13084]","[""seq0046""]","[280, 284]",16,12,4,0.25
1636,"[13088, 13092]","[""seq0046""]","[288, 292]",16,12,4,0.25
1637,"[13096, 13100]","[""seq0046""]","[296, 300]",16,12,4,0.25
1638,"[13104, 13108]","[""seq0046""]","[304, 308]",16,12,4,0.25
1639,"[13112, 13116]","[""seq0046""]","[312, 316]",16,12,4,0.25
1640,"[13120, 13124]","[""seq0046""]","[320, 324]",16,12,4,0.25
1641,"[13128, 13132]","[""seq0046""]","[328, 332]",16,12,4,0.25
1642,"[13136, 13140]","[""seq0046""]","[336, 340]",16,12,4,0.25
1643,"[13144, 13148]","[""seq0046""]","[344, 348]",16,12,4,0.25
1644,"[13152, 13156]","[""seq0046""]","[352, 356]",16,12,4,0.25
1645,"[13160, 13164]","[""seq0046""]","[360, 364]",16,12,4,0.25
1646,"[13168, 13172]","[""seq0046""]","[368, 372]",16,12,4,0.25
1647,"[13176, 13180]","[""seq0046""]","[376, 380]",16,12,4,0.25
1648,"[13184, 13188]","[""seq0046""]","[384, 388]",16,12,4,0.25
1649,"[13192, 13196]","[""seq0046""]","[392, 396]",16,12,4,0.25
1650,"[13200, 13204]","[""seq0047""]","[0, 4]",6,5,1,0.16666666666666663
1651,"[13208, 13212]","[""seq0047""]","[8, 12]",16,12,4,0.25
1652,"[13216, 13220]","[""seq0047""]","[16, 20]",16,12,4,0.25
1653,"[13224, 13228]","[""seq0047""]","[24, 28]",16,12,4,0.25
1654,"[13232, 13236]","[""seq0047""]","[32, 36]",16,12,4,0.25
1655,"[13240, 13244]","[""seq0047""]","[40, 44]",16,12,4,0.25
1656,"[13248, 13252]","[""seq0047""]","[48, 52]",16,12,4,0.25
1657,"[13256, 13260]","[""seq0047""]","[56, 60]",16,12,4,0.25
1658,"[13264, 13268]","[""seq0047""]","[64, 68]",16,12,4,0.25
1659,"[13272, 13276]","[""seq0047""]","[72, 76]",16,12,4,0.25
1660,"[13280, 13284]","[""seq0047""]","[80, 84]",16,12,4,0.25
1661,"[13288, 13292]","[""seq0047""]","[88, 92]",16,12,4,0.25
1662,"[13296, 13300]","[""seq0047""]","[96, 100]",16,12,4,0.25
1663,"[13304, 13308]","[""seq0047""]","[104, 108]",16,12,4,0.25
1664,"[13312, 13316]","[""seq0047""]","[112, 116]",16,12,4,0.25
1665,"[13320, 13324]","[""seq0047""]","[120, 124]",16,12,4,0.25
1666,"[13328, 13332]","[""seq0047""]","[128, 132]",16,12,4,0.25
1667,"[13336, 13340]","[""seq0047""]","[136, 140]",16,12,4,0.25
1668,"[13344, 13348]","[""seq0047""]","[144, 148]",16,12,4,0.25
1669,"[13352, 13356]","[""seq0047""]","[152, 156]",16,12,4,0.25
1670,"[13360, 13364]","[""seq0047""]","[160, 164]",16,12,4,0.25
1671,"[13368, 13372]","[""seq0047""]","[168, 172]",16,12,4,0.25
1672,"[13376, 13380]","[""seq0047""]","[176, 180]",16,12,4,0.25
1673,"[13384, 13388]","[""seq0047""]","[184, 188]",16,12,4,0.25
1674,"[13392, 13396]","[""seq0047""]","[192, 196]",16,12,4,0.25
1675,"[13400, 13404]","[""seq0047""]","[200, 204]",16,12,4,0.25
1676,"[13408, 13412]","[""seq0047""]","[208, 212]",16,12,4,0.25
1677,"[13416, 13420]","[""seq0047""]","[216, 220]",16,12,4,0.25
1678,"[13424, 13428]","[""seq0047""]","[224, 228]",16,12,4,0.25
1679,"[13432, 13436]","[""seq0047""]","[232, 236]",16,12,4,0.25
1680,"[13440, 13444]","[""seq0047""]","[240, 244]",16,12,4,0.25
1681,"[13448, 13452]","[""seq0047""]","[248, 252]",16,12,4,0.25
1682,"[13456, 13460]","[""seq0047""]","[256, 260]",16,12,4,0.25
1683,"[13464, 13468]","[""seq0047""]","[264, 268]",16,12,4,0.25
1684,"[13472, 13476]","[""seq0047""]","[272, 276]",16,12,4,0.25
1685,"[13480, 13484]","[""seq0047""]","[280, 284]",16,12,4,0.25
1686,"[13488, 13492]","[""seq0047""]","[288, 292]",16,12,4,0.25
1687,"[13496, 13500]","[""seq0047""]","[296, 300]",16,12,4,0.25
1688,"[13504, 13508]","[""seq0047""]","[304, 308]",16,12,4,0.25
1689,"[13512, 13516]","[""seq0047""]","[312, 316]",16,12,4,0.25
1690,"[13520, 13524]","[""seq0047""]","[320, 324]",16,12,4,0.25
1691,"[13528, 13532]","[""seq0047""]","[328, 332]",16,12,4,0.25
1692,"[13536, 13540]","[""seq0047""]","[336, 340]",16,12,4,0.25
1693,"[13544, 13548]","[""seq0047""]","[344, 348]",16,12,4,0.25
1694,"[13552, 13556]","[""seq0047""]","[352, 356]",16,12,4,0.25
1695,"[13560, 13564]","[""seq0047""]","[360, 364]",16,12,4,0.25
1696,"[13568, 13572]","[""seq0047""]","[368, 372]",16,12,4,0.25
1697,"[13576, 13580]","[""seq0047""]","[376, 380]",16,12,4,0.25
1698,"[13584, 13588]","[""seq0047""]","[384, 388]",16,12,4,0.25
1699,"[13592, 13596]","[""seq0047""]","[392, 396]",16,12,4,0.25
1700,"[13600, 13604]","[""seq0049""]","[0, 4]",6,5,1,0.16666666666666663
1701,"[13608, 13612]","[""seq0049""]","[8, 12]",16,12,4,0.25
1702,"[13616, 13620]","[""seq0049""]","[16, 20]",16,12,4,0.25
1703,"[13624, 13628]","[""seq0049""]","[24, 28]",16,12,4,0.25
1704,"[13632, 13636]","[""seq0049""]","[32, 36]",16,12,4,0.25
1705,"[13640, 13644]","[""seq0049""]","[40, 44]",16,12,4,0.25
1706,"[13648, 13652]","[""seq0049""]","[48, 52]",16,12,4,0.25
1707,"[13656, 13660]","[""seq0049""]","[56, 60]",16,12,4,0.25
1708,"[13664, 13668]","[""seq0049""]","[64, 68]",16,12,4,0.25
1709,"[13672, 13676]","[""seq0049""]","[72, 76]",16,12,4,0.25
1710,"[13680, 13684]","[""seq0049""]","[80, 84]",16,12,4,0.25
1711,"[13688, 13692]","[""seq0049""]","[88, 92]",16,12,4,0.25
1712,"[13696, 13700]","[""seq0049""]","[96, 100]",16,12,4,0.25
1713,"[13704, 13708]","[""seq0049""]","[104, 108]",16,12,4,0.25
1714,"[13712, 13716]","[""seq0049""]","[112, 116]",16,12,4,0.25
1715,"[13720, 13724]","[""seq0049""]","[120, 124]",16,12,4,0.25
1716,"[13728, 13732]","[""seq0049""]","[128, 132]",16,12,4,0.25
1717,"[13736, 13740]","[""seq0049""]","[136, 140]",16,12,4,0.25
1718,"[13744, 13748]","[""seq0049""]","[144, 148]",16,12,4,0.25
1719,"[13752, 13756]","[""seq0049""]","[152, 156]",16,12,4,0.25
1720,"[13760, 13764]","[""seq0049""]","[160, 164]",16,12,4,0.25
1721,"[13768, 13772]","[""seq0049""]","[168, 172]",16,12,4,0.25
1722,"[13776, 13780]","[""seq0049""]","[176, 180]",16,12,4,0.25
1723,"[13784, 13788]","[""seq0049""]","[184, 188]",16,12,4,0.25
1724,"[13792, 13796]","[""seq0049""]","[192, 196]",16,12,4,0.25
1725,"[13800, 13804]","[""seq0049""]","[200, 204]",16,12,4,0.25
1726,"[13808, 13812]","[""seq0049""]","[208, 212]",16,12,4,0.25
1727,"[13816, 13820]","[""seq0049""]","[216, 220]",16,12,4,0.25
1728,"[13824, 13828]","[""seq0049""]","[224, 228]",16,12,4,0.25
1729,"[13832, 13836]","[""seq0049""]","[232, 236]",16,12,4,0.25
1730,"[13840, 13844]","[""seq0049""]","[240, 244]",16,12,4,0.25
1731,"[13848, 13852]","[""seq0049""]","[248, 252]",16,12,4,0.25
1732,"[13856, 13860]","[""seq0049""]","[256, 260]",16,12,4,0.25
1733,"[13864, 13868]","[""seq0049""]","[264, 268]",16,12,4,0.25
1734,"[13872, 13876]","[""seq0049""]","[272, 276]",16,12,4,0.25
1735,"[13880, 13884]","[""seq0049""]","[280, 284]",16,12,4,0.25
1736,"[13888, 13892]","[""seq0049""]","[288, 292]",16,12,4,0.25
1737,"[13896, 13900]","[""seq0049""]","[296, 300]",16,12,4,0.25
1738,"[13904, 13908]","[""seq0049""]","[304, 308]",16,12,4,0.25
1739,"[13912, 13916]","[""seq0049""]","[312, 316]",16,12,4,0.25
1740,"[13920, 13924]","[""seq0049""]","[320, 324]",16,12,4,0.25
1741,"[13928, 13932]","[""seq0049""]","[328, 332]",16,12,4,0.25
1742,"[13936, 13940]","[""seq0049""]","[336, 340]",16,12,4,0.25
1743,"[13944, 13948]","[""seq0049""]","[344, 348]",16,12,4,0.25
1744,"[13952, 13956]","[""seq0049""]","[352, 356]",16,12,4,0.25
1745,"[13960, 13964]","[""seq0049""]","[360, 364]",16,12,4,0.25
1746,"[13968, 13972]","[""seq0049""]","[368, 372]",16,12,4,0.25
1747,"[13976, 13980]","[""seq0049""]","[376, 380]",16,12,4,0.25
1748,"[13984, 13988]","[""seq0049""]","[384, 388]",16,12,4,0.25
1749,"[13992, 13996]","[""seq0049""]","[392, 396]",16,12,4,0.25
1750,"[14000, 14004]","[""seq0051""]","[0, 4]",6,5,1,0.16666666666666663
1751,"[14008, 14012]","[""seq0051""]","[8, 12]",16,12,4,0.25
1752,"[14016, 14020]","[""seq0051""]","[16, 20]",16,12,4,0.25
1753,"[14024, 14028]","[""seq0051""]","[24, 28]",16,12,4,0.25
1754,"[14032, 14036]","[""seq0051""]","[32, 36]",16,12,4,0.25
1755,"[14040, 14044]","[""seq0051""]","[40, 44]",16,12,4,0.25
1756,"[14048, 14052]","[""seq0051""]","[48, 52]",16,12,4,0.25
1757,"[14056, 14060]","[""seq0051""]","[56, 60]",16,12,4,0.25
1758,"[14064, 14068]","[""seq0051""]","[64, 68]",16,12,4,0.25
1759,"[14072, 14076]","[""seq0051""]","[72, 76]",16,12,4,0.25
1760,"[14080, 14084]","[""seq0051""]","[80, 84]",16,12,4,0.25
1761,"[14088, 14092]","[""seq0051""]","[88, 92]",16,12,4,0.25
1762,"[14096, 14100]","[""seq0051""]","[96, 100]",16,12,4,0.25
1763,"[14104, 14108]","[""seq0051""]","[104, 108]",16,12,4,0.25
1764,"[14112, 14116]","[""seq0051""]","[112, 116]",16,12,4,0.25
1765,"[14120, 14124]","[""seq0051""]","[120, 124]",16,12,4,0.25
1766,"[14128, 14132]","[""seq0051""]","[128, 132]",16,12,4,0.25
1767,"[14136, 14140]","[""seq0051""]","[136, 140]",16,12,4,0.25
1768,"[14144, 14148]","[""seq0051""]","[144, 148]",16,12,4,0.25
1769,"[14152, 14156]","[""seq0051""]","[152, 156]",16,12,4,0.25
1770,"[14160, 14164]","[""seq0051""]","[160, 164]",16,12,4,0.25
1771,"[14168, 14172]","[""seq0051""]","[168, 172]",16,12,4,0.25
1772,"[14176, 14180]","[""seq0051""]","[176, 180]",16,12,4,0.25
1773,"[14184, 14188]","[""seq0051""]","[184, 188]",16,12,4,0.25
1774,"[14192, 14196]","[""seq0051""]","[192, 196]",16,12,4,0.25
1775,"[14200, 14204]","[""seq0051""]","[200, 204]",16,12,4,0.25
1776,"[14208, 14212]","[""seq0051""]","[208, 212]",16,12,4,0.25
1777,"[14216, 14220]","[""seq0051""]","[216, 220]",16,12,4,0.25
1778,"[14224, 14228]","[""seq0051""]","[224, 228]",16,12,4,0.25
1779,"[14232, 14236]","[""seq0051""]","[232, 236]",16,12,4,0.25
1780,"[14240, 14244]","[""seq0051""]","[240, 244]",16,12,4,0.25
1781,"[14248, 14252]","[""seq0051""]","[248, 252]",16,12,4,0.25
1782,"[14256, 14260]","[""seq0051""]","[256, 260]",16,12,4,0.25
1783,"[14264, 14268]","[""seq0051""]","[264, 268]",16,12,4,0.25
1784,"[14272, 14276]","[""seq0051""]","[272, 276]",16,12,4,0.25
1785,"[14280, 14284]","[""seq0051""]","[280, 284]",16,12,4,0.25
1786,"[14288, 14292]","[""seq0051""]","[288, 292]",16,12,4,0.25
1787,"[14296, 14300]","[""seq0051""]","[296, 300]",16,12,4,0.25
1788,"[14304, 14308]","[""seq0051""]","[304, 308]",16,12,4,0.25
1789,"[14312, 14316]","[""seq0051""]","[312, 316]",16,12,4,0.25
1790,"[14320, 14324]","[""seq0051""]","[320, 324]",16,12,4,0.25
1791,"[14328, 14332]","[""seq0051""]","[328, 332]",16,12,4,0.25
1792,"[14336, 14340]","[""seq0051""]","[336, 340]",16,12,4,0.25
1793,"[14344, 14348]","[""seq0051""]","[344, 348]",16,12,4,0.25
1794,"[14352, 14356]","[""seq0051""]","[352, 356]",16,12,4,0.25
1795,"[14360, 14364]","[""seq0051""]","[360, 364]",16,12,4,0.25
1796,"[14368, 14372]","[""seq0051""]","[368, 372]",16,12,4,0.25
1797,"[14376, 14380]","[""seq0051""]","[376, 380]",16,12,4,0.25
1798,"[14384, 14388]","[""seq0051""]","[384, 388]",16,12,4,0.25
1799,"[14392, 14396]","[""seq0051""]","[392, 396]",16,12,4,0.25
1800,"[14400, 14404]","[""seq0052""]","[0, 4]",6,5,1,0.16666666666666663
1801,"[14408, 14412]","[""seq0052""]","[8, 12]",16,12,4,0.25
1802,"[14416, 14420]","[""seq0052""]","[16, 20]",16,12,4,0.25
1803,"[14424, 14428]","[""seq0052""]","[24, 28]",16,12,4,0.25
1804,"[14432, 14436]","[""seq0052""]","[32, 36]",16,12,4,0.25
1805,"[14440, 14444]","[""seq0052""]","[40, 44]",16,12,4,0.25
1806,"[14448, 14452]","[""seq0052""]","[48, 52]",16,12,4,0.25
1807,"[14456, 14460]","[""seq0052""]","[56, 60]",16,12,4,0.25
1808,"[14464, 14468]","[""seq0052""]","[64, 68]",16,12,4,0.25
1809,"[14472, 14476]","[""seq0052""]","[72, 76]",16,12,4,0.25
1810,"[14480, 14484]","[""seq0052""]","[80, 84]",16,12,4,0.25
1811,"[14488, 14492]","[""seq0052""]","[88, 92]",16,12,4,0.25
1812,"[14496, 14500]","[""seq0052""]","[96, 100]",16,12,4,0.25
1813,"[14504, 14508]","[""seq0052""]","[104, 108]",16,12,4,0.25
1814,"[14512, 14516]","[""seq0052""]","[112, 116]",16,12,4,0.25
1815,"[14520, 14524]","[""seq0052""]","[120, 124]",16,12,4,0.25
1816,"[14528, 14532]","[""seq0052""]","[128, 132]",16,12,4,0.25
1817,"[14536, 14540]","[""seq0052""]","[136, 140]",16,12,4,0.25
1818,"[14544, 14548]","[""seq0052""]","[144, 148]",16,12,4,0.25
1819,"[14552, 14556]","[""seq0052""]","[152, 156]",16,12,4,0.25
1820,"[14560, 14564]","[""seq0052""]","[160, 164]",16,12,4,0.25
1821,"[14568, 14572]","[""seq0052""]","[168, 172]",16,12,4,0.25
1822,"[14576, 14580]","[""seq0052""]","[176, 180]",16,12,4,0.25
1823,"[14584, 14588]","[""seq0052""]","[184, 188]",16,12,4,0.25
1824,"[14592, 14596]","[""seq0052""]","[192, 196]",16,12,4,0.25
1825,"[14600, 14604]","[""seq0052""]","[200, 204]",16,12,4,0.25
1826,"[14608, 14612]","[""seq0052""]","[208, 212]",16,12,4,0.25
1827,"[14616, 14620]","[""seq0052""]","[216, 220]",16,12,4,0.25
1828,"[14624, 14628]","[""seq0052""]","[224, 228]",16,12,4,0.25
1829,"[14632, 14636]","[""seq0052""]","[232, 236]",16,12,4,0.25
1830,"[14640, 14644]","[""seq0052""]","[240, 244]",16,12,4,0.25
1831,"[14648, 14652]","[""seq0052""]","[248, 252]",16,12,4,0.25
1832,"[14656, 14660]","[""seq0052""]","[256, 260]",16,12,4,0.25
1833,"[14664, 14668]","[""seq0052""]","[264, 268]",16,12,4,0.25
1834,"[14672, 14676]","[""seq0052""]","[272, 276]",16,12,4,0.25
1835,"[14680, 14684]","[""seq0052""]","[280, 284]",16,12,4,0.25
1836,"[14688, 14692]","[""seq0052""]","[288, 292]",16,12,4,0.25
1837,"[14696, 14700]","[""seq0052""]","[296, 300]",16,12,4,0.25
1838,"[14704, 14708]","[""seq0052""]","[304, 308]",16,12,4,0.25
1839,"[14712, 14716]","[""seq0052""]","[312, 316]",16,12,4,0.25
1840,"[14720, 14724]","[""seq0052""]","[320, 324]",16,12,4,0.25
1841,"[14728, 14732]","[""seq0052""]","[328, 332]",16,12,4,0.25
1842,"[14736, 14740]","[""seq0052""]","[336, 340]",16,12,4,0.25
1843,"[14744, 14748]","[""seq0052""]","[344, 348]",16,12,4,0.25
1844,"[14752, 14756]","[""seq0052""]","[352, 356]",16,12,4,0.25
1845,"[14760, 14764]","[""seq0052""]","[360, 364]",16,12,4,0.25
1846,"[14768, 14772]","[""seq0052""]","[368, 372]",16,12,4,0.25
1847,"[14776, 14780]","[""seq0052""]","[376, 380]",16,12,4,0.25
1848,"[14784, 14788]","[""seq0052""]","[384, 388]",16,12,4,0.25
1849,"[14792, 14796]","[""seq0052""]","[392, 396]",16,12,4,0.25
1850,"[14800, 14804]","[""seq0053""]","[0, 4]",6,5,1,0.16666666666666663
1851,"[14808, 14812]","[""seq0053""]","[8, 12]",16,12,4,0.25
1852,"[14816, 14820]","[""seq0053""]","[16, 20]",16,12,4,0.25
1853,"[14824, 14828]","[""seq0053""]","[24, 28]",16,12,4,0.25
1854,"[14832, 14836]","[""seq0053""]","[32, 36]",16,12,4,0.25
1855,"[14840, 14844]","[""seq0053""]","[40, 44]",16,12,4,0.25
1856,"[14848, 14852]","[""seq0053""]","[48, 52]",16,12,4,0.25
1857,"[14856, 14860]","[""seq0053""]","[56, 60]",16,12,4,0.25
1858,"[14864, 14868]","[""seq0053""]","[64, 68]",16,12,4,0.25
1859,"[14872, 14876]","[""seq0053""]","[72, 76]",16,12,4,0.25
1860,"[14880, 14884]","[""seq0053""]","[80, 84]",16,12,4,0.25
1861,"[14888, 14892]","[""seq0053""]","[88, 92]",16,12,4,0.25
1862,"[14896, 14900]","[""seq0053""]","[96, 100]",16,12,4,0.25
1863,"[14904, 14908]","[""seq0053""]","[104, 108]",16,12,4,0.25
1864,"[14912, 14916]","[""seq0053""]","[112, 116]",16,12,4,0.25
1865,"[14920, 14924]","[""seq0053""]","[120, 124]",16,12,4,0.25
1866,"[14928, 14932]","[""seq0053""]","[128, 132]",16,12,4,0.25
1867,"[14936, 14940]","[""seq0053""]","[136, 140]",16,12,4,0.25
1868,"[14944, 14948]","[""seq0053""]","[144, 148]",16,12,4,0.25
1869,"[14952, 14956]","[""seq0053""]","[152, 156]",16,12,4,0.25
1870,"[14960, 14964]","[""seq0053""]","[160, 164]",16,12,4,0.25
1871,"[14968, 14972]","[""seq0053""]","[168, 172]",16,12,4,0.25
1872,"[14976, 14980]","[""seq0053""]","[176, 180]",16,12,4,0.25
1873,"[14984, 14988]","[""seq0053""]","[184, 188]",16,12,4,0.25
1874,"[14992, 14996]","[""seq0053""]","[192, 196]",16,12,4,0.25
1875,"[15000, 15004]","[""seq0053""]","[200, 204]",16,12,4,0.25
1876,"[15008, 15012]","[""seq0053""]","[208, 212]",16,12,4,0.25
1877,"[15016, 15020]","[""seq0053""]","[216, 220]",16,12,4,0.25
1878,"[15024, 15028]","[""seq0053""]","[224, 228]",16,12,4,0.25
1879,"[15032, 15036]","[""seq0053""]","[232, 236]",16,12,4,0.25
1880,"[15040, 15044]","[""seq0053""]","[240, 244]",16,12,4,0.25
1881,"[15048, 15052]","[""seq0053""]","[248, 252]",16,12,4,0.25
1882,"[15056, 15060]","[""seq0053""]","[256, 260]",16,12,4,0.25
1883,"[15064, 15068]","[""seq0053""]","[264, 268]",16,12,4,0.25
1884,"[15072, 15076]","[""seq0053""]","[272, 276]",16,12,4,0.25
1885,"[15080, 15084]","[""seq0053""]","[280, 284]",16,12,4,0.25
1886,"[15088, 15092]","[""seq0053""]","[288, 292]",16,12,4,0.25
1887,"[15096, 15100]","[""seq0053""]","[296, 300]",16,12,4,0.25
1888,"[15104, 15108]","[""seq0053""]","[304, 308]",16,12,4,0.25
1889,"[15112, 15116]","[""seq0053""]","[312, 316]",16,12,4,0.25
1890,"[15120, 15124]","[""seq0053""]","[320, 324]",16,12,4,0.25
1891,"[15128, 15132]","[""seq0053""]","[328, 332]",16,12,4,0.25
1892,"[15136, 15140]","[""seq0053""]","[336, 340]",16,12,4,0.25
1893,"[15144, 15148]","[""seq0053""]","[344, 348]",16,12,4,0.25
1894,"[15152, 15156]","[""seq0053""]","[352, 356]",16,12,4,0.25
1895,"[15160, 15164]","[""seq0053""]","[360, 364]",16,12,4,0.25
1896,"[15168, 15172]","[""seq0053""]","[368, 372]",16,12,4,0.25
1897,"[15176, 15180]","[""seq0053""]","[376, 380]",16,12,4,0.25
1898,"[15184, 15188]","[""seq0053""]","[384, 388]",16,12,4,0.25
1899,"[15192, 15196]","[""seq0053""]","[392, 396]",16,12,4,0.25
1900,"[15200, 15204]","[""seq0056""]","[0, 4]",6,5,1,0.16666666666666663
1901,"[15208, 15212]","[""seq0056""]","[8, 12]",16,12,4,0.25
1902,"[15216, 15220]","[""seq0056""]","[16, 20]",16,12,4,0.25
1903,"[15224, 15228]","[""seq0056""]","[24, 28]",16,12,4,0.25
1904,"[15232, 15236]","[""seq0056""]","[32, 36]",16,12,4,0.25
1905,"[15240, 15244]","[""seq0056""]","[40, 44]",16,12,4,0.25
1906,"[15248, 15252]","[""seq0056""]","[48, 52]",16,12,4,0.25
1907,"[15256, 15260]","[""seq0056""]","[56, 60]",16,12,4,0.25
1908,"[15264, 15268]","[""seq0056""]","[64, 68]",16,12,4,0.25
1909,"[15272, 15276]","[""seq0056""]","[72, 76]",16,12,4,0.25
1910,"[15280, 15284]","[""seq0056""]","[80, 84]",16,12,4,0.25
1911,"[15288, 15292]","[""seq0056""]","[88, 92]",16,12,4,0.25
1912,"[15296, 15300]","[""seq0056""]","[96, 100]",16,12,4,0.25
1913,"[15304, 15308]","[""seq0056""]","[104, 108]",16,12,4,0.25
1914,"[15312, 15316]","[""seq0056""]","[112, 116]",16,12,4,0.25
1915,"[15320, 15324]","[""seq0056""]","[120, 124]",16,12,4,0.25
1916,"[15328, 15332]","[""seq0056""]","[128, 132]",16,12,4,0.25
1917,"[15336, 15340]","[""seq0056""]","[136, 140]",16,12,4,0.25
1918,"[15344, 15348]","[""seq0056""]","[144, 148]",16,12,4,0.25
1919,"[15352, 15356]","[""seq0056""]","[152, 156]",16,12,4,0.25
1920,"[15360, 15364]","[""seq0056""]","[160, 164]",16,12,4,0.25
1921,"[15368, 15372]","[""seq0056""]","[168, 172]",16,12,4,0.25
1922,"[15376, 15380]","[""seq0056""]","[176, 180]",16,12,4,0.25
1923,"[15384, 15388]","[""seq0056""]","[184, 188]",16,12,4,0.25
1924,"[15392, 15396]","[""seq0056""]","[192, 196]",16,12,4,0.25
1925,"[15400, 15404]","[""seq0056""]","[200, 204]",16,12,4,0.25
1926,"[15408, 15412]","[""seq0056""]","[208, 212]",16,12,4,0.25
1927,"[15416, 15420]","[""seq0056""]","[216, 220]",16,12,4,0.25
1928,"[15424, 15428]","[""seq0056""]","[224, 228]",16,12,4,0.25
1929,"[15432, 15436]","[""seq0056""]","[232, 236]",16,12,4,0.25
1930,"[15440, 15444]","[""seq0056""]","[240, 244]",16,12,4,0.25
1931,"[15448, 15452]","[""seq0056""]","[248, 252]",16,12,4,0.25
1932,"[15456, 15460]","[""seq0056""]","[256, 260]",16,12,4,0.25
1933,"[15464, 15468]","[""seq0056""]","[264, 268]",16,12,4,0.25
1934,"[15472, 15476]","[""seq0056""]","[272, 276]",16,12,4,0.25
1935,"[15480, 15484]","[""seq0056""]","[280, 284]",16,12,4,0.25
1936,"[15488, 15492]","[""seq0056""]","[288, 292]",16,12,4,0.25
1937,"[15496, 15500]","[""seq0056""]","[296, 300]",16,12,4,0.25
1938,"[15504, 15508]","[""seq0056""]","[304, 308]",16,12,4,0.25
1939,"[15512, 15516]","[""seq0056""]","[312, 316]",16,12,4,0.25
1940,"[15520, 15524]","[""seq0056""]","[320, 324]",16,12,4,0.25
1941,"[15528, 15532]","[""seq0056""]","[328, 332]",16,12,4,0.25
1942,"[15536, 15540]","[""seq0056""]","[336, 340]",16,12,4,0.25
1943,"[15544, 15548]","[""seq0056""]","[344, 348]",16,12,4,0.25
1944,"[15552, 15556]","[""seq0056""]","[352, 356]",16,12,4,0.25
1945,"[15560, 15564]","[""seq0056""]","[360, 364]",16,12,4,0.25
1946,"[15568, 15572]","[""seq0056""]","[368, 372]",16,12,4,0.25
1947,"[15576, 15580]","[""seq0056""]","[376, 380]",16,12,4,0.25
1948,"[15584, 15588]","[""seq0056""]","[384, 388]",16,12,4,0.25
1949,"[15592, 15596]","[""seq0056""]","[392, 396]",16,12,4,0.25
1950,"[15600, 15604]","[""seq0057""]","[0, 4]",6,5,1,0.16666666666666663
1951,"[15608, 15612]","[""seq0057""]","[8, 12]",16,12,4,0.25
1952,"[15616, 15620]","[""seq0057""]","[16, 20]",16,12,4,0.25
1953,"[15624, 15628]","[""seq0057""]","[24, 28]",16,12,4,0.25
1954,"[15632, 15636]","[""seq0057""]","[32, 36]",16,12,4,0.25
1955,"[15640, 15644]","[""seq0057""]","[40, 44]",16,12,4,0.25
1956,"[15648, 15652]","[""seq0057""]","[48, 52]",16,12,4,0.25
1957,"[15656, 15660]","[""seq0057""]","[56, 60]",16,12,4,0.25
1958,"[15664, 15668]","[""seq0057""]","[64, 68]",16,12,4,0.25
1959,"[15672, 15676]","[""seq0057""]","[72, 76]",16,12,4,0.25
1960,"[15680, 15684]","[""seq0057""]","[80, 84]",16,12,4,0.25
1961,"[15688, 15692]","[""seq0057""]","[88, 92]",16,12,4,0.25
1962,"[15696, 15700]","[""seq0057""]","[96, 100]",16,12,4,0.25
1963,"[15704, 15708]","[""seq0057""]","[104, 108]",16,12,4,0.25
1964,"[15712, 15716]","[""seq0057""]","[112, 116]",16,12,4,0.25
1965,"[15720, 15724]","[""seq0057""]","[120, 124]",16,12,4,0.25
1966,"[15728, 15732]","[""seq0057""]","[128, 132]",16,12,4,0.25
1967,"[15736, 15740]","[""seq0057""]","[136, 140]",16,12,4,0.25
1968,"[15744, 15748]","[""seq0057""]","[144, 148]",16,12,4,0.25
1969,"[15752, 15756]","[""seq0057""]","[152, 156]",16,12,4,0.25
1970,"[15760, 15764]","[""seq0057""]","[160, 164]",16,12,4,0.25
1971,"[15768, 15772]","[""seq0057""]","[168, 172]",16,12,4,0.25
1972,"[15776, 15780]","[""seq0057""]","[176, 180]",16,12,4,0.25
1973,"[15784, 15788]","[""seq0057""]","[184, 188]",16,12,4,0.25
1974,"[15792, 15796]","[""seq0057""]","[192, 196]",16,12,4,0.25
1975,"[15800, 15804]","[""seq0057""]","[200, 204]",16,12,4,0.25
1976,"[15808, 15812]","[""seq0057""]","[208, 212]",16,12,4,0.25
1977,"[15816, 15820]","[""seq0057""]","[216, 220]",16,12,4,0.25
1978,"[15824, 15828]","[""seq0057""]","[224, 228]",16,12,4,0.25
1979,"[15832, 15836]","[""seq0057""]","[232, 236]",16,12,4,0.25
1980,"[15840, 15844]","[""seq0057""]","[240, 244]",16,12,4,0.25
1981,"[15848, 15852]","[""seq0057""]","[248, 252]",16,12,4,0.25
1982,"[15856, 15860]","[""seq0057""]","[256, 260]",16,12,4,0.25
1983,"[15864, 15868]","[""seq0057""]","[264, 268]",16,12,4,0.25
1984,"[15872, 15876]","[""seq0057""]","[272, 276]",16,12,4,0.25
1985,"[15880, 15884]","[""seq0057""]","[280, 284]",16,12,4,0.25
1986,"[15888, 15892]","[""seq0057""]","[288, 292]",16,12,4,0.25
1987,"[15896, 15900]","[""seq0057""]","[296, 300]",16,12,4,0.25
1988,"[15904, 15908]","[""seq0057""]","[304, 308]",16,12,4,0.25
1989,"[15912, 15916]","[""seq0057""]","[312, 316]",16,12,4,0.25
1990,"[15920, 15924]","[""seq0057""]","[320, 324]",16,12,4,0.25
1991,"[15928, 15932]","[""seq0057""]","[328, 332]",16,12,4,0.25
1992,"[15936, 15940]","[""seq0057""]","[336, 340]",16,12,4,0.25
1993,"[15944, 15948]","[""seq0057""]","[344, 348]",16,12,4,0.25
1994,"[15952, 15956]","[""seq0057""]","[352, 356]",16,12,4,0.25
1995,"[15960, 15964]","[""seq0057""]","[360, 364]",16,12,4,0.25
1996,"[15968, 15972]","[""seq0057""]","[368, 372]",16,12,4,0.25
1997,"[15976, 15980]","[""seq0057""]","[376, 380]",16,12,4,0.25
1998,"[15984, 15988]","[""seq0057""]","[384, 388]",16,12,4,0.25
1999,"[15992, 15996]","[""seq0057""]","[392, 396]",16,12,4,0.25
2000,"[16000, 16004]","[""seq0058""]","[0, 4]",6,5,1,0.16666666666666663
2001,"[16008, 16012]","[""seq0058""]","[8, 12]",16,12,4,0.25
2002,"[16016, 16020]","[""seq0058""]","[16, 20]",16,12,4,0.25
2003,"[16024, 16028]","[""seq0058""]","[24, 28]",16,12,4,0.25
2004,"[16032, 16036]","[""seq0058""]","[32, 36]",16,12,4,0.25
2005,"[16040, 16044]","[""seq0058""]","[40, 44]",16,12,4,0.25
2006,"[16048, 16052]","[""seq0058""]","[48, 52]",16,12,4,0.25
2007,"[16056, 16060]","[""seq0058""]","[56, 60]",16,12,4,0.25
2008,"[16064, 16068]","[""seq0058""]","[64, 68]",16,12,4,0.25
2009,"[16072, 16076]","[""seq0058""]","[72, 76]",16,12,4,0.25
2010,"[16080, 16084]","[""seq0058""]","[80, 84]",16,12,4,0.25
2011,"[16088, 16092]","[""seq0058""]","[88, 92]",16,12,4,0.25
2012,"[16096, 16100]","[""seq0058""]","[96, 100]",16,12,4,0.25
2013,"[16104, 16108]","[""seq0058""]","[104, 108]",16,12,4,0.25
2014,"[16112, 16116]","[""seq0058""]","[112, 116]",16,12,4,0.25
2015,"[16120, 16124]","[""seq0058""]","[120, 124]",16,12,4,0.25
2016,"[16128, 16132]","[""seq0058""]","[128, 132]",16,12,4,0.25
2017,"[16136, 16140]","[""seq0058""]","[136, 140]",16,12,4,0.25
2018,"[16144, 16148]","[""seq0058""]","[144, 148]",16,12,4,0.25
2019,"[16152, 16156]","[""seq0058""]","[152, 156]",16,12,4,0.25
2020,"[16160, 16164]","[""seq0058""]","[160, 164]",16,12,4,0.25
2021,"[16168, 16172]","[""seq0058""]","[168, 172]",16,12,4,0.25
2022,"[16176, 16180]","[""seq0058""]","[176, 180]",16,12,4,0.25
2023,"[16184, 16188]","[""seq0058""]","[184, 188]",16,12,4,0.25
2024,"[16192, 16196]","[""seq0058""]","[192, 196]",16,12,4,0.25
2025,"[16200, 16204]","[""seq0058""]","[200, 204]",16,12,4,0.25
2026,"[16208, 16212]","[""seq0058""]","[208, 212]",16,12,4,0.25
2027,"[16216, 16220]","[""seq0058""]","[216, 220]",16,12,4,0.25
2028,"[16224, 16228]","[""seq0058""]","[224, 228]",16,12,4,0.25
2029,"[16232, 16236]","[""seq0058""]","[232, 236]",16,12,4,0.25
2030,"[16240, 16244]","[""seq0058""]","[240, 244]",16,12,4,0.25
2031,"[16248, 16252]","[""seq0058""]","[248, 252]",16,12,4,0.25
2032,"[16256, 16260]","[""seq0058""]","[256, 260]",16,12,4,0.25
2033,"[16264, 16268]","[""seq0058""]","[264, 268]",16,12,4,0.25
2034,"[16272, 16276]","[""seq0058""]","[272, 276]",16,12,4,0.25
2035,"[16280, 16284]","[""seq0058""]","[280, 284]",16,12,4,0.25
2036,"[16288, 16292]","[""seq0058""]","[288, 292]",16,12,4,0.25
2037,"[16296, 16300]","[""seq0058""]","[296, 300]",16,12,4,0.25
2038,"[16304, 16308]","[""seq0058""]","[304, 308]",16,12,4,0.25
2039,"[16312, 16316]","[""seq0058""]","[312, 316]",16,12,4,0.25
2040,"[16320, 16324]","[""seq0058""]","[320, 324]",16,12,4,0.25
2041,"[16328, 16332]","[""seq0058""]","[328, 332]",16,12,4,0.25
2042,"[16336, 16340]","[""seq0058""]","[336, 340]",16,12,4,0.25
2043,"[16344, 16348]","[""seq0058""]","[344, 348]",16,12,4,0.25
2044,"[16352, 16356]","[""seq0058""]","[352, 356]",16,12,4,0.25
2045,"[16360, 16364]","[""seq0058""]","[360, 364]",16,12,4,0.25
2046,"[16368, 16372]","[""seq0058""]","[368, 372]",16,12,4,0.25
2047,"[16376, 16380]","[""seq0058""]","[376, 380]",16,12,4,0.25
2048,"[16384, 16388]","[""seq0058""]","[384, 388]",16,12,4,0.25
2049,"[16392, 16396]","[""seq0058""]","[392, 396]",16,12,4,0.25
2050,"[16400, 16404]","[""seq0060""]","[0, 4]",6,5,1,0.16666666666666663
2051,"[16408, 16412]","[""seq0060""]","[8, 12]",16,12,4,0.25
2052,"[16416, 16420]","[""seq0060""]","[16, 20]",16,12,4,0.25
2053,"[16424, 16428]","[""seq0060""]","[24, 28]",16,12,4,0.25
2054,"[16432, 16436]","[""seq0060""]","[32, 36]",16,12,4,0.25
2055,"[16440, 16444]","[""seq0060""]","[40, 44]",16,12,4,0.25
2056,"[16448, 16452]","[""seq0060""]","[48, 52]",16,12,4,0.25
2057,"[16456, 16460]","[""seq0060""]","[56, 60]",16,12,4,0.25
2058,"[16464, 16468]","[""seq0060""]","[64, 68]",16,12,4,0.25
2059,"[16472, 16476]","[""seq0060""]","[72, 76]",16,12,4,0.25
2060,"[16480, 16484]","[""seq0060""]","[80, 84]",16,12,4,0.25
2061,"[16488, 16492]","[""seq0060""]","[88, 92]",16,12,4,0.25
2062,"[16496, 16500]","[""seq0060""]","[96, 100]",16,12,4,0.25
2063,"[16504, 16508]","[""seq0060""]","[104, 108]",16,12,4,0.25
2064,"[16512, 16516]","[""seq0060""]","[112, 116]",16,12,4,0.25
2065,"[16520, 16524]","[""seq0060""]","[120, 124]",16,12,4,0.25
2066,"[16528, 16532]","[""seq0060""]","[128, 132]",16,12,4,0.25
2067,"[16536, 16540]","[""seq0060""]","[136, 140]",16,12,4,0.25
2068,"[16544, 16548]","[""seq0060""]","[144, 148]",16,12,4,0.25
2069,"[16552, 16556]","[""seq0060""]","[152, 156]",16,12,4,0.25
2070,"[16560, 16564]","[""seq0060""]","[160, 164]",16,12,4,0.25
2071,"[16568, 16572]","[""seq0060""]","[168, 172]",16,12,4,0.25
2072,"[16576, 16580]","[""seq0060""]","[176, 180]",16,12,4,0.25
2073,"[16584, 16588]","[""seq0060""]","[184, 188]",16,12,4,0.25
2074,"[16592, 16596]","[""seq0060""]","[192, 196]",16,12,4,0.25
2075,"[16600, 16604]","[""seq0061""]","[0, 4]",6,5,1,0.16666666666666663
2076,"[16608, 16612]","[""seq0061""]","[8, 12]",16,12,4,0.25
2077,"[16616, 16620]","[""seq0061""]","[16, 20]",16,12,4,0.25
2078,"[16624, 16628]","[""seq0061""]","[24, 28]",16,12,4,0.25
2079,"[16632, 16636]","[""seq0061""]","[32, 36]",16,12,4,0.25
2080,"[16640, 16644]","[""seq0061""]","[40, 44]",16,12,4,0.25
2081,"[16648, 16652]","[""seq0061""]","[48, 52]",16,12,4,0.25
2082,"[16656, 16660]","[""seq0061""]","[56, 60]",16,12,4,0.25
2083,"[16664, 16668]","[""seq0061""]","[64, 68]",16,12,4,0.25
2084,"[16672, 16676]","[""seq0061""]","[72, 76]",16,12,4,0.25
2085,"[16680, 16684]","[""seq0061""]","[80, 84]",16,12,4,0.25
2086,"[16688, 16692]","[""seq0061""]","[88, 92]",16,12,4,0.25
2087,"[16696, 16700]","[""seq0061""]","[96, 100]",16,12,4,0.25
2088,"[16704, 16708]","[""seq0061""]","[104, 108]",16,12,4,0.25
2089,"[16712, 16716]","[""seq0061""]","[112, 116]",16,12,4,0.25
2090,"[16720, 16724]","[""seq0061""]","[120, 124]",16,12,4,0.25
2091,"[16728, 16732]","[""seq0061""]","[128, 132]",16,12,4,0.25
2092,"[16736, 16740]","[""seq0061""]","[136, 140]",16,12,4,0.25
2093,"[16744, 16748]","[""seq0061""]","[144, 148]",16,12,4,0.25
2094,"[16752, 16756]","[""seq0061""]","[152, 156]",16,12,4,0.25
2095,"[16760, 16764]","[""seq0061""]","[160, 164]",16,12,4,0.25
2096,"[16768, 16772]","[""seq0061""]","[168, 172]",16,12,4,0.25
2097,"[16776, 16780]","[""seq0061""]","[176, 180]",16,12,4,0.25
2098,"[16784, 16788]","[""seq0061""]","[184, 188]",16,12,4,0.25
2099,"[16792, 16796]","[""seq0061""]","[192, 196]",16,12,4,0.25
2100,"[16800, 16804]","[""seq0061""]","[200, 204]",16,12,4,0.25
2101,"[16808, 16812]","[""seq0061""]","[208, 212]",16,12,4,0.25
2102,"[16816, 16820]","[""seq0061""]","[216, 220]",16,12,4,0.25
2103,"[16824, 16828]","[""seq0061""]","[224, 228]",16,12,4,0.25
2104,"[16832, 16836]","[""seq0061""]","[232, 236]",16,12,4,0.25
2105,"[16840, 16844]","[""seq0061""]","[240, 244]",16,12,4,0.25
2106,"[16848, 16852]","[""seq0061""]","[248, 252]",16,12,4,0.25
2107,"[16856, 16860]","[""seq0061""]","[256, 260]",16,12,4,0.25
2108,"[16864, 16868]","[""seq0061""]","[264, 268]",16,12,4,0.25
2109,"[16872, 16876]","[""seq0061""]","[272, 276]",16,12,4,0.25
2110,"[16880, 16884]","[""seq0061""]","[280, 284]",16,12,4,0.25
2111,"[16888, 16892]","[""seq0061""]","[288, 292]",16,12,4,0.25
2112,"[16896, 16900]","[""seq0061""]","[296, 300]",16,12,4,0.25
2113,"[16904, 16908]","[""seq0061""]","[304, 308]",16,12,4,0.25
2114,"[16912, 16916]","[""seq0061""]","[312, 316]",16,12,4,0.25
2115,"[16920, 16924]","[""seq0061""]","[320, 324]",16,12,4,0.25
2116,"[16928, 16932]","[""seq0061""]","[328, 332]",16,12,4,0.25
2117,"[16936, 16940]","[""seq0061""]","[336, 340]",16,12,4,0.25
2118,"[16944, 16948]","[""seq0061""]","[344, 348]",16,12,4,0.25
2119,"[16952, 16956]","[""seq0061""]","[352, 356]",16,12,4,0.25
2120,"[16960, 16964]","[""seq0061""]","[360, 364]",16,12,4,0.25
2121,"[16968, 16972]","[""seq0061""]","[368, 372]",16,12,4,0.25
2122,"[16976, 16980]","[""seq0061""]","[376, 380]",16,12,4,0.25
2123,"[16984, 16988]","[""seq0061""]","[384, 388]",16,12,4,0.25
2124,"[16992, 16996]","[""seq0061""]","[392, 396]",16,12,4,0.25
2125,"[17000, 17004]","[""seq0062""]","[0, 4]",6,5,1,0.16666666666666663
2126,"[17008, 17012]","[""seq0062""]","[8, 12]",16,12,4,0.25
2127,"[17016, 17020]","[""seq0062""]","[16, 20]",16,12,4,0.25
2128,"[17024, 17028]","[""seq0062""]","[24, 28]",16,12,4,0.25
2129,"[17032, 17036]","[""seq0062""]","[32, 36]",16,12,4,0.25
2130,"[17040, 17044]","[""seq0062""]","[40, 44]",16,12,4,0.25
2131,"[17048, 17052]","[""seq0062""]","[48, 52]",16,12,4,0.25
2132,"[17056, 17060]","[""seq0062""]","[56, 60]",16,12,4,0.25
2133,"[17064, 17068]","[""seq0062""]","[64, 68]",16,12,4,0.25
2134,"[17072, 17076]","[""seq0062""]","[72, 76]",16,12,4,0.25
2135,"[17080, 17084]","[""seq0062""]","[80, 84]",16,12,4,0.25
2136,"[17088, 17092]","[""seq0062""]","[88, 92]",16,12,4,0.25
2137,"[17096, 17100]","[""seq0062""]","[96, 100]",16,12,4,0.25
2138,"[17104, 17108]","[""seq0062""]","[104, 108]",16,12,4,0.25
2139,"[17112, 17116]","[""seq0062""]","[112, 116]",16,12,4,0.25
2140,"[17120, 17124]","[""seq0062""]","[120, 124]",16,12,4,0.25
2141,"[17128, 17132]","[""seq0062""]","[128, 132]",16,12,4,0.25
2142,"[17136, 17140]","[""seq0062""]","[136, 140]",16,12,4,0.25
2143,"[17144, 17148]","[""seq0062""]","[144, 148]",16,12,4,0.25
2144,"[17152, 17156]","[""seq0062""]","[152, 156]",16,12,4,0.25
2145,"[17160, 17164]","[""seq0062""]","[160, 164]",16,12,4,0.25
2146,"[17168, 17172]","[""seq0062""]","[168, 172]",16,12,4,0.25
2147,"[17176, 17180]","[""seq0062""]","[176, 180]",16,12,4,0.25
2148,"[17184, 17188]","[""seq0062""]","[184, 188]",16,12,4,0.25
2149,"[17192, 17196]","[""seq0062""]","[192, 196]",16,12,4,0.25
2150,"[17200, 17204]","[""seq0062""]","[200, 204]",16,12,4,0.25
2151,"[17208, 17212]","[""seq0062""]","[208, 212]",16,12,4,0.25
2152,"[17216, 17220]","[""seq0062""]","[216, 220]",16,12,4,0.25
2153,"[17224, 17228]","[""seq0062""]","[224, 228]",16,12,4,0.25
2154,"[17232, 17236]","[""seq0062""]","[232, 236]",16,12,4,0.25
2155,"[17240, 17244]","[""seq0062""]","[240, 244]",16,12,4,0.25
2156,"[17248, 17252]","[""seq0062""]","[248, 252]",16,12,4,0.25
2157,"[17256, 17260]","[""seq0062""]","[256, 260]",16,12,4,0.25
2158,"[17264, 17268]","[""seq0062""]","[264, 268]",16,12,4,0.25
2159,"[17272, 17276]","[""seq0062""]","[272, 276]",16,12,4,0.25
2160,"[17280, 17284]","[""seq0062""]","[280, 284]",16,12,4,0.25
2161,"[17288, 17292]","[""seq0062""]","[288, 292]",16,12,4,0.25
2162,"[17296, 17300]","[""seq0062""]","[296, 300]",16,12,4,0.25
2163,"[17304, 17308]","[""seq0062""]","[304, 308]",16,12,4,0.25
2164,"[17312, 17316]","[""seq0062""]","[312, 316]",16,12,4,0.25
2165,"[17320, 17324]","[""seq0062""]","[320, 324]",16,12,4,0.25
2166,"[17328, 17332]","[""seq0062""]","[328, 332]",16,12,4,0.25
2167,"[17336, 17340]","[""seq0062""]","[336, 340]",16,12,4,0.25
2168,"[17344, 17348]","[""seq0062""]","[344, 348]",16,12,4,0.25
2169,"[17352, 17356]","[""seq0062""]","[352, 356]",16,12,4,0.25
2170,"[17360, 17364]","[""seq0062""]","[360, 364]",16,12,4,0.25
2171,"[17368, 17372]","[""seq0062""]","[368, 372]",16,12,4,0.25
2172,"[17376, 17380]","[""seq0062""]","[376, 380]",16,12,4,0.25
2173,"[17384, 17388]","[""seq0062""]","[384, 388]",16,12,4,0.25
2174,"[17392, 17396]","[""seq0062""]","[392, 396]",16,12,4,0.25
2175,"[17400, 17404]","[""seq0063""]","[0, 4]",6,5,1,0.16666666666666663
2176,"[17408, 17412]","[""seq0063""]","[8, 12]",16,12,4,0.25
2177,"[17416, 17420]","[""seq0063""]","[16, 20]",16,12,4,0.25
2178,"[17424, 17428]","[""seq0063""]","[24, 28]",16,12,4,0.25
2179,"[17432, 17436]","[""seq0063""]","[32, 36]",16,12,4,0.25
2180,"[17440, 17444]","[""seq0063""]","[40, 44]",16,12,4,0.25
2181,"[17448, 17452]","[""seq0063""]","[48, 52]",16,12,4,0.25
2182,"[17456, 17460]","[""seq0063""]","[56, 60]",16,12,4,0.25
2183,"[17464, 17468]","[""seq0063""]","[64, 68]",16,12,4,0.25
2184,"[17472, 17476]","[""seq0063""]","[72, 76]",16,12,4,0.25
2185,"[17480, 17484]","[""seq0063""]","[80, 84]",16,12,4,0.25
2186,"[17488, 17492]","[""seq0063""]","[88, 92]",16,12,4,0.25
2187,"[17496, 17500]","[""seq0063""]","[96, 100]",16,12,4,0.25
2188,"[17504, 17508]","[""seq0063""]","[104, 108]",16,12,4,0.25
2189,"[17512, 17516]","[""seq0063""]","[112, 116]",16,12,4,0.25
2190,"[17520, 17524]","[""seq0063""]","[120, 124]",16,12,4,0.25
2191,"[17528, 17532]","[""seq0063""]","[128, 132]",16,12,4,0.25
2192,"[17536, 17540]","[""seq0063""]","[136, 140]",16,12,4,0.25
2193,"[17544, 17548]","[""seq0063""]","[144, 148]",16,12,4,0.25
2194,"[17552, 17556]","[""seq0063""]","[152, 156]",16,12,4,0.25
2195,"[17560, 17564]","[""seq0063""]","[160, 164]",16,12,4,0.25
2196,"[17568, 17572]","[""seq0063""]","[168, 172]",16,12,4,0.25
2197,"[17576, 17580]","[""seq0063""]","[176, 180]",16,12,4,0.25
2198,"[17584, 17588]","[""seq0063""]","[184, 188]",16,12,4,0.25
2199,"[17592, 17596]","[""seq0063""]","[192, 196]",16,12,4,0.25
2200,"[17600, 17604]","[""seq0063""]","[200, 204]",16,12,4,0.25
2201,"[17608, 17612]","[""seq0063""]","[208, 212]",16,12,4,0.25
2202,"[17616, 17620]","[""seq0063""]","[216, 220]",16,12,4,0.25
2203,"[17624, 17628]","[""seq0063""]","[224, 228]",16,12,4,0.25
2204,"[17632, 17636]","[""seq0063""]","[232, 236]",16,12,4,0.25
2205,"[17640, 17644]","[""seq0063""]","[240, 244]",16,12,4,0.25
2206,"[17648, 17652]","[""seq0063""]","[248, 252]",16,12,4,0.25
2207,"[17656, 17660]","[""seq0063""]","[256, 260]",16,12,4,0.25
2208,"[17664, 17668]","[""seq0063""]","[264, 268]",16,12,4,0.25
2209,"[17672, 17676]","[""seq0063""]","[272, 276]",16,12,4,0.25
2210,"[17680, 17684]","[""seq0063""]","[280, 284]",16,12,4,0.25
2211,"[17688, 17692]","[""seq0063""]","[288, 292]",16,12,4,0.25
2212,"[17696, 17700]","[""seq0063""]","[296, 300]",16,12,4,0.25
2213,"[17704, 17708]","[""seq0063""]","[304, 308]",16,12,4,0.25
2214,"[17712, 17716]","[""seq0063""]","[312, 316]",16,12,4,0.25
2215,"[17720, 17724]","[""seq0063""]","[320, 324]",16,12,4,0.25
2216,"[17728, 17732]","[""seq0063""]","[328, 332]",16,12,4,0.25
2217,"[17736, 17740]","[""seq0063""]","[336, 340]",16,12,4,0.25
2218,"[17744, 17748]","[""seq0063""]","[344, 348]",16,12,4,0.25
2219,"[17752, 17756]","[""seq0063""]","[352, 356]",16,12,4,0.25
2220,"[17760, 17764]","[""seq0063""]","[360, 364]",16,12,4,0.25
2221,"[17768, 17772]","[""seq0063""]","[368, 372]",16,12,4,0.25
2222,"[17776, 17780]","[""seq0063""]","[376, 380]",16,12,4,0.25
2223,"[17784, 17788]","[""seq0063""]","[384, 388]",16,12,4,0.25
2224,"[17792, 17796]","[""seq0063""]","[392, 396]",16,12,4,0.25
2225,"[17800, 17804]","[""seq0064""]","[0, 4]",6,5,1,0.16666666666666663
2226,"[17808, 17812]","[""seq0064""]","[8, 12]",16,12,4,0.25
2227,"[17816, 17820]","[""seq0064""]","[16, 20]",16,12,4,0.25
2228,"[17824, 17828]","[""seq0064""]","[24, 28]",16,12,4,0.25
2229,"[17832, 17836]","[""seq0064""]","[32, 36]",16,12,4,0.25
2230,"[17840, 17844]","[""seq0064""]","[40, 44]",16,12,4,0.25
2231,"[17848, 17852]","[""seq0064""]","[48, 52]",16,12,4,0.25
2232,"[17856, 17860]","[""seq0064""]","[56, 60]",16,12,4,0.25
2233,"[17864, 17868]","[""seq0064""]","[64, 68]",16,12,4,0.25
2234,"[17872, 17876]","[""seq0064""]","[72, 76]",16,12,4,0.25
2235,"[17880, 17884]","[""seq0064""]","[80, 84]",16,12,4,0.25
2236,"[17888, 17892]","[""seq0064""]","[88, 92]",16,12,4,0.25
2237,"[17896, 17900]","[""seq0064""]","[96, 100]",16,12,4,0.25
2238,"[17904, 17908]","[""seq0064""]","[104, 108]",16,12,4,0.25
2239,"[17912, 17916]","[""seq0064""]","[112, 116]",16,12,4,0.25
2240,"[17920, 17924]","[""seq0064""]","[120, 124]",16,12,4,0.25
2241,"[17928, 17932]","[""seq0064""]","[128, 132]",16,12,4,0.25
2242,"[17936, 17940]","[""seq0064""]","[136, 140]",16,12,4,0.25
2243,"[17944, 17948]","[""seq0064""]","[144, 148]",16,12,4,0.25
2244,"[17952, 17956]","[""seq0064""]","[152, 156]",16,12,4,0.25
2245,"[17960, 17964]","[""seq0064""]","[160, 164]",16,12,4,0.25
2246,"[17968, 17972]","[""seq0064""]","[168, 172]",16,12,4,0.25
2247,"[17976, 17980]","[""seq0064""]","[176, 180]",16,12,4,0.25
2248,"[17984, 17988]","[""seq0064""]","[184, 188]",16,12,4,0.25
2249,"[17992, 17996]","[""seq0064""]","[192, 196]",16,12,4,0.25
2250,"[18000, 18004]","[""seq0064""]","[200, 204]",16,12,4,0.25
2251,"[18008, 18012]","[""seq0064""]","[208, 212]",16,12,4,0.25
2252,"[18016, 18020]","[""seq0064""]","[216, 220]",16,12,4,0.25
2253,"[18024, 18028]","[""seq0064""]","[224, 228]",16,12,4,0.25
2254,"[18032, 18036]","[""seq0064""]","[232, 236]",16,12,4,0.25
2255,"[18040, 18044]","[""seq0064""]","[240, 244]",16,12,4,0.25
2256,"[18048, 18052]","[""seq0064""]","[248, 252]",16,12,4,0.25
2257,"[18056, 18060]","[""seq0064""]","[256, 260]",16,12,4,0.25
2258,"[18064, 18068]","[""seq0064""]","[264, 268]",16,12,4,0.25
2259,"[18072, 18076]","[""seq0064""]","[272, 276]",16,12,4,0.25
2260,"[18080, 18084]","[""seq0064""]","[280, 284]",16,12,4,0.25
2261,"[18088, 18092]","[""seq0064""]","[288, 292]",16,12,4,0.25
2262,"[18096, 18100]","[""seq0064""]","[296, 300]",16,12,4,0.25
2263,"[18104, 18108]","[""seq0064""]","[304, 308]",16,12,4,0.25
2264,"[18112, 18116]","[""seq0064""]","[312, 316]",16,12,4,0.25
2265,"[18120, 18124]","[""seq0064""]","[320, 324]",16,12,4,0.25
2266,"[18128, 18132]","[""seq0064""]","[328, 332]",16,12,4,0.25
2267,"[18136, 18140]","[""seq0064""]","[336, 340]",16,12,4,0.25
2268,"[18144, 18148]","[""seq0064""]","[344, 348]",16,12,4,0.25
2269,"[18152, 18156]","[""seq0064""]","[352, 356]",16,12,4,0.25
2270,"[18160, 18164]","[""seq0064""]","[360, 364]",16,12,4,0.25
2271,"[18168, 18172]","[""seq0064""]","[368, 372]",16,12,4,0.25
2272,"[18176, 18180]","[""seq0064""]","[376, 380]",16,12,4,0.25
2273,"[18184, 18188]","[""seq0064""]","[384, 388]",16,12,4,0.25
2274,"[18192, 18196]","[""seq0064""]","[392, 396]",16,12,4,0.25
2275,"[18200, 18204]","[""seq0069""]","[0, 4]",6,5,1,0.16666666666666663
2276,"[18208, 18212]","[""seq0069""]","[8, 12]",16,12,4,0.25
2277,"[18216, 18220]","[""seq0069""]","[16, 20]",16,12,4,0.25
2278,"[18224, 18228]","[""seq0069""]","[24, 28]",16,12,4,0.25
2279,"[18232, 18236]","[""seq0069""]","[32, 36]",16,12,4,0.25
2280,"[18240, 18244]","[""seq0069""]","[40, 44]",16,12,4,0.25
2281,"[18248, 18252]","[""seq0069""]","[48, 52]",16,12,4,0.25
2282,"[18256, 18260]","[""seq0069""]","[56, 60]",16,12,4,0.25
2283,"[18264, 18268]","[""seq0069""]","[64, 68]",16,12,4,0.25
2284,"[18272, 18276]","[""seq0069""]","[72, 76]",16,12,4,0.25
2285,"[18280, 18284]","[""seq0069""]","[80, 84]",16,12,4,0.25
2286,"[18288, 18292]","[""seq0069""]","[88, 92]",16,12,4,0.25
2287,"[18296, 18300]","[""seq0069""]","[96, 100]",16,12,4,0.25
2288,"[18304, 18308]","[""seq0069""]","[104, 108]",16,12,4,0.25
2289,"[18312, 18316]","[""seq0069""]","[112, 116]",16,12,4,0.25
2290,"[18320, 18324]","[""seq0069""]","[120, 124]",16,12,4,0.25
2291,"[18328, 18332]","[""seq0069""]","[128, 132]",16,12,4,0.25
2292,"[18336, 18340]","[""seq0069""]","[136, 140]",16,12,4,0.25
2293,"[18344, 18348]","[""seq0069""]","[144, 148]",16,12,4,0.25
2294,"[18352, 18356]","[""seq0069""]","[152, 156]",16,12,4,0.25
2295,"[18360, 18364]","[""seq0069""]","[160, 164]",16,12,4,0.25
2296,"[18368, 18372]","[""seq0069""]","[168, 172]",16,12,4,0.25
2297,"[18376, 18380]","[""seq0069""]","[176, 180]",16,12,4,0.25
2298,"[18384, 18388]","[""seq0069""]","[184, 188]",16,12,4,0.25
2299,"[18392, 18396]","[""seq0069""]","[192, 196]",16,12,4,0.25
2300,"[18400, 18404]","[""seq0069""]","[200, 204]",16,12,4,0.25
2301,"[18408, 18412]","[""seq0069""]","[208, 212]",16,12,4,0.25
2302,"[18416, 18420]","[""seq0069""]","[216, 220]",16,12,4,0.25
2303,"[18424, 18428]","[""seq0069""]","[224, 228]",16,12,4,0.25
2304,"[18432, 18436]","[""seq0069""]","[232, 236]",16,12,4,0.25
2305,"[18440, 18444]","[""seq0069""]","[240, 244]",16,12,4,0.25
2306,"[18448, 18452]","[""seq0069""]","[248, 252]",16,12,4,0.25
2307,"[18456, 18460]","[""seq0069""]","[256, 260]",16,12,4,0.25
2308,"[18464, 18468]","[""seq0069""]","[264, 268]",16,12,4,0.25
2309,"[18472, 18476]","[""seq0069""]","[272, 276]",16,12,4,0.25
2310,"[18480, 18484]","[""seq0069""]","[280, 284]",16,12,4,0.25
2311,"[18488, 18492]","[""seq0069""]","[288, 292]",16,12,4,0.25
2312,"[18496, 18500]","[""seq0069""]","[296, 300]",16,12,4,0.25
2313,"[18504, 18508]","[""seq0069""]","[304, 308]",16,12,4,0.25
2314,"[18512, 18516]","[""seq0069""]","[312, 316]",16,12,4,0.25
2315,"[18520, 18524]","[""seq0069""]","[320, 324]",16,12,4,0.25
2316,"[18528, 18532]","[""seq0069""]","[328, 332]",16,12,4,0.25
2317,"[18536, 18540]","[""seq0069""]","[336, 340]",16,12,4,0.25
2318,"[18544, 18548]","[""seq0069""]","[344, 348]",16,12,4,0.25
2319,"[18552, 18556]","[""seq0069""]","[352, 356]",16,12,4,0.25
2320,"[18560, 18564]","[""seq0069""]","[360, 364]",16,12,4,0.25
2321,"[18568, 18572]","[""seq0069""]","[368, 372]",16,12,4,0.25
2322,"[18576, 18580]","[""seq0069""]","[376, 380]",16,12,4,0.25
2323,"[18584, 18588]","[""seq0069""]","[384, 388]",16,12,4,0.25
2324,"[18592, 18596]","[""seq0069""]","[392, 396]",16,12,4,0.25
2325,"[18600, 18604]","[""seq0070""]","[0, 4]",6,5,1,0.16666666666666663
2326,"[18608, 18612]","[""seq0070""]","[8, 12]",16,12,4,0.25
2327,"[18616, 18620]","[""seq0070""]","[16, 20]",16,12,4,0.25
2328,"[18624, 18628]","[""seq0070""]","[24, 28]",16,12,4,0.25
2329,"[18632, 18636]","[""seq0070""]","[32, 36]",16,12,4,0.25
2330,"[18640, 18644]","[""seq0070""]","[40, 44]",16,12,4,0.25
2331,"[18648, 18652]","[""seq0070""]","[48, 52]",16,12,4,0.25
2332,"[18656, 18660]","[""seq0070""]","[56, 60]",16,12,4,0.25
2333,"[18664, 18668]","[""seq0070""]","[64, 68]",16,12,4,0.25
2334,"[18672, 18676]","[""seq0070""]","[72, 76]",16,12,4,0.25
2335,"[18680, 18684]","[""seq0070""]","[80, 84]",16,12,4,0.25
2336,"[18688, 18692]","[""seq0070""]","[88, 92]",16,12,4,0.25
2337,"[18696, 18700]","[""seq0070""]","[96, 100]",16,12,4,0.25
2338,"[18704, 18708]","[""seq0070""]","[104, 108]",16,12,4,0.25
2339,"[18712, 18716]","[""seq0070""]","[112, 116]",16,12,4,0.25
2340,"[18720, 18724]","[""seq0070""]","[120, 124]",16,12,4,0.25
2341,"[18728, 18732]","[""seq0070""]","[128, 132]",16,12,4,0.25
2342,"[18736, 18740]","[""seq0070""]","[136, 140]",16,12,4,0.25
2343,"[18744, 18748]","[""seq0070""]","[144, 148]",16,12,4,0.25
2344,"[18752, 18756]","[""seq0070""]","[152, 156]",16,12,4,0.25
2345,"[18760, 18764]","[""seq0070""]","[160, 164]",16,12,4,0.25
2346,"[18768, 18772]","[""seq0070""]","[168, 172]",16,12,4,0.25
2347,"[18776, 18780]","[""seq0070""]","[176, 180]",16,12,4,0.25
2348,"[18784, 18788]","[""seq0070""]","[184, 188]",16,12,4,0.25
2349,"[18792, 18796]","[""seq0070""]","[192, 196]",16,12,4,0.25
2350,"[18800, 18804]","[""seq0070""]","[200, 204]",16,12,4,0.25
2351,"[18808, 18812]","[""seq0070""]","[208, 212]",16,12,4,0.25
2352,"[18816, 18820]","[""seq0070""]","[216, 220]",16,12,4,0.25
2353,"[18824, 18828]","[""seq0070""]","[224, 228]",16,12,4,0.25
2354,"[18832, 18836]","[""seq0070""]","[232, 236]",16,12,4,0.25
2355,"[18840, 18844]","[""seq0070""]","[240, 244]",16,12,4,0.25
2356,"[18848, 18852]","[""seq0070""]","[248, 252]",16,12,4,0.25
2357,"[18856, 18860]","[""seq0070""]","[256, 260]",16,12,4,0.25
2358,"[18864, 18868]","[""seq0070""]","[264, 268]",16,12,4,0.25
2359,"[18872, 18876]","[""seq0070""]","[272, 276]",16,12,4,0.25
2360,"[18880, 18884]","[""seq0070""]","[280, 284]",16,12,4,0.25
2361,"[18888, 18892]","[""seq0070""]","[288, 292]",16,12,4,0.25
2362,"[18896, 18900]","[""seq0070""]","[296, 300]",16,12,4,0.25
2363,"[18904, 18908]","[""seq0070""]","[304, 308]",16,12,4,0.25
2364,"[18912, 18916]","[""seq0070""]","[312, 316]",16,12,4,0.25
2365,"[18920, 18924]","[""seq0070""]","[320, 324]",16,12,4,0.25
2366,"[18928, 18932]","[""seq0070""]","[328, 332]",16,12,4,0.25
2367,"[18936, 18940]","[""seq0070""]","[336, 340]",16,12,4,0.25
2368,"[18944, 18948]","[""seq0070""]","[344, 348]",16,12,4,0.25
2369,"[18952, 18956]","[""seq0070""]","[352, 356]",16,12,4,0.25
2370,"[18960, 18964]","[""seq0070""]","[360, 364]",16,12,4,0.25
2371,"[18968, 18972]","[""seq0070""]","[368, 372]",16,12,4,0.25
2372,"[18976, 18980]","[""seq0070""]","[376, 380]",16,12,4,0.25
2373,"[18984, 18988]","[""seq0070""]","[384, 388]",16,12,4,0.25
2374,"[18992, 18996]","[""seq0070""]","[392, 396]",16,12,4,0.25
2375,"[19000, 19004]","[""seq0071""]","[0, 4]",6,5,1,0.16666666666666663
2376,"[19008, 19012]","[""seq0071""]","[8, 12]",16,12,4,0.25
2377,"[19016, 19020]","[""seq0071""]","[16, 20]",16,12,4,0.25
2378,"[19024, 19028]","[""seq0071""]","[24, 28]",16,12,4,0.25
2379,"[19032, 19036]","[""seq0071""]","[32, 36]",16,12,4,0.25
2380,"[19040, 19044]","[""seq0071""]","[40, 44]",16,12,4,0.25
2381,"[19048, 19052]","[""seq0071""]","[48, 52]",16,12,4,0.25
2382,"[19056, 19060]","[""seq0071""]","[56, 60]",16,12,4,0.25
2383,"[19064, 19068]","[""seq0071""]","[64, 68]",16,12,4,0.25
2384,"[19072, 19076]","[""seq0071""]","[72, 76]",16,12,4,0.25
2385,"[19080, 19084]","[""seq0071""]","[80, 84]",16,12,4,0.25
2386,"[19088, 19092]","[""seq0071""]","[88, 92]",16,12,4,0.25
2387,"[19096, 19100]","[""seq0071""]","[96, 100]",16,12,4,0.25
2388,"[19104, 19108]","[""seq0071""]","[104, 108]",16,12,4,0.25
2389,"[19112, 19116]","[""seq0071""]","[112, 116]",16,12,4,0.25
2390,"[19120, 19124]","[""seq0071""]","[120, 124]",16,12,4,0.25
2391,"[19128, 19132]","[""seq0071""]","[128, 132]",16,12,4,0.25
2392,"[19136, 19140]","[""seq0071""]","[136, 140]",16,12,4,0.25
2393,"[19144, 19148]","[""seq0071""]","[144, 148]",16,12,4,0.25
2394,"[19152, 19156]","[""seq0071""]","[152, 156]",16,12,4,0.25
2395,"[19160, 19164]","[""seq0071""]","[160, 164]",16,12,4,0.25
2396,"[19168, 19172]","[""seq0071""]","[168, 172]",16,12,4,0.25
2397,"[19176, 19180]","[""seq0071""]","[176, 180]",16,12,4,0.25
2398,"[19184, 19188]","[""seq0071""]","[184, 188]",16,12,4,0.25
2399,"[19192, 19196]","[""seq0071""]","[192, 196]",16,12,4,0.25
2400,"[19200, 19204]","[""seq0071""]","[200, 204]",16,12,4,0.25
2401,"[19208, 19212]","[""seq0071""]","[208, 212]",16,12,4,0.25
2402,"[19216, 19220]","[""seq0071""]","[216, 220]",16,12,4,0.25
2403,"[19224, 19228]","[""seq0071""]","[224, 228]",16,12,4,0.25
2404,"[19232, 19236]","[""seq0071""]","[232, 236]",16,12,4,0.25
2405,"[19240, 19244]","[""seq0071""]","[240, 244]",16,12,4,0.25
2406,"[19248, 19252]","[""seq0071""]","[248, 252]",16,12,4,0.25
2407,"[19256, 19260]","[""seq0071""]","[256, 260]",16,12,4,0.25
2408,"[19264, 19268]","[""seq0071""]","[264, 268]",16,12,4,0.25
2409,"[19272, 19276]","[""seq0071""]","[272, 276]",16,12,4,0.25
2410,"[19280, 19284]","[""seq0071""]","[280, 284]",16,12,4,0.25
2411,"[19288, 19292]","[""seq0071""]","[288, 292]",16,12,4,0.25
2412,"[19296, 19300]","[""seq0071""]","[296, 300]",16,12,4,0.25
2413,"[19304, 19308]","[""seq0071""]","[304, 308]",16,12,4,0.25
2414,"[19312, 19316]","[""seq0071""]","[312, 316]",16,12,4,0.25
2415,"[19320, 19324]","[""seq0071""]","[320, 324]",16,12,4,0.25
2416,"[19328, 19332]","[""seq0071""]","[328, 332]",16,12,4,0.25
2417,"[19336, 19340]","[""seq0071""]","[336, 340]",16,12,4,0.25
2418,"[19344, 19348]","[""seq0071""]","[344, 348]",16,12,4,0.25
2419,"[19352, 19356]","[""seq0071""]","[352, 356]",16,12,4,0.25
2420,"[19360, 19364]","[""seq0071""]","[360, 364]",16,12,4,0.25
2421,"[19368, 19372]","[""seq0071""]","[368, 372]",16,12,4,0.25
2422,"[19376, 19380]","[""seq0071""]","[376, 380]",16,12,4,0.25
2423,"[19384, 19388]","[""seq0071""]","[384, 388]",16,12,4,0.25
2424,"[19392, 19396]","[""seq0071""]","[392, 396]",16,12,4,0.25
2425,"[19400, 19404]","[""seq0072""]","[0, 4]",6,5,1,0.16666666666666663
2426,"[19408, 19412]","[""seq0072""]","[8, 12]",16,12,4,0.25
2427,"[19416, 19420]","[""seq0072""]","[16, 20]",16,12,4,0.25
2428,"[19424, 19428]","[""seq0072""]","[24, 28]",16,12,4,0.25
2429,"[19432, 19436]","[""seq0072""]","[32, 36]",16,12,4,0.25
2430,"[19440, 19444]","[""seq0072""]","[40, 44]",16,12,4,0.25
2431,"[19448, 19452]","[""seq0072""]","[48, 52]",16,12,4,0.25
2432,"[19456, 19460]","[""seq0072""]","[56, 60]",16,12,4,0.25
2433,"[19464, 19468]","[""seq0072""]","[64, 68]",16,12,4,0.25
2434,"[19472, 19476]","[""seq0072""]","[72, 76]",16,12,4,0.25
2435,"[19480, 19484]","[""seq0072""]","[80, 84]",16,12,4,0.25
2436,"[19488, 19492]","[""seq0072""]","[88, 92]",16,12,4,0.25
2437,"[19496, 19500]","[""seq0072""]","[96, 100]",16,12,4,0.25
2438,"[19504, 19508]","[""seq0072""]","[104, 108]",16,12,4,0.25
2439,"[19512, 19516]","[""seq0072""]","[112, 116]",16,12,4,0.25
2440,"[19520, 19524]","[""seq0072""]","[120, 124]",16,12,4,0.25
2441,"[19528, 19532]","[""seq0072""]","[128, 132]",16,12,4,0.25
2442,"[19536, 19540]","[""seq0072""]","[136, 140]",16,12,4,0.25
2443,"[19544, 19548]","[""seq0072""]","[144, 148]",16,12,4,0.25
2444,"[19552, 19556]","[""seq0072""]","[152, 156]",16,12,4,0.25
2445,"[19560, 19564]","[""seq0072""]","[160, 164]",16,12,4,0.25
2446,"[19568, 19572]","[""seq0072""]","[168, 172]",16,12,4,0.25
2447,"[19576, 19580]","[""seq0072""]","[176, 180]",16,12,4,0.25
2448,"[19584, 19588]","[""seq0072""]","[184, 188]",16,12,4,0.25
2449,"[19592, 19596]","[""seq0072""]","[192, 196]",16,12,4,0.25
2450,"[19600, 19604]","[""seq0072""]","[200, 204]",16,12,4,0.25
2451,"[19608, 19612]","[""seq0072""]","[208, 212]",16,12,4,0.25
2452,"[19616, 19620]","[""seq0072""]","[216, 220]",16,12,4,0.25
2453,"[19624, 19628]","[""seq0072""]","[224, 228]",16,12,4,0.25
2454,"[19632, 19636]","[""seq0072""]","[232, 236]",16,12,4,0.25
2455,"[19640, 19644]","[""seq0072""]","[240, 244]",16,12,4,0.25
2456,"[19648, 19652]","[""seq0072""]","[248, 252]",16,12,4,0.25
2457,"[19656, 19660]","[""seq0072""]","[256, 260]",16,12,4,0.25
2458,"[19664, 19668]","[""seq0072""]","[264, 268]",16,12,4,0.25
2459,"[19672, 19676]","[""seq0072""]","[272, 276]",16,12,4,0.25
2460,"[19680, 19684]","[""seq0072""]","[280, 284]",16,12,4,0.25
2461,"[19688, 19692]","[""seq0072""]","[288, 292]",16,12,4,0.25
2462,"[19696, 19700]","[""seq0072""]","[296, 300]",16,12,4,0.25
2463,"[19704, 19708]","[""seq0072""]","[304, 308]",16,12,4,0.25
2464,"[19712, 19716]","[""seq0072""]","[312, 316]",16,12,4,0.25
2465,"[19720, 19724]","[""seq0072""]","[320, 324]",16,12,4,0.25
2466,"[19728, 19732]","[""seq0072""]","[328, 332]",16,12,4,0.25
2467,"[19736, 19740]","[""seq0072""]","[336, 340]",16,12,4,0.25
2468,"[19744, 19748]","[""seq0072""]","[344, 348]",16,12,4,0.25
2469,"[19752, 19756]","[""seq0072""]","[352, 356]",16,12,4,0.25
2470,"[19760, 19764]","[""seq0072""]","[360, 364]",16,12,4,0.25
2471,"[19768, 19772]","[""seq0072""]","[368, 372]",16,12,4,0.25
2472,"[19776, 19780]","[""seq0072""]","[376, 380]",16,12,4,0.25
2473,"[19784, 19788]","[""seq0072""]","[384, 388]",16,12,4,0.25
2474,"[19792, 19796]","[""seq0072""]","[392, 396]",16,12,4,0.25
2475,"[19800, 19804]","[""seq0073""]","[0, 4]",6,5,1,0.16666666666666663
2476,"[19808, 19812]","[""seq0073""]","[8, 12]",16,12,4,0.25
2477,"[19816, 19820]","[""seq0073""]","[16, 20]",16,12,4,0.25
2478,"[19824, 19828]","[""seq0073""]","[24, 28]",16,12,4,0.25
2479,"[19832, 19836]","[""seq0073""]","[32, 36]",16,12,4,0.25
2480,"[19840, 19844]","[""seq0073""]","[40, 44]",16,12,4,0.25
2481,"[19848, 19852]","[""seq0073""]","[48, 52]",16,12,4,0.25
2482,"[19856, 19860]","[""seq0073""]","[56, 60]",16,12,4,0.25
2483,"[19864, 19868]","[""seq0073""]","[64, 68]",16,12,4,0.25
2484,"[19872, 19876]","[""seq0073""]","[72, 76]",16,12,4,0.25
2485,"[19880, 19884]","[""seq0073""]","[80, 84]",16,12,4,0.25
2486,"[19888, 19892]","[""seq0073""]","[88, 92]",16,12,4,0.25
2487,"[19896, 19900]","[""seq0073""]","[96, 100]",16,12,4,0.25
2488,"[19904, 19908]","[""seq0073""]","[104, 108]",16,12,4,0.25
2489,"[19912, 19916]","[""seq0073""]","[112, 116]",16,12,4,0.25
2490,"[19920, 19924]","[""seq0073""]","[120, 124]",16,12,4,0.25
2491,"[19928, 19932]","[""seq0073""]","[128, 132]",16,12,4,0.25
2492,"[19936, 19940]","[""seq0073""]","[136, 140]",16,12,4,0.25
2493,"[19944, 19948]","[""seq0073""]","[144, 148]",16,12,4,0.25
2494,"[19952, 19956]","[""seq0073""]","[152, 156]",16,12,4,0.25
2495,"[19960, 19964]","[""seq0073""]","[160, 164]",16,12,4,0.25
2496,"[19968, 19972]","[""seq0073""]","[168, 172]",16,12,4,0.25
2497,"[19976, 19980]","[""seq0073""]","[176, 180]",16,12,4,0.25
2498,"[19984, 19988]","[""seq0073""]","[184, 188]",16,12,4,0.25
2499,"[19992, 19996]","[""seq0073""]","[192, 196]",16,12,4,0.25
2500,"[20000, 20004]","[""seq0073""]","[200, 204]",16,12,4,0.25
2501,"[20008, 20012]","[""seq0073""]","[208, 212]",16,12,4,0.25
2502,"[20016, 20020]","[""seq0073""]","[216, 220]",16,12,4,0.25
2503,"[20024, 20028]","[""seq0073""]","[224, 228]",16,12,4,0.25
2504,"[20032, 20036]","[""seq0073""]","[232, 236]",16,12,4,0.25
2505,"[20040, 20044]","[""seq0073""]","[240, 244]",16,12,4,0.25
2506,"[20048, 20052]","[""seq0073""]","[248, 252]",16,12,4,0.25
2507,"[20056, 20060]","[""seq0073""]","[256, 260]",16,12,4,0.25
2508,"[20064, 20068]","[""seq0073""]","[264, 268]",16,12,4,0.25
2509,"[20072, 20076]","[""seq0073""]","[272, 276]",16,12,4,0.25
2510,"[20080, 20084]","[""seq0073""]","[280, 284]",16,12,4,0.25
2511,"[20088, 20092]","[""seq0073""]","[288, 292]",16,12,4,0.25
2512,"[20096, 20100]","[""seq0073""]","[296, 300]",16,12,4,0.25
2513,"[20104, 20108]","[""seq0073""]","[304, 308]",16,12,4,0.25
2514,"[20112, 20116]","[""seq0073""]","[312, 316]",16,12,4,0.25
2515,"[20120, 20124]","[""seq0073""]","[320, 324]",16,12,4,0.25
2516,"[20128, 20132]","[""seq0073""]","[328, 332]",16,12,4,0.25
2517,"[20136, 20140]","[""seq0073""]","[336, 340]",16,12,4,0.25
2518,"[20144, 20148]","[""seq0073""]","[344, 348]",16,12,4,0.25
2519,"[20152, 20156]","[""seq0073""]","[352, 356]",16,12,4,0.25
2520,"[20160, 20164]","[""seq0073""]","[360, 364]",16,12,4,0.25
2521,"[20168, 20172]","[""seq0073""]","[368, 372]",16,12,4,0.25
2522,"[20176, 20180]","[""seq0073""]","[376, 380]",16,12,4,0.25
2523,"[20184, 20188]","[""seq0073""]","[384, 388]",16,12,4,0.25
2524,"[20192, 20196]","[""seq0073""]","[392, 396]",16,12,4,0.25
2525,"[20200, 20204]","[""seq0074""]","[0, 4]",6,5,1,0.16666666666666663
2526,"[20208, 20212]","[""seq0074""]","[8, 12]",16,12,4,0.25
2527,"[20216, 20220]","[""seq0074""]","[16, 20]",16,12,4,0.25
2528,"[20224, 20228]","[""seq0074""]","[24, 28]",16,12,4,0.25
2529,"[20232, 20236]","[""seq0074""]","[32, 36]",16,12,4,0.25
2530,"[20240, 20244]","[""seq0074""]","[40, 44]",16,12,4,0.25
2531,"[20248, 20252]","[""seq0074""]","[48, 52]",16,12,4,0.25
2532,"[20256, 20260]","[""seq0074""]","[56, 60]",16,12,4,0.25
2533,"[20264, 20268]","[""seq0074""]","[64, 68]",16,12,4,0.25
2534,"[20272, 20276]","[""seq0074""]","[72, 76]",16,12,4,0.25
2535,"[20280, 20284]","[""seq0074""]","[80, 84]",16,12,4,0.25
2536,"[20288, 20292]","[""seq0074""]","[88, 92]",16,12,4,0.25
2537,"[20296, 20300]","[""seq0074""]","[96, 100]",16,12,4,0.25
2538,"[20304, 20308]","[""seq0074""]","[104, 108]",16,12,4,0.25
2539,"[20312, 20316]","[""seq0074""]","[112, 116]",16,12,4,0.25
2540,"[20320, 20324]","[""seq0074""]","[120, 124]",16,12,4,0.25
2541,"[20328, 20332]","[""seq0074""]","[128, 132]",16,12,4,0.25
2542,"[20336, 20340]","[""seq0074""]","[136, 140]",16,12,4,0.25
2543,"[20344, 20348]","[""seq0074""]","[144, 148]",16,12,4,0.25
2544,"[20352, 20356]","[""seq0074""]","[152, 156]",16,12,4,0.25
2545,"[20360, 20364]","[""seq0074""]","[160, 164]",16,12,4,0.25
2546,"[20368, 20372]","[""seq0074""]","[168, 172]",16,12,4,0.25
2547,"[20376, 20380]","[""seq0074""]","[176, 180]",16,12,4,0.25
2548,"[20384, 20388]","[""seq0074""]","[184, 188]",16,12,4,0.25
2549,"[20392, 20396]","[""seq0074""]","[192, 196]",16,12,4,0.25
2550,"[20400, 20404]","[""seq0074""]","[200, 204]",16,12,4,0.25
2551,"[20408, 20412]","[""seq0074""]","[208, 212]",16,12,4,0.25
2552,"[20416, 20420]","[""seq0074""]","[216, 220]",16,12,4,0.25
2553,"[20424, 20428]","[""seq0074""]","[224, 228]",16,12,4,0.25
2554,"[20432, 20436]","[""seq0074""]","[232, 236]",16,12,4,0.25
2555,"[20440, 20444]","[""seq0074""]","[240, 244]",16,12,4,0.25
2556,"[20448, 20452]","[""seq0074""]","[248, 252]",16,12,4,0.25
2557,"[20456, 20460]","[""seq0074""]","[256, 260]",16,12,4,0.25
2558,"[20464, 20468]","[""seq0074""]","[264, 268]",16,12,4,0.25
2559,"[20472, 20476]","[""seq0074""]","[272, 276]",16,12,4,0.25
2560,"[20480, 20484]","[""seq0074""]","[280, 284]",16,12,4,0.25
2561,"[20488, 20492]","[""seq0074""]","[288, 292]",16,12,4,0.25
2562,"[20496, 20500]","[""seq0074""]","[296, 300]",16,12,4,0.25
2563,"[20504, 20508]","[""seq0074""]","[304, 308]",16,12,4,0.25
2564,"[20512, 20516]","[""seq0074""]","[312, 316]",16,12,4,0.25
2565,"[20520, 20524]","[""seq0074""]","[320, 324]",16,12,4,0.25
2566,"[20528, 20532]","[""seq0074""]","[328, 332]",16,12,4,0.25
2567,"[20536, 20540]","[""seq0074""]","[336, 340]",16,12,4,0.25
2568,"[20544, 20548]","[""seq0074""]","[344, 348]",16,12,4,0.25
2569,"[20552, 20556]","[""seq0074""]","[352, 356]",16,12,4,0.25
2570,"[20560, 20564]","[""seq0074""]","[360, 364]",16,12,4,0.25
2571,"[20568, 20572]","[""seq0074""]","[368, 372]",16,12,4,0.25
2572,"[20576, 20580]","[""seq0074""]","[376, 380]",16,12,4,0.25
2573,"[20584, 20588]","[""seq0074""]","[384, 388]",16,12,4,0.25
2574,"[20592, 20596]","[""seq0074""]","[392, 396]",16,12,4,0.25
2575,"[20600, 20604]","[""seq0076""]","[0, 4]",6,5,1,0.16666666666666663
2576,"[20608, 20612]","[""seq0076""]","[8, 12]",16,12,4,0.25
2577,"[20616, 20620]","[""seq0076""]","[16, 20]",16,12,4,0.25
2578,"[20624, 20628]","[""seq0076""]","[24, 28]",16,12,4,0.25
2579,"[20632, 20636]","[""seq0076""]","[32, 36]",16,12,4,0.25
2580,"[20640, 20644]","[""seq0076""]","[40, 44]",16,12,4,0.25
2581,"[20648, 20652]","[""seq0076""]","[48, 52]",16,12,4,0.25
2582,"[20656, 20660]","[""seq0076""]","[56, 60]",16,12,4,0.25
2583,"[20664, 20668]","[""seq0076""]","[64, 68]",16,12,4,0.25
2584,"[20672, 20676]","[""seq0076""]","[72, 76]",16,12,4,0.25
2585,"[20680, 20684]","[""seq0076""]","[80, 84]",16,12,4,0.25
2586,"[20688, 20692]","[""seq0076""]","[88, 92]",16,12,4,0.25
2587,"[20696, 20700]","[""seq0076""]","[96, 100]",16,12,4,0.25
2588,"[20704, 20708]","[""seq0076""]","[104, 108]",16,12,4,0.25
2589,"[20712, 20716]","[""seq0076""]","[112, 116]",16,12,4,0.25
2590,"[20720, 20724]","[""seq0076""]","[120, 124]",16,12,4,0.25
2591,"[20728, 20732]","[""seq0076""]","[128, 132]",16,12,4,0.25
2592,"[20736, 20740]","[""seq0076""]","[136, 140]",16,12,4,0.25
2593,"[20744, 20748]","[""seq0076""]","[144, 148]",16,12,4,0.25
2594,"[20752, 20756]","[""seq0076""]","[152, 156]",16,12,4,0.25
2595,"[20760, 20764]","[""seq0076""]","[160, 164]",16,12,4,0.25
2596,"[20768, 20772]","[""seq0076""]","[168, 172]",16,12,4,0.25
2597,"[20776, 20780]","[""seq0076""]","[176, 180]",16,12,4,0.25
2598,"[20784, 20788]","[""seq0076""]","[184, 188]",16,12,4,0.25
2599,"[20792, 20796]","[""seq0076""]","[192, 196]",16,12,4,0.25
2600,"[20800, 20804]","[""seq0076""]","[200, 204]",16,12,4,0.25
2601,"[20808, 20812]","[""seq0076""]","[208, 212]",16,12,4,0.25
2602,"[20816, 20820]","[""seq0076""]","[216, 220]",16,12,4,0.25
2603,"[20824, 20828]","[""seq0076""]","[224, 228]",16,12,4,0.25
2604,"[20832, 20836]","[""seq0076""]","[232, 236]",16,12,4,0.25
2605,"[20840, 20844]","[""seq0076""]","[240, 244]",16,12,4,0.25
2606,"[20848, 20852]","[""seq0076""]","[248, 252]",16,12,4,0.25
2607,"[20856, 20860]","[""seq0076""]","[256, 260]",16,12,4,0.25
2608,"[20864, 20868]","[""seq0076""]","[264, 268]",16,12,4,0.25
2609,"[20872, 20876]","[""seq0076""]","[272, 276]",16,12,4,0.25
2610,"[20880, 20884]","[""seq0076""]","[280, 284]",16,12,4,0.25
2611,"[20888, 20892]","[""seq0076""]","[288, 292]",16,12,4,0.25
2612,"[20896, 20900]","[""seq0076""]","[296, 300]",16,12,4,0.25
2613,"[20904, 20908]","[""seq0076""]","[304, 308]",16,12,4,0.25
2614,"[20912, 20916]","[""seq0076""]","[312, 316]",16,12,4,0.25
2615,"[20920, 20924]","[""seq0076""]","[320, 324]",16,12,4,0.25
2616,"[20928, 20932]","[""seq0076""]","[328, 332]",16,12,4,0.25
2617,"[20936, 20940]","[""seq0076""]","[336, 340]",16,12,4,0.25
2618,"[20944, 20948]","[""seq0076""]","[344, 348]",16,12,4,0.25
2619,"[20952, 20956]","[""seq0076""]","[352, 356]",16,12,4,0.25
2620,"[20960, 20964]","[""seq0076""]","[360, 364]",16,12,4,0.25
2621,"[20968, 20972]","[""seq0076""]","[368, 372]",16,12,4,0.25
2622,"[20976, 20980]","[""seq0076""]","[376, 380]",16,12,4,0.25
2623,"[20984, 20988]","[""seq0076""]","[384, 388]",16,12,4,0.25
2624,"[20992, 20996]","[""seq0076""]","[392, 396]",16,12,4,0.25
2625,"[21000, 21004]","[""seq0077""]","[0, 4]",6,5,1,0.16666666666666663
2626,"[21008, 21012]","[""seq0077""]","[8, 12]",16,12,4,0.25
2627,"[21016, 21020]","[""seq0077""]","[16, 20]",16,12,4,0.25
2628,"[21024, 21028]","[""seq0077""]","[24, 28]",16,12,4,0.25
2629,"[21032, 21036]","[""seq0077""]","[32, 36]",16,12,4,0.25
2630,"[21040, 21044]","[""seq0077""]","[40, 44]",16,12,4,0.25
2631,"[21048, 21052]","[""seq0077""]","[48, 52]",16,12,4,0.25
2632,"[21056, 21060]","[""seq0077""]","[56, 60]",16,12,4,0.25
2633,"[21064, 21068]","[""seq0077""]","[64, 68]",16,12,4,0.25
2634,"[21072, 21076]","[""seq0077""]","[72, 76]",16,12,4,0.25
2635,"[21080, 21084]","[""seq0077""]","[80, 84]",16,12,4,0.25
2636,"[21088, 21092]","[""seq0077""]","[88, 92]",16,12,4,0.25
2637,"[21096, 21100]","[""seq0077""]","[96, 100]",16,12,4,0.25
2638,"[21104, 21108]","[""seq0077""]","[104, 108]",16,12,4,0.25
2639,"[21112, 21116]","[""seq0077""]","[112, 116]",16,12,4,0.25
2640,"[21120, 21124]","[""seq0077""]","[120, 124]",16,12,4,0.25
2641,"[21128, 21132]","[""seq0077""]","[128, 132]",16,12,4,0.25
2642,"[21136, 21140]","[""seq0077""]","[136, 140]",16,12,4,0.25
2643,"[21144, 21148]","[""seq0077""]","[144, 148]",16,12,4,0.25
2644,"[21152, 21156]","[""seq0077""]","[152, 156]",16,12,4,0.25
2645,"[21160, 21164]","[""seq0077""]","[160, 164]",16,12,4,0.25
2646,"[21168, 21172]","[""seq0077""]","[168, 172]",16,12,4,0.25
2647,"[21176, 21180]","[""seq0077""]","[176, 180]",16,12,4,0.25
2648,"[21184, 21188]","[""seq0077""]","[184, 188]",16,12,4,0.25
2649,"[21192, 21196]","[""seq0077""]","[192, 196]",16,12,4,0.25
2650,"[21200, 21204]","[""seq0077""]","[200, 204]",16,12,4,0.25
2651,"[21208, 21212]","[""seq0077""]","[208, 212]",16,12,4,0.25
2652,"[21216, 21220]","[""seq0077""]","[216, 220]",16,12,4,0.25
2653,"[21224, 21228]","[""seq0077""]","[224, 228]",16,12,4,0.25
2654,"[21232, 21236]","[""seq0077""]","[232, 236]",16,12,4,0.25
2655,"[21240, 21244]","[""seq0077""]","[240, 244]",16,12,4,0.25
2656,"[21248, 21252]","[""seq0077""]","[248, 252]",16,12,4,0.25
2657,"[21256, 21260]","[""seq0077""]","[256, 260]",16,12,4,0.25
2658,"[21264, 21268]","[""seq0077""]","[264, 268]",16,12,4,0.25
2659,"[21272, 21276]","[""seq0077""]","[272, 276]",16,12,4,0.25
2660,"[21280, 21284]","[""seq0077""]","[280, 284]",16,12,4,0.25
2661,"[21288, 21292]","[""seq0077""]","[288, 292]",16,12,4,0.25
2662,"[21296, 21300]","[""seq0077""]","[296, 300]",16,12,4,0.25
2663,"[21304, 21308]","[""seq0077""]","[304, 308]",16,12,4,0.25
2664,"[21312, 21316]","[""seq0077""]","[312, 316]",16,12,4,0.25
2665,"[21320, 21324]","[""seq0077""]","[320, 324]",16,12,4,0.25
2666,"[21328, 21332]","[""seq0077""]","[328, 332]",16,12,4,0.25
2667,"[21336, 21340]","[""seq0077""]","[336, 340]",16,12,4,0.25
2668,"[21344, 21348]","[""seq0077""]","[344, 348]",16,12,4,0.25
2669,"[21352, 21356]","[""seq0077""]","[352, 356]",16,12,4,0.25
2670,"[21360, 21364]","[""seq0077""]","[360, 364]",16,12,4,0.25
2671,"[21368, 21372]","[""seq0077""]","[368, 372]",16,12,4,0.25
2672,"[21376, 21380]","[""seq0077""]","[376, 380]",16,12,4,0.25
2673,"[21384, 21388]","[""seq0077""]","[384, 388]",16,12,4,0.25
2674,"[21392, 21396]","[""seq0077""]","[392, 396]",16,12,4,0.25
2675,"[21400, 21404]","[""seq0079""]","[0, 4]",6,5,1,0.16666666666666663
2676,"[21408, 21412]","[""seq0079""]","[8, 12]",16,12,4,0.25
2677,"[21416, 21420]","[""seq0079""]","[16, 20]",16,12,4,0.25
2678,"[21424, 21428]","[""seq0079""]","[24, 28]",16,12,4,0.25
2679,"[21432, 21436]","[""seq0079""]","[32, 36]",16,12,4,0.25
2680,"[21440, 21444]","[""seq0079""]","[40, 44]",16,12,4,0.25
2681,"[21448, 21452]","[""seq0079""]","[48, 52]",16,12,4,0.25
2682,"[21456, 21460]","[""seq0079""]","[56, 60]",16,12,4,0.25
2683,"[21464, 21468]","[""seq0079""]","[64, 68]",16,12,4,0.25
2684,"[21472, 21476]","[""seq0079""]","[72, 76]",16,12,4,0.25
2685,"[21480, 21484]","[""seq0079""]","[80, 84]",16,12,4,0.25
2686,"[21488, 21492]","[""seq0079""]","[88, 92]",16,12,4,0.25
2687,"[21496, 21500]","[""seq0079""]","[96, 100]",16,12,4,0.25
2688,"[21504, 21508]","[""seq0079""]","[104, 108]",16,12,4,0.25
2689,"[21512, 21516]","[""seq0079""]","[112, 116]",16,12,4,0.25
2690,"[21520, 21524]","[""seq0079""]","[120, 124]",16,12,4,0.25
2691,"[21528, 21532]","[""seq0079""]","[128, 132]",16,12,4,0.25
2692,"[21536, 21540]","[""seq0079""]","[136, 140]",16,12,4,0.25
2693,"[21544, 21548]","[""seq0079""]","[144, 148]",16,12,4,0.25
2694,"[21552, 21556]","[""seq0079""]","[152, 156]",16,12,4,0.25
2695,"[21560, 21564]","[""seq0079""]","[160, 164]",16,12,4,0.25
2696,"[21568, 21572]","[""seq0079""]","[168, 172]",16,12,4,0.25
2697,"[21576, 21580]","[""seq0079""]","[176, 180]",16,12,4,0.25
2698,"[21584, 21588]","[""seq0079""]","[184, 188]",16,12,4,0.25
2699,"[21592, 21596]","[""seq0079""]","[192, 196]",16,12,4,0.25
2700,"[21600, 21604]","[""seq0079""]","[200, 204]",16,12,4,0.25
2701,"[21608, 21612]","[""seq0079""]","[208, 212]",16,12,4,0.25
2702,"[21616, 21620]","[""seq0079""]","[216, 220]",16,12,4,0.25
2703,"[21624, 21628]","[""seq0079""]","[224, 228]",16,12,4,0.25
2704,"[21632, 21636]","[""seq0079""]","[232, 236]",16,12,4,0.25
2705,"[21640, 21644]","[""seq0079""]","[240, 244]",16,12,4,0.25
2706,"[21648, 21652]","[""seq0079""]","[248, 252]",16,12,4,0.25
2707,"[21656, 21660]","[""seq0079""]","[256, 260]",16,12,4,0.25
2708,"[21664, 21668]","[""seq0079""]","[264, 268]",16,12,4,0.25
2709,"[21672, 21676]","[""seq0079""]","[272, 276]",16,12,4,0.25
2710,"[21680, 21684]","[""seq0079""]","[280, 284]",16,12,4,0.25
2711,"[21688, 21692]","[""seq0079""]","[288, 292]",16,12,4,0.25
2712,"[21696, 21700]","[""seq0079""]","[296, 300]",16,12,4,0.25
2713,"[21704, 21708]","[""seq0079""]","[304, 308]",16,12,4,0.25
2714,"[21712, 21716]","[""seq0079""]","[312, 316]",16,12,4,0.25
2715,"[21720, 21724]","[""seq0079""]","[320, 324]",16,12,4,0.25
2716,"[21728, 21732]","[""seq0079""]","[328, 332]",16,12,4,0.25
2717,"[21736, 21740]","[""seq0079""]","[336, 340]",16,12,4,0.25
2718,"[21744, 21748]","[""seq0079""]","[344, 348]",16,12,4,0.25
2719,"[21752, 21756]","[""seq0079""]","[352, 356]",16,12,4,0.25
2720,"[21760, 21764]","[""seq0079""]","[360, 364]",16,12,4,0.25
2721,"[21768, 21772]","[""seq0079""]","[368, 372]",16,12,4,0.25
2722,"[21776, 21780]","[""seq0079""]","[376, 380]",16,12,4,0.25
2723,"[21784, 21788]","[""seq0079""]","[384, 388]",16,12,4,0.25
2724,"[21792, 21796]","[""seq0079""]","[392, 396]",16,12,4,0.25
2725,"[21800, 21804]","[""seq0080""]","[0, 4]",6,5,1,0.16666666666666663
2726,"[21808, 21812]","[""seq0080""]","[8, 12]",16,12,4,0.25
2727,"[21816, 21820]","[""seq0080""]","[16, 20]",16,12,4,0.25
2728,"[21824, 21828]","[""seq0080""]","[24, 28]",16,12,4,0.25
2729,"[21832, 21836]","[""seq0080""]","[32, 36]",16,12,4,0.25
2730,"[21840, 21844]","[""seq0080""]","[40, 44]",16,12,4,0.25
2731,"[21848, 21852]","[""seq0080""]","[48, 52]",16,12,4,0.25
2732,"[21856, 21860]","[""seq0080""]","[56, 60]",16,12,4,0.25
2733,"[21864, 21868]","[""seq0080""]","[64, 68]",16,12,4,0.25
2734,"[21872, 21876]","[""seq0080""]","[72, 76]",16,12,4,0.25
2735,"[21880, 21884]","[""seq0080""]","[80, 84]",16,12,4,0.25
2736,"[21888, 21892]","[""seq0080""]","[88, 92]",16,12,4,0.25
2737,"[21896, 21900]","[""seq0080""]","[96, 100]",16,12,4,0.25
2738,"[21904, 21908]","[""seq0080""]","[104, 108]",16,12,4,0.25
2739,"[21912, 21916]","[""seq0080""]","[112, 116]",16,12,4,0.25
2740,"[21920, 21924]","[""seq0080""]","[120, 124]",16,12,4,0.25
2741,"[21928, 21932]","[""seq0080""]","[128, 132]",16,12,4,0.25
2742,"[21936, 21940]","[""seq0080""]","[136, 140]",16,12,4,0.25
2743,"[21944, 21948]","[""seq0080""]","[144, 148]",16,12,4,0.25
2744,"[21952, 21956]","[""seq0080""]","[152, 156]",16,12,4,0.25
2745,"[21960, 21964]","[""seq0080""]","[160, 164]",16,12,4,0.25
2746,"[21968, 21972]","[""seq0080""]","[168, 172]",16,12,4,0.25
2747,"[21976, 21980]","[""seq0080""]","[176, 180]",16,12,4,0.25
2748,"[21984, 21988]","[""seq0080""]","[184, 188]",16,12,4,0.25
2749,"[21992, 21996]","[""seq0080""]","[192, 196]",16,12,4,0.25
2750,"[22000, 22004]","[""seq0080""]","[200, 204]",16,12,4,0.25
2751,"[22008, 22012]","[""seq0080""]","[208, 212]",16,12,4,0.25
2752,"[22016, 22020]","[""seq0080""]","[216, 220]",16,12,4,0.25
2753,"[22024, 22028]","[""seq0080""]","[224, 228]",16,12,4,0.25
2754,"[22032, 22036]","[""seq0080""]","[232, 236]",16,12,4,0.25
2755,"[22040, 22044]","[""seq0080""]","[240, 244]",16,12,4,0.25
2756,"[22048, 22052]","[""seq0080""]","[248, 252]",16,12,4,0.25
2757,"[22056, 22060]","[""seq0080""]","[256, 260]",16,12,4,0.25
2758,"[22064, 22068]","[""seq0080""]","[264, 268]",16,12,4,0.25
2759,"[22072, 22076]","[""seq0080""]","[272, 276]",16,12,4,0.25
2760,"[22080, 22084]","[""seq0080""]","[280, 284]",16,12,4,0.25
2761,"[22088, 22092]","[""seq0080""]","[288, 292]",16,12,4,0.25
2762,"[22096, 22100]","[""seq0080""]","[296, 300]",16,12,4,0.25
2763,"[22104, 22108]","[""seq0080""]","[304, 308]",16,12,4,0.25
2764,"[22112, 22116]","[""seq0080""]","[312, 316]",16,12,4,0.25
2765,"[22120, 22124]","[""seq0080""]","[320, 324]",16,12,4,0.25
2766,"[22128, 22132]","[""seq0080""]","[328, 332]",16,12,4,0.25
2767,"[22136, 22140]","[""seq0080""]","[336, 340]",16,12,4,0.25
2768,"[22144, 22148]","[""seq0080""]","[344, 348]",16,12,4,0.25
2769,"[22152, 22156]","[""seq0080""]","[352, 356]",16,12,4,0.25
2770,"[22160, 22164]","[""seq0080""]","[360, 364]",16,12,4,0.25
2771,"[22168, 22172]","[""seq0080""]","[368, 372]",16,12,4,0.25
2772,"[22176, 22180]","[""seq0080""]","[376, 380]",16,12,4,0.25
2773,"[22184, 22188]","[""seq0080""]","[384, 388]",16,12,4,0.25
2774,"[22192, 22196]","[""seq0080""]","[392, 396]",16,12,4,0.25
2775,"[22200, 22204]","[""seq0081""]","[0, 4]",6,5,1,0.16666666666666663
2776,"[22208, 22212]","[""seq0081""]","[8, 12]",16,12,4,0.25
2777,"[22216, 22220]","[""seq0081""]","[16, 20]",16,12,4,0.25
2778,"[22224, 22228]","[""seq0081""]","[24, 28]",16,12,4,0.25
2779,"[22232, 22236]","[""seq0081""]","[32, 36]",16,12,4,0.25
2780,"[22240, 22244]","[""seq0081""]","[40, 44]",16,12,4,0.25
2781,"[22248, 22252]","[""seq0081""]","[48, 52]",16,12,4,0.25
2782,"[22256, 22260]","[""seq0081""]","[56, 60]",16,12,4,0.25
2783,"[22264, 22268]","[""seq0081""]","[64, 68]",16,12,4,0.25
2784,"[22272, 22276]","[""seq0081""]","[72, 76]",16,12,4,0.25
2785,"[22280, 22284]","[""seq0081""]","[80, 84]",16,12,4,0.25
2786,"[22288, 22292]","[""seq0081""]","[88, 92]",16,12,4,0.25
2787,"[22296, 22300]","[""seq0081""]","[96, 100]",16,12,4,0.25
2788,"[22304, 22308]","[""seq0081""]","[104, 108]",16,12,4,0.25
2789,"[22312, 22316]","[""seq0081""]","[112, 116]",16,12,4,0.25
2790,"[22320, 22324]","[""seq0081""]","[120, 124]",16,12,4,0.25
2791,"[22328, 22332]","[""seq0081""]","[128, 132]",16,12,4,0.25
2792,"[22336, 22340]","[""seq0081""]","[136, 140]",16,12,4,0.25
2793,"[22344, 22348]","[""seq0081""]","[144, 148]",16,12,4,0.25
2794,"[22352, 22356]","[""seq0081""]","[152, 156]",16,12,4,0.25
2795,"[22360, 22364]","[""seq0081""]","[160, 164]",16,12,4,0.25
2796,"[22368, 22372]","[""seq0081""]","[168, 172]",16,12,4,0.25
2797,"[22376, 22380]","[""seq0081""]","[176, 180]",16,12,4,0.25
2798,"[22384, 22388]","[""seq0081""]","[184, 188]",16,12,4,0.25
2799,"[22392, 22396]","[""seq0081""]","[192, 196]",16,12,4,0.25
2800,"[22400, 22404]","[""seq0081""]","[200, 204]",16,12,4,0.25
2801,"[22408, 22412]","[""seq0081""]","[208, 212]",16,12,4,0.25
2802,"[22416, 22420]","[""seq0081""]","[216, 220]",16,12,4,0.25
2803,"[22424, 22428]","[""seq0081""]","[224, 228]",16,12,4,0.25
2804,"[22432, 22436]","[""seq0081""]","[232, 236]",16,12,4,0.25
2805,"[22440, 22444]","[""seq0081""]","[240, 244]",16,12,4,0.25
2806,"[22448, 22452]","[""seq0081""]","[248, 252]",16,12,4,0.25
2807,"[22456, 22460]","[""seq0081""]","[256, 260]",16,12,4,0.25
2808,"[22464, 22468]","[""seq0081""]","[264, 268]",16,12,4,0.25
2809,"[22472, 22476]","[""seq0081""]","[272, 276]",16,12,4,0.25
2810,"[22480, 22484]","[""seq0081""]","[280, 284]",16,12,4,0.25
2811,"[22488, 22492]","[""seq0081""]","[288, 292]",16,12,4,0.25
2812,"[22496, 22500]","[""seq0081""]","[296, 300]",16,12,4,0.25
2813,"[22504, 22508]","[""seq0081""]","[304, 308]",16,12,4,0.25
2814,"[22512, 22516]","[""seq0081""]","[312, 316]",16,12,4,0.25
2815,"[22520, 22524]","[""seq0081""]","[320, 324]",16,12,4,0.25
2816,"[22528, 22532]","[""seq0081""]","[328, 332]",16,12,4,0.25
2817,"[22536, 22540]","[""seq0081""]","[336, 340]",16,12,4,0.25
2818,"[22544, 22548]","[""seq0081""]","[344, 348]",16,12,4,0.25
2819,"[22552, 22556]","[""seq0081""]","[352, 356]",16,12,4,0.25
2820,"[22560, 22564]","[""seq0081""]","[360, 364]",16,12,4,0.25
2821,"[22568, 22572]","[""seq0081""]","[368, 372]",16,12,4,0.25
2822,"[22576, 22580]","[""seq0081""]","[376, 380]",16,12,4,0.25
2823,"[22584, 22588]","[""seq0081""]","[384, 388]",16,12,4,0.25
2824,"[22592, 22596]","[""seq0081""]","[392, 396]",16,12,4,0.25
2825,"[22600, 22604]","[""seq0082""]","[0, 4]",6,5,1,0.16666666666666663
2826,"[22608, 22612]","[""seq0082""]","[8, 12]",16,12,4,0.25
2827,"[22616, 22620]","[""seq0082""]","[16, 20]",16,12,4,0.25
2828,"[22624, 22628]","[""seq0082""]","[24, 28]",16,12,4,0.25
2829,"[22632, 22636]","[""seq0082""]","[32, 36]",16,12,4,0.25
2830,"[22640, 22644]","[""seq0082""]","[40, 44]",16,12,4,0.25
2831,"[22648, 22652]","[""seq0082""]","[48, 52]",16,12,4,0.25
2832,"[22656, 22660]","[""seq0082""]","[56, 60]",16,12,4,0.25
2833,"[22664, 22668]","[""seq0082""]","[64, 68]",16,12,4,0.25
2834,"[22672, 22676]","[""seq0082""]","[72, 76]",16,12,4,0.25
2835,"[22680, 22684]","[""seq0082""]","[80, 84]",16,12,4,0.25
2836,"[22688, 22692]","[""seq0082""]","[88, 92]",16,12,4,0.25
2837,"[22696, 22700]","[""seq0082""]","[96, 100]",16,12,4,0.25
2838,"[22704, 22708]","[""seq0082""]","[104, 108]",16,12,4,0.25
2839,"[22712, 22716]","[""seq0082""]","[112, 116]",16,12,4,0.25
2840,"[22720, 22724]","[""seq0082""]","[120, 124]",16,12,4,0.25
2841,"[22728, 22732]","[""seq0082""]","[128, 132]",16,12,4,0.25
2842,"[22736, 22740]","[""seq0082""]","[136, 140]",16,12,4,0.25
2843,"[22744, 22748]","[""seq0082""]","[144, 148]",16,12,4,0.25
2844,"[22752, 22756]","[""seq0082""]","[152, 156]",16,12,4,0.25
2845,"[22760, 22764]","[""seq0082""]","[160, 164]",16,12,4,0.25
2846,"[22768, 22772]","[""seq0082""]","[168, 172]",16,12,4,0.25
2847,"[22776, 22780]","[""seq0082""]","[176, 180]",16,12,4,0.25
2848,"[22784, 22788]","[""seq0082""]","[184, 188]",16,12,4,0.25
2849,"[22792, 22796]","[""seq0082""]","[192, 196]",16,12,4,0.25
2850,"[22800, 22804]","[""seq0082""]","[200, 204]",16,12,4,0.25
2851,"[22808, 22812]","[""seq0082""]","[208, 212]",16,12,4,0.25
2852,"[22816, 22820]","[""seq0082""]","[216, 220]",16,12,4,0.25
2853,"[22824, 22828]","[""seq0082""]","[224, 228]",16,12,4,0.25
2854,"[22832, 22836]","[""seq0082""]","[232, 236]",16,12,4,0.25
2855,"[22840, 22844]","[""seq0082""]","[240, 244]",16,12,4,0.25
2856,"[22848, 22852]","[""seq0082""]","[248, 252]",16,12,4,0.25
2857,"[22856, 22860]","[""seq0082""]","[256, 260]",16,12,4,0.25
2858,"[22864, 22868]","[""seq0082""]","[264, 268]",16,12,4,0.25
2859,"[22872, 22876]","[""seq0082""]","[272, 276]",16,12,4,0.25
2860,"[22880, 22884]","[""seq0082""]","[280, 284]",16,12,4,0.25
2861,"[22888, 22892]","[""seq0082""]","[288, 292]",16,12,4,0.25
2862,"[22896, 22900]","[""seq0082""]","[296, 300]",16,12,4,0.25
2863,"[22904, 22908]","[""seq0082""]","[304, 308]",16,12,4,0.25
2864,"[22912, 22916]","[""seq0082""]","[312, 316]",16,12,4,0.25
2865,"[22920, 22924]","[""seq0082""]","[320, 324]",16,12,4,0.25
2866,"[22928, 22932]","[""seq0082""]","[328, 332]",16,12,4,0.25
2867,"[22936, 22940]","[""seq0082""]","[336, 340]",16,12,4,0.25
2868,"[22944, 22948]","[""seq0082""]","[344, 348]",16,12,4,0.25
2869,"[22952, 22956]","[""seq0082""]","[352, 356]",16,12,4,0.25
2870,"[22960, 22964]","[""seq0082""]","[360, 364]",16,12,4,0.25
2871,"[22968, 22972]","[""seq0082""]","[368, 372]",16,12,4,0.25
2872,"[22976, 22980]","[""seq0082""]","[376, 380]",16,12,4,0.25
2873,"[22984, 22988]","[""seq0082""]","[384, 388]",16,12,4,0.25
2874,"[22992, 22996]","[""seq0082""]","[392, 396]",16,12,4,0.25
2875,"[23000, 23004]","[""seq0083""]","[0, 4]",6,5,1,0.16666666666666663
2876,"[23008, 23012]","[""seq0083""]","[8, 12]",16,12,4,0.25
2877,"[23016, 23020]","[""seq0083""]","[16, 20]",16,12,4,0.25
2878,"[23024, 23028]","[""seq0083""]","[24, 28]",16,12,4,0.25
2879,"[23032, 23036]","[""seq0083""]","[32, 36]",16,12,4,0.25
2880,"[23040, 23044]","[""seq0083""]","[40, 44]",16,12,4,0.25
2881,"[23048, 23052]","[""seq0083""]","[48, 52]",16,12,4,0.25
2882,"[23056, 23060]","[""seq0083""]","[56, 60]",16,12,4,0.25
2883,"[23064, 23068]","[""seq0083""]","[64, 68]",16,12,4,0.25
2884,"[23072, 23076]","[""seq0083""]","[72, 76]",16,12,4,0.25
2885,"[23080, 23084]","[""seq0083""]","[80, 84]",16,12,4,0.25
2886,"[23088, 23092]","[""seq0083""]","[88, 92]",16,12,4,0.25
2887,"[23096, 23100]","[""seq0083""]","[96, 100]",16,12,4,0.25
2888,"[23104, 23108]","[""seq0083""]","[104, 108]",16,12,4,0.25
2889,"[23112, 23116]","[""seq0083""]","[112, 116]",16,12,4,0.25
2890,"[23120, 23124]","[""seq0083""]","[120, 124]",16,12,4,0.25
2891,"[23128, 23132]","[""seq0083""]","[128, 132]",16,12,4,0.25
2892,"[23136, 23140]","[""seq0083""]","[136, 140]",16,12,4,0.25
2893,"[23144, 23148]","[""seq0083""]","[144, 148]",16,12,4,0.25
2894,"[23152, 23156]","[""seq0083""]","[152, 156]",16,12,4,0.25
2895,"[23160, 23164]","[""seq0083""]","[160, 164]",16,12,4,0.25
2896,"[23168, 23172]","[""seq0083""]","[168, 172]",16,12,4,0.25
2897,"[23176, 23180]","[""seq0083""]","[176, 180]",16,12,4,0.25
2898,"[23184, 23188]","[""seq0083""]","[184, 188]",16,12,4,0.25
2899,"[23192, 23196]","[""seq0083""]","[192, 196]",16,12,4,0.25
2900,"[23200, 23204]","[""seq0083""]","[200, 204]",16,12,4,0.25
2901,"[23208, 23212]","[""seq0083""]","[208, 212]",16,12,4,0.25
2902,"[23216, 23220]","[""seq0083""]","[216, 220]",16,12,4,0.25
2903,"[23224, 23228]","[""seq0083""]","[224, 228]",16,12,4,0.25
2904,"[23232, 23236]","[""seq0083""]","[232, 236]",16,12,4,0.25
2905,"[23240, 23244]","[""seq0083""]","[240, 244]",16,12,4,0.25
2906,"[23248, 23252]","[""seq0083""]","[248, 252]",16,12,4,0.25
2907,"[23256, 23260]","[""seq0083""]","[256, 260]",16,12,4,0.25
2908,"[23264, 23268]","[""seq0083""]","[264, 268]",16,12,4,0.25
2909,"[23272, 23276]","[""seq0083""]","[272, 276]",16,12,4,0.25
2910,"[23280, 23284]","[""seq0083""]","[280, 284]",16,12,4,0.25
2911,"[23288, 23292]","[""seq0083""]","[288, 292]",16,12,4,0.25
2912,"[23296, 23300]","[""seq0083""]","[296, 300]",16,12,4,0.25
2913,"[23304, 23308]","[""seq0083""]","[304, 308]",16,12,4,0.25
2914,"[23312, 23316]","[""seq0083""]","[312, 316]",16,12,4,0.25
2915,"[23320, 23324]","[""seq0083""]","[320, 324]",16,12,4,0.25
2916,"[23328, 23332]","[""seq0083""]","[328, 332]",16,12,4,0.25
2917,"[23336, 23340]","[""seq0083""]","[336, 340]",16,12,4,0.25
2918,"[23344, 23348]","[""seq0083""]","[344, 348]",16,12,4,0.25
2919,"[23352, 23356]","[""seq0083""]","[352, 356]",16,12,4,0.25
2920,"[23360, 23364]","[""seq0083""]","[360, 364]",16,12,4,0.25
2921,"[23368, 23372]","[""seq0083""]","[368, 372]",16,12,4,0.25
2922,"[23376, 23380]","[""seq0083""]","[376, 380]",16,12,4,0.25
2923,"[23384, 23388]","[""seq0083""]","[384, 388]",16,12,4,0.25
2924,"[23392, 23396]","[""seq0083""]","[392, 396]",16,12,4,0.25
2925,"[23400, 23404]","[""seq0085""]","[0, 4]",6,5,1,0.16666666666666663
2926,"[23408, 23412]","[""seq0085""]","[8, 12]",16,12,4,0.25
2927,"[23416, 23420]","[""seq0085""]","[16, 20]",16,12,4,0.25
2928,"[23424, 23428]","[""seq0085""]","[24, 28]",16,12,4,0.25
2929,"[23432, 23436]","[""seq0085""]","[32, 36]",16,12,4,0.25
2930,"[23440, 23444]","[""seq0085""]","[40, 44]",16,12,4,0.25
2931,"[23448, 23452]","[""seq0085""]","[48, 52]",16,12,4,0.25
2932,"[23456, 23460]","[""seq0085""]","[56, 60]",16,12,4,0.25
2933,"[23464, 23468]","[""seq0085""]","[64, 68]",16,12,4,0.25
2934,"[23472, 23476]","[""seq0085""]","[72, 76]",16,12,4,0.25
2935,"[23480, 23484]","[""seq0085""]","[80, 84]",16,12,4,0.25
2936,"[23488, 23492]","[""seq0085""]","[88, 92]",16,12,4,0.25
2937,"[23496, 23500]","[""seq0085""]","[96, 100]",16,12,4,0.25
2938,"[23504, 23508]","[""seq0085""]","[104, 108]",16,12,4,0.25
2939,"[23512, 23516]","[""seq0085""]","[112, 116]",16,12,4,0.25
2940,"[23520, 23524]","[""seq0085""]","[120, 124]",16,12,4,0.25
2941,"[23528, 23532]","[""seq0085""]","[128, 132]",16,12,4,0.25
2942,"[23536, 23540]","[""seq0085""]","[136, 140]",16,12,4,0.25
2943,"[23544, 23548]","[""seq0085""]","[144, 148]",16,12,4,0.25
2944,"[23552, 23556]","[""seq0085""]","[152, 156]",16,12,4,0.25
2945,"[23560, 23564]","[""seq0085""]","[160, 164]",16,12,4,0.25
2946,"[23568, 23572]","[""seq0085""]","[168, 172]",16,12,4,0.25
2947,"[23576, 23580]","[""seq0085""]","[176, 180]",16,12,4,0.25
2948,"[23584, 23588]","[""seq0085""]","[184, 188]",16,12,4,0.25
2949,"[23592, 23596]","[""seq0085""]","[192, 196]",16,12,4,0.25
2950,"[23600, 23604]","[""seq0085""]","[200, 204]",16,12,4,0.25
2951,"[23608, 23612]","[""seq0085""]","[208, 212]",16,12,4,0.25
2952,"[23616, 23620]","[""seq0085""]","[216, 220]",16,12,4,0.25
2953,"[23624, 23628]","[""seq0085""]","[224, 228]",16,12,4,0.25
2954,"[23632, 23636]","[""seq0085""]","[232, 236]",16,12,4,0.25
2955,"[23640, 23644]","[""seq0085""]","[240, 244]",16,12,4,0.25
2956,"[23648, 23652]","[""seq0085""]","[248, 252]",16,12,4,0.25
2957,"[23656, 23660]","[""seq0085""]","[256, 260]",16,12,4,0.25
2958,"[23664, 23668]","[""seq0085""]","[264, 268]",16,12,4,0.25
2959,"[23672, 23676]","[""seq0085""]","[272, 276]",16,12,4,0.25
2960,"[23680, 23684]","[""seq0085""]","[280, 284]",16,12,4,0.25
2961,"[23688, 23692]","[""seq0085""]","[288, 292]",16,12,4,0.25
2962,"[23696, 23700]","[""seq0085""]","[296, 300]",16,12,4,0.25
2963,"[23704, 23708]","[""seq0085""]","[304, 308]",16,12,4,0.25
2964,"[23712, 23716]","[""seq0085""]","[312, 316]",16,12,4,0.25
2965,"[23720, 23724]","[""seq0085""]","[320, 324]",16,12,4,0.25
2966,"[23728, 23732]","[""seq0085""]","[328, 332]",16,12,4,0.25
2967,"[23736, 23740]","[""seq0085""]","[336, 340]",16,12,4,0.25
2968,"[23744, 23748]","[""seq0085""]","[344, 348]",16,12,4,0.25
2969,"[23752, 23756]","[""seq0085""]","[352, 356]",16,12,4,0.25
2970,"[23760, 23764]","[""seq0085""]","[360, 364]",16,12,4,0.25
2971,"[23768, 23772]","[""seq0085""]","[368, 372]",16,12,4,0.25
2972,"[23776, 23780]","[""seq0085""]","[376, 380]",16,12,4,0.25
2973,"[23784, 23788]","[""seq0085""]","[384, 388]",16,12,4,0.25
2974,"[23792, 23796]","[""seq0085""]","[392, 396]",16,12,4,0.25
2975,"[23800, 23804]","[""seq0086""]","[0, 4]",6,5,1,0.16666666666666663
2976,"[23808, 23812]","[""seq0086""]","[8, 12]",16,12,4,0.25
2977,"[23816, 23820]","[""seq0086""]","[16, 20]",16,12,4,0.25
2978,"[23824, 23828]","[""seq0086""]","[24, 28]",16,12,4,0.25
2979,"[23832, 23836]","[""seq0086""]","[32, 36]",16,12,4,0.25
2980,"[23840, 23844]","[""seq0086""]","[40, 44]",16,12,4,0.25
2981,"[23848, 23852]","[""seq0086""]","[48, 52]",16,12,4,0.25
2982,"[23856, 23860]","[""seq0086""]","[56, 60]",16,12,4,0.25
2983,"[23864, 23868]","[""seq0086""]","[64, 68]",16,12,4,0.25
2984,"[23872, 23876]","[""seq0086""]","[72, 76]",16,12,4,0.25
2985,"[23880, 23884]","[""seq0086""]","[80, 84]",16,12,4,0.25
2986,"[23888, 23892]","[""seq0086""]","[88, 92]",16,12,4,0.25
2987,"[23896, 23900]","[""seq0086""]","[96, 100]",16,12,4,0.25
2988,"[23904, 23908]","[""seq0086""]","[104, 108]",16,12,4,0.25
2989,"[23912, 23916]","[""seq0086""]","[112, 116]",16,12,4,0.25
2990,"[23920, 23924]","[""seq0086""]","[120, 124]",16,12,4,0.25
2991,"[23928, 23932]","[""seq0086""]","[128, 132]",16,12,4,0.25
2992,"[23936, 23940]","[""seq0086""]","[136, 140]",16,12,4,0.25
2993,"[23944, 23948]","[""seq0086""]","[144, 148]",16,12,4,0.25
2994,"[23952, 23956]","[""seq0086""]","[152, 156]",16,12,4,0.25
2995,"[23960, 23964]","[""seq0086""]","[160, 164]",16,12,4,0.25
2996,"[23968, 23972]","[""seq0086""]","[168, 172]",16,12,4,0.25
2997,"[23976, 23980]","[""seq0086""]","[176, 180]",16,12,4,0.25
2998,"[23984, 23988]","[""seq0086""]","[184, 188]",16,12,4,0.25
2999,"[23992, 23996]","[""seq0086""]","[192, 196]",16,12,4,0.25
3000,"[24000, 24004]","[""seq0086""]","[200, 204]",16,12,4,0.25
3001,"[24008, 24012]","[""seq0086""]","[208, 212]",16,12,4,0.25
3002,"[24016, 24020]","[""seq0086""]","[216, 220]",16,12,4,0.25
3003,"[24024, 24028]","[""seq0086""]","[224, 228]",16,12,4,0.25
3004,"[24032, 24036]","[""seq0086""]","[232, 236]",16,12,4,0.25
3005,"[24040, 24044]","[""seq0086""]","[240, 244]",16,12,4,0.25
3006,"[24048, 24052]","[""seq0086""]","[248, 252]",16,12,4,0.25
3007,"[24056, 24060]","[""seq0086""]","[256, 260]",16,12,4,0.25
3008,"[24064, 24068]","[""seq0086""]","[264, 268]",16,12,4,0.25
3009,"[24072, 24076]","[""seq0086""]","[272, 276]",16,12,4,0.25
3010,"[24080, 24084]","[""seq0086""]","[280, 284]",16,12,4,0.25
3011,"[24088, 24092]","[""seq0086""]","[288, 292]",16,12,4,0.25
3012,"[24096, 24100]","[""seq0086""]","[296, 300]",16,12,4,0.25
3013,"[24104, 24108]","[""seq0086""]","[304, 308]",16,12,4,0.25
3014,"[24112, 24116]","[""seq0086""]","[312, 316]",16,12,4,0.25
3015,"[24120, 24124]","[""seq0086""]","[320, 324]",16,12,4,0.25
3016,"[24128, 24132]","[""seq0086""]","[328, 332]",16,12,4,0.25
3017,"[24136, 24140]","[""seq0086""]","[336, 340]",16,12,4,0.25
3018,"[24144, 24148]","[""seq0086""]","[344, 348]",16,12,4,0.25
3019,"[24152, 24156]","[""seq0086""]","[352, 356]",16,12,4,0.25
3020,"[24160, 24164]","[""seq0086""]","[360, 364]",16,12,4,0.25
3021,"[24168, 24172]","[""seq0086""]","[368, 372]",16,12,4,0.25
3022,"[24176, 24180]","[""seq0086""]","[376, 380]",16,12,4,0.25
3023,"[24184, 24188]","[""seq0086""]","[384, 388]",16,12,4,0.25
3024,"[24192, 24196]","[""seq0086""]","[392, 396]",16,12,4,0.25
3025,"[24200, 24204]","[""seq0088""]","[0, 4]",6,5,1,0.16666666666666663
3026,"[24208, 24212]","[""seq0088""]","[8, 12]",16,12,4,0.25
3027,"[24216, 24220]","[""seq0088""]","[16, 20]",16,12,4,0.25
3028,"[24224, 24228]","[""seq0088""]","[24, 28]",16,12,4,0.25
3029,"[24232, 24236]","[""seq0088""]","[32, 36]",16,12,4,0.25
3030,"[24240, 24244]","[""seq0088""]","[40, 44]",16,12,4,0.25
3031,"[24248, 24252]","[""seq0088""]","[48, 52]",16,12,4,0.25
3032,"[24256, 24260]","[""seq0088""]","[56, 60]",16,12,4,0.25
3033,"[24264, 24268]","[""seq0088""]","[64, 68]",16,12,4,0.25
3034,"[24272, 24276]","[""seq0088""]","[72, 76]",16,12,4,0.25
3035,"[24280, 24284]","[""seq0088""]","[80, 84]",16,12,4,0.25
3036,"[24288, 24292]","[""seq0088""]","[88, 92]",16,12,4,0.25
3037,"[24296, 24300]","[""seq0088""]","[96, 100]",16,12,4,0.25
3038,"[24304, 24308]","[""seq0088""]","[104, 108]",16,12,4,0.25
3039,"[24312, 24316]","[""seq0088""]","[112, 116]",16,12,4,0.25
3040,"[24320, 24324]","[""seq0088""]","[120, 124]",16,12,4,0.25
3041,"[24328, 24332]","[""seq0088""]","[128, 132]",16,12,4,0.25
3042,"[24336, 24340]","[""seq0088""]","[136, 140]",16,12,4,0.25
3043,"[24344, 24348]","[""seq0088""]","[144, 148]",16,12,4,0.25
3044,"[24352, 24356]","[""seq0088""]","[152, 156]",16,12,4,0.25
3045,"[24360, 24364]","[""seq0088""]","[160, 164]",16,12,4,0.25
3046,"[24368, 24372]","[""seq0088""]","[168, 172]",16,12,4,0.25
3047,"[24376, 24380]","[""seq0088""]","[176, 180]",16,12,4,0.25
3048,"[24384, 24388]","[""seq0088""]","[184, 188]",16,12,4,0.25
3049,"[24392, 24396]","[""seq0088""]","[192, 196]",16,12,4,0.25
3050,"[24400, 24404]","[""seq0088""]","[200, 204]",16,12,4,0.25
3051,"[24408, 24412]","[""seq0088""]","[208, 212]",16,12,4,0.25
3052,"[24416, 24420]","[""seq0088""]","[216, 220]",16,12,4,0.25
3053,"[24424, 24428]","[""seq0088""]","[224, 228]",16,12,4,0.25
3054,"[24432, 24436]","[""seq0088""]","[232, 236]",16,12,4,0.25
3055,"[24440, 24444]","[""seq0088""]","[240, 244]",16,12,4,0.25
3056,"[24448, 24452]","[""seq0088""]","[248, 252]",16,12,4,0.25
3057,"[24456, 24460]","[""seq0088""]","[256, 260]",16,12,4,0.25
3058,"[24464, 24468]","[""seq0088""]","[264, 268]",16,12,4,0.25
3059,"[24472, 24476]","[""seq0088""]","[272, 276]",16,12,4,0.25
3060,"[24480, 24484]","[""seq0088""]","[280, 284]",16,12,4,0.25
3061,"[24488, 24492]","[""seq0088""]","[288, 292]",16,12,4,0.25
3062,"[24496, 24500]","[""seq0088""]","[296, 300]",16,12,4,0.25
3063,"[24504, 24508]","[""seq0088""]","[304, 308]",16,12,4,0.25
3064,"[24512, 24516]","[""seq0088""]","[312, 316]",16,12,4,0.25
3065,"[24520, 24524]","[""seq0088""]","[320, 324]",16,12,4,0.25
3066,"[24528, 24532]","[""seq0088""]","[328, 332]",16,12,4,0.25
3067,"[24536, 24540]","[""seq0088""]","[336, 340]",16,12,4,0.25
3068,"[24544, 24548]","[""seq0088""]","[344, 348]",16,12,4,0.25
3069,"[24552, 24556]","[""seq0088""]","[352, 356]",16,12,4,0.25
3070,"[24560, 24564]","[""seq0088""]","[360, 364]",16,12,4,0.25
3071,"[24568, 24572]","[""seq0088""]","[368, 372]",16,12,4,0.25
3072,"[24576, 24580]","[""seq0088""]","[376, 380]",16,12,4,0.25
3073,"[24584, 24588]","[""seq0088""]","[384, 388]",16,12,4,0.25
3074,"[24592, 24596]","[""seq0088""]","[392, 396]",16,12,4,0.25
3075,"[24600, 24604]","[""seq0089""]","[0, 4]",6,5,1,0.16666666666666663
3076,"[24608, 24612]","[""seq0089""]","[8, 12]",16,12,4,0.25
3077,"[24616, 24620]","[""seq0089""]","[16, 20]",16,12,4,0.25
3078,"[24624, 24628]","[""seq0089""]","[24, 28]",16,12,4,0.25
3079,"[24632, 24636]","[""seq0089""]","[32, 36]",16,12,4,0.25
3080,"[24640, 24644]","[""seq0089""]","[40, 44]",16,12,4,0.25
3081,"[24648, 24652]","[""seq0089""]","[48, 52]",16,12,4,0.25
3082,"[24656, 24660]","[""seq0089""]","[56, 60]",16,12,4,0.25
3083,"[24664, 24668]","[""seq0089""]","[64, 68]",16,12,4,0.25
3084,"[24672, 24676]","[""seq0089""]","[72, 76]",16,12,4,0.25
3085,"[24680, 24684]","[""seq0089""]","[80, 84]",16,12,4,0.25
3086,"[24688, 24692]","[""seq0089""]","[88, 92]",16,12,4,0.25
3087,"[24696, 24700]","[""seq0089""]","[96, 100]",16,12,4,0.25
3088,"[24704, 24708]","[""seq0089""]","[104, 108]",16,12,4,0.25
3089,"[24712, 24716]","[""seq0089""]","[112, 116]",16,12,4,0.25
3090,"[24720, 24724]","[""seq0089""]","[120, 124]",16,12,4,0.25
3091,"[24728, 24732]","[""seq0089""]","[128, 132]",16,12,4,0.25
3092,"[24736, 24740]","[""seq0089""]","[136, 140]",16,12,4,0.25
3093,"[24744, 24748]","[""seq0089""]","[144, 148]",16,12,4,0.25
3094,"[24752, 24756]","[""seq0089""]","[152, 156]",16,12,4,0.25
3095,"[24760, 24764]","[""seq0089""]","[160, 164]",16,12,4,0.25
3096,"[24768, 24772]","[""seq0089""]","[168, 172]",16,12,4,0.25
3097,"[24776, 24780]","[""seq0089""]","[176, 180]",16,12,4,0.25
3098,"[24784, 24788]","[""seq0089""]","[184, 188]",16,12,4,0.25
3099,"[24792, 24796]","[""seq0089""]","[192, 196]",16,12,4,0.25
3100,"[24800, 24804]","[""seq0089""]","[200, 204]",16,12,4,0.25
3101,"[24808, 24812]","[""seq0089""]","[208, 212]",16,12,4,0.25
3102,"[24816, 24820]","[""seq0089""]","[216, 220]",16,12,4,0.25
3103,"[24824, 24828]","[""seq0089""]","[224, 228]",16,12,4,0.25
3104,"[24832, 24836]","[""seq0089""]","[232, 236]",16,12,4,0.25
3105,"[24840, 24844]","[""seq0089""]","[240, 244]",16,12,4,0.25
3106,"[24848, 24852]","[""seq0089""]","[248, 252]",16,12,4,0.25
3107,"[24856, 24860]","[""seq0089""]","[256, 260]",16,12,4,0.25
3108,"[24864, 24868]","[""seq0089""]","[264, 268]",16,12,4,0.25
3109,"[24872, 24876]","[""seq0089""]","[272, 276]",16,12,4,0.25
3110,"[24880, 24884]","[""seq0089""]","[280, 284]",16,12,4,0.25
3111,"[24888, 24892]","[""seq0089""]","[288, 292]",16,12,4,0.25
3112,"[24896, 24900]","[""seq0089""]","[296, 300]",16,12,4,0.25
3113,"[24904, 24908]","[""seq0089""]","[304, 308]",16,12,4,0.25
3114,"[24912, 24916]","[""seq0089""]","[312, 316]",16,12,4,0.25
3115,"[24920, 24924]","[""seq0089""]","[320, 324]",16,12,4,0.25
3116,"[24928, 24932]","[""seq0089""]","[328, 332]",16,12,4,0.25
3117,"[24936, 24940]","[""seq0089""]","[336, 340]",16,12,4,0.25
3118,"[24944, 24948]","[""seq0089""]","[344, 348]",16,12,4,0.25
3119,"[24952, 24956]","[""seq0089""]","[352, 356]",16,12,4,0.25
3120,"[24960, 24964]","[""seq0089""]","[360, 364]",16,12,4,0.25
3121,"[24968, 24972]","[""seq0089""]","[368, 372]",16,12,4,0.25
3122,"[24976, 24980]","[""seq0089""]","[376, 380]",16,12,4,0.25
3123,"[24984, 24988]","[""seq0089""]","[384, 388]",16,12,4,0.25
3124,"[24992, 24996]","[""seq0089""]","[392, 396]",16,12,4,0.25
3125,"[25000, 25004]","[""seq0091""]","[0, 4]",6,5,1,0.16666666666666663
3126,"[25008, 25012]","[""seq0091""]","[8, 12]",16,12,4,0.25
3127,"[25016, 25020]","[""seq0091""]","[16, 20]",16,12,4,0.25
3128,"[25024, 25028]","[""seq0091""]","[24, 28]",16,12,4,0.25
3129,"[25032, 25036]","[""seq0091""]","[32, 36]",16,12,4,0.25
3130,"[25040, 25044]","[""seq0091""]","[40, 44]",16,12,4,0.25
3131,"[25048, 25052]","[""seq0091""]","[48, 52]",16,12,4,0.25
3132,"[25056, 25060]","[""seq0091""]","[56, 60]",16,12,4,0.25
3133,"[25064, 25068]","[""seq0091""]","[64, 68]",16,12,4,0.25
3134,"[25072, 25076]","[""seq0091""]","[72, 76]",16,12,4,0.25
3135,"[25080, 25084]","[""seq0091""]","[80, 84]",16,12,4,0.25
3136,"[25088, 25092]","[""seq0091""]","[88, 92]",16,12,4,0.25
3137,"[25096, 25100]","[""seq0091""]","[96, 100]",16,12,4,0.25
3138,"[25104, 25108]","[""seq0091""]","[104, 108]",16,12,4,0.25
3139,"[25112, 25116]","[""seq0091""]","[112, 116]",16,12,4,0.25
3140,"[25120, 25124]","[""seq0091""]","[120, 124]",16,12,4,0.25
3141,"[25128, 25132]","[""seq0091""]","[128, 132]",16,12,4,0.25
3142,"[25136, 25140]","[""seq0091""]","[136, 140]",16,12,4,0.25
3143,"[25144, 25148]","[""seq0091""]","[144, 148]",16,12,4,0.25
3144,"[25152, 25156]","[""seq0091""]","[152, 156]",16,12,4,0.25
3145,"[25160, 25164]","[""seq0091""]","[160, 164]",16,12,4,0.25
3146,"[25168, 25172]","[""seq0091""]","[168, 172]",16,12,4,0.25
3147,"[25176, 25180]","[""seq0091""]","[176, 180]",16,12,4,0.25
3148,"[25184, 25188]","[""seq0091""]","[184, 188]",16,12,4,0.25
3149,"[25192, 25196]","[""seq0091""]","[192, 196]",16,12,4,0.25
3150,"[25200, 25204]","[""seq0091""]","[200, 204]",16,12,4,0.25
3151,"[25208, 25212]","[""seq0091""]","[208, 212]",16,12,4,0.25
3152,"[25216, 25220]","[""seq0091""]","[216, 220]",16,12,4,0.25
3153,"[25224, 25228]","[""seq0091""]","[224, 228]",16,12,4,0.25
3154,"[25232, 25236]","[""seq0091""]","[232, 236]",16,12,4,0.25
3155,"[25240, 25244]","[""seq0091""]","[240, 244]",16,12,4,0.25
3156,"[25248, 25252]","[""seq0091""]","[248, 252]",16,12,4,0.25
3157,"[25256, 25260]","[""seq0091""]","[256, 260]",16,12,4,0.25
3158,"[25264, 25268]","[""seq0091""]","[264, 268]",16,12,4,0.25
3159,"[25272, 25276]","[""seq0091""]","[272, 276]",16,12,4,0.25
3160,"[25280, 25284]","[""seq0091""]","[280, 284]",16,12,4,0.25
3161,"[25288, 25292]","[""seq0091""]","[288, 292]",16,12,4,0.25
3162,"[25296, 25300]","[""seq0091""]","[296, 300]",16,12,4,0.25
3163,"[25304, 25308]","[""seq0091""]","[304, 308]",16,12,4,0.25
3164,"[25312, 25316]","[""seq0091""]","[312, 316]",16,12,4,0.25
3165,"[25320, 25324]","[""seq0091""]","[320, 324]",16,12,4,0.25
3166,"[25328, 25332]","[""seq0091""]","[328, 332]",16,12,4,0.25
3167,"[25336, 25340]","[""seq0091""]","[336, 340]",16,12,4,0.25
3168,"[25344, 25348]","[""seq0091""]","[344, 348]",16,12,4,0.25
3169,"[25352, 25356]","[""seq0091""]","[352, 356]",16,12,4,0.25
3170,"[25360, 25364]","[""seq0091""]","[360, 364]",16,12,4,0.25
3171,"[25368, 25372]","[""seq0091""]","[368, 372]",16,12,4,0.25
3172,"[25376, 25380]","[""seq0091""]","[376, 380]",16,12,4,0.25
3173,"[25384, 25388]","[""seq0091""]","[384, 388]",16,12,4,0.25
3174,"[25392, 25396]","[""seq0091""]","[392, 396]",16,12,4,0.25
3175,"[25400, 25404]","[""seq0093""]","[0, 4]",6,5,1,0.16666666666666663
3176,"[25408, 25412]","[""seq0093""]","[8, 12]",16,12,4,0.25
3177,"[25416, 25420]","[""seq0093""]","[16, 20]",16,12,4,0.25
3178,"[25424, 25428]","[""seq0093""]","[24, 28]",16,12,4,0.25
3179,"[25432, 25436]","[""seq0093""]","[32, 36]",16,12,4,0.25
3180,"[25440, 25444]","[""seq0093""]","[40, 44]",16,12,4,0.25
3181,"[25448, 25452]","[""seq0093""]","[48, 52]",16,12,4,0.25
3182,"[25456, 25460]","[""seq0093""]","[56, 60]",16,12,4,0.25
3183,"[25464, 25468]","[""seq0093""]","[64, 68]",16,12,4,0.25
3184,"[25472, 25476]","[""seq0093""]","[72, 76]",16,12,4,0.25
3185,"[25480, 25484]","[""seq0093""]","[80, 84]",16,12,4,0.25
3186,"[25488, 25492]","[""seq0093""]","[88, 92]",16,12,4,0.25
3187,"[25496, 25500]","[""seq0093""]","[96, 100]",16,12,4,0.25
3188,"[25504, 25508]","[""seq0093""]","[104, 108]",16,12,4,0.25
3189,"[25512, 25516]","[""seq0093""]","[112, 116]",16,12,4,0.25
3190,"[25520, 25524]","[""seq0093""]","[120, 124]",16,12,4,0.25
3191,"[25528, 25532]","[""seq0093""]","[128, 132]",16,12,4,0.25
3192,"[25536, 25540]","[""seq0093""]","[136, 140]",16,12,4,0.25
3193,"[25544, 25548]","[""seq0093""]","[144, 148]",16,12,4,0.25
3194,"[25552, 25556]","[""seq0093""]","[152, 156]",16,12,4,0.25
3195,"[25560, 25564]","[""seq0093""]","[160, 164]",16,12,4,0.25
3196,"[25568, 25572]","[""seq0093""]","[168, 172]",16,12,4,0.25
3197,"[25576, 25580]","[""seq0093""]","[176, 180]",16,12,4,0.25
3198,"[25584, 25588]","[""seq0093""]","[184, 188]",16,12,4,0.25
3199,"[25592, 25596]","[""seq0093""]","[192, 196]",16,12,4,0.25
3200,"[25600, 25604]","[""seq0093""]","[200, 204]",16,12,4,0.25
3201,"[25608, 25612]","[""seq0093""]","[208, 212]",16,12,4,0.25
3202,"[25616, 25620]","[""seq0093""]","[216, 220]",16,12,4,0.25
3203,"[25624, 25628]","[""seq0093""]","[224, 228]",16,12,4,0.25
3204,"[25632, 25636]","[""seq0093""]","[232, 236]",16,12,4,0.25
3205,"[25640, 25644]","[""seq0093""]","[240, 244]",16,12,4,0.25
3206,"[25648, 25652]","[""seq0093""]","[248, 252]",16,12,4,0.25
3207,"[25656, 25660]","[""seq0093""]","[256, 260]",16,12,4,0.25
3208,"[25664, 25668]","[""seq0093""]","[264, 268]",16,12,4,0.25
3209,"[25672, 25676]","[""seq0093""]","[272, 276]",16,12,4,0.25
3210,"[25680, 25684]","[""seq0093""]","[280, 284]",16,12,4,0.25
3211,"[25688, 25692]","[""seq0093""]","[288, 292]",16,12,4,0.25
3212,"[25696, 25700]","[""seq0093""]","[296, 300]",16,12,4,0.25
3213,"[25704, 25708]","[""seq0093""]","[304, 308]",16,12,4,0.25
3214,"[25712, 25716]","[""seq0093""]","[312, 316]",16,12,4,0.25
3215,"[25720, 25724]","[""seq0093""]","[320, 324]",16,12,4,0.25
3216,"[25728, 25732]","[""seq0093""]","[328, 332]",16,12,4,0.25
3217,"[25736, 25740]","[""seq0093""]","[336, 340]",16,12,4,0.25
3218,"[25744, 25748]","[""seq0093""]","[344, 348]",16,12,4,0.25
3219,"[25752, 25756]","[""seq0093""]","[352, 356]",16,12,4,0.25
3220,"[25760, 25764]","[""seq0093""]","[360, 364]",16,12,4,0.25
3221,"[25768, 25772]","[""seq0093""]","[368, 372]",16,12,4,0.25
3222,"[25776, 25780]","[""seq0093""]","[376, 380]",16,12,4,0.25
3223,"[25784, 25788]","[""seq0093""]","[384, 388]",16,12,4,0.25
3224,"[25792, 25796]","[""seq0093""]","[392, 396]",16,12,4,0.25
3225,"[25800, 25804]","[""seq0094""]","[0, 4]",6,5,1,0.16666666666666663
3226,"[25808, 25812]","[""seq0094""]","[8, 12]",16,12,4,0.25
3227,"[25816, 25820]","[""seq0094""]","[16, 20]",16,12,4,0.25
3228,"[25824, 25828]","[""seq0094""]","[24, 28]",16,12,4,0.25
3229,"[25832, 25836]","[""seq0094""]","[32, 36]",16,12,4,0.25
3230,"[25840, 25844]","[""seq0094""]","[40, 44]",16,12,4,0.25
3231,"[25848, 25852]","[""seq0094""]","[48, 52]",16,12,4,0.25
3232,"[25856, 25860]","[""seq0094""]","[56, 60]",16,12,4,0.25
3233,"[25864, 25868]","[""seq0094""]","[64, 68]",16,12,4,0.25
3234,"[25872, 25876]","[""seq0094""]","[72, 76]",16,12,4,0.25
3235,"[25880, 25884]","[""seq0094""]","[80, 84]",16,12,4,0.25
3236,"[25888, 25892]","[""seq0094""]","[88, 92]",16,12,4,0.25
3237,"[25896, 25900]","[""seq0094""]","[96, 100]",16,12,4,0.25
3238,"[25904, 25908]","[""seq0094""]","[104, 108]",16,12,4,0.25
3239,"[25912, 25916]","[""seq0094""]","[112, 116]",16,12,4,0.25
3240,"[25920, 25924]","[""seq0094""]","[120, 124]",16,12,4,0.25
3241,"[25928, 25932]","[""seq0094""]","[128, 132]",16,12,4,0.25
3242,"[25936, 25940]","[""seq0094""]","[136, 140]",16,12,4,0.25
3243,"[25944, 25948]","[""seq0094""]","[144, 148]",16,12,4,0.25
3244,"[25952, 25956]","[""seq0094""]","[152, 156]",16,12,4,0.25
3245,"[25960, 25964]","[""seq0094""]","[160, 164]",16,12,4,0.25
3246,"[25968, 25972]","[""seq0094""]","[168, 172]",16,12,4,0.25
3247,"[25976, 25980]","[""seq0094""]","[176, 180]",16,12,4,0.25
3248,"[25984, 25988]","[""seq0094""]","[184, 188]",16,12,4,0.25
3249,"[25992, 25996]","[""seq0094""]","[192, 196]",16,12,4,0.25
3250,"[26000, 26004]","[""seq0094""]","[200, 204]",16,12,4,0.25
3251,"[26008, 26012]","[""seq0094""]","[208, 212]",16,12,4,0.25
3252,"[26016, 26020]","[""seq0094""]","[216, 220]",16,12,4,0.25
3253,"[26024, 26028]","[""seq0094""]","[224, 228]",16,12,4,0.25
3254,"[26032, 26036]","[""seq0094""]","[232, 236]",16,12,4,0.25
3255,"[26040, 26044]","[""seq0094""]","[240, 244]",16,12,4,0.25
3256,"[26048, 26052]","[""seq0094""]","[248, 252]",16,12,4,0.25
3257,"[26056, 26060]","[""seq0094""]","[256, 260]",16,12,4,0.25
3258,"[26064, 26068]","[""seq0094""]","[264, 268]",16,12,4,0.25
3259,"[26072, 26076]","[""seq0094""]","[272, 276]",16,12,4,0.25
3260,"[26080, 26084]","[""seq0094""]","[280, 284]",16,12,4,0.25
3261,"[26088, 26092]","[""seq0094""]","[288, 292]",16,12,4,0.25
3262,"[26096, 26100]","[""seq0094""]","[296, 300]",16,12,4,0.25
3263,"[26104, 26108]","[""seq0094""]","[304, 308]",16,12,4,0.25
3264,"[26112, 26116]","[""seq0094""]","[312, 316]",16,12,4,0.25
3265,"[26120, 26124]","[""seq0094""]","[320, 324]",16,12,4,0.25
3266,"[26128, 26132]","[""seq0094""]","[328, 332]",16,12,4,0.25
3267,"[26136, 26140]","[""seq0094""]","[336, 340]",16,12,4,0.25
3268,"[26144, 26148]","[""seq0094""]","[344, 348]",16,12,4,0.25
3269,"[26152, 26156]","[""seq0094""]","[352, 356]",16,12,4,0.25
3270,"[26160, 26164]","[""seq0094""]","[360, 364]",16,12,4,0.25
3271,"[26168, 26172]","[""seq0094""]","[368, 372]",16,12,4,0.25
3272,"[26176, 26180]","[""seq0094""]","[376, 380]",16,12,4,0.25
3273,"[26184, 26188]","[""seq0094""]","[384, 388]",16,12,4,0.25
3274,"[26192, 26196]","[""seq0094""]","[392, 396]",16,12,4,0.25
3275,"[26200, 26204]","[""seq0095""]","[0, 4]",6,5,1,0.16666666666666663
3276,"[26208, 26212]","[""seq0095""]","[8, 12]",16,12,4,0.25
3277,"[26216, 26220]","[""seq0095""]","[16, 20]",16,12,4,0.25
3278,"[26224, 26228]","[""seq0095""]","[24, 28]",16,12,4,0.25
3279,"[26232, 26236]","[""seq0095""]","[32, 36]",16,12,4,0.25
3280,"[26240, 26244]","[""seq0095""]","[40, 44]",16,12,4,0.25
3281,"[26248, 26252]","[""seq0095""]","[48, 52]",16,12,4,0.25
3282,"[26256, 26260]","[""seq0095""]","[56, 60]",16,12,4,0.25
3283,"[26264, 26268]","[""seq0095""]","[64, 68]",16,12,4,0.25
3284,"[26272, 26276]","[""seq0095""]","[72, 76]",16,12,4,0.25
3285,"[26280, 26284]","[""seq0095""]","[80, 84]",16,12,4,0.25
3286,"[26288, 26292]","[""seq0095""]","[88, 92]",16,12,4,0.25
3287,"[26296, 26300]","[""seq0095""]","[96, 100]",16,12,4,0.25
3288,"[26304, 26308]","[""seq0095""]","[104, 108]",16,12,4,0.25
3289,"[26312, 26316]","[""seq0095""]","[112, 116]",16,12,4,0.25
3290,"[26320, 26324]","[""seq0095""]","[120, 124]",16,12,4,0.25
3291,"[26328, 26332]","[""seq0095""]","[128, 132]",16,12,4,0.25
3292,"[26336, 26340]","[""seq0095""]","[136, 140]",16,12,4,0.25
3293,"[26344, 26348]","[""seq0095""]","[144, 148]",16,12,4,0.25
3294,"[26352, 26356]","[""seq0095""]","[152, 156]",16,12,4,0.25
3295,"[26360, 26364]","[""seq0095""]","[160, 164]",16,12,4,0.25
3296,"[26368, 26372]","[""seq0095""]","[168, 172]",16,12,4,0.25
3297,"[26376, 26380]","[""seq0095""]","[176, 180]",16,12,4,0.25
3298,"[26384, 26388]","[""seq0095""]","[184, 188]",16,12,4,0.25
3299,"[26392, 26396]","[""seq0095""]","[192, 196]",16,12,4,0.25
3300,"[26400, 26404]","[""seq0095""]","[200, 204]",16,12,4,0.25
3301,"[26408, 26412]","[""seq0095""]","[208, 212]",16,12,4,0.25
3302,"[26416, 26420]","[""seq0095""]","[216, 220]",16,12,4,0.25
3303,"[26424, 26428]","[""seq0095""]","[224, 228]",16,12,4,0.25
3304,"[26432, 26436]","[""seq0095""]","[232, 236]",16,12,4,0.25
3305,"[26440, 26444]","[""seq0095""]","[240, 244]",16,12,4,0.25
3306,"[26448, 26452]","[""seq0095""]","[248, 252]",16,12,4,0.25
3307,"[26456, 26460]","[""seq0095""]","[256, 260]",16,12,4,0.25
3308,"[26464, 26468]","[""seq0095""]","[264, 268]",16,12,4,0.25
3309,"[26472, 26476]","[""seq0095""]","[272, 276]",16,12,4,0.25
3310,"[26480, 26484]","[""seq0095""]","[280, 284]",16,12,4,0.25
3311,"[26488, 26492]","[""seq0095""]","[288, 292]",16,12,4,0.25
3312,"[26496, 26500]","[""seq0095""]","[296, 300]",16,12,4,0.25
3313,"[26504, 26508]","[""seq0095""]","[304, 308]",16,12,4,0.25
3314,"[26512, 26516]","[""seq0095""]","[312, 316]",16,12,4,0.25
3315,"[26520, 26524]","[""seq0095""]","[320, 324]",16,12,4,0.25
3316,"[26528, 26532]","[""seq0095""]","[328, 332]",16,12,4,0.25
3317,"[26536, 26540]","[""seq0095""]","[336, 340]",16,12,4,0.25
3318,"[26544, 26548]","[""seq0095""]","[344, 348]",16,12,4,0.25
3319,"[26552, 26556]","[""seq0095""]","[352, 356]",16,12,4,0.25
3320,"[26560, 26564]","[""seq0095""]","[360, 364]",16,12,4,0.25
3321,"[26568, 26572]","[""seq0095""]","[368, 372]",16,12,4,0.25
3322,"[26576, 26580]","[""seq0095""]","[376, 380]",16,12,4,0.25
3323,"[26584, 26588]","[""seq0095""]","[384, 388]",16,12,4,0.25
3324,"[26592, 26596]","[""seq0095""]","[392, 396]",16,12,4,0.25
3325,"[26600, 26604]","[""seq0096""]","[0, 4]",6,5,1,0.16666666666666663
3326,"[26608, 26612]","[""seq0096""]","[8, 12]",16,12,4,0.25
3327,"[26616, 26620]","[""seq0096""]","[16, 20]",16,12,4,0.25
3328,"[26624, 26628]","[""seq0096""]","[24, 28]",16,12,4,0.25
3329,"[26632, 26636]","[""seq0096""]","[32, 36]",16,12,4,0.25
3330,"[26640, 26644]","[""seq0096""]","[40, 44]",16,12,4,0.25
3331,"[26648, 26652]","[""seq0096""]","[48, 52]",16,12,4,0.25
3332,"[26656, 26660]","[""seq0096""]","[56, 60]",16,12,4,0.25
3333,"[26664, 26668]","[""seq0096""]","[64, 68]",16,12,4,0.25
3334,"[26672, 26676]","[""seq0096""]","[72, 76]",16,12,4,0.25
3335,"[26680, 26684]","[""seq0096""]","[80, 84]",16,12,4,0.25
3336,"[26688, 26692]","[""seq0096""]","[88, 92]",16,12,4,0.25
3337,"[26696, 26700]","[""seq0096""]","[96, 100]",16,12,4,0.25
3338,"[26704, 26708]","[""seq0096""]","[104, 108]",16,12,4,0.25
3339,"[26712, 26716]","[""seq0096""]","[112, 116]",16,12,4,0.25
3340,"[26720, 26724]","[""seq0096""]","[120, 124]",16,12,4,0.25
3341,"[26728, 26732]","[""seq0096""]","[128, 132]",16,12,4,0.25
3342,"[26736, 26740]","[""seq0096""]","[136, 140]",16,12,4,0.25
3343,"[26744, 26748]","[""seq0096""]","[144, 148]",16,12,4,0.25
3344,"[26752, 26756]","[""seq0096""]","[152, 156]",16,12,4,0.25
3345,"[26760, 26764]","[""seq0096""]","[160, 164]",16,12,4,0.25
3346,"[26768, 26772]","[""seq0096""]","[168, 172]",16,12,4,0.25
3347,"[26776, 26780]","[""seq0096""]","[176, 180]",16,12,4,0.25
3348,"[26784, 26788]","[""seq0096""]","[184, 188]",16,12,4,0.25
3349,"[26792, 26796]","[""seq0096""]","[192, 196]",16,12,4,0.25
3350,"[26800, 26804]","[""seq0096""]","[200, 204]",16,12,4,0.25
3351,"[26808, 26812]","[""seq0096""]","[208, 212]",16,12,4,0.25
3352,"[26816, 26820]","[""seq0096""]","[216, 220]",16,12,4,0.25
3353,"[26824, 26828]","[""seq0096""]","[224, 228]",16,12,4,0.25
3354,"[26832, 26836]","[""seq0096""]","[232, 236]",16,12,4,0.25
3355,"[26840, 26844]","[""seq0096""]","[240, 244]",16,12,4,0.25
3356,"[26848, 26852]","[""seq0096""]","[248, 252]",16,12,4,0.25
3357,"[26856, 26860]","[""seq0096""]","[256, 260]",16,12,4,0.25
3358,"[26864, 26868]","[""seq0096""]","[264, 268]",16,12,4,0.25
3359,"[26872, 26876]","[""seq0096""]","[272, 276]",16,12,4,0.25
3360,"[26880, 26884]","[""seq0096""]","[280, 284]",16,12,4,0.25
3361,"[26888, 26892]","[""seq0096""]","[288, 292]",16,12,4,0.25
3362,"[26896, 26900]","[""seq0096""]","[296, 300]",16,12,4,0.25
3363,"[26904, 26908]","[""seq0096""]","[304, 308]",16,12,4,0.25
3364,"[26912, 26916]","[""seq0096""]","[312, 316]",16,12,4,0.25
3365,"[26920, 26924]","[""seq0096""]","[320, 324]",16,12,4,0.25
3366,"[26928, 26932]","[""seq0096""]","[328, 332]",16,12,4,0.25
3367,"[26936, 26940]","[""seq0096""]","[336, 340]",16,12,4,0.25
3368,"[26944, 26948]","[""seq0096""]","[344, 348]",16,12,4,0.25
3369,"[26952, 26956]","[""seq0096""]","[352, 356]",16,12,4,0.25
3370,"[26960, 26964]","[""seq0096""]","[360, 364]",16,12,4,0.25
3371,"[26968, 26972]","[""seq0096""]","[368, 372]",16,12,4,0.25
3372,"[26976, 26980]","[""seq0096""]","[376, 380]",16,12,4,0.25
3373,"[26984, 26988]","[""seq0096""]","[384, 388]",16,12,4,0.25
3374,"[26992, 26996]","[""seq0096""]","[392, 396]",16,12,4,0.25
3375,"[27000, 27004]","[""seq0097""]","[0, 4]",6,5,1,0.16666666666666663
3376,"[27008, 27012]","[""seq0097""]","[8, 12]",16,12,4,0.25
3377,"[27016, 27020]","[""seq0097""]","[16, 20]",16,12,4,0.25
3378,"[27024, 27028]","[""seq0097""]","[24, 28]",16,12,4,0.25
3379,"[27032, 27036]","[""seq0097""]","[32, 36]",16,12,4,0.25
3380,"[27040, 27044]","[""seq0097""]","[40, 44]",16,12,4,0.25
3381,"[27048, 27052]","[""seq0097""]","[48, 52]",16,12,4,0.25
3382,"[27056, 27060]","[""seq0097""]","[56, 60]",16,12,4,0.25
3383,"[27064, 27068]","[""seq0097""]","[64, 68]",16,12,4,0.25
3384,"[27072, 27076]","[""seq0097""]","[72, 76]",16,12,4,0.25
3385,"[27080, 27084]","[""seq0097""]","[80, 84]",16,12,4,0.25
3386,"[27088, 27092]","[""seq0097""]","[88, 92]",16,12,4,0.25
3387,"[27096, 27100]","[""seq0097""]","[96, 100]",16,12,4,0.25
3388,"[27104, 27108]","[""seq0097""]","[104, 108]",16,12,4,0.25
3389,"[27112, 27116]","[""seq0097""]","[112, 116]",16,12,4,0.25
3390,"[27120, 27124]","[""seq0097""]","[120, 124]",16,12,4,0.25
3391,"[27128, 27132]","[""seq0097""]","[128, 132]",16,12,4,0.25
3392,"[27136, 27140]","[""seq0097""]","[136, 140]",16,12,4,0.25
3393,"[27144, 27148]","[""seq0097""]","[144, 148]",16,12,4,0.25
3394,"[27152, 27156]","[""seq0097""]","[152, 156]",16,12,4,0.25
3395,"[27160, 27164]","[""seq0097""]","[160, 164]",16,12,4,0.25
3396,"[27168, 27172]","[""seq0097""]","[168, 172]",16,12,4,0.25
3397,"[27176, 27180]","[""seq0097""]","[176, 180]",16,12,4,0.25
3398,"[27184, 27188]","[""seq0097""]","[184, 188]",16,12,4,0.25
3399,"[27192, 27196]","[""seq0097""]","[192, 196]",16,12,4,0.25
3400,"[27200, 27204]","[""seq0097""]","[200, 204]",16,12,4,0.25
3401,"[27208, 27212]","[""seq0097""]","[208, 212]",16,12,4,0.25
3402,"[27216, 27220]","[""seq0097""]","[216, 220]",16,12,4,0.25
3403,"[27224, 27228]","[""seq0097""]","[224, 228]",16,12,4,0.25
3404,"[27232, 27236]","[""seq0097""]","[232, 236]",16,12,4,0.25
3405,"[27240, 27244]","[""seq0097""]","[240, 244]",16,12,4,0.25
3406,"[27248, 27252]","[""seq0097""]","[248, 252]",16,12,4,0.25
3407,"[27256, 27260]","[""seq0097""]","[256, 260]",16,12,4,0.25
3408,"[27264, 27268]","[""seq0097""]","[264, 268]",16,12,4,0.25
3409,"[27272, 27276]","[""seq0097""]","[272, 276]",16,12,4,0.25
3410,"[27280, 27284]","[""seq0097""]","[280, 284]",16,12,4,0.25
3411,"[27288, 27292]","[""seq0097""]","[288, 292]",16,12,4,0.25
3412,"[27296, 27300]","[""seq0097""]","[296, 300]",16,12,4,0.25
3413,"[27304, 27308]","[""seq0097""]","[304, 308]",16,12,4,0.25
3414,"[27312, 27316]","[""seq0097""]","[312, 316]",16,12,4,0.25
3415,"[27320, 27324]","[""seq0097""]","[320, 324]",16,12,4,0.25
3416,"[27328, 27332]","[""seq0097""]","[328, 332]",16,12,4,0.25
3417,"[27336, 27340]","[""seq0097""]","[336, 340]",16,12,4,0.25
3418,"[27344, 27348]","[""seq0097""]","[344, 348]",16,12,4,0.25
3419,"[27352, 27356]","[""seq0097""]","[352, 356]",16,12,4,0.25
3420,"[27360, 27364]","[""seq0097""]","[360, 364]",16,12,4,0.25
3421,"[27368, 27372]","[""seq0097""]","[368, 372]",16,12,4,0.25
3422,"[27376, 27380]","[""seq0097""]","[376, 380]",16,12,4,0.25
3423,"[27384, 27388]","[""seq0097""]","[384, 388]",16,12,4,0.25
3424,"[27392, 27396]","[""seq0097""]","[392, 396]",16,12,4,0.25
3425,"[27400, 27404]","[""seq0099""]","[0, 4]",6,5,1,0.16666666666666663
3426,"[27408, 27412]","[""seq0099""]","[8, 12]",16,12,4,0.25
3427,"[27416, 27420]","[""seq0099""]","[16, 20]",16,12,4,0.25
3428,"[27424, 27428]","[""seq0099""]","[24, 28]",16,12,4,0.25
3429,"[27432, 27436]","[""seq0099""]","[32, 36]",16,12,4,0.25
3430,"[27440, 27444]","[""seq0099""]","[40, 44]",16,12,4,0.25
3431,"[27448, 27452]","[""seq0099""]","[48, 52]",16,12,4,0.25
3432,"[27456, 27460]","[""seq0099""]","[56, 60]",16,12,4,0.25
3433,"[27464, 27468]","[""seq0099""]","[64, 68]",16,12,4,0.25
3434,"[27472, 27476]","[""seq0099""]","[72, 76]",16,12,4,0.25
3435,"[27480, 27484]","[""seq0099""]","[80, 84]",16,12,4,0.25
3436,"[27488, 27492]","[""seq0099""]","[88, 92]",16,12,4,0.25
3437,"[27496, 27500]","[""seq0099""]","[96, 100]",16,12,4,0.25
3438,"[27504, 27508]","[""seq0099""]","[104, 108]",16,12,4,0.25
3439,"[27512, 27516]","[""seq0099""]","[112, 116]",16,12,4,0.25
3440,"[27520, 27524]","[""seq0099""]","[120, 124]",16,12,4,0.25
3441,"[27528, 27532]","[""seq0099""]","[128, 132]",16,12,4,0.25
3442,"[27536, 27540]","[""seq0099""]","[136, 140]",16,12,4,0.25
3443,"[27544, 27548]","[""seq0099""]","[144, 148]",16,12,4,0.25
3444,"[27552, 27556]","[""seq0099""]","[152, 156]",16,12,4,0.25
3445,"[27560, 27564]","[""seq0099""]","[160, 164]",16,12,4,0.25
3446,"[27568, 27572]","[""seq0099""]","[168, 172]",16,12,4,0.25
3447,"[27576, 27580]","[""seq0099""]","[176, 180]",16,12,4,0.25
3448,"[27584, 27588]","[""seq0099""]","[184, 188]",16,12,4,0.25
3449,"[27592, 27596]","[""seq0099""]","[192, 196]",16,12,4,0.25
3450,"[27600, 27604]","[""seq0099""]","[200, 204]",16,12,4,0.25
3451,"[27608, 27612]","[""seq0099""]","[208, 212]",16,12,4,0.25
3452,"[27616, 27620]","[""seq0099""]","[216, 220]",16,12,4,0.25
3453,"[27624, 27628]","[""seq0099""]","[224, 228]",16,12,4,0.25
3454,"[27632, 27636]","[""seq0099""]","[232, 236]",16,12,4,0.25
3455,"[27640, 27644]","[""seq0099""]","[240, 244]",16,12,4,0.25
3456,"[27648, 27652]","[""seq0099""]","[248, 252]",16,12,4,0.25
3457,"[27656, 27660]","[""seq0099""]","[256, 260]",16,12,4,0.25
3458,"[27664, 27668]","[""seq0099""]","[264, 268]",16,12,4,0.25
3459,"[27672, 27676]","[""seq0099""]","[272, 276]",16,12,4,0.25
3460,"[27680, 27684]","[""seq0099""]","[280, 284]",16,12,4,0.25
3461,"[27688, 27692]","[""seq0099""]","[288, 292]",16,12,4,0.25
3462,"[27696, 27700]","[""seq0099""]","[296, 300]",16,12,4,0.25
3463,"[27704, 27708]","[""seq0099""]","[304, 308]",16,12,4,0.25
3464,"[27712, 27716]","[""seq0099""]","[312, 316]",16,12,4,0.25
3465,"[27720, 27724]","[""seq0099""]","[320, 324]",16,12,4,0.25
3466,"[27728, 27732]","[""seq0099""]","[328, 332]",16,12,4,0.25
3467,"[27736, 27740]","[""seq0099""]","[336, 340]",16,12,4,0.25
3468,"[27744, 27748]","[""seq0099""]","[344, 348]",16,12,4,0.25
3469,"[27752, 27756]","[""seq0099""]","[352, 356]",16,12,4,0.25
3470,"[27760, 27764]","[""seq0099""]","[360, 364]",16,12,4,0.25
3471,"[27768, 27772]","[""seq0099""]","[368, 372]",16,12,4,0.25
3472,"[27776, 27780]","[""seq0099""]","[376, 380]",16,12,4,0.25
3473,"[27784, 27788]","[""seq0099""]","[384, 388]",16,12,4,0.25
3474,"[27792, 27796]","[""seq0099""]","[392, 396]",16,12,4,0.25
3475,"[27800, 27804]","[""seq0100""]","[0, 4]",6,5,1,0.16666666666666663
3476,"[27808, 27812]","[""seq0100""]","[8, 12]",16,12,4,0.25
3477,"[27816, 27820]","[""seq0100""]","[16, 20]",16,12,4,0.25
3478,"[27824, 27828]","[""seq0100""]","[24, 28]",16,12,4,0.25
3479,"[27832, 27836]","[""seq0100""]","[32, 36]",16,12,4,0.25
3480,"[27840, 27844]","[""seq0100""]","[40, 44]",16,12,4,0.25
3481,"[27848, 27852]","[""seq0100""]","[48, 52]",16,12,4,0.25
3482,"[27856, 27860]","[""seq0100""]","[56, 60]",16,12,4,0.25
3483,"[27864, 27868]","[""seq0100""]","[64, 68]",16,12,4,0.25
3484,"[27872, 27876]","[""seq0100""]","[72, 76]",16,12,4,0.25
3485,"[27880, 27884]","[""seq0100""]","[80, 84]",16,12,4,0.25
3486,"[27888, 27892]","[""seq0100""]","[88, 92]",16,12,4,0.25
3487,"[27896, 27900]","[""seq0100""]","[96, 100]",16,12,4,0.25
3488,"[27904, 27908]","[""seq0100""]","[104, 108]",16,12,4,0.25
3489,"[27912, 27916]","[""seq0100""]","[112, 116]",16,12,4,0.25
3490,"[27920, 27924]","[""seq0100""]","[120, 124]",16,12,4,0.25
3491,"[27928, 27932]","[""seq0100""]","[128, 132]",16,12,4,0.25
3492,"[27936, 27940]","[""seq0100""]","[136, 140]",16,12,4,0.25
3493,"[27944, 27948]","[""seq0100""]","[144, 148]",16,12,4,0.25
3494,"[27952, 27956]","[""seq0100""]","[152, 156]",16,12,4,0.25
3495,"[27960, 27964]","[""seq0100""]","[160, 164]",16,12,4,0.25
3496,"[27968, 27972]","[""seq0100""]","[168, 172]",16,12,4,0.25
3497,"[27976, 27980]","[""seq0100""]","[176, 180]",16,12,4,0.25
3498,"[27984, 27988]","[""seq0100""]","[184, 188]",16,12,4,0.25
3499,"[27992, 27996]","[""seq0100""]","[192, 196]",16,12,4,0.25
3500,"[28000, 28004]","[""seq0100""]","[200, 204]",16,12,4,0.25
3501,"[28008, 28012]","[""seq0100""]","[208, 212]",16,12,4,0.25
3502,"[28016, 28020]","[""seq0100""]","[216, 220]",16,12,4,0.25
3503,"[28024, 28028]","[""seq0100""]","[224, 228]",16,12,4,0.25
3504,"[28032, 28036]","[""seq0100""]","[232, 236]",16,12,4,0.25
3505,"[28040, 28044]","[""seq0100""]","[240, 244]",16,12,4,0.25
3506,"[28048, 28052]","[""seq0100""]","[248, 252]",16,12,4,0.25
3507,"[28056, 28060]","[""seq0100""]","[256, 260]",16,12,4,0.25
3508,"[28064, 28068]","[""seq0100""]","[264, 268]",16,12,4,0.25
3509,"[28072, 28076]","[""seq0100""]","[272, 276]",16,12,4,0.25
3510,"[28080, 28084]","[""seq0100""]","[280, 284]",16,12,4,0.25
3511,"[28088, 28092]","[""seq0100""]","[288, 292]",16,12,4,0.25
3512,"[28096, 28100]","[""seq0100""]","[296, 300]",16,12,4,0.25
3513,"[28104, 28108]","[""seq0100""]","[304, 308]",16,12,4,0.25
3514,"[28112, 28116]","[""seq0100""]","[312, 316]",16,12,4,0.25
3515,"[28120, 28124]","[""seq0100""]","[320, 324]",16,12,4,0.25
3516,"[28128, 28132]","[""seq0100""]","[328, 332]",16,12,4,0.25
3517,"[28136, 28140]","[""seq0100""]","[336, 340]",16,12,4,0.25
3518,"[28144, 28148]","[""seq0100""]","[344, 348]",16,12,4,0.25
3519,"[28152, 28156]","[""seq0100""]","[352, 356]",16,12,4,0.25
3520,"[28160, 28164]","[""seq0100""]","[360, 364]",16,12,4,0.25
3521,"[28168, 28172]","[""seq0100""]","[368, 372]",16,12,4,0.25
3522,"[28176, 28180]","[""seq0100""]","[376, 380]",16,12,4,0.25
3523,"[28184, 28188]","[""seq0100""]","[384, 388]",16,12,4,0.25
3524,"[28192, 28196]","[""seq0100""]","[392, 396]",16,12,4,0.25
3525,"[28200, 28204]","[""seq0102""]","[0, 4]",6,5,1,0.16666666666666663
3526,"[28208, 28212]","[""seq0102""]","[8, 12]",16,12,4,0.25
3527,"[28216, 28220]","[""seq0102""]","[16, 20]",16,12,4,0.25
3528,"[28224, 28228]","[""seq0102""]","[24, 28]",16,12,4,0.25
3529,"[28232, 28236]","[""seq0102""]","[32, 36]",16,12,4,0.25
3530,"[28240, 28244]","[""seq0102""]","[40, 44]",16,12,4,0.25
3531,"[28248, 28252]","[""seq0102""]","[48, 52]",16,12,4,0.25
3532,"[28256, 28260]","[""seq0102""]","[56, 60]",16,12,4,0.25
3533,"[28264, 28268]","[""seq0102""]","[64, 68]",16,12,4,0.25
3534,"[28272, 28276]","[""seq0102""]","[72, 76]",16,12,4,0.25
3535,"[28280, 28284]","[""seq0102""]","[80, 84]",16,12,4,0.25
3536,"[28288, 28292]","[""seq0102""]","[88, 92]",16,12,4,0.25
3537,"[28296, 28300]","[""seq0102""]","[96, 100]",16,12,4,0.25
3538,"[28304, 28308]","[""seq0102""]","[104, 108]",16,12,4,0.25
3539,"[28312, 28316]","[""seq0102""]","[112, 116]",16,12,4,0.25
3540,"[28320, 28324]","[""seq0102""]","[120, 124]",16,12,4,0.25
3541,"[28328, 28332]","[""seq0102""]","[128, 132]",16,12,4,0.25
3542,"[28336, 28340]","[""seq0102""]","[136, 140]",16,12,4,0.25
3543,"[28344, 28348]","[""seq0102""]","[144, 148]",16,12,4,0.25
3544,"[28352, 28356]","[""seq0102""]","[152, 156]",16,12,4,0.25
3545,"[28360, 28364]","[""seq0102""]","[160, 164]",16,12,4,0.25
3546,"[28368, 28372]","[""seq0102""]","[168, 172]",16,12,4,0.25
3547,"[28376, 28380]","[""seq0102""]","[176, 180]",16,12,4,0.25
3548,"[28384, 28388]","[""seq0102""]","[184, 188]",16,12,4,0.25
3549,"[28392, 28396]","[""seq0102""]","[192, 196]",16,12,4,0.25
3550,"[28400, 28404]","[""seq0102""]","[200, 204]",16,12,4,0.25
3551,"[28408, 28412]","[""seq0102""]","[208, 212]",16,12,4,0.25
3552,"[28416, 28420]","[""seq0102""]","[216, 220]",16,12,4,0.25
3553,"[28424, 28428]","[""seq0102""]","[224, 228]",16,12,4,0.25
3554,"[28432, 28436]","[""seq0102""]","[232, 236]",16,12,4,0.25
3555,"[28440, 28444]","[""seq0102""]","[240, 244]",16,12,4,0.25
3556,"[28448, 28452]","[""seq0102""]","[248, 252]",16,12,4,0.25
3557,"[28456, 28460]","[""seq0102""]","[256, 260]",16,12,4,0.25
3558,"[28464, 28468]","[""seq0102""]","[264, 268]",16,12,4,0.25
3559,"[28472, 28476]","[""seq0102""]","[272, 276]",16,12,4,0.25
3560,"[28480, 28484]","[""seq0102""]","[280, 284]",16,12,4,0.25
3561,"[28488, 28492]","[""seq0102""]","[288, 292]",16,12,4,0.25
3562,"[28496, 28500]","[""seq0102""]","[296, 300]",16,12,4,0.25
3563,"[28504, 28508]","[""seq0102""]","[304, 308]",16,12,4,0.25
3564,"[28512, 28516]","[""seq0102""]","[312, 316]",16,12,4,0.25
3565,"[28520, 28524]","[""seq0102""]","[320, 324]",16,12,4,0.25
3566,"[28528, 28532]","[""seq0102""]","[328, 332]",16,12,4,0.25
3567,"[28536, 28540]","[""seq0102""]","[336, 340]",16,12,4,0.25
3568,"[28544, 28548]","[""seq0102""]","[344, 348]",16,12,4,0.25
3569,"[28552, 28556]","[""seq0102""]","[352, 356]",16,12,4,0.25
3570,"[28560, 28564]","[""seq0102""]","[360, 364]",16,12,4,0.25
3571,"[28568, 28572]","[""seq0102""]","[368, 372]",16,12,4,0.25
3572,"[28576, 28580]","[""seq0102""]","[376, 380]",16,12,4,0.25
3573,"[28584, 28588]","[""seq0102""]","[384, 388]",16,12,4,0.25
3574,"[28592, 28596]","[""seq0102""]","[392, 396]",16,12,4,0.25
