sample_id,sequence_id,temporal_block,gt_time,pred_cx,pred_cy,gt_cx,gt_cy,pred_x,pred_y,pred_z,gt_x,gt_y,gt_z,center_error_px,position_error_m
Mavic2_000383,Mavic2,4,1692845435.499809,0.23181460797786713,0.172769233584404,0.23496100306510925,0.14374999701976776,3.0602011680603027,8.639861106872559,9.345344543457031,3.017012119293213,8.861973762512207,8.301433563232422,8.699863095258845,1.0681523582159091
Mavic2_000384,Mavic2,4,1692845435.701633,0.23161821067333221,0.1807432472705841,0.23515650629997253,0.14635400474071503,3.044252872467041,8.51966667175293,9.484347343444824,3.008697271347046,8.857851028442383,8.301076889038086,10.27012931732838,1.2311627951462765
Mavic2_000385,Mavic2,4,1692845435.899843,0.23116660118103027,0.18308718502521515,0.23535150289535522,0.14531299471855164,3.061394691467285,8.532610893249512,9.747966766357422,2.9988980293273926,8.85334300994873,8.30158519744873,11.343797593806217,1.4828332901374168
Mavic2_000386,Mavic2,4,1692845436.100085,0.23094850778579712,0.18756365776062012,0.2355470061302185,0.14635400474071503,3.0578646659851074,8.451324462890625,9.87735652923584,2.9880318641662598,8.8528413772583,8.299544334411621,12.382688484116148,1.6295961999431725
Mavic2_000387,Mavic2,4,1692845436.302773,0.2308391034603119,0.18889087438583374,0.2357420027256012,0.1479170024394989,3.0403261184692383,8.4297456741333,9.922287940979004,2.977802276611328,8.855707168579102,8.300426483154297,12.386672306141989,1.6780306951687316
Mavic2_000388,Mavic2,4,1692845436.552708,0.23055432736873627,0.19984742999076843,0.23515650629997253,0.1489579975605011,3.001615285873413,8.237910270690918,10.157106399536133,2.962334156036377,8.855576515197754,8.301359176635742,15.07632007067734,1.956234227301773
Mavic2_000389,Mavic2,4,1692845436.774816,0.23008251190185547,0.20721226930618286,0.23515650629997253,0.1489579975605011,2.9955883026123047,8.179407119750977,10.555717468261719,2.9476935863494873,8.851896286010742,8.297988891601562,17.223841656132624,2.3562414792313935
Mavic2_000390,Mavic2,4,1692845436.999748,0.2295462042093277,0.21186484396457672,0.23515650629997253,0.1489579975605011,3.007469654083252,8.126917839050293,10.737163543701172,2.9442460536956787,8.861737251281738,8.304707527160645,18.622484041801602,2.541810194456373
Mavic2_000391,Mavic2,4,1692845437.199731,0.22993245720863342,0.2113826423883438,0.23515650629997253,0.1489579975605011,2.9957151412963867,8.16987133026123,10.782995223999023,2.9486610889434814,8.887874603271484,8.315269470214844,18.42052908738899,2.5704888989812744
Mavic2_000392,Mavic2,4,1692845437.395692,0.23011556267738342,0.2124490886926651,0.23515650629997253,0.1489579975605011,3.031907081604004,8.262105941772461,11.037331581115723,2.9575443267822266,8.923287391662598,8.318340301513672,18.69077819805519,2.7992149448614168
Mavic2_000393,Mavic2,4,1692845437.595999,0.2296781837940216,0.21350888907909393,0.23515650629997253,0.1489579975605011,3.0020296573638916,8.189834594726562,10.938403129577637,2.974600315093994,8.999678611755371,8.319875717163086,19.060806039290046,2.741037305528905
Mavic2_000394,Mavic2,4,1692845437.797227,0.22941197454929352,0.21750493347644806,0.23593750596046448,0.1421869993209839,2.9783830642700195,8.087929725646973,11.07076358795166,2.9994406700134277,9.115255355834961,8.320701599121094,22.262978455968398,2.9357592400623593
Mavic2_000395,Mavic2,4,1692845437.996088,0.22925561666488647,0.22045740485191345,0.23593750596046448,0.1421869993209839,2.9896302223205566,8.094023704528809,11.182095527648926,3.024315595626831,9.235939025878906,8.323064804077148,23.118617208877815,3.078835876525875
Mavic2_000396,Mavic2,4,1692845438.197387,0.2288866490125656,0.22088077664375305,0.23632800579071045,0.13802100718021393,2.9853596687316895,8.068421363830566,11.103059768676758,3.066009759902954,9.418089866638184,8.322789192199707,24.538395323211244,3.09160378818194
Mavic2_000397,Mavic2,4,1692845438.403702,0.22874875366687775,0.2212895303964615,0.23671899735927582,0.1338540017604828,2.9781992435455322,8.075901985168457,11.137192726135254,3.119396924972534,9.631742477416992,8.321881294250488,25.91472501341454,3.219713478100431
Mavic2_000950,Mavic2,10,1692845551.608231,0.24472010135650635,0.3758028447628021,0.24550800025463104,0.421875,1.5511376857757568,6.429388999938965,17.025535583496094,0.7104035019874573,4.181181907653809,17.473615646362305,13.282571105951565,2.441729886848593
Mavic2_000951,Mavic2,10,1692845551.807529,0.24482613801956177,0.38249191641807556,0.24550800025463104,0.42656299471855164,1.4764397144317627,6.249353408813477,16.969261169433594,0.6497873663902283,4.026712417602539,17.470855712890625,12.70326883723197,2.4238572908402816
Mavic2_000952,Mavic2,10,1692845552.010085,0.24460232257843018,0.3843235373497009,0.2460940033197403,0.4312500059604645,1.4641978740692139,6.18790340423584,16.86233139038086,0.5749818086624146,3.8306891918182373,17.465208053588867,13.563291037350874,2.5904872756379076
Mavic2_000953,Mavic2,10,1692845552.20822,0.24501444399356842,0.37990567088127136,0.2460940033197403,0.4354169964790344,1.506065011024475,6.320186138153076,16.916179656982422,0.5172010064125061,3.677581548690796,17.46198272705078,16.00874599624758,2.8738670858549415
Mavic2_000954,Mavic2,10,1692845552.406801,0.24494022130966187,0.38742882013320923,0.24628899991512299,0.44062501192092896,1.4489974975585938,6.16387939453125,16.871620178222656,0.44545799493789673,3.484127998352051,17.45665168762207,15.355482063037444,2.920688436933101
Mavic2_000955,Mavic2,10,1692845552.608198,0.24486736953258514,0.3912055194377899,0.24648450314998627,0.4463540017604828,1.4306387901306152,6.165311813354492,16.82616424560547,0.3674960434436798,3.2676010131835938,17.448293685913086,15.931246618852233,3.148657717465901
Mavic2_000956,Mavic2,10,1692845552.815675,0.2452203929424286,0.385724812746048,0.24707050621509552,0.4526039958000183,1.449436902999878,6.253979206085205,16.80419921875,0.28483089804649353,3.03733229637146,17.439119338989258,19.313542582763002,3.479403403980214
Mavic2_000957,Mavic2,10,1692845553.006552,0.24557791650295258,0.3887983560562134,0.2472655028104782,0.4598959982395172,1.4012370109558105,6.107606887817383,16.67049217224121,0.2164473980665207,2.8480520248413086,17.43303871154785,20.51709816037652,3.551042319681626
Mavic2_000958,Mavic2,10,1692845553.206925,0.24614083766937256,0.3911837935447693,0.24648450314998627,0.46406200528144836,1.3620373010635376,6.0367350578308105,16.573556900024414,0.1310509443283081,2.6084232330322266,17.423471450805664,20.990584402398106,3.7404550688588367
Mavic2_000959,Mavic2,10,1692845553.408433,0.2461518943309784,0.39072591066360474,0.2472655028104782,0.4708330035209656,1.3671801090240479,6.0933027267456055,16.57551383972168,0.06507205218076706,2.4227631092071533,17.416444778442383,23.08668966473228,3.9844085281649013
Mavic2_000960,Mavic2,10,1692845553.607742,0.2464844286441803,0.3921464681625366,0.24707050621509552,0.4760420024394989,1.3626766204833984,6.144800662994385,16.484283447265625,-0.022487029433250427,2.1752798557281494,17.408788681030273,24.166105991143574,4.304704833508127
Mavic2_000961,Mavic2,10,1692845553.805455,0.24608585238456726,0.39916282892227173,0.24707050621509552,0.48281198740005493,1.3024790287017822,5.980194091796875,16.520004272460938,-0.1087622344493866,1.9313946962356567,17.40154457092285,24.10282348435071,4.3773841213822795
Mavic2_000962,Mavic2,10,1692845554.005928,0.24599213898181915,0.4011114239692688,0.24765600264072418,0.49010398983955383,1.2766289710998535,5.953887462615967,16.495361328125,-0.17538867890834808,1.7448638677597046,17.395002365112305,25.661694498837427,4.5424210365644955
Mavic2_000963,Mavic2,10,1692845554.206202,0.24639512598514557,0.4075762629508972,0.2474610060453415,0.49583300948143005,1.2306766510009766,5.850019454956055,16.491296768188477,-0.26501527428627014,1.4911255836486816,17.38807487487793,25.43112120250577,4.694812146330029
Mavic2_000964,Mavic2,10,1692845554.41088,0.24673351645469666,0.41062426567077637,0.24804699420928955,0.5052080154418945,1.156035304069519,5.744206428527832,16.45008087158203,-0.3374910056591034,1.2844786643981934,17.380769729614258,27.258791470510033,4.794369021932466
Mavic2_000965,Mavic2,10,1692845554.606362,0.2467566430568695,0.41269537806510925,0.24824200570583344,0.512499988079071,1.1680221557617188,5.79057502746582,16.44944953918457,-0.42540282011032104,1.0320662260055542,17.374801635742188,28.76635554187115,5.102811545600249
Mavic2_000966,Mavic2,10,1692845554.806894,0.2466069608926773,0.417407363653183,0.24824200570583344,0.5197920203208923,1.1115126609802246,5.5878705978393555,16.412639617919922,-0.5100945830345154,0.7878228425979614,17.367887496948242,29.5135067305177,5.155828451066534
Mavic2_000967,Mavic2,10,1692845555.006857,0.24623575806617737,0.4248017370700836,0.24824200570583344,0.5223960280418396,1.0563048124313354,5.423575401306152,16.414146423339844,-0.5670174956321716,0.6256216764450073,17.363676071166992,28.149356408482525,5.153362185395891
Mavic2_000968,Mavic2,10,1692845555.20627,0.2459971159696579,0.42284533381462097,0.24785150587558746,0.5276039838790894,1.0791834592819214,5.467099189758301,16.337841033935547,-0.6119017004966736,0.5020632743835449,17.363590240478516,30.204085893835945,5.344484268225342
Mavic2_000969,Mavic2,10,1692845555.405857,0.24622853100299835,0.42538803815841675,0.2486329972743988,0.53125,1.026720643043518,5.414745330810547,16.345483779907227,-0.6352332234382629,0.4372123181819916,17.36455535888672,30.544117707437174,5.345692885791757
Mavic2_000970,Mavic2,10,1692845555.607206,0.24594956636428833,0.4256467819213867,0.2486329972743988,0.5328130125999451,1.0817439556121826,5.562544345855713,16.332401275634766,-0.6424869894981384,0.4168281555175781,17.36395835876465,30.932603360850862,5.524081596006658
Mavic2_000971,Mavic2,10,1692845555.852077,0.24574358761310577,0.4362381398677826,0.2486329972743988,0.5348960161209106,0.9952577948570251,5.301336765289307,16.325241088867188,-0.6442072987556458,0.4150916039943695,17.36271858215332,28.49999019226761,5.257337455264581
Mavic2_000972,Mavic2,10,1692845556.052797,0.24567392468452454,0.44017332792282104,0.2488279938697815,0.5348960161209106,0.9598604440689087,5.207986831665039,16.30122184753418,-0.641363263130188,0.42531877756118774,17.36220359802246,27.387467591645617,5.153980340582521
Mavic2_000973,Mavic2,10,1692845556.251346,0.24572989344596863,0.4366959035396576,0.24824200570583344,0.5348960161209106,1.009224772453308,5.3890485763549805,16.344003677368164,-0.6338300704956055,0.4463293254375458,17.361122131347656,28.347362127213653,5.307036155873947
Mavic2_000974,Mavic2,10,1692845556.508498,0.24570180475711823,0.434610515832901,0.24843749403953552,0.5338540077209473,0.9983678460121155,5.374423027038574,16.329544067382812,-0.6221200823783875,0.4814731180667877,17.35859489440918,28.659241926942272,5.256033251642346
Mavic2_000975,Mavic2,10,1692845556.707409,0.24565045535564423,0.44220760464668274,0.24804699420928955,0.5338540077209473,0.9507272839546204,5.256617546081543,16.399507522583008,-0.6169760227203369,0.5051153898239136,17.357332229614258,26.458259429329665,5.094300203961286
Mavic2_000976,Mavic2,10,1692845556.899554,0.24580426514148712,0.4389091432094574,0.24902349710464478,0.5302079916000366,0.9872961044311523,5.40104866027832,16.348169326782227,-0.6131730079650879,0.5343092083930969,17.35434913635254,26.410048160332874,5.221020214618734
Mavic2_000977,Mavic2,10,1692845557.100845,0.2459985911846161,0.4449150264263153,0.24902349710464478,0.5291669964790344,0.9168508052825928,5.247092247009277,16.36810302734375,-0.6096118688583374,0.5603730082511902,17.352067947387695,24.375523634000967,5.026292120675812
Mavic2_000978,Mavic2,10,1692845557.305856,0.24592338502407074,0.44578951597213745,0.2486329972743988,0.5291669964790344,0.9145362973213196,5.304844856262207,16.463348388671875,-0.6071374416351318,0.5773085951805115,17.35079574584961,24.10271642645318,5.045062227508572
Mavic2_000979,Mavic2,10,1692845557.501762,0.24620583653450012,0.44212451577186584,0.24843749403953552,0.5270829796791077,0.9926571846008301,5.528473854064941,16.412954330444336,-0.6021046042442322,0.5963091850280762,17.350276947021484,24.52799139557466,5.267645315812642
Mavic2_000980,Mavic2,10,1692845557.70583,0.24620753526687622,0.4412617087364197,0.24824200570583344,0.5276039838790894,0.941239595413208,5.461987495422363,16.41300392150879,-0.5949526429176331,0.6125543117523193,17.35007095336914,24.915615325031492,5.172521959178875
Mavic2_000981,Mavic2,10,1692845557.930812,0.24626237154006958,0.43995627760887146,0.2488279938697815,0.5302079916000366,1.0086725950241089,5.647457122802734,16.486751556396484,-0.5892146229743958,0.6259034276008606,17.35261344909668,26.067071050572093,5.340314774661598
Mavic2_000982,Mavic2,10,1692845558.152188,0.24638889729976654,0.4438743591308594,0.2486329972743988,0.5270829796791077,0.9486453533172607,5.545823097229004,16.448036193847656,-0.5856667757034302,0.6364493370056152,17.356237411499023,24.02597771470616,5.223111513128297
Mavic2_000983,Mavic2,10,1692845558.360278,0.24646711349487305,0.43956756591796875,0.24843749403953552,0.5276039838790894,1.0010608434677124,5.7032084465026855,16.543807983398438,-0.5841642618179321,0.6458466649055481,17.361217498779297,25.399606552933875,5.362649078601212
Mavic2_000984,Mavic2,10,1692845558.558286,0.2467830330133438,0.43499505519866943,0.2488279938697815,0.5276039838790894,1.0827566385269165,5.97405481338501,16.593542098999023,-0.584176242351532,0.6515220999717712,17.367124557495117,26.717571368681124,5.630848029808714
Mavic2_000985,Mavic2,10,1692845558.759475,0.24683399498462677,0.4321385622024536,0.2486329972743988,0.5265629887580872,1.0849932432174683,6.024053573608398,16.558507919311523,-0.5864976644515991,0.6553360223770142,17.376949310302734,27.229309958428072,5.68215243634029
Mavic2_000986,Mavic2,10,1692845558.968667,0.2460423707962036,0.4342431128025055,0.2486329972743988,0.5276039838790894,1.139107346534729,6.101263523101807,16.707103729248047,-0.5894739031791687,0.6549832820892334,17.38712501525879,26.961441711272084,5.75433667332162
Mavic2_000987,Mavic2,10,1692845559.159052,0.24670694768428802,0.42921262979507446,0.24843749403953552,0.5270829796791077,1.1261264085769653,6.161462783813477,16.639875411987305,-0.5925528407096863,0.6533622741699219,17.394439697265625,28.21797732995819,5.819140559127413
Mavic2_000988,Mavic2,10,1692845559.360244,0.24700850248336792,0.4321766793727875,0.24843749403953552,0.5270829796791077,1.085597038269043,6.06483793258667,16.688663482666016,-0.5959199070930481,0.649306058883667,17.403961181640625,27.35503813870802,5.715517081663862
Mavic2_000989,Mavic2,10,1692845559.559737,0.24689899384975433,0.4303038418292999,0.24902349710464478,0.5276039838790894,1.106577754020691,6.110517978668213,16.66370391845703,-0.5986185669898987,0.6460955739021301,17.412818908691406,28.069901558470175,5.773108346418889
Mavic2_000990,Mavic2,10,1692845559.75695,0.24666418135166168,0.4347139000892639,0.24843749403953552,0.5270829796791077,1.054115891456604,5.920287132263184,16.568920135498047,-0.6008246541023254,0.6405998468399048,17.421533584594727,26.637133442032436,5.598292215915105
Mavic2_000991,Mavic2,10,1692845559.959732,0.24715553224086761,0.43960171937942505,0.2488279938697815,0.528124988079071,1.003783106803894,5.778398513793945,16.6014347076416,-0.6025767922401428,0.6342454552650452,17.430986404418945,25.52703688057659,5.452601107036455
Mavic2_000992,Mavic2,10,1692845560.151003,0.24706698954105377,0.4343133866786957,0.24804699420928955,0.5286459922790527,1.048832893371582,5.862085342407227,16.57668685913086,-0.6028763651847839,0.6252833008766174,17.441980361938477,27.178213853852967,5.558864267364427
Mavic2_000993,Mavic2,10,1692845560.352914,0.24694842100143433,0.43906131386756897,0.24843749403953552,0.5270829796791077,0.9466475248336792,5.5829081535339355,16.535369873046875,-0.6017120480537415,0.6145433187484741,17.452831268310547,25.37602204921447,5.284297674268932
Mavic2_000994,Mavic2,10,1692845560.553789,0.24690552055835724,0.4359573721885681,0.2488279938697815,0.528124988079071,1.0371251106262207,5.834174156188965,16.872114181518555,-0.5985029339790344,0.6043919920921326,17.46183967590332,26.58530386790816,5.511231871635589
Mavic2_000995,Mavic2,10,1692845560.759167,0.24744533002376556,0.4455091953277588,0.24824200570583344,0.528124988079071,0.8828536868095398,5.331906318664551,16.673778533935547,-0.5948622226715088,0.5970450639724731,17.46830177307129,23.8012138466158,5.02332783997266
Mavic2_000996,Mavic2,10,1692845560.9596,0.24717208743095398,0.43305614590644836,0.24843749403953552,0.528124988079071,1.0390735864639282,5.801046848297119,16.68122673034668,-0.5905867218971252,0.5874829292297363,17.476314544677734,27.397068449835082,5.51989185504086
Mavic2_000997,Mavic2,10,1692845561.158138,0.24700461328029633,0.43229353427886963,0.24785150587558746,0.5296869874000549,1.0689250230789185,5.899749279022217,16.663902282714844,-0.587843656539917,0.5781374573707581,17.483652114868164,28.0568544494284,5.633509086299754
Mavic2_000998,Mavic2,10,1692845561.35923,0.2501530945301056,0.4326585531234741,0.24785150587558746,0.528124988079071,0.9321374297142029,5.377980709075928,16.270109176635742,-0.5852301120758057,0.571415901184082,17.489044189453125,27.55109512486418,5.185679519100109
Mavic2_000999,Mavic2,10,1692845561.559038,0.2496151477098465,0.42675602436065674,0.24785150587558746,0.5286459922790527,1.038079023361206,5.646829605102539,16.474166870117188,-0.582110583782196,0.5632481575012207,17.495641708374023,29.375554152374583,5.4324235422768385
Mavic2_001000,Mavic2,10,1692845561.753119,0.24998049437999725,0.42328354716300964,0.24824200570583344,0.5296869874000549,1.0578218698501587,5.700420379638672,16.369539260864258,-0.5795269012451172,0.5564231872558594,17.502256393432617,30.673263266710045,5.515855891506172
Mavic2_001001,Mavic2,10,1692845561.965551,0.25024887919425964,0.4223931133747101,0.24785150587558746,0.5307289958000183,1.076195478439331,5.791228771209717,16.441251754760742,-0.5749418139457703,0.5497224926948547,17.51024627685547,31.25501183086678,5.598427610881831
Mavic2_001002,Mavic2,10,1692845562.158245,0.25070732831954956,0.412157267332077,0.2486329972743988,0.5302079916000366,1.1418395042419434,6.002645492553711,16.307472229003906,-0.5713503956794739,0.5433112978935242,17.515281677246094,34.03591206029813,5.847918702020561
Mavic2_001003,Mavic2,10,1692845562.433007,0.250383198261261,0.4049954414367676,0.24804699420928955,0.5322920083999634,1.269997239112854,6.261635780334473,16.382110595703125,-0.5669004321098328,0.5330398678779602,17.52097511291504,36.7052891009666,6.122745835923708
Mavic2_001004,Mavic2,10,1692845562.658394,0.250076025724411,0.4003314673900604,0.24785150587558746,0.5296869874000549,1.2914098501205444,6.3616485595703125,16.47024917602539,-0.5611710548400879,0.5218113660812378,17.526025772094727,37.29354225492105,6.21694608925402
Mavic2_001005,Mavic2,10,1692845562.859245,0.2505638301372528,0.3922496438026428,0.24843749403953552,0.53125,1.3711365461349487,6.563361167907715,16.252761840820312,-0.5574021339416504,0.5128896832466125,17.52741050720215,40.06539668693692,6.477051478100024
Mavic2_001006,Mavic2,10,1692845563.106965,0.2502243220806122,0.38368937373161316,0.24804699420928955,0.5307289958000183,1.4637866020202637,6.864104270935059,16.414287567138672,-0.5550479888916016,0.5025808215141296,17.53130531311035,42.38041344354419,6.767008375036215
Mavic2_001007,Mavic2,10,1692845563.301572,0.2498859167098999,0.37954047322273254,0.24785150587558746,0.5307289958000183,1.485532522201538,6.871567726135254,16.422691345214844,-0.5570548176765442,0.4938688278198242,17.533916473388672,43.570317766559796,6.7883744419477186
Mavic2_001008,Mavic2,10,1692845563.514657,0.2499353289604187,0.37383270263671875,0.24804699420928955,0.5307289958000183,1.5427663326263428,7.039536476135254,16.47610092163086,-0.5613790154457092,0.4820922911167145,17.534820556640625,45.209399059160745,6.96766741104955
Mavic2_001009,Mavic2,10,1692845563.760137,0.24942801892757416,0.3562963902950287,0.24804699420928955,0.53125,1.7404801845550537,7.603940963745117,16.402698516845703,-0.5648658275604248,0.47037801146507263,17.53611946105957,50.397801333769024,7.582017123859704
Mavic2_001010,Mavic2,10,1692845563.958364,0.2494489848613739,0.3632652461528778,0.24707050621509552,0.53125,1.6634238958358765,7.363334655761719,16.477994918823242,-0.5621442794799805,0.47293174266815186,17.53485107421875,48.4140816971218,7.317632878256768
Mavic2_001011,Mavic2,10,1692845564.159503,0.2499696910381317,0.3559083640575409,0.24824200570583344,0.5322920083999634,1.7489283084869385,7.660884380340576,16.460647583007812,-0.5364943146705627,0.5411125421524048,17.532712936401367,50.815815513605,7.55404737317978
Mavic2_001012,Mavic2,10,1692845564.359394,0.24921248853206635,0.3556053936481476,0.2488279938697815,0.5291669964790344,1.7887108325958252,7.690089225769043,16.53033447265625,-0.47178637981414795,0.7183502316474915,17.536104202270508,49.986613829480945,7.397740533330199
Mavic2_001013,Mavic2,10,1692845564.557498,0.2488498091697693,0.34000512957572937,0.24785150587558746,0.5302079916000366,1.9306879043579102,8.073331832885742,16.408124923706055,-0.3897518813610077,0.9483079314231873,17.539491653442383,54.783789472065976,7.5782845732206585
Mavic2_001014,Mavic2,10,1692845564.805948,0.24884381890296936,0.3394092917442322,0.24785150587558746,0.5135419964790344,1.9797030687332153,8.225367546081543,16.568679809570312,-0.2038470059633255,1.4754338264465332,17.54195213317871,50.156009141775776,7.16077894953301
Mavic2_001016,Mavic2,10,1692845565.209119,0.24841023981571198,0.3239554166793823,0.2472655028104782,0.4822919964790344,2.1774396896362305,8.631001472473145,16.445659637451172,0.16306699812412262,2.549184799194336,17.546367645263672,45.6094090082748,6.500596088524837
Mavic2_001017,Mavic2,10,1692845565.406654,0.24831825494766235,0.3151266872882843,0.24628899991512299,0.46458300948143005,2.25789213180542,8.941082000732422,16.51719093322754,0.3957326114177704,3.2515194416046143,17.546571731567383,43.07162517866242,6.074404087776027
Mavic2_001018,Mavic2,10,1692845565.606988,0.24808333814144135,0.31366461515426636,0.24589850008487701,0.4447920024394989,2.3116233348846436,9.034773826599121,16.51906394958496,0.6327298283576965,3.9758331775665283,17.540727615356445,37.801946509955485,5.427279294697325
Mavic2_001019,Mavic2,10,1692845565.808675,0.2479979246854782,0.3096928298473358,0.2460940033197403,0.42447900772094727,2.3554844856262207,9.196560859680176,16.567222595214844,0.8641031980514526,4.695626735687256,17.531702041625977,33.09074107083313,4.838682334685923
Mavic2_001020,Mavic2,10,1692845566.008983,0.24787203967571259,0.3119271993637085,0.24531249701976776,0.40781301259994507,2.3736572265625,9.196837425231934,16.61479949951172,1.0463168621063232,5.267733097076416,17.520509719848633,27.684989118668074,4.244997558052044
Mavic2_001022,Mavic2,10,1692845566.412371,0.24745498597621918,0.3013423979282379,0.24511699378490448,0.37187498807907104,2.483242988586426,9.55031967163086,16.700382232666016,1.4397060871124268,6.525125503540039,17.503721237182617,20.392590557952264,3.299412459145778
Mavic2_001023,Mavic2,10,1692845566.606385,0.24747753143310547,0.28957414627075195,0.2447264939546585,0.3588539958000183,2.637239456176758,10.02193832397461,16.595970153808594,1.639477014541626,7.172086238861084,17.4926700592041,20.06414772427468,3.149802774349518
Mavic2_001024,Mavic2,10,1692845566.806426,0.24697428941726685,0.2927228808403015,0.24570299685001373,0.3432289958000183,2.6090126037597656,9.902758598327637,16.623863220214844,1.8333933353424072,7.799585342407227,17.486339569091797,14.578492061975734,2.4018302284573023
Mavic2_001025,Mavic2,10,1692845567.010279,0.2469710260629654,0.2874659299850464,0.2447264939546585,0.32968801259994507,2.675327777862549,10.149151802062988,16.67966079711914,1.9936636686325073,8.321667671203613,17.479848861694336,12.281535363388963,2.108237449872245
Mavic2_001026,Mavic2,10,1692845567.208317,0.24663227796554565,0.2754049003124237,0.24433599412441254,0.31562501192092896,2.845083236694336,10.669575691223145,16.662363052368164,2.1725587844848633,8.910518646240234,17.47749137878418,11.716871084171967,2.0520733453873996
Mavic2_001027,Mavic2,10,1692845567.407606,0.24320568144321442,0.2647054195404053,0.24453149735927582,0.3052079975605011,3.197260618209839,11.60018539428711,17.24265480041504,2.3483901023864746,9.489383697509766,17.47529411315918,11.709099126036223,2.286959992126317
Mavic2_001028,Mavic2,10,1692845567.607345,0.24330681562423706,0.26214152574539185,0.2449219971895218,0.29218700528144836,3.176220655441284,11.568502426147461,17.13986587524414,2.4880666732788086,9.954885482788086,17.4744815826416,8.741558583359271,1.7858564373150572
Mavic2_001029,Mavic2,10,1692845567.807482,0.24294300377368927,0.24942296743392944,0.24394549429416656,0.2817710041999817,3.3379697799682617,12.114300727844238,17.134632110595703,2.6493935585021973,10.476738929748535,17.47354507446289,9.34799403649003,1.8084821957730621
Mavic2_001030,Mavic2,10,1692845568.008423,0.24304260313510895,0.24696290493011475,0.24375000596046448,0.2718749940395355,3.409616470336914,12.328702926635742,17.19773292541504,2.8033182621002197,10.96409797668457,17.467252731323242,7.195221745427336,1.5173612333650355
Mavic2_001031,Mavic2,10,1692845568.207587,0.24258995056152344,0.24044328927993774,0.24433599412441254,0.26249998807907104,3.5376346111297607,12.71565055847168,17.281713485717773,2.922435998916626,11.341316223144531,17.462419509887695,6.492323511687779,1.5165483391238745
Mavic2_001032,Mavic2,10,1692845568.439589,0.24265055358409882,0.23733308911323547,0.2435545027256012,0.25312501192092896,3.610464572906494,12.882691383361816,17.33571434020996,3.061164140701294,11.770390510559082,17.457561492919922,4.600753675289197,1.2465115021860282
Mavic2_001033,Mavic2,10,1692845568.656491,0.24259620904922485,0.24395714700222015,0.2435545027256012,0.24635399878025055,3.580646514892578,12.807228088378906,17.375823974609375,3.2194137573242188,12.258543968200684,17.455171585083008,1.0090371775057267,0.6616943495029006
Mavic2_001034,Mavic2,10,1692845568.858173,0.24267810583114624,0.23088467121124268,0.2433595061302185,0.24010400474071503,3.723924160003662,13.30008602142334,17.361865997314453,3.3403542041778564,12.628429412841797,17.453899383544922,2.70624766921719,0.7789214691125911
Mavic3_000303,Mavic3,4,1692846950.182525,0.2312631905078888,0.5794515609741211,0.23476549983024597,0.1338540017604828,0.6355230808258057,0.8969266414642334,7.81088924407959,3.3324477672576904,10.025111198425293,8.94206428527832,128.36028208117125,9.585234115245127
Mavic3_000304,Mavic3,4,1692846950.382391,0.23127290606498718,0.5775670409202576,0.23593750596046448,0.13645799458026886,0.6214542388916016,0.848330020904541,7.759090900421143,3.238643169403076,9.761385917663574,8.942777633666992,127.0899059388219,9.364473161860468
Mavic3_000305,Mavic3,4,1692846950.634835,0.23157507181167603,0.5615024566650391,0.23613299429416656,0.14427100121974945,0.6783822774887085,1.0806396007537842,7.6672234535217285,3.1324403285980225,9.463956832885742,8.9329195022583,120.2136350414711,8.826346651959827
Mavic3_000306,Mavic3,4,1692846950.832162,0.23240719735622406,0.561717689037323,0.23593750596046448,0.1484380066394806,0.6548445224761963,1.1261663436889648,7.6764984130859375,3.061744451522827,9.264690399169922,8.928296089172363,119.05542480677846,8.57879586491847
Mavic3_000307,Mavic3,4,1692846951.03815,0.23096522688865662,0.5581873655319214,0.23613299429416656,0.15312500298023224,0.6998226642608643,1.1108641624450684,7.504495620727539,2.9715869426727295,9.007634162902832,8.925342559814453,116.72545335834769,8.338986473253842
Mavic3_000308,Mavic3,4,1692846951.233495,0.2330136001110077,0.5557043552398682,0.23613299429416656,0.16041700541973114,0.6239181756973267,1.1344149112701416,7.543015480041504,2.9051060676574707,8.8152437210083,8.928840637207031,113.86796132925994,8.13138738280019
Mavic3_000309,Mavic3,4,1692846951.43435,0.2336599975824356,0.5591107606887817,0.2357420027256012,0.1640619933605194,0.5555464625358582,0.9553823471069336,7.486005783081055,2.8193089962005615,8.574383735656738,8.936819076538086,113.78528046452082,8.07952116031758
Mavic3_000310,Mavic3,4,1692846951.637315,0.234162837266922,0.557273268699646,0.23652349412441254,0.1723960041999817,0.5218831896781921,0.9483392238616943,7.311985015869141,2.7207159996032715,8.312326431274414,8.939599990844727,110.85947784773727,7.855717906321865
Mavic3_000311,Mavic3,4,1692846951.847837,0.23404136300086975,0.5478512048721313,0.2369139939546585,0.17708300054073334,0.5127036571502686,0.9107706546783447,7.212247371673584,2.6253302097320557,8.063407897949219,8.933368682861328,106.8040310885457,7.65412758270489
Mavic3_000312,Mavic3,4,1692846952.032106,0.23386190831661224,0.5490038394927979,0.2369139939546585,0.18489600718021393,0.5130125284194946,0.9312355518341064,7.2286696434021,2.5503852367401123,7.868718147277832,8.931045532226562,104.8892501465359,7.4281650480818735
Mavic3_000313,Mavic3,4,1692846952.232659,0.2334345579147339,0.5496784448623657,0.2371094971895218,0.19010399281978607,0.5179271101951599,0.8897271156311035,7.193761348724365,2.4602973461151123,7.628904819488525,8.923971176147461,103.59589524243356,7.223776318828552
Mavic3_000314,Mavic3,4,1692846952.438239,0.23385901749134064,0.5445593595504761,0.23730449378490448,0.19843700528144836,0.46771299839019775,0.8093087673187256,7.152091979980469,2.38834285736084,7.4314703941345215,8.918514251708984,99.718353003631,7.117730769627336
Mavic3_000315,Mavic3,4,1692846952.63147,0.23335430026054382,0.5386154651641846,0.23769550025463104,0.20416699349880219,0.46444302797317505,0.7558605670928955,7.012928485870361,2.3096559047698975,7.192805290222168,8.923966407775879,96.37884449510601,6.96355755833749
Mavic3_000316,Mavic3,4,1692846952.858975,0.23541860282421112,0.5484716892242432,0.23789049685001373,0.21302099525928497,0.3591105341911316,0.6471118927001953,7.332832336425781,2.2113938331604004,6.90426778793335,8.934311866760254,96.62845030008641,6.719203077967789
Mavic3_000317,Mavic3,4,1692846953.050844,0.23434264957904816,0.5442949533462524,0.23730449378490448,0.21614600718021393,0.37088829278945923,0.5825397968292236,6.998836040496826,2.1474766731262207,6.707483768463135,8.950152397155762,94.53426748410658,6.669245868354748
Mavic3_000318,Mavic3,4,1692846953.286939,0.23473574221134186,0.5376395583152771,0.2382809966802597,0.2255209982395172,0.3709436058998108,0.6522505283355713,7.0659074783325195,2.0617663860321045,6.472466468811035,8.950879096984863,89.93137172046967,6.347197276806813
Mavic3_000319,Mavic3,4,1692846953.482748,0.23562006652355194,0.5344621539115906,0.2394530028104782,0.23333300650119781,0.3341020345687866,0.6282806396484375,7.028082370758057,1.9713177680969238,6.236885070800781,8.947124481201172,86.77513868483929,6.149767609016437
Mavic3_000320,Mavic3,4,1692846953.68259,0.23556485772132874,0.5343504548072815,0.23906250298023224,0.2421880066394806,0.3288821578025818,0.6255402565002441,7.020503997802734,1.8788330554962158,5.997109889984131,8.938876152038574,84.18565141886431,5.910690301037179
Mavic3_000321,Mavic3,4,1692846953.882106,0.23563846945762634,0.5314183235168457,0.23886699974536896,0.25,0.30435240268707275,0.5451745986938477,7.022721767425537,1.8087031841278076,5.805362701416016,8.94871997833252,81.08639607314903,5.800182691782914
Mavic3_000322,Mavic3,4,1692846954.081742,0.23662398755550385,0.5393412709236145,0.23906250298023224,0.26041701436042786,0.27041566371917725,0.5245039463043213,7.340877532958984,1.7184028625488281,5.566075325012207,8.953143119812012,80.352013475121,5.487577718550472
Mavic3_000323,Mavic3,4,1692846954.28178,0.2371494472026825,0.5446556210517883,0.23925800621509552,0.26822900772094727,0.30554401874542236,0.7155523300170898,7.568027496337891,1.6234831809997559,5.323554992675781,8.939289093017578,79.62733286107611,4.98507878984894
Mavic3_000324,Mavic3,4,1692846954.484532,0.23663754761219025,0.5426362156867981,0.24003900587558746,0.27656200528144836,0.3443443775177002,0.7892992496490479,7.512870788574219,1.5498517751693726,5.116201877593994,8.922159194946289,76.67388708075192,4.707592617234898
Mavic3_000325,Mavic3,4,1692846954.681873,0.23730148375034332,0.545229971408844,0.24062499403953552,0.2874999940395355,0.20987653732299805,0.4228794574737549,7.41847562789917,1.4887218475341797,4.904208183288574,8.910603523254395,74.2701068271085,4.893280916967615
Mavic3_000326,Mavic3,4,1692846954.881857,0.23765036463737488,0.545725405216217,0.24042950570583344,0.29427099227905273,0.1874830722808838,0.37932801246643066,7.5259623527526855,1.4343039989471436,4.669466495513916,8.90768051147461,72.45031708433638,4.676429802428322
Mavic3_000327,Mavic3,4,1692846955.081561,0.23841868340969086,0.5350764989852905,0.24023449420928955,0.3052079975605011,0.1980299949645996,0.5118486881256104,7.5600690841674805,1.3830609321594238,4.444475173950195,8.902910232543945,66.21681474810387,4.321234979596793
Mavic3_000328,Mavic3,4,1692846955.282935,0.23923496901988983,0.5390964150428772,0.2396485060453415,0.31093698740005493,0.15157008171081543,0.42561912536621094,7.769378662109375,1.3397871255874634,4.273834228515625,8.90468692779541,65.71068267777427,4.184440713118212
Mavic3_000329,Mavic3,4,1692846955.486712,0.23852886259555817,0.54120934009552,0.2394530028104782,0.3203119933605194,0.15367001295089722,0.3457021713256836,7.642828464508057,1.2762961387634277,4.050799369812012,8.91252326965332,63.62239473371611,4.0743293395111
Mavic3_000330,Mavic3,4,1692846955.682235,0.23878143727779388,0.5274698734283447,0.24003900587558746,0.33125001192092896,0.1941782832145691,0.5206859111785889,7.5600738525390625,1.2096437215805054,3.827603340148926,8.918611526489258,56.51957267337723,3.716516857231447
Mavic3_000331,Mavic3,4,1692846955.882792,0.23959864675998688,0.522187352180481,0.24023449420928955,0.34010401368141174,0.22530663013458252,0.6996932029724121,7.706540584564209,1.1422916650772095,3.6076714992523193,8.922734260559082,52.44227515129051,3.2827315430101263
Mavic3_000332,Mavic3,4,1692846956.08144,0.23916985094547272,0.5192527770996094,0.2394530028104782,0.3520829975605011,0.25066548585891724,0.7584102153778076,7.6137495040893555,1.085254430770874,3.422314167022705,8.926188468933105,48.14538761731692,3.0847072806019518
Mavic3_000333,Mavic3,4,1692846956.28324,0.23981639742851257,0.5159700512886047,0.24023449420928955,0.3588539958000183,0.18748366832733154,0.5907557010650635,7.537989616394043,1.008358120918274,3.1946399211883545,8.932191848754883,45.25056325309472,3.0655909321766184
Mavic3_000334,Mavic3,4,1692846956.484848,0.23951849341392517,0.5293679237365723,0.23925800621509552,0.37135401368141174,0.13828051090240479,0.3540325164794922,7.705973148345947,0.9257739782333374,2.966651678085327,8.93847370147705,45.508445814965306,2.9941580549709372
Mavic3_000335,Mavic3,4,1692846956.680642,0.23893238604068756,0.5123097896575928,0.24042950570583344,0.3812499940395355,0.23994660377502441,0.6545629501342773,7.766631126403809,0.8581241369247437,2.7849011421203613,8.941292762756348,37.762729389942905,2.5100426758611167
Mavic3_000336,Mavic3,4,1692846956.880592,0.23850005865097046,0.5056710839271545,0.2408204972743988,0.39322900772094727,0.29756611585617065,0.7825486660003662,7.918303966522217,0.7711300849914551,2.5489206314086914,8.94440746307373,32.43231645303768,2.0969552066457875
Mavic3_000337,Mavic3,4,1692846957.082037,0.2376120686531067,0.5224738717079163,0.24140599370002747,0.40364599227905273,0.26023924350738525,0.515439510345459,8.092424392700195,0.6877369284629822,2.3096632957458496,8.939417839050293,34.34624453824909,2.0296283307292784
Mavic3_000338,Mavic3,4,1692846957.283249,0.23692567646503448,0.5191147923469543,0.24160149693489075,0.41718700528144836,0.2581726312637329,0.36978578567504883,7.882794380187988,0.6251364946365356,2.125304937362671,8.936121940612793,29.57403289054932,2.0799059879028166
Mavic3_000339,Mavic3,4,1692846957.482435,0.23706428706645966,0.5285080671310425,0.24257799983024597,0.4291670024394989,0.19426566362380981,0.15953636169433594,7.5794267654418945,0.5435011386871338,1.8879448175430298,8.937041282653809,28.921900423141288,2.2254164519560176
Mavic3_000340,Mavic3,4,1692846957.682171,0.2355692982673645,0.5040085315704346,0.24238300323486328,0.44218799471855164,0.4100339412689209,0.776453971862793,7.630620956420898,0.4602033197879791,1.6415269374847412,8.94036865234375,18.557400875398347,1.5704480982720057
Mavic3_000341,Mavic3,4,1692846957.880556,0.23491352796554565,0.48886391520500183,0.24238300323486328,0.4526039958000183,0.5404611229896545,1.1351261138916016,7.810354232788086,0.4006754755973816,1.4559720754623413,8.939236640930176,11.91475321610246,1.1818873252919728
Mavic3_000768,Mavic3,11,1692847044.684084,0.2474784255027771,0.26622432470321655,0.23769550025463104,0.22187499701976776,1.8744537830352783,6.51190710067749,10.819801330566406,3.1457767486572266,10.017921447753906,12.962041854858398,14.818533967551321,4.300882833645004
Mavic3_000769,Mavic3,11,1692847044.887389,0.24781525135040283,0.26560884714126587,0.23808600008487701,0.21406200528144836,1.85336434841156,6.474506855010986,10.760848045349121,3.235422134399414,10.312746047973633,12.962159156799316,16.619877912089983,4.635508001891302
Mavic3_000770,Mavic3,11,1692847045.085313,0.24870797991752625,0.2716938257217407,0.23789049685001373,0.20677100121974945,1.762373685836792,6.258039951324463,10.730147361755371,3.3539681434631348,10.692327499389648,12.953968048095703,20.460369537872758,5.209746387442294
Mavic3_000771,Mavic3,11,1692847045.289568,0.2481800615787506,0.27160781621932983,0.23789049685001373,0.19791699945926666,1.787935733795166,6.287375450134277,10.723833084106445,3.4777069091796875,11.064957618713379,12.950660705566406,22.64644626644389,5.535284930189448
Mavic3_000772,Mavic3,11,1692847045.488292,0.2480316311120987,0.2742467224597931,0.23789049685001373,0.19374999403953552,1.805088996887207,6.308900833129883,10.833440780639648,3.565175771713257,11.312443733215332,12.944323539733887,24.45635304778029,5.708692760217034
Mavic3_000773,Mavic3,11,1692847045.687959,0.2495860904455185,0.2785646915435791,0.23769550025463104,0.1875,1.6820390224456787,6.046614646911621,10.677669525146484,3.6345043182373047,11.492856979370117,12.905200004577637,27.771012188670976,6.199642595499229
Mavic3_000774,Mavic3,11,1692847045.888304,0.24828001856803894,0.2711244821548462,0.23730449378490448,0.18385399878025055,1.7926108837127686,6.291158676147461,10.653790473937988,3.671806573867798,11.573066711425781,12.829048156738281,26.50970300422464,6.013457817397294
Mavic3_000775,Mavic3,11,1692847046.087078,0.24849486351013184,0.2659553289413452,0.23749999701976776,0.18229199945926666,1.8147354125976562,6.352404594421387,10.528609275817871,3.6876070499420166,11.597038269042969,12.742557525634766,25.531803806556365,5.9929456366473834
Mavic3_000776,Mavic3,11,1692847046.287882,0.249394029378891,0.2878151535987854,0.23749999701976776,0.17760400474071503,1.6111527681350708,5.836241722106934,10.759550094604492,3.695256233215332,11.60384750366211,12.615265846252441,33.029082636152495,6.4072181682460725
Mavic3_000777,Mavic3,11,1692847046.488812,0.24978019297122955,0.2864723801612854,0.23769550025463104,0.17760400474071503,1.5854337215423584,5.801341533660889,10.563445091247559,3.6968209743499756,11.603187561035156,12.472601890563965,32.69888179414869,6.4625268387104695
Mavic3_000778,Mavic3,11,1692847046.688867,0.25023171305656433,0.2772219181060791,0.23671899735927582,0.17447899281978607,1.667320728302002,6.067493438720703,10.535341262817383,3.694504737854004,11.598093032836914,12.347769737243652,31.35703907759437,6.162946036915532
Mavic3_000779,Mavic3,11,1692847046.881484,0.25128990411758423,0.2823227047920227,0.2371094971895218,0.1723960041999817,1.6097407341003418,5.931941032409668,10.500051498413086,3.687492847442627,11.587249755859375,12.190353393554688,33.479686911744274,6.257530750922761
Mavic3_000780,Mavic3,11,1692847047.088042,0.2526872158050537,0.2906755805015564,0.2369139939546585,0.16927100718021393,1.4460550546646118,5.63297176361084,10.44198226928711,3.678762912750244,11.582012176513672,12.020108222961426,37.00354632472526,6.547254977436643
Mavic3_000781,Mavic3,11,1692847047.311246,0.25267454981803894,0.28519922494888306,0.2371094971895218,0.16666699945926666,1.5164344310760498,5.811889171600342,10.344939231872559,3.669276237487793,11.58285140991211,11.839933395385742,36.16975421173451,6.338275834041386
Mavic3_000782,Mavic3,11,1692847047.544307,0.2530519664287567,0.2929009199142456,0.23730449378490448,0.16249999403953552,1.4597928524017334,5.64841365814209,10.361674308776855,3.6607396602630615,11.581284523010254,11.648919105529785,39.454775861844496,6.457563218196472
Mavic3_000783,Mavic3,11,1692847047.751209,0.25393030047416687,0.3023892641067505,0.23730449378490448,0.16041700541973114,1.369204044342041,5.475272178649902,10.520502090454102,3.65096116065979,11.573326110839844,11.464597702026367,42.83534810982663,6.579057213731608
Mavic3_000784,Mavic3,11,1692847047.992115,0.2545934319496155,0.3076708912849426,0.23730449378490448,0.15625,1.3458445072174072,5.422132968902588,10.405294418334961,3.631532669067383,11.55849838256836,11.222799301147461,45.585814992284774,6.599065471464645
Mavic3_000785,Mavic3,11,1692847048.201742,0.2548597455024719,0.31537824869155884,0.23769550025463104,0.15260399878025055,1.261301875114441,5.22400426864624,10.558981895446777,3.617427349090576,11.548752784729004,11.017765045166016,48.69710425367699,6.764928160688529
Mavic3_000786,Mavic3,11,1692847048.390444,0.25644996762275696,0.3138588070869446,0.23808600008487701,0.1489579975605011,1.2366790771484375,5.279599666595459,10.311022758483887,3.609731674194336,11.544095039367676,10.849555015563965,49.54135341129799,6.720513216693094
Mavic3_000787,Mavic3,11,1692847048.588813,0.2552121579647064,0.3169766068458557,0.2371094971895218,0.14479200541973114,1.259193778038025,5.244462013244629,10.506010055541992,3.6106531620025635,11.538863182067871,10.638484001159668,51.50120739357788,6.720594962857515
Mavic3_000788,Mavic3,11,1692847048.787903,0.25713640451431274,0.32215040922164917,0.23769550025463104,0.14166699349880219,1.1677237749099731,5.147449970245361,10.372747421264648,3.615964651107788,11.530545234680176,10.461170196533203,54.08107753991985,6.837075919566946
Mavic3_000789,Mavic3,11,1692847048.985956,0.25540727376937866,0.31188011169433594,0.23769550025463104,0.13802100718021393,1.332872986793518,5.489128589630127,10.417960166931152,3.6238138675689697,11.513007164001465,10.246183395385742,51.8862137963182,6.447094729971076
Mavic3_000790,Mavic3,11,1692847049.187378,0.2568732798099518,0.3115268647670746,0.23730449378490448,0.13541699945926666,1.2559230327606201,5.371401309967041,10.185769081115723,3.6336238384246826,11.490656852722168,10.03268814086914,52.899410822669296,6.566748304378786
Avata_000139,Avata,1,1692848898.948629,0.21667355298995972,0.6786564588546753,0.2173829972743988,0.13489599525928497,0.18749171495437622,-2.089505434036255,4.559902191162109,1.7115683555603027,3.364086627960205,3.1808860301971436,156.60396133925914,5.828049550005044
Avata_000140,Avata,1,1692848899.149501,0.21826140582561493,0.672511100769043,0.21875,0.1473959982395172,0.16708964109420776,-1.947540044784546,4.63173770904541,1.6212676763534546,3.2063093185424805,3.180063247680664,151.23361505172346,5.548347119627201
Avata_000141,Avata,1,1692848899.348762,0.2182161957025528,0.6769675612449646,0.22031250596046448,0.16041700541973114,0.16876214742660522,-1.9405262470245361,4.796164512634277,1.5115017890930176,2.9873733520507812,3.1760640144348145,148.77527142895326,5.3583458108016195
Avata_000142,Avata,1,1692848899.549323,0.22119645774364471,0.6625325679779053,0.2212889939546585,0.17499999701976776,0.08829689025878906,-1.8698499202728271,4.673534393310547,1.4042644500732422,2.7628440856933594,3.176386833190918,140.4093984213278,5.04331985780906
Avata_000143,Avata,1,1692848899.749061,0.22378870844841003,0.6627550721168518,0.22285149991512299,0.19114600121974945,0.10153013467788696,-1.6977384090423584,4.863708019256592,1.3224977254867554,2.581742286682129,3.1734793186187744,135.82531957879075,4.760419093246304
Avata_000144,Avata,1,1692848899.947607,0.22617881000041962,0.6502847671508789,0.22304700314998627,0.20885400474071503,0.04459190368652344,-1.548884630203247,4.763092041015625,1.235886812210083,2.3513083457946777,3.1705446243286133,127.154809943082,4.378001380024243
Avata_000145,Avata,1,1692848900.148139,0.2270178347826004,0.6469348669052124,0.2226559966802597,0.2260420024394989,0.06412208080291748,-1.3515031337738037,4.825335502624512,1.1727174520492554,2.1392555236816406,3.167332887649536,121.26342403169153,4.02036719380367
Avata_000146,Avata,1,1692848900.348167,0.2257564514875412,0.6639071702957153,0.22187499701976776,0.24635399878025055,0.09236383438110352,-1.510941743850708,5.125373840332031,1.1342039108276367,1.9718211889266968,3.167257785797119,120.2922545507461,4.129078211156306
Avata_000147,Avata,1,1692848900.550297,0.22866657376289368,0.6517657041549683,0.22167949378490448,0.265625,-0.053064584732055664,-1.5907766819000244,4.852820873260498,1.0894440412521362,1.7550621032714844,3.16867733001709,111.33791056742274,3.916159165694712
Avata_000148,Avata,1,1692848900.749966,0.22545811533927917,0.6578410863876343,0.21972650289535522,0.28541699051856995,-0.014816761016845703,-1.7235596179962158,4.862954139709473,1.0504448413848877,1.602996826171875,3.1655187606811523,107.34842824061195,3.883561113689957
Avata_000149,Avata,1,1692848900.947888,0.22294244170188904,0.6677623987197876,0.21875,0.3062500059604645,0.0556643009185791,-1.8440430164337158,5.019735813140869,0.9992091059684753,1.399993658065796,3.1624488830566406,104.16534362915,3.855329491145497
Avata_000150,Avata,1,1692848901.147506,0.22302651405334473,0.6596978902816772,0.2173829972743988,0.33333298563957214,0.0733330249786377,-1.7399537563323975,5.235015869140625,0.949288010597229,1.1805369853973389,3.16198992729187,94.09296953197843,3.6870041856413844
Avata_000151,Avata,1,1692848901.34787,0.22208932042121887,0.6541358828544617,0.2175779938697815,0.35572901368141174,0.0740501880645752,-1.7296345233917236,5.186313152313232,0.9019219875335693,1.0099990367889404,3.1605660915374756,86.01098923429419,3.506367766602047
Avata_000152,Avata,1,1692848901.547752,0.21805943548679352,0.6755176782608032,0.21796849370002747,0.38072898983955383,-0.020186305046081543,-2.468482732772827,5.526134014129639,0.8171215653419495,0.8156672716140747,3.1553871631622314,84.89917099402376,4.136081037951276
Avata_000153,Avata,1,1692848901.748386,0.21983253955841064,0.6627421379089355,0.21835950016975403,0.40364599227905273,0.053792357444763184,-2.0557525157928467,5.237476825714111,0.752866804599762,0.7057822346687317,3.150259256362915,74.6282651120391,3.531466613530457
Avata_000154,Avata,1,1692848901.946719,0.21988007426261902,0.6550936698913574,0.22031250596046448,0.4156250059604645,0.021012425422668457,-2.2071354389190674,5.599515438079834,0.7115300893783569,0.6599283814430237,3.148155927658081,68.96777483235755,3.8348445918445333
Avata_000155,Avata,1,1692848902.157753,0.2194245159626007,0.6481812000274658,0.2226559966802597,0.41666701436042786,0.02023780345916748,-2.2181031703948975,5.646806716918945,0.710845410823822,0.6594250798225403,3.1555697917938232,66.72225709544216,3.8682514286504484
Avata_000156,Avata,1,1692848902.34891,0.2195979803800583,0.6500689387321472,0.22031250596046448,0.4156250059604645,0.018793106079101562,-2.213637590408325,5.638463020324707,0.7306872606277466,0.6665458083152771,3.1608963012695312,67.52208255858979,3.8653054917992447
Avata_000157,Avata,1,1692848902.550824,0.21758632361888885,0.6699507236480713,0.21855449676513672,0.4130209982395172,-0.006672263145446777,-2.4501779079437256,5.890379428863525,0.7656805515289307,0.6736768484115601,3.164304256439209,73.99949669261987,4.217402429795767
Avata_000158,Avata,1,1692848902.75005,0.2160591334104538,0.6803635358810425,0.21816399693489075,0.4124999940395355,-0.006211400032043457,-2.560551881790161,5.97536039352417,0.8023686408996582,0.6725123524665833,3.167954921722412,77.16163510365205,4.357525847143734
Avata_000159,Avata,1,1692848902.953262,0.21606449782848358,0.682389497756958,0.21523450314998627,0.41145798563957214,-0.022599220275878906,-2.6166188716888428,5.965646743774414,0.8304764628410339,0.6641851663589478,3.166701316833496,78.030879147018,4.3960787936739205
Avata_000160,Avata,1,1692848903.149283,0.21527743339538574,0.6870081424713135,0.21386699378490448,0.4124999940395355,-0.039740920066833496,-2.754038095474243,6.181995391845703,0.8524051308631897,0.6558876037597656,3.169903516769409,79.06576725104732,4.636401116640708
Avata_000161,Avata,1,1692848903.348284,0.21545319259166718,0.6875238418579102,0.21308599412441254,0.4140619933605194,-0.036401987075805664,-2.7611477375030518,6.167389392852783,0.8725738525390625,0.6441062688827515,3.173339366912842,78.77799281297092,4.624535380212923
Avata_000162,Avata,1,1692848903.546651,0.21436357498168945,0.6888976693153381,0.21132799983024597,0.4156250059604645,-0.012037992477416992,-2.7831103801727295,6.185027599334717,0.8807234764099121,0.6311314105987549,3.1729557514190674,78.73704861374563,4.639681763137029
Avata_000163,Avata,1,1692848903.750683,0.21428841352462769,0.6875029802322388,0.21113300323486328,0.4145829975605011,-0.013040423393249512,-2.7713463306427,6.363415718078613,0.8801763653755188,0.613677978515625,3.1703717708587646,78.63830350632081,4.738328339637144
Avata_000164,Avata,1,1692848903.943729,0.21425876021385193,0.6745372414588928,0.21015599370002747,0.4197919964790344,0.07071363925933838,-2.459620714187622,6.427029609680176,0.8716180920600891,0.5999411344528198,3.167189121246338,73.43426179401469,4.541907821412138
Avata_000165,Avata,1,1692848904.147845,0.21329715847969055,0.6676585674285889,0.21113300323486328,0.421875,0.1270175576210022,-2.375952959060669,6.446787357330322,0.8656339049339294,0.5915358066558838,3.1669280529022217,70.805177725797,4.484308278878184
Avata_000166,Avata,1,1692848904.349857,0.2137676626443863,0.666374683380127,0.21035149693489075,0.42031198740005493,0.09671175479888916,-2.41645884513855,6.4579339027404785,0.8630341291427612,0.5965272784233093,3.1671102046966553,70.91460577861137,4.52712447076543
Avata_000167,Avata,1,1692848904.595881,0.21268832683563232,0.6713979840278625,0.21191400289535522,0.4208329916000366,0.13664734363555908,-2.388547658920288,6.330193519592285,0.8602839708328247,0.604926586151123,3.167672872543335,72.16516810964194,4.414303440763695
Avata_000168,Avata,1,1692848904.798144,0.21171221137046814,0.6748179197311401,0.21191400289535522,0.41718700528144836,0.13821041584014893,-2.516348123550415,6.2306671142578125,0.8593900799751282,0.6121385097503662,3.1700387001037598,74.19786520951692,4.4356482065455385
Avata_000169,Avata,1,1692848905.047791,0.21317893266677856,0.6769591569900513,0.21171900629997253,0.41666701436042786,0.05752086639404297,-2.63103985786438,6.10806131362915,0.85624760389328,0.6243646144866943,3.1726276874542236,74.97252156472481,4.455602456848909
Avata_000170,Avata,1,1692848905.247557,0.21184031665325165,0.6781971454620361,0.21269549429416656,0.4124999940395355,0.09662401676177979,-2.626210927963257,6.193604946136475,0.8486329317092896,0.6348732709884644,3.1741843223571777,76.52359810770737,4.507448109974964
Avata_000171,Avata,1,1692848905.446962,0.21086880564689636,0.6863757371902466,0.21406249701976776,0.4130209982395172,0.08125245571136475,-2.761000871658325,6.193052768707275,0.8433762192726135,0.6437221169471741,3.1751620769500732,78.76436398451565,4.6130939170494125
Avata_000172,Avata,1,1692848905.646435,0.20984932780265808,0.6889069080352783,0.21406249701976776,0.4135420024394989,0.10388767719268799,-2.7646639347076416,6.382558345794678,0.8387554287910461,0.6531739830970764,3.176555633544922,79.37107527731254,4.743427034926932
Avata_000173,Avata,1,1692848905.846768,0.2100893259048462,0.6926470398902893,0.21503899991512299,0.41093799471855164,0.08394980430603027,-2.7883803844451904,6.360298156738281,0.8339391946792603,0.6571301221847534,3.176218032836914,81.22120996871341,4.751041251388319
Avata_000174,Avata,1,1692848906.047812,0.2086937427520752,0.6940885186195374,0.21445299685001373,0.41041699051856995,0.12288135290145874,-2.7701704502105713,6.398980617523193,0.8266177773475647,0.6594982147216797,3.1756649017333984,81.81704626057044,4.758953278817501
Avata_000175,Avata,1,1692848906.246465,0.2084386795759201,0.6950584053993225,0.21640600264072418,0.41145798563957214,0.13742434978485107,-2.7307631969451904,6.5499677658081055,0.8158037662506104,0.6600126028060913,3.173490047454834,81.9058019541768,4.833028133520379
Avata_000176,Avata,1,1692848906.448043,0.20778252184391022,0.6943045854568481,0.21523450314998627,0.4124999940395355,0.1622905731201172,-2.7315971851348877,6.539139747619629,0.8021462559700012,0.6575996279716492,3.1704142093658447,81.36126012869758,4.821242794646422
Avata_000177,Avata,1,1692848906.648509,0.20511865615844727,0.6966050863265991,0.2160155028104782,0.40989598631858826,0.23682856559753418,-2.668278455734253,6.685246467590332,0.7877846956253052,0.6609482169151306,3.167517900466919,82.995229364507,4.874599180143061
Avata_000178,Avata,1,1692848906.848278,0.20416586101055145,0.6997485160827637,0.21718749403953552,0.4057289958000183,0.23336786031723022,-2.742488145828247,6.837996959686279,0.7800895571708679,0.6741005778312683,3.1633002758026123,85.26612413158423,5.047314022229397
Avata_000179,Avata,1,1692848907.047772,0.20371976494789124,0.7056204080581665,0.2175779938697815,0.40937501192092896,0.22242403030395508,-2.7676684856414795,7.038095474243164,0.7730197906494141,0.6824300289154053,3.16336989402771,85.97995200851211,5.217263053885055
Avata_000180,Avata,1,1692848907.247096,0.201841801404953,0.7070116400718689,0.2175779938697815,0.41145798563957214,0.2715117335319519,-2.7887370586395264,7.133686065673828,0.764384925365448,0.6845034956932068,3.162660837173462,85.9731236018326,5.29861918775789
Avata_000181,Avata,1,1692848907.447314,0.20124904811382294,0.7103297710418701,0.21835950016975403,0.41041699051856995,0.26116061210632324,-2.8893520832061768,7.287013530731201,0.7587292194366455,0.6913752555847168,3.159484386444092,87.36876656195054,5.48686428032484
Avata_000182,Avata,1,1692848907.648324,0.20006798207759857,0.7082237005233765,0.2199220061302185,0.41093799471855164,0.3276941180229187,-2.7249133586883545,7.365569114685059,0.7511075735092163,0.713978111743927,3.154083490371704,86.96544482877711,5.453610241252742
Avata_000183,Avata,1,1692848907.847631,0.19888904690742493,0.7080577611923218,0.22050799429416656,0.40625,0.3576938509941101,-2.705947160720825,7.513209342956543,0.7386386394500732,0.7226613163948059,3.1509385108947754,88.49219237739992,5.56146400091359
Avata_000184,Avata,1,1692848908.048377,0.19875012338161469,0.7098974585533142,0.22070300579071045,0.41197898983955383,0.37011587619781494,-2.6431314945220947,7.591264247894287,0.7299818992614746,0.7128881216049194,3.14990496635437,87.44130818180916,5.578354908582434
Avata_000185,Avata,1,1692848908.242626,0.19810369610786438,0.7121516466140747,0.22089849412441254,0.4156250059604645,0.35906755924224854,-2.7039377689361572,7.494368553161621,0.7308129072189331,0.6962618827819824,3.1485540866851807,87.1755600855071,5.530429969932028
Avata_000186,Avata,1,1692848908.447991,0.196748748421669,0.7147558927536011,0.21933600306510925,0.41718700528144836,0.3919217586517334,-2.6564433574676514,7.539900302886963,0.7344892024993896,0.6755805015563965,3.145587682723999,87.43787117929885,5.525370472141512
Avata_000187,Avata,1,1692848908.697708,0.19598008692264557,0.7163152694702148,0.21953150629997253,0.41666701436042786,0.4080868363380432,-2.663623571395874,7.5266008377075195,0.725121259689331,0.6358285546302795,3.142916440963745,88.17381971286436,5.495778748074109
Avata_000188,Avata,1,1692848908.897225,0.1965891718864441,0.7109725475311279,0.2201170027256012,0.42031198740005493,0.43922412395477295,-2.516418695449829,7.596091270446777,0.7195031642913818,0.6250496506690979,3.1409287452697754,85.63823200697448,5.45855776152096
Avata_000189,Avata,1,1692848909.096625,0.1958528757095337,0.7188605070114136,0.22050799429416656,0.4208329916000366,0.39847129583358765,-2.7158071994781494,7.550348281860352,0.7190976142883301,0.6292294263839722,3.139448642730713,87.89572481960637,5.545097554680067
Avata_000190,Avata,1,1692848909.301358,0.19529090821743011,0.7075995802879333,0.22031250596046448,0.42031198740005493,0.44281357526779175,-2.6169068813323975,7.362850189208984,0.7217519879341125,0.6382607817649841,3.138655424118042,84.94110118628949,5.3402007983181115
Avata_000191,Avata,1,1692848909.497808,0.19425168633460999,0.7150149941444397,0.21894550323486328,0.4208329916000366,0.4511449337005615,-2.626751184463501,7.387929439544678,0.7273390293121338,0.6442076563835144,3.1376137733459473,86.82103649780774,5.37034805010814
Avata_000192,Avata,1,1692848909.699135,0.1941230446100235,0.7070515155792236,0.21972650289535522,0.41614601016044617,0.4997308850288391,-2.5214078426361084,7.3137288093566895,0.7313649654388428,0.6392890214920044,3.1394412517547607,86.05737347587775,5.241024291840952
Avata_000193,Avata,1,1692848909.947069,0.194607675075531,0.7012407779693604,0.22031250596046448,0.42552098631858826,0.5260686278343201,-2.401735544204712,7.330551624298096,0.7141160368919373,0.5860320925712585,3.1394784450531006,81.82443777871234,5.1504574236863565
Avata_000194,Avata,1,1692848910.150413,0.19386331737041473,0.6812254786491394,0.2199220061302185,0.4354169964790344,0.6106579899787903,-2.221132516860962,7.100881099700928,0.6848028302192688,0.5146205425262451,3.140604019165039,73.56731400908185,4.813900374322116
Avata_000195,Avata,1,1692848910.35004,0.19114041328430176,0.6957089900970459,0.22031250596046448,0.4520829916000366,0.7054348587989807,-2.1290085315704346,7.006136894226074,0.6232618689537048,0.36682364344596863,3.1424362659454346,73.65442251910339,4.600447064262715
Avata_000196,Avata,1,1692848910.569983,0.18999776244163513,0.7284693717956543,0.22187499701976776,0.48177099227905273,0.6869282722473145,-2.6698858737945557,7.141047954559326,0.5251357555389404,0.1301937699317932,3.1442391872406006,75.14874429247253,4.882735212172511
Avata_000197,Avata,1,1692848910.749917,0.1989431083202362,0.6773834824562073,0.2240235060453415,0.5260419845581055,0.5697485208511353,-1.6289317607879639,6.006546974182129,0.42269498109817505,-0.11756602674722672,3.146981954574585,47.652752971783,3.23774045083133
Avata_000198,Avata,1,1692848910.950822,0.19761773943901062,0.6362243294715881,0.22597649693489075,0.5807290077209473,0.7814633846282959,-1.003345251083374,5.206115245819092,0.273130863904953,-0.4805357754230499,3.1518471240997314,27.0146798681133,2.179850732361636
Avata_000199,Avata,1,1692848911.146445,0.1876196563243866,0.6921260952949524,0.2279295027256012,0.6244789958000183,0.7464828491210938,-2.3149192333221436,7.438712120056152,0.18144460022449493,-0.6952187418937683,3.1532578468322754,36.57810746830882,4.61603901982449
Avata_000200,Avata,1,1692848911.352185,0.18759801983833313,0.6905924081802368,0.2291014939546585,0.6442710161209106,0.7734469175338745,-2.204745054244995,7.322863578796387,0.15952010452747345,-0.7480303049087524,3.1555521488189697,34.55379911559929,4.45706277127464
Avata_000201,Avata,1,1692848911.548393,0.1864311397075653,0.687677800655365,0.22832049429416656,0.6453120112419128,0.8348890542984009,-2.1272194385528564,7.023219108581543,0.16688984632492065,-0.7391483783721924,3.1579761505126953,34.407087687583804,4.1608974194114765
Avata_000202,Avata,1,1692848911.747762,0.18922369182109833,0.6968042850494385,0.2277345061302185,0.6364579796791077,0.7062974572181702,-2.2334296703338623,7.370214462280273,0.19292142987251282,-0.7055894136428833,3.156886100769043,34.3047090362645,4.511095950801055
Avata_000203,Avata,1,1692848911.950551,0.1902049332857132,0.689478874206543,0.22578099370002747,0.6338539719581604,0.7258434891700745,-2.0588181018829346,7.311987400054932,0.2139052152633667,-0.6820299625396729,3.1540234088897705,31.672603722182227,4.409794885111208
Avata_000204,Avata,1,1692848912.147674,0.1891288161277771,0.6963211297988892,0.22578099370002747,0.6296870112419128,0.7414825558662415,-2.120885133743286,7.45662784576416,0.22500775754451752,-0.6746872663497925,3.152195453643799,34.06815445289058,4.570161124871854
Avata_000205,Avata,1,1692848912.347855,0.19068361818790436,0.6876837015151978,0.2253904938697815,0.6265630125999451,0.7552475333213806,-1.9227287769317627,7.441535949707031,0.22427992522716522,-0.6798834204673767,3.152510643005371,31.942757540447584,4.496924422586803
Avata_000206,Avata,1,1692848912.549377,0.1894136667251587,0.6849216222763062,0.22558599710464478,0.6270830035209656,0.7728762626647949,-1.9895713329315186,7.257414817810059,0.21686844527721405,-0.674218475818634,3.1465845108032227,32.39167913363165,4.351806940193584
Avata_000207,Avata,1,1692848912.749804,0.18859189748764038,0.6928040981292725,0.22617200016975403,0.6239579916000366,0.8256099224090576,-1.9503581523895264,7.436456203460693,0.20877400040626526,-0.6666185259819031,3.139862537384033,35.016055071241574,4.5264987699603205
Avata_000208,Avata,1,1692848912.946018,0.18752837181091309,0.6898279190063477,0.22636699676513672,0.625,0.8645012974739075,-1.90580153465271,7.295388221740723,0.19558575749397278,-0.6552086472511292,3.131775140762329,35.189469374313475,4.398534353365955
Avata_000209,Avata,1,1692848913.147558,0.1871764063835144,0.681928277015686,0.22734400629997253,0.6197919845581055,0.9336040616035461,-1.7694141864776611,7.138195037841797,0.19089289009571075,-0.6411232352256775,3.128633737564087,35.663473983111416,4.230985957864234
Avata_000210,Avata,1,1692848913.34852,0.18878664076328278,0.6717895269393921,0.22675800323486328,0.6213539838790894,0.9594854712486267,-1.4882524013519287,6.958182334899902,0.18444004654884338,-0.6351752877235413,3.1245250701904297,32.579301997599856,4.003169243912168
Avata_000211,Avata,1,1692848913.547685,0.18785135447978973,0.669330358505249,0.22832049429416656,0.6208329796791077,1.0430339574813843,-1.3215763568878174,6.810027599334717,0.1847977489233017,-0.644091784954071,3.1234211921691895,34.0744617731335,3.8453376361825917
Avata_000212,Avata,1,1692848913.748018,0.1884947270154953,0.6693880558013916,0.22675800323486328,0.6291670203208923,1.020043969154358,-1.3141920566558838,6.764060974121094,0.195231094956398,-0.6659922003746033,3.1206042766571045,31.586858993760135,3.7914714870905954
Avata_000213,Avata,1,1692848913.948884,0.1893118917942047,0.689515233039856,0.22636699676513672,0.6343749761581421,0.9101680517196655,-1.6475374698638916,7.316484451293945,0.23132772743701935,-0.7139043807983398,3.120205879211426,32.58930691806537,4.352154499255416
Avata_000214,Avata,1,1692848914.14905,0.1910352259874344,0.6734428405761719,0.22285149991512299,0.6395829916000366,0.8819684982299805,-1.5767557621002197,6.8817458152771,0.2745225727558136,-0.7515532970428467,3.1234371662139893,26.308908627996885,3.8954888733424093
Avata_000215,Avata,1,1692848914.349923,0.19004583358764648,0.6601175665855408,0.22070300579071045,0.6463540196418762,0.9870800375938416,-1.2908728122711182,6.391796588897705,0.3027741014957428,-0.7616263628005981,3.1258246898651123,23.87605080259437,3.3786016136453267
Avata_000216,Avata,1,1692848914.550694,0.18714387714862823,0.6756350994110107,0.2199220061302185,0.6453120112419128,1.017021656036377,-1.565483808517456,6.645917892456055,0.3074133098125458,-0.7726712822914124,3.1254942417144775,26.64538313873731,3.6777001492063075
Avata_000217,Avata,1,1692848914.750867,0.18792948126792908,0.6594706177711487,0.22031250596046448,0.6505209803581238,1.0504409074783325,-1.278397798538208,6.321400165557861,0.30155307054519653,-0.7880602478981018,3.1230249404907227,25.003369558685566,3.3212750542822254
Avata_000218,Avata,1,1692848914.947002,0.18774400651454926,0.6510879993438721,0.22109399735927582,0.6489580273628235,1.0820980072021484,-1.1725308895111084,6.115854740142822,0.29368337988853455,-0.7881133556365967,3.1224257946014404,25.620137829322033,3.119293400261863
Avata_000219,Avata,1,1692848915.165424,0.18725615739822388,0.6540844440460205,0.22070300579071045,0.6463540196418762,1.1482582092285156,-1.0593626499176025,6.348506450653076,0.2736658751964569,-0.7908092737197876,3.119077205657959,25.78348081230783,3.356522890588506
Avata_000220,Avata,1,1692848915.348343,0.1869925558567047,0.642164945602417,0.22246100008487701,0.6510419845581055,1.2682061195373535,-0.7163264751434326,6.437630653381348,0.2560863792896271,-0.7959087491035461,3.118257999420166,27.35947632129961,3.471160400038161
Avata_000221,Avata,1,1692848915.550044,0.1882169395685196,0.6241506934165955,0.22167949378490448,0.6473960280418396,1.291786551475525,-0.47973084449768066,6.201590061187744,0.2414209097623825,-0.7907148003578186,3.116668701171875,26.556909547570687,3.2736399923595814
Avata_000222,Avata,1,1692848915.749013,0.18656906485557556,0.6339517831802368,0.2240235060453415,0.6473960280418396,1.3104593753814697,-0.593644380569458,6.247745513916016,0.22932997345924377,-0.7800241708755493,3.1151933670043945,29.02443431222172,3.319105476337843
Avata_000223,Avata,1,1692848915.946926,0.1864006221294403,0.6419386863708496,0.22558599710464478,0.6489580273628235,1.2944364547729492,-0.7163307666778564,6.534359455108643,0.22671587765216827,-0.7726373076438904,3.112274646759033,30.162190409016702,3.5852283180991242
Avata_000224,Avata,1,1692848916.148826,0.18660929799079895,0.6377238035202026,0.22578099370002747,0.6447920203208923,1.3390517234802246,-0.5176174640655518,6.474188804626465,0.2347305417060852,-0.7730726599693298,3.1128556728363037,30.15265539866061,3.547300812237316
Avata_000225,Avata,1,1692848916.352639,0.18577946722507477,0.6377618312835693,0.22343750298023224,0.6473960280418396,1.3766775131225586,-0.4681508541107178,6.5118560791015625,0.24805748462677002,-0.7784156799316406,3.114933490753174,29.054163253256796,3.5929278453783398
Avata_000226,Avata,1,1692848916.570283,0.1852949559688568,0.6418893337249756,0.22246100008487701,0.6505209803581238,1.3578276634216309,-0.6206047534942627,6.433472633361816,0.25614121556282043,-0.8150288462638855,3.1123239994049072,28.651569083344725,3.504503104019013
Avata_000227,Avata,1,1692848916.748401,0.18174917995929718,0.6596260070800781,0.22207050025463104,0.6572920083999634,1.3925577402114868,-0.8802673816680908,6.407502174377441,0.2568734288215637,-0.8822773694992065,3.112511157989502,30.974068714400385,3.485218600499187
Avata_000228,Avata,1,1692848916.949849,0.17949867248535156,0.6742955446243286,0.22050799429416656,0.6708329916000366,1.3901628255844116,-1.1049458980560303,6.2677001953125,0.2350608855485916,-1.0043742656707764,3.108365058898926,31.510942355446144,3.3653786784391038
Avata_000229,Avata,1,1692848917.150073,0.17806628346443176,0.6909188032150269,0.2212889939546585,0.6911460161209106,1.4041926860809326,-1.2616322040557861,6.427794456481934,0.1967986822128296,-1.1653071641921997,3.1047656536102295,33.19510615465514,3.536891179920061
Avata_000230,Avata,1,1692848917.348,0.17895014584064484,0.6774628758430481,0.2201170027256012,0.7130209803581238,1.6374883651733398,-0.49015069007873535,6.544702529907227,0.15913909673690796,-1.3161686658859253,3.1002604961395264,33.23331654152663,3.8382291723956388
Avata_000231,Avata,1,1692848917.548494,0.18868187069892883,0.6357247233390808,0.2201170027256012,0.737500011920929,1.4471029043197632,-0.13137578964233398,5.567634582519531,0.11123578250408173,-1.5091536045074463,3.096276044845581,37.97362558707685,3.1289655952113824
Avata_000232,Avata,1,1692848917.751158,0.18877021968364716,0.6561421155929565,0.21972650289535522,0.7583330273628235,1.0852668285369873,-1.1886265277862549,5.669097423553467,0.07675985991954803,-1.6661231517791748,3.0916903018951416,37.83392716022199,2.8085791429919906
Avata_000233,Avata,1,1692848917.951167,0.19070371985435486,0.6470606327056885,0.21953150629997253,0.7729169726371765,1.2085908651351929,-0.71266770362854,5.891735076904297,0.07499680668115616,-1.7236316204071045,3.0907559394836426,42.47335607165041,3.1863094103768863
Avata_000234,Avata,1,1692848918.149581,0.192205011844635,0.6476977467536926,0.21875,0.7755209803581238,1.2233870029449463,-0.5857408046722412,5.671791076660156,0.09298183768987656,-1.7358237504959106,3.0900237560272217,42.08105449227286,3.0440152952634705
Avata_000235,Avata,1,1692848918.348486,0.1934753656387329,0.6571545600891113,0.21777349710464478,0.7739580273628235,1.1360915899276733,-0.7811319828033447,5.630651950836182,0.11450257152318954,-1.723884105682373,3.0894887447357178,38.46869831345723,2.8965386459973805
Avata_000236,Avata,1,1692848918.551001,0.1919471174478531,0.6610057353973389,0.21718749403953552,0.7708330154418945,1.2355831861495972,-0.6576626300811768,6.194205284118652,0.13499101996421814,-1.7066104412078857,3.0899550914764404,37.097657751260385,3.4565826889075497
Avata_000237,Avata,1,1692848918.749009,0.1923372447490692,0.6542575359344482,0.21562500298023224,0.7697920203208923,1.2920794486999512,-0.43938374519348145,6.112813472747803,0.13659486174583435,-1.6874674558639526,3.0888328552246094,37.776019941852965,3.4694835861674647
Avata_000238,Avata,1,1692848918.956143,0.19335505366325378,0.6539994478225708,0.21796849370002747,0.7692710161209106,1.2342010736465454,-0.4722316265106201,5.761159420013428,0.12143456935882568,-1.6612032651901245,3.0839662551879883,38.202739135709265,3.1335708213533313
Avata_000239,Avata,1,1692848919.150707,0.1921517252922058,0.6493507623672485,0.21933600306510925,0.7661460041999817,1.2406491041183472,-0.46364474296569824,5.652501583099365,0.11089222133159637,-1.6420023441314697,3.0820882320404053,39.58940296867923,3.0449798103979835
Avata_000240,Avata,1,1692848919.349943,0.19361311197280884,0.6361382007598877,0.21835950016975403,0.7609379887580872,1.1403354406356812,-0.5158393383026123,5.155081748962402,0.1075005903840065,-1.6203914880752563,3.079359292984009,40.6577218887168,2.568152447522293
Avata_000241,Avata,1,1692848919.551041,0.19382517039775848,0.6459413766860962,0.21796849370002747,0.762499988079071,1.0875364542007446,-0.6644184589385986,5.042147636413574,0.11688396334648132,-1.6216846704483032,3.0786993503570557,38.349421833188096,2.390325088710322
Avata_000242,Avata,1,1692848919.748947,0.1919328272342682,0.6550450325012207,0.21679699420928955,0.762499988079071,1.2258906364440918,-0.5307791233062744,5.418595314025879,0.1391100138425827,-1.6491038799285889,3.0805537700653076,36.364316254010554,2.81037019700644
Avata_000243,Avata,1,1692848919.948117,0.19394581019878387,0.6568907499313354,0.2162110060453415,0.7666670083999634,1.2776018381118774,-0.27422642707824707,5.254012584686279,0.16546212136745453,-1.6823251247406006,3.0812325477600098,35.94360188500949,2.8179016627242515
Avata_000244,Avata,1,1692848920.150225,0.19424274563789368,0.659689724445343,0.21425800025463104,0.7703120112419128,1.2428494691848755,-0.3706381320953369,5.030167579650879,0.18718406558036804,-1.6985065937042236,3.0807313919067383,35.373711262096876,2.5841759897091814
Avata_000245,Avata,1,1692848920.348121,0.19587472081184387,0.6517503261566162,0.21386699378490448,0.7677080035209656,1.21634840965271,-0.23196864128112793,4.712132453918457,0.2139330357313156,-1.702571153640747,3.0807790756225586,36.14165375126298,2.4142953788030646
Avata_000246,Avata,1,1692848920.548872,0.19314022362232208,0.6649348735809326,0.21250000596046448,0.7708330154418945,1.2115774154663086,-0.5045721530914307,4.922537803649902,0.23919370770454407,-1.6917728185653687,3.0781610012054443,33.92985830468545,2.3993126692070628
Avata_000247,Avata,1,1692848920.750051,0.19342616200447083,0.6688393354415894,0.21113300323486328,0.765625,1.1105986833572388,-0.7278101444244385,4.210041046142578,0.2640781104564667,-1.6706918478012085,3.077434539794922,31.01457459905396,1.699535373308827
Avata_000248,Avata,1,1692848920.949518,0.19548805058002472,0.6626987457275391,0.20937499403953552,0.7614579796791077,1.0225006341934204,-0.7348496913909912,3.8919544219970703,0.3035282492637634,-1.6232866048812866,3.080939292907715,30.376483973479008,1.4014231977370095
Avata_000249,Avata,1,1692848921.149004,0.19520731270313263,0.6364699602127075,0.20917950570583344,0.7505210041999817,1.1675302982330322,-0.2516517639160156,3.8766322135925293,0.3556583821773529,-1.5561814308166504,3.0830066204071045,34.55506432206105,1.7293857990809103
Avata_000250,Avata,1,1692848921.347795,0.19308947026729584,0.6496684551239014,0.2056639939546585,0.7395830154418945,1.2302956581115723,-0.14105892181396484,4.0732293128967285,0.396474689245224,-1.4987313747406006,3.085031747817993,27.637539147074428,1.874851014130079
Avata_000251,Avata,1,1692848921.550354,0.19254811108112335,0.6509888172149658,0.20410150289535522,0.7296879887580872,1.1363307237625122,-0.38826537132263184,3.790968418121338,0.440016508102417,-1.4284956455230713,3.087642192840576,24.340271645667876,1.4358273884632302
M300_000131,M300,1,1692849620.885237,0.2397569715976715,0.4534298777580261,0.24238300323486328,0.14635400474071503,0.7271558046340942,1.6645448207855225,4.921669960021973,1.5349907875061035,4.5991291999816895,4.216708660125732,88.4608445389599,3.12431644884531
M300_000132,M300,1,1692849621.084198,0.24024562537670135,0.47596198320388794,0.24179700016975403,0.16249999403953552,0.6143434047698975,1.2444381713867188,5.278493881225586,1.4587064981460571,4.334200382232666,4.217985153198242,90.28491481747758,3.3740566556075446
M300_000133,M300,1,1692849621.285002,0.24261613190174103,0.4526151120662689,0.24296900629997253,0.17291699349880219,0.5269926190376282,1.173973560333252,4.659019470214844,1.3828693628311157,4.079583168029785,4.220136642456055,80.5535140263221,3.0606715487628686
M300_000489,M300,7,1692849725.44334,0.2366136908531189,0.35035473108291626,0.24003900587558746,0.13802100718021393,3.0555481910705566,8.43008041381836,16.42113494873047,5.716029167175293,18.63633918762207,16.505056381225586,61.20866881623207,10.547649974704909
M300_000490,M300,7,1692849725.727821,0.2368944138288498,0.3490177094936371,0.2410154938697815,0.140625,3.065035820007324,8.493643760681152,16.412200927734375,5.7244439125061035,18.644262313842773,16.705989837646484,60.10049493037328,10.497324437104165
M300_000491,M300,7,1692849725.937317,0.2365807741880417,0.3359585702419281,0.23906250298023224,0.14635400474071503,3.1602509021759033,8.773101806640625,16.442567825317383,5.722790241241455,18.645248413085938,16.956222534179688,54.63936761620907,10.2122342140858
M300_000492,M300,7,1692849726.213683,0.2362324595451355,0.3369753360748291,0.24003900587558746,0.14687499403953552,3.199704647064209,8.857853889465332,16.465106964111328,5.717084884643555,18.649173736572266,17.080486297607422,54.82689409828228,10.12846678095946
M300_000493,M300,7,1692849726.439804,0.2360122948884964,0.3261643648147583,0.24062499403953552,0.15052099525928497,3.2839643955230713,9.117680549621582,16.44572639465332,5.721373081207275,18.653837203979492,17.41608238220215,50.70918348264705,9.890441627150697
M300_000494,M300,7,1692849726.707599,0.23594869673252106,0.32953184843063354,0.24003900587558746,0.15208299458026886,3.2735342979431152,9.087292671203613,16.537342071533203,5.727257251739502,18.650819778442383,17.657615661621094,51.201725936866644,9.936640276347253
M300_000495,M300,7,1692849726.935534,0.2356770634651184,0.3147276043891907,0.23906250298023224,0.15104199945926666,3.382553815841675,9.422051429748535,16.474637985229492,5.731466770172119,18.648591995239258,17.85423469543457,47.21309984746896,9.620277020776268
M300_000496,M300,7,1692849727.150462,0.23582343757152557,0.3182293176651001,0.24023449420928955,0.15520800650119781,3.3957650661468506,9.46804428100586,16.562692642211914,5.736580848693848,18.649982452392578,18.047548294067383,47.07219854405427,9.591256613074052
M300_000497,M300,7,1692849727.353253,0.23555415868759155,0.31530389189720154,0.2394530028104782,0.15833300352096558,3.435739755630493,9.564108848571777,16.558908462524414,5.740478515625,18.65117073059082,18.209409713745117,45.30667100022395,9.518963640005438
M300_000498,M300,7,1692849727.537144,0.2352064549922943,0.3138451874256134,0.23808600008487701,0.15937499701976776,3.449679136276245,9.557567596435547,16.61886215209961,5.741438865661621,18.649139404296875,18.321109771728516,44.542348048575356,9.529243808050234
M300_000499,M300,7,1692849727.771786,0.23499907553195953,0.31072646379470825,0.2396485060453415,0.16041700541973114,3.4889132976531982,9.668743133544922,16.5816593170166,5.746114253997803,18.65083885192871,18.446088790893555,43.43614397614152,9.447174017376438
M300_000500,M300,7,1692849728.227262,0.23491370677947998,0.3003268837928772,0.2396485060453415,0.1630209982395172,3.5772175788879395,9.926063537597656,16.508346557617188,5.752654552459717,18.65782928466797,18.622554779052734,39.710934490004455,9.243707886518221
M300_000501,M300,7,1692849728.452497,0.23482821881771088,0.30480220913887024,0.23886699974536896,0.16562500596046448,3.5184166431427,9.766959190368652,16.559722900390625,5.754811763763428,18.65540885925293,18.687082290649414,40.2028695295264,9.409126347708774
M300_000502,M300,7,1692849728.68662,0.23468387126922607,0.3003605008125305,0.24042950570583344,0.16197900474071503,3.5637431144714355,9.890274047851562,16.584054946899414,5.753224849700928,18.660236358642578,18.70366668701172,40.097412372207764,9.284332131630167
M300_000503,M300,7,1692849728.885812,0.23448854684829712,0.2960434556007385,0.2394530028104782,0.1635420024394989,3.608990430831909,10.018667221069336,16.573270797729492,5.763265132904053,18.66145896911621,18.711355209350586,38.35041380216271,9.160248557943845
M300_000504,M300,7,1692849729.08714,0.23427993059158325,0.28721240162849426,0.23984350264072418,0.16562500596046448,3.6833362579345703,10.216826438903809,16.534717559814453,5.766662120819092,18.661849975585938,18.706867218017578,35.27689343913521,8.965316688422703
M300_000505,M300,7,1692849729.295326,0.2345445603132248,0.29093819856643677,0.23925800621509552,0.1651040017604828,3.6361305713653564,10.10737133026123,16.48446273803711,5.780130863189697,18.65928077697754,18.710115432739258,36.42059159210704,9.093152498095115
M300_000506,M300,7,1692849729.515731,0.23410625755786896,0.2874460816383362,0.23886699974536896,0.1645829975605011,3.6655664443969727,10.17275619506836,16.441831588745117,5.780264377593994,18.656869888305664,18.70853042602539,35.572964900092245,9.03272141313858
M300_000507,M300,7,1692849729.708639,0.2344636619091034,0.2850727140903473,0.2382809966802597,0.1651040017604828,3.680434226989746,10.257638931274414,16.500017166137695,5.7783050537109375,18.65592384338379,18.708282470703125,34.67514661884225,8.933570793692704
M300_000508,M300,7,1692849729.942132,0.23429247736930847,0.28174689412117004,0.23984350264072418,0.1645829975605011,3.722902774810791,10.34325122833252,16.518083572387695,5.774689674377441,18.6550350189209,18.714746475219727,34.01144604730742,8.838603236450853
M300_000509,M300,7,1692849730.195031,0.23440144956111908,0.2815459966659546,0.23847649991512299,0.16562500596046448,3.726451873779297,10.395539283752441,16.583606719970703,5.773257732391357,18.65266227722168,18.715938568115234,33.531615581499864,8.770195748256622
M300_000510,M300,7,1692849730.467247,0.23461642861366272,0.28040194511413574,0.2396485060453415,0.1651040017604828,3.717411994934082,10.391303062438965,16.521541595458984,5.7837138175964355,18.65437126159668,18.730012893676758,33.429942736515066,8.799161594227087
M300_000511,M300,7,1692849730.963399,0.23434025049209595,0.2708646357059479,0.23906250298023224,0.16927100718021393,3.7794015407562256,10.568756103515625,16.497678756713867,5.727638244628906,18.611160278320312,18.736242294311523,29.48287491888823,8.572459266575391
M300_000512,M300,7,1692849731.159144,0.23442409932613373,0.2766130566596985,0.23906250298023224,0.16770799458026886,3.7324705123901367,10.456329345703125,16.592506408691406,5.704397678375244,18.566650390625,18.741933822631836,31.56630644289227,8.618923506300039
M300_000513,M300,7,1692849731.354298,0.234527587890625,0.27536845207214355,0.23886699974536896,0.16875000298023224,3.757749557495117,10.530735969543457,16.617666244506836,5.678287982940674,18.517194747924805,18.745742797851562,30.8864383570271,8.485322709201634
M300_000514,M300,7,1692849731.541739,0.23488248884677887,0.2745165228843689,0.24062499403953552,0.16562500596046448,3.7193222045898438,10.441764831542969,16.574254989624023,5.642821311950684,18.43931007385254,18.747539520263672,31.66934359517819,8.507863678381547
M300_000515,M300,7,1692849731.755584,0.23489852249622345,0.2727710008621216,0.2382809966802597,0.16979199647903442,3.7282867431640625,10.483722686767578,16.555204391479492,5.610227108001709,18.36054229736328,18.75284767150879,29.77150392100945,8.39140171252266
M300_000516,M300,7,1692849731.939609,0.23486819863319397,0.27306145429611206,0.2394530028104782,0.171875,3.7113828659057617,10.442280769348145,16.551382064819336,5.563512325286865,18.243947982788086,18.76082420349121,29.35365334741424,8.317333070624864
M300_000517,M300,7,1692849732.139964,0.23493646085262299,0.2725610136985779,0.2408204972743988,0.1723960041999817,3.7109570503234863,10.452018737792969,16.586389541625977,5.511256217956543,18.108423233032227,18.769126892089844,29.199321677918512,8.16247200477957
M300_000518,M300,7,1692849732.337,0.23503534495830536,0.2737065851688385,0.24042950570583344,0.171875,3.6917309761047363,10.409469604492188,16.597217559814453,5.4508233070373535,17.95858383178711,18.775850296020508,29.61864520821626,8.05170615737815
M300_000519,M300,7,1692849732.543085,0.23538905382156372,0.2758272886276245,0.24042950570583344,0.17447899281978607,3.643552541732788,10.295583724975586,16.578041076660156,5.385265827178955,17.79134178161621,18.783287048339844,29.443888221657552,8.005189804620626
M300_000520,M300,7,1692849732.791863,0.23564231395721436,0.2762092053890228,0.23906250298023224,0.17499999701976776,3.6599538326263428,10.371716499328613,16.672853469848633,5.303387641906738,17.578454971313477,18.79431915283203,29.266365939539195,7.690160644170498
M300_000521,M300,7,1692849732.993341,0.23539963364601135,0.27689671516418457,0.24023449420928955,0.17812499403953552,3.6230721473693848,10.238204002380371,16.644512176513672,5.234271049499512,17.388952255249023,18.80620002746582,28.687577721247237,7.642123843741577
M300_000522,M300,7,1692849733.192229,0.2357768565416336,0.26925957202911377,0.24179700016975403,0.1807290017604828,3.6608004570007324,10.387974739074707,16.5860652923584,5.160815238952637,17.19144630432129,18.816179275512695,25.91261283608198,7.315099320108601
M300_000523,M300,7,1692849733.391639,0.23617149889469147,0.27269232273101807,0.2396485060453415,0.18437500298023224,3.6263203620910645,10.354281425476074,16.68341636657715,5.078699588775635,16.97982406616211,18.82174301147461,25.575177240460636,7.111937959651517
M300_000524,M300,7,1692849733.594041,0.23602420091629028,0.2697875499725342,0.24023449420928955,0.18854199349880219,3.631720542907715,10.357087135314941,16.677967071533203,5.013430595397949,16.80440330505371,18.823179244995117,23.621085203875257,6.9338981627145895
M300_000525,M300,7,1692849733.791564,0.23605303466320038,0.26866573095321655,0.24121099710464478,0.1942709982395172,3.6592483520507812,10.450340270996094,16.716880798339844,4.930659770965576,16.584108352661133,18.821685791015625,21.78880241539686,6.6083130928394
M300_000526,M300,7,1692849733.991141,0.23639725148677826,0.2729641795158386,0.24179700016975403,0.1942709982395172,3.6037960052490234,10.343186378479004,16.80606460571289,4.845366477966309,16.352100372314453,18.8161563873291,23.03992346151426,6.456702997239066
M300_000527,M300,7,1692849734.192615,0.23639501631259918,0.272612065076828,0.24140599370002747,0.1963540017604828,3.6000800132751465,10.324278831481934,16.807416915893555,4.762441635131836,16.113996505737305,18.811948776245117,22.296950829651593,6.236189803615252
M300_000528,M300,7,1692849734.389604,0.2372996211051941,0.2730928063392639,0.24062499403953552,0.19843700528144836,3.5580270290374756,10.322661399841309,16.84311866760254,4.673447132110596,15.870450973510742,18.803930282592773,21.65201553831775,5.988899176771599
M300_000529,M300,7,1692849734.594419,0.23710399866104126,0.27663707733154297,0.24160149693489075,0.203125,3.5416626930236816,10.263494491577148,16.9547061920166,4.576825141906738,15.6129789352417,18.793624877929688,21.45139043717918,5.750666660656563
M300_000530,M300,7,1692849734.79285,0.2374037504196167,0.28423210978507996,0.24199199676513672,0.20416699349880219,3.497342824935913,10.150616645812988,17.135883331298828,4.49551248550415,15.396981239318848,18.783977508544922,23.326446151342598,5.588997990368514
M300_000531,M300,7,1692849734.991179,0.23753474652767181,0.2846747040748596,0.24062499403953552,0.20937499403953552,3.4782049655914307,10.099748611450195,17.103246688842773,4.4022932052612305,15.122757911682129,18.779582977294922,21.815795279820577,5.375375787504912
M300_000532,M300,7,1692849735.191569,0.23817622661590576,0.278578519821167,0.24160149693489075,0.21458299458026886,3.493751049041748,10.232659339904785,17.10198211669922,4.312203884124756,14.847733497619629,18.77939796447754,18.61749752965158,4.978202331247761
M300_000533,M300,7,1692849735.390258,0.23859332501888275,0.2836567759513855,0.24160149693489075,0.21875,3.4487838745117188,10.149833679199219,17.195987701416016,4.220984935760498,14.57017993927002,18.778928756713867,18.835373300563177,4.758304101511707
M300_000534,M300,7,1692849735.593889,0.23856677114963531,0.29115790128707886,0.2421875,0.22187499701976776,3.377964496612549,9.935389518737793,17.25890350341797,4.12526273727417,14.288952827453613,18.778043746948242,20.14630546699566,4.6711620848570234
M300_000535,M300,7,1692849735.792056,0.23891018331050873,0.2850825786590576,0.2421875,0.2255209982395172,3.3833553791046143,9.99672794342041,17.212249755859375,4.050801753997803,14.05979061126709,18.780723571777344,17.337410831761723,4.4061403765004705
M300_000536,M300,7,1692849735.990757,0.23910921812057495,0.2899337410926819,0.24199199676513672,0.23072899878025055,3.3623268604278564,9.950200080871582,17.368263244628906,3.963740110397339,13.770983695983887,18.785764694213867,17.194101171710606,4.119392636096367
M300_000537,M300,7,1692849736.191966,0.2392670214176178,0.2927112281322479,0.24140599370002747,0.23541699349880219,3.317206621170044,9.830595970153809,17.39984703063965,3.881013870239258,13.479464530944824,18.79016876220703,16.582308967641172,3.945264871374369
M300_000538,M300,7,1692849736.39201,0.23935844004154205,0.28740009665489197,0.24257799983024597,0.23697899281978607,3.3587570190429688,9.966404914855957,17.393674850463867,3.792870044708252,13.181156158447266,18.79136085510254,14.730287543969972,3.53222392336428
M300_000539,M300,7,1692849736.594198,0.23958173394203186,0.29428452253341675,0.24238300323486328,0.24583299458026886,3.2707858085632324,9.725065231323242,17.462947845458984,3.720808267593384,12.944230079650879,18.792396545410156,14.11891098257617,3.5118337631701335
M300_000540,M300,7,1692849736.79313,0.24004903435707092,0.2962856888771057,0.24238300323486328,0.24791699647903442,3.206902503967285,9.578739166259766,17.5728816986084,3.632284641265869,12.65310287475586,18.789154052734375,14.045035544141065,3.3334637562544027
M300_000541,M300,7,1692849736.99387,0.23984374105930328,0.2939271330833435,0.24277350306510925,0.25,3.2395920753479004,9.669361114501953,17.61155891418457,3.5480294227600098,12.36598014831543,18.787446975708008,12.849549448236504,2.957972370397853
M300_000542,M300,7,1692849737.191908,0.24021705985069275,0.2957998812198639,0.2410154938697815,0.2562499940395355,3.228755474090576,9.646676063537598,17.638845443725586,3.4607560634613037,12.085968971252441,18.779787063598633,11.406861221529557,2.7029099028740924
M300_000543,M300,7,1692849737.393093,0.24111157655715942,0.3062576651573181,0.24316400289535522,0.26197901368141174,3.0741028785705566,9.222702980041504,17.77132225036621,3.3765485286712646,11.809686660766602,18.77303695678711,12.84930067756548,2.790589595168505
M300_000544,M300,7,1692849737.593287,0.24118159711360931,0.303993284702301,0.2433595061302185,0.2651039958000183,3.061708450317383,9.203654289245605,17.758895874023438,3.2931206226348877,11.53974437713623,18.765527725219727,11.324322738909201,2.5542466944444504
M300_000545,M300,7,1692849737.794477,0.24147994816303253,0.30360135436058044,0.24199199676513672,0.27135398983955383,3.0334556102752686,9.18149185180664,17.755037307739258,3.2099287509918213,11.251592636108398,18.759523391723633,9.295563094160112,2.3076941563992794
M300_000546,M300,7,1692849737.993001,0.24136322736740112,0.3002738058567047,0.24296900629997253,0.27760401368141174,3.0325918197631836,9.1842622756958,17.705781936645508,3.1392080783843994,11.020102500915527,18.74874496459961,6.644352009832288,2.1141069596442823
Pham4_000154,Pham4,2,1692847934.119101,0.2653840184211731,0.5531182289123535,0.2904295027256012,0.5375000238418579,-0.6862865686416626,-0.3303539752960205,4.876003265380859,-1.0287128686904907,0.35111796855926514,4.450413227081299,19.75386033999241,0.8733765865460632
Pham4_000155,Pham4,2,1692847934.31665,0.2663332223892212,0.5692929029464722,0.2876954972743988,0.5348960161209106,-0.7562555074691772,-0.5070340633392334,5.027891159057617,-0.9646129608154297,0.34393006563186646,4.45167350769043,19.165049835873265,1.0486083915874391
Pham4_000156,Pham4,2,1692847934.517287,0.26629096269607544,0.5633665323257446,0.28593748807907104,0.5338540077209473,-0.7212650775909424,-0.4180424213409424,4.948877334594727,-0.8734893798828125,0.3323076367378235,4.453697681427002,17.317826170427473,0.9118115686798244
Pham4_000157,Pham4,2,1692847934.717302,0.2627407908439636,0.5472047924995422,0.28125,0.5317710041999817,-0.5371041297912598,-0.12493085861206055,4.750964164733887,-0.7703480124473572,0.31471341848373413,4.453790664672852,14.893814212358725,0.5796566986743975
Pham4_000158,Pham4,2,1692847934.917056,0.261384516954422,0.5426448583602905,0.27792951464653015,0.5291669964790344,-0.4501281976699829,-0.03590869903564453,4.97465705871582,-0.6465230584144592,0.2908182442188263,4.453432559967041,13.286219499508457,0.6457525957138451
Pham4_000159,Pham4,2,1692847935.116209,0.25889670848846436,0.546242356300354,0.27167949080467224,0.53125,-0.3847085237503052,-0.03909564018249512,5.4200825691223145,-0.5441427230834961,0.2701885998249054,4.454796314239502,10.724753869805813,1.0260865260296799
Pham4_000160,Pham4,2,1692847935.316552,0.25752073526382446,0.5473877787590027,0.2666015028953552,0.5270829796791077,-0.3734651803970337,-0.13466286659240723,5.510977745056152,-0.4199027121067047,0.2434162199497223,4.460710525512695,9.101299024727073,1.1172114716916228
Pham4_000161,Pham4,2,1692847935.516894,0.25625669956207275,0.5416114330291748,0.2642579972743988,0.528124988079071,-0.3025810718536377,0.012333393096923828,5.789087772369385,-0.337343692779541,0.22759635746479034,4.459488868713379,7.269607046587478,1.3473603186398702
Pham4_000162,Pham4,2,1692847935.715502,0.25591176748275757,0.547435462474823,0.2607420086860657,0.53125,-0.34139251708984375,-0.11430191993713379,5.8623433113098145,-0.29819345474243164,0.2221086621284485,4.459527492523193,5.957356159027261,1.4432361068624142
Pham4_000163,Pham4,2,1692847935.915663,0.2536805272102356,0.5414440631866455,0.26113298535346985,0.5244789719581604,-0.22423982620239258,0.027048110961914062,5.902401447296143,-0.26985737681388855,0.22018474340438843,4.463285446166992,7.525342796539345,1.45273451959433
Pham4_000164,Pham4,2,1692847936.118107,0.25283458828926086,0.5327112674713135,0.2587890028953552,0.5244789719581604,-0.14975512027740479,0.14926552772521973,6.04934549331665,-0.25436335802078247,0.2207689881324768,4.47233772277832,5.151059446490495,1.5820901164574228
Pham4_000165,Pham4,2,1692847936.317333,0.2524773180484772,0.5420212745666504,0.2587890028953552,0.5270829796791077,-0.18796193599700928,0.027132034301757812,6.198633670806885,-0.24810247123241425,0.22342851758003235,4.481956481933594,6.481219644246005,1.7289099930660716
Pham4_000166,Pham4,2,1692847936.520433,0.25204285979270935,0.541877269744873,0.2589845061302185,0.5244789719581604,-0.18413853645324707,-0.028898239135742188,6.206893444061279,-0.2456430047750473,0.23609676957130432,4.49419641494751,7.316333733171745,1.7341673125158157
Pham4_000167,Pham4,2,1692847936.71787,0.25308847427368164,0.548966646194458,0.25859400629997253,0.5192710161209106,-0.2488926649093628,-0.11191487312316895,6.318331241607666,-0.24368645250797272,0.264628529548645,4.508474349975586,9.540473293282735,1.848619486787741
Pham4_000168,Pham4,2,1692847936.916778,0.2522401213645935,0.5447531342506409,0.25820299983024597,0.518750011920929,-0.17844784259796143,0.013323307037353516,6.413188457489014,-0.24011346697807312,0.2994503080844879,4.521739482879639,8.778117475364727,1.9139619989720986
Pham4_000169,Pham4,2,1692847937.117557,0.25143006443977356,0.541506290435791,0.2587890028953552,0.5145829916000366,-0.16228973865509033,0.019162893295288086,6.624631404876709,-0.2307962328195572,0.36194679141044617,4.535926342010498,9.595021394226924,2.1177541831366242
Pham4_000170,Pham4,2,1692847937.317758,0.25064197182655334,0.5360538959503174,0.25839850306510925,0.5046870112419128,-0.10800588130950928,0.12667274475097656,6.949758052825928,-0.21754266321659088,0.4295167028903961,4.54345703125,10.820956659729669,2.427755625265744
Pham4_000171,Pham4,2,1692847937.517339,0.24963077902793884,0.5279126763343811,0.2603515088558197,0.4994789958000183,-0.0628432035446167,0.21635127067565918,6.960460662841797,-0.19042374193668365,0.5409737229347229,4.549685478210449,11.612447763611549,2.4358763353506694
Pham4_000172,Pham4,2,1692847937.71756,0.25027430057525635,0.5292341113090515,0.2591795027256012,0.4848960041999817,-0.08448028564453125,0.22335147857666016,6.963227272033691,-0.15588390827178955,0.6685994863510132,4.553396701812744,14.485562663610285,2.4516581415284517
Pham4_000173,Pham4,2,1692847937.916878,0.25233936309814453,0.5487979054450989,0.2587890028953552,0.4682289958000183,-0.2515273094177246,-0.07181167602539062,7.347696781158447,-0.12212880700826645,0.7881011962890625,4.554265022277832,23.72664916315804,2.925654646727934
Pham4_000174,Pham4,2,1692847938.116903,0.2525251805782318,0.5502910614013672,0.25839850306510925,0.45625001192092896,-0.25721538066864014,-0.05866193771362305,7.418194770812988,-0.07307630032300949,0.95731520652771,4.555974006652832,27.456874320625086,3.0427659228604584
Pham4_000175,Pham4,2,1692847938.317847,0.2497754693031311,0.5379334688186646,0.25976550579071045,0.4380210041999817,-0.20063769817352295,-0.07721948623657227,7.252038955688477,-0.02100740186870098,1.1324701309204102,4.557129859924316,29.78008483530289,2.959417349351113
Pham4_000176,Pham4,2,1692847938.528265,0.2481713443994522,0.5245773792266846,0.26093751192092896,0.41093799471855164,-0.10700345039367676,0.013458013534545898,7.289274215698242,0.0268368199467659,1.2875452041625977,4.557633399963379,34.1651564181323,3.0171299165723564
Pham4_000177,Pham4,2,1692847938.717165,0.2471075803041458,0.5183774828910828,0.25820299983024597,0.4000000059604645,-0.03869462013244629,0.0707700252532959,7.342018127441406,0.08951672166585922,1.4844547510147095,4.557409286499023,35.14150472362054,3.1255382015056745
Pham4_000178,Pham4,2,1692847938.918448,0.2517547607421875,0.5490780472755432,0.2589845061302185,0.3843750059604645,-0.3065946102142334,-0.31119704246520996,7.322922229766846,0.15449655055999756,1.6823644638061523,4.5545268058776855,47.75834108559113,3.442514453250925
Pham4_000179,Pham4,2,1692847939.118444,0.24994094669818878,0.5382300019264221,0.2578125,0.3666670024394989,-0.13917458057403564,0.08943486213684082,7.636504650115967,0.20939654111862183,1.8462246656417847,4.551095485687256,49.778595878316246,3.567570875612381
Pham4_000180,Pham4,2,1692847939.316224,0.24959616363048553,0.539517879486084,0.25820299983024597,0.3458330035209656,-0.12225532531738281,0.17243123054504395,7.795561790466309,0.2798249423503876,2.0479979515075684,4.545649528503418,56.171522828405024,3.7737711611710973
Pham4_000181,Pham4,2,1692847939.516405,0.24929414689540863,0.5475093126296997,0.25703099370002747,0.3291670083999634,-0.13109326362609863,0.11916899681091309,7.7301130294799805,0.3517110049724579,2.2466695308685303,4.539340496063232,63.16269055739287,3.8652797886051102
Pham4_000182,Pham4,2,1692847939.716439,0.2506064474582672,0.5624256134033203,0.25585949420928955,0.3130210041999817,-0.2758134603500366,-0.18811249732971191,7.689242362976074,0.41286957263946533,2.411907196044922,4.53289794921875,71.94173513464499,4.146914127893247
Pham4_000183,Pham4,2,1692847939.916764,0.2508109211921692,0.570317268371582,0.25605449080467224,0.2947919964790344,-0.375125527381897,-0.41246914863586426,7.8345465660095215,0.490312397480011,2.6171748638153076,4.524874687194824,79.45339887423353,4.569644799039344
Pham4_000184,Pham4,2,1692847940.118166,0.2514926791191101,0.5554695725440979,0.2539060115814209,0.27812498807907104,-0.35715246200561523,-0.2869570255279541,7.564784049987793,0.5738660097122192,2.8336822986602783,4.518233299255371,79.89674120061852,4.45944577981817
Pham4_000185,Pham4,2,1692847940.316527,0.24977044761180878,0.5501147508621216,0.25312501192092896,0.26406198740005493,-0.2920414209365845,-0.2534952163696289,7.92972993850708,0.640715479850769,3.0052459239959717,4.513610363006592,82.42346942697822,4.81241126775293
Pham4_000186,Pham4,2,1692847940.516061,0.24824796617031097,0.5293649435043335,0.252734512090683,0.24531200528144836,-0.11923229694366455,0.14493036270141602,7.93122673034668,0.728574812412262,3.2291195392608643,4.510231018066406,81.87977867020268,4.683397424404736
Pham4_000187,Pham4,2,1692847940.716343,0.24810746312141418,0.5292389392852783,0.2515625059604645,0.23125000298023224,-0.12107574939727783,0.1987905502319336,7.938177108764648,0.8180837035179138,3.456514835357666,4.507247447967529,85.8618248989957,4.823491093931382
Pham4_000188,Pham4,2,1692847940.915441,0.24732893705368042,0.524193286895752,0.25,0.2171880006790161,-0.058423757553100586,0.31424403190612793,7.776547431945801,0.9090287089347839,3.687399387359619,4.503549575805664,88.44131623643726,4.798609829235546
Pham4_000189,Pham4,2,1692847941.118851,0.24666324257850647,0.5191479921340942,0.24960950016975403,0.20052100718021393,-0.026298999786376953,0.3795301914215088,7.790585994720459,0.9839299917221069,3.878608465194702,4.500749588012695,91.79246451293396,4.907864603284782
Pham4_000190,Pham4,2,1692847941.318204,0.24751824140548706,0.517274796962738,0.24843749403953552,0.19114600121974945,-0.02740478515625,0.4822731018066406,7.798810005187988,1.08355712890625,4.1338372230529785,4.498083591461182,93.92774640118625,5.046082813861142
Pham4_000191,Pham4,2,1692847941.519475,0.24678301811218262,0.5177210569381714,0.24648450314998627,0.17499999701976776,-0.0004410743713378906,0.49087953567504883,7.862295150756836,1.1806637048721313,4.3830156326293945,4.494167804718018,98.70393150721733,5.280910311291157
Pham4_000192,Pham4,2,1692847941.719527,0.2468782216310501,0.5149168968200684,0.2472655028104782,0.16249999403953552,-0.005253791809082031,0.5032880306243896,7.846527576446533,1.2583545446395874,4.584768772125244,4.491364002227783,101.49650380867348,5.432523693546976
Pham4_000193,Pham4,2,1692847941.916751,0.24586604535579681,0.5052053332328796,0.24589850008487701,0.15156200528144836,0.07321286201477051,0.681126594543457,7.797965049743652,1.355726718902588,4.836658000946045,4.4867329597473145,101.84928149994631,5.466035219108001
Pham4_000194,Pham4,2,1692847942.119838,0.24607406556606293,0.5070697069168091,0.24531249701976776,0.14166699349880219,0.04433166980743408,0.5835330486297607,7.684179306030273,1.4525927305221558,5.091109752655029,4.482384204864502,105.23760679918018,5.705518278618148
Pham4_000195,Pham4,2,1692847942.321348,0.2456481158733368,0.5095651149749756,0.24453149735927582,0.1317709982395172,0.05858755111694336,0.5948581695556641,7.785750865936279,1.5300288200378418,5.292532920837402,4.4772796630859375,108.80808508261306,5.931211442597833
Pham4_000448,Pham4,6,1692848003.417942,0.25477147102355957,0.5900952816009521,0.25175800919532776,0.550000011920929,-0.1571342945098877,1.0490388870239258,8.929141998291016,-0.3792203366756439,-0.04527745023369789,8.129140853881836,11.777074349660994,1.3736274193425917
Pham4_000449,Pham4,6,1692848003.618865,0.2547851800918579,0.583853542804718,0.2513670027256012,0.5427079796791077,-0.07085907459259033,1.3291215896606445,8.917305946350098,-0.2928975820541382,0.08270371705293655,8.110299110412598,12.137220515531494,1.5013722540401269
Pham4_000450,Pham4,6,1692848003.821404,0.25404661893844604,0.5870404243469238,0.24980449676513672,0.5354170203208923,-0.09039890766143799,1.204594373703003,9.051194190979004,-0.18634168803691864,0.2502445876598358,8.096236228942871,15.220315155417024,1.3534892834754995
Pham4_000451,Pham4,6,1692848004.019197,0.2526805102825165,0.5755221843719482,0.24941399693489075,0.5244789719581604,0.0545119047164917,1.4978785514831543,9.134709358215332,-0.08799532055854797,0.4113123118877411,8.085884094238281,14.912966672817658,1.5168945041236843
Pham4_000452,Pham4,6,1692848004.220773,0.25259360671043396,0.5793530344963074,0.24707050621509552,0.5072919726371765,0.056124091148376465,1.451758623123169,9.118136405944824,0.015210514888167381,0.5803999304771423,8.085429191589355,21.182627137351837,1.351822504086252
Pham4_000453,Pham4,6,1692848004.41971,0.2521020174026489,0.5754952430725098,0.24550800025463104,0.49583300948143005,0.04753994941711426,1.4001238346099854,9.01962661743164,0.15102386474609375,0.8192524313926697,8.089804649353027,23.494993620738217,1.1012217760873848
Pham4_000454,Pham4,6,1692848004.667428,0.2524815797805786,0.5707308053970337,0.24453149735927582,0.4822919964790344,0.08623683452606201,1.5562279224395752,9.079181671142578,0.29929715394973755,1.0934252738952637,8.108226776123047,26.191968754547183,1.096510099987655
Pham4_000455,Pham4,6,1692848004.867133,0.2523057162761688,0.5807819366455078,0.24316400289535522,0.4614579975605011,0.024660944938659668,1.350557565689087,9.01832103729248,0.42972368001937866,1.3215166330337524,8.135969161987305,35.07514218766567,0.9713207642046601
Pham4_000456,Pham4,6,1692848005.068961,0.2517876923084259,0.5752223134040833,0.24062499403953552,0.44947901368141174,0.11066275835037231,1.5531260967254639,9.09009075164795,0.53812175989151,1.5054851770401,8.15451717376709,37.21497547740267,1.0297032460159607
Pham4_000457,Pham4,6,1692848005.268306,0.2504827082157135,0.5644555687904358,0.24121099710464478,0.4364579916000366,0.21173912286758423,1.8017815351486206,8.96165943145752,0.6626082062721252,1.7220574617385864,8.166669845581055,37.54473400457833,0.9174133746044759
Pham4_000458,Pham4,6,1692848005.474371,0.24999165534973145,0.558864951133728,0.23925800621509552,0.42656299471855164,0.27927589416503906,1.9663670063018799,9.202932357788086,0.7904408574104309,1.9511276483535767,8.18350601196289,38.98448625185876,1.140505121532933
Pham4_000459,Pham4,6,1692848005.669241,0.24936659634113312,0.5574827194213867,0.23808600008487701,0.40937501192092896,0.33360594511032104,1.979928731918335,9.102230072021484,0.9119840264320374,2.175577402114868,8.202523231506348,43.525933729563256,1.0873233217276228
Pham4_000460,Pham4,6,1692848005.867953,0.2494594007730484,0.5576772689819336,0.23671899735927582,0.39375001192092896,0.3332173824310303,1.9735891819000244,9.197033882141113,1.034592628479004,2.4077837467193604,8.227148056030273,48.214336312153065,1.2732362984058436
Pham4_000461,Pham4,6,1692848006.068414,0.24981874227523804,0.5537649989128113,0.23613299429416656,0.3828119933605194,0.32599031925201416,2.0118722915649414,9.060432434082031,1.1432076692581177,2.6424813270568848,8.2452974319458,50.34388204917299,1.3152783068623575
Pham4_000462,Pham4,6,1692848006.269522,0.2507290542125702,0.5568526983261108,0.23515650629997253,0.37187498807907104,0.31679487228393555,2.0100927352905273,8.9085111618042,1.2411295175552368,2.893930673599243,8.25771427154541,54.599534893633034,1.4349566648554701
Pham4_000463,Pham4,6,1692848006.47958,0.25042590498924255,0.5501848459243774,0.23496100306510925,0.35520800948143005,0.38139939308166504,2.199096918106079,8.84584903717041,1.3249914646148682,3.1439669132232666,8.25776481628418,57.395649106276565,1.4591053272428418
Pham4_000464,Pham4,6,1692848006.718658,0.2500137686729431,0.5562913417816162,0.23496100306510925,0.34114599227905273,0.3528028726577759,2.021791934967041,9.076358795166016,1.4130468368530273,3.4549551010131836,8.247896194458008,63.03108670247411,1.9658138784980996
Pham4_000465,Pham4,6,1692848006.921996,0.24869725108146667,0.5498052835464478,0.23515650629997253,0.3291670083999634,0.48061424493789673,2.2798447608947754,9.188993453979492,1.4758497476577759,3.734354019165039,8.229302406311035,64.38915084214997,2.0067630142204096
Pham4_000466,Pham4,6,1692848007.119299,0.24768970906734467,0.5390848517417908,0.23515650629997253,0.31510400772094727,0.5696048140525818,2.4320764541625977,9.340954780578613,1.5279964208602905,4.020010948181152,8.204849243164062,65.22067620053654,2.1750370620836397
Pham4_000467,Pham4,6,1692848007.32151,0.24633333086967468,0.5239934325218201,0.23632800579071045,0.3031249940395355,0.7300305366516113,2.859299421310425,9.40895938873291,1.5757423639297485,4.30511474609375,8.182748794555664,64.07254766368561,2.0758619581872377
Pham4_000468,Pham4,6,1692848007.520949,0.245927631855011,0.5262550115585327,0.2371094971895218,0.2874999940395355,0.7215576171875,2.78779673576355,9.52226448059082,1.6173759698867798,4.547513008117676,8.171626091003418,69.09414406060016,2.3923452801901326
Pham4_000469,Pham4,6,1692848007.749839,0.24565689265727997,0.5214403867721558,0.23808600008487701,0.2739579975605011,0.7751752138137817,2.9267072677612305,9.54820442199707,1.6826727390289307,4.918670654296875,8.168107032775879,71.51169940001071,2.5876898375395228
Pham4_000470,Pham4,6,1692848007.979728,0.24523913860321045,0.5186035633087158,0.23847649991512299,0.26145800948143005,0.8414403200149536,3.0216305255889893,9.519669532775879,1.7438247203826904,5.231080055236816,8.181814193725586,74.23981430701755,2.736022978396457
Pham4_000471,Pham4,6,1692848008.219871,0.2447618991136551,0.518813967704773,0.23867200314998627,0.2484380006790161,0.842456579208374,2.9927282333374023,9.618690490722656,1.8276747465133667,5.613511562347412,8.209368705749512,78.00861171168083,3.134541112891086
Pham4_000472,Pham4,6,1692848008.417611,0.24415911734104156,0.5179049968719482,0.23867200314998627,0.23645800352096558,0.8733474016189575,3.039274215698242,9.590824127197266,1.8868732452392578,5.866329193115234,8.230364799499512,81.16620485475165,3.2970174496572286
Pham4_000473,Pham4,6,1692848008.617787,0.24329157173633575,0.51738041639328,0.23847649991512299,0.2270829975605011,0.9041094183921814,3.0678563117980957,9.753905296325684,1.9616140127182007,6.166942119598389,8.245179176330566,83.68739952811173,3.605399189588492
Pham4_000474,Pham4,6,1692848008.821735,0.24331313371658325,0.5106174349784851,0.23867200314998627,0.21666699647903442,0.9734695553779602,3.2317681312561035,9.752887725830078,2.0268561840057373,6.412479877471924,8.252911567687988,84.73272970938173,3.6710324265636487
Pham4_000475,Pham4,6,1692848009.01889,0.24335020780563354,0.5077982544898987,0.23906250298023224,0.20677100121974945,1.003321886062622,3.332256555557251,9.694781303405762,2.1142919063568115,6.718333721160889,8.25454330444336,86.75836438959908,3.843703741324253
Pham4_000476,Pham4,6,1692848009.220462,0.24343718588352203,0.509467601776123,0.2396485060453415,0.19843700528144836,0.9940310120582581,3.31938099861145,9.621650695800781,2.202277660369873,7.012775421142578,8.2567138671875,89.6240570395276,4.118746759591463
Pham4_000477,Pham4,6,1692848009.423246,0.2442837655544281,0.5158609747886658,0.23906250298023224,0.19114600121974945,0.8950343728065491,3.108424186706543,9.753893852233887,2.2949929237365723,7.299075603485107,8.264629364013672,93.60384326102825,4.662547796767782
Pham4_000478,Pham4,6,1692848009.619134,0.24262520670890808,0.5049300789833069,0.23906250298023224,0.18385399878025055,1.041257619857788,3.3730592727661133,9.714568138122559,2.365689992904663,7.515733242034912,8.277856826782227,92.51038325914698,4.580393882469622
Pham4_000479,Pham4,6,1692848009.820518,0.24186591804027557,0.4977100193500519,0.23886699974536896,0.1734369993209839,1.1129157543182373,3.5260837078094482,9.744391441345215,2.452911615371704,7.789147853851318,8.283812522888184,93.41902545589654,4.701339766273996
Pham4_000480,Pham4,6,1692848010.020509,0.24074849486351013,0.48660439252853394,0.23886699974536896,0.16979199647903442,1.2160770893096924,3.767371654510498,9.884263038635254,2.52302622795105,8.007922172546387,8.283580780029297,91.25341139862306,4.717262812270024
Pham4_000481,Pham4,6,1692848010.218781,0.23996756970882416,0.4890094995498657,0.23847649991512299,0.16093799471855164,1.2500513792037964,3.780423641204834,9.918373107910156,2.607983112335205,8.268662452697754,8.282715797424316,94.49153262398332,4.966250200924478
Pham4_000482,Pham4,6,1692848010.417617,0.23988375067710876,0.4827433228492737,0.23925800621509552,0.15625,1.3062461614608765,3.934803009033203,10.00411319732666,2.68009614944458,8.474433898925781,8.270419120788574,94.03130503284363,5.049891836165696
Pham4_000483,Pham4,6,1692848010.669254,0.23942160606384277,0.48088523745536804,0.23867200314998627,0.1494790017604828,1.3786098957061768,4.09381628036499,10.160165786743164,2.794672727584839,8.783917427062988,8.25597095489502,95.44673207257568,5.256257287055427
Pham4_000484,Pham4,6,1692848010.869682,0.2391364574432373,0.4749985337257385,0.23769550025463104,0.140625,1.4162763357162476,4.2157511711120605,10.116486549377441,2.8970065116882324,9.03432846069336,8.242363929748535,96.30593623064506,5.378065130054432
Pham4_000485,Pham4,6,1692848011.069129,0.23800994455814362,0.46980831027030945,0.23867200314998627,0.13958300650119781,1.513045310974121,4.422482490539551,10.255792617797852,3.000575065612793,9.286578178405762,8.227852821350098,95.10624667295748,5.475829749879977
Pham4_000486,Pham4,6,1692848011.268869,0.23847484588623047,0.46527186036109924,0.23769550025463104,0.1317709982395172,1.5031907558441162,4.4421281814575195,10.243399620056152,3.0900423526763916,9.49505615234375,8.214912414550781,96.05011320579344,5.671414233877876
