sample_id,sequence_id,temporal_block,gt_time,method,pred_cx,pred_cy,gt_cx,gt_cy,pred_x,pred_y,pred_z,gt_x,gt_y,gt_z,center_error_px,position_error_m,nearest_train_time_gap_s,interpolation_bracketed
Mavic2_000383,Mavic2,4,1692845435.499809027,global_mean,0.2437988233041585,0.41461553391685013,0.23496100000000003,0.14375,1.097604748579709,3.6788042521086592,11.067756736575872,3.017012201394114,8.86197386649474,8.301433542518469,78.30399892860852,6.180769874003933,,
Mavic2_000383,Mavic2,4,1692845435.499809027,sequence_mean,0.24327808670520237,0.2783161878612716,0.23496100000000003,0.14375,2.066185479147115,7.10729840298181,10.045526399620238,3.017012201394114,8.86197386649474,8.301433542518469,39.27792361519472,2.650437196423771,,
Mavic2_000383,Mavic2,4,1692845435.499809027,nearest_train_time,0.23398449999999998,0.145313,0.23496100000000003,0.14375,3.0490152380745217,8.798855878426824,8.195979984090743,3.017012201394114,8.86197386649474,8.301433542518469,0.8746757245059772,0.12699814077213448,2.2010629177093506,
Mavic2_000383,Mavic2,4,1692845435.499809027,linear_interpolation,0.23360697793653387,0.1449011258009008,0.23496100000000003,0.14375,3.0806744734982,8.814142794650742,8.207237110939309,3.017012201394114,8.86197386649474,8.301433542518469,1.091456519019875,0.12334368263290885,2.2010629177093506,True
Mavic2_000384,Mavic2,4,1692845435.701632977,global_mean,0.2437988233041585,0.41461553391685013,0.2351565,0.146354,1.097604748579709,3.6788042521086592,11.067756736575872,3.0086972567406933,8.857850893776007,8.301076800512321,77.5439011682955,6.174894052526852,,
Mavic2_000384,Mavic2,4,1692845435.701632977,sequence_mean,0.24327808670520237,0.2783161878612716,0.2351565,0.146354,2.066185479147115,7.10729840298181,10.045526399620238,3.0086972567406933,8.857850893776007,8.301076800512321,38.513546781497794,2.6449701090477653,,
Mavic2_000384,Mavic2,4,1692845435.701632977,nearest_train_time,0.23398449999999998,0.145313,0.2351565,0.146354,3.0490152380745217,8.798855878426824,8.195979984090743,3.0086972567406933,8.857850893776007,8.301076800512321,0.948713679715862,0.1270877345648914,2.4028868675231934,
Mavic2_000384,Mavic2,4,1692845435.701632977,linear_interpolation,0.23357236148219374,0.14486335946672665,0.2351565,0.146354,3.083577430923853,8.815544510970598,8.208269320325899,3.0086972567406933,8.857850893776007,8.301076800512321,1.290140541827957,0.12653101947874823,2.4028868675231934,True
Mavic2_000385,Mavic2,4,1692845435.899842978,global_mean,0.2437988233041585,0.41461553391685013,0.2353515,0.145313,1.097604748579709,3.6788042521086592,11.067756736575872,2.9988980106091008,8.853343358115357,8.301585454276891,77.82998677496289,6.167858185046617,,
Mavic2_000385,Mavic2,4,1692845435.899842978,sequence_mean,0.24327808670520237,0.2783161878612716,0.2353515,0.145313,2.066185479147115,7.10729840298181,10.045526399620238,2.9988980106091008,8.853343358115357,8.301585454276891,38.7856397530075,2.638172790500763,,
Mavic2_000385,Mavic2,4,1692845435.899842978,nearest_train_time,0.23398449999999998,0.145313,0.2353515,0.145313,3.0490152380745217,8.798855878426824,8.195979984090743,2.9988980106091008,8.853343358115357,8.301585454276891,1.0498560000000055,0.12896952068169618,2.6010968685150146,
Mavic2_000385,Mavic2,4,1692845435.899842978,linear_interpolation,0.23353836488538046,0.14482626939321938,0.2353515,0.145313,3.0864284067111596,8.816921127538677,8.209283046515125,2.9988980106091008,8.853343358115357,8.301585454276891,1.3995256953945696,0.1323173594075373,2.6010968685150146,True
Mavic2_000386,Mavic2,4,1692845436.100085020,global_mean,0.2437988233041585,0.41461553391685013,0.235547,0.146354,1.097604748579709,3.6788042521086592,11.067756736575872,2.9880318388508345,8.85284124888813,8.299544153157159,77.51880702507918,6.165012111478077,,
Mavic2_000386,Mavic2,4,1692845436.100085020,sequence_mean,0.24327808670520237,0.2783161878612716,0.235547,0.146354,2.066185479147115,7.10729840298181,10.045526399620238,2.9880318388508345,8.85284124888813,8.299544153157159,38.46611493929127,2.635369906248076,,
Mavic2_000386,Mavic2,4,1692845436.100085020,nearest_train_time,0.23398449999999998,0.145313,0.235547,0.146354,3.0490152380745217,8.798855878426824,8.195979984090743,2.9880318388508345,8.85284124888813,8.299544153157159,1.236885134870673,0.13175330098004093,2.8013389110565186,
Mavic2_000386,Mavic2,4,1692845436.100085020,linear_interpolation,0.2335040197567225,0.14478879907365957,0.235547,0.146354,3.0893086105960794,8.818311857128554,8.210307165387498,2.9880318388508345,8.85284124888813,8.299544153157159,1.6324795202014006,0.13932876004840972,2.8013389110565186,True
Mavic2_000387,Mavic2,4,1692845436.302772999,global_mean,0.2437988233041585,0.41461553391685013,0.23574200000000003,0.147917,1.097604748579709,3.6788042521086592,11.067756736575872,2.97780225796932,8.85570681536706,8.30042633797254,77.05800855106982,6.1638932793179,,
Mavic2_000387,Mavic2,4,1692845436.302772999,sequence_mean,0.24327808670520237,0.2783161878612716,0.23574200000000003,0.147917,2.066185479147115,7.10729840298181,10.045526399620238,2.97780225796932,8.85570681536706,8.30042633797254,37.99833047972866,2.633125776162712,,
Mavic2_000387,Mavic2,4,1692845436.302772999,nearest_train_time,0.23398449999999998,0.145313,0.23574200000000003,0.147917,3.0490152380745217,8.798855878426824,8.195979984090743,2.97780225796932,8.85570681536706,8.30042633797254,1.5441114143429233,0.13860865198698208,3.0040268898010254,
Mavic2_000387,Mavic2,4,1692845436.302772999,linear_interpolation,0.23346925510580785,0.14475087105795373,0.23574200000000003,0.147917,3.0922239958787956,8.819719574339057,8.211343793767835,2.97780225796932,8.85570681536706,8.30042633797254,1.9692943824340194,0.14940922095043405,3.0040268898010254,True
Mavic2_000388,Mavic2,4,1692845436.552707911,global_mean,0.2437988233041585,0.41461553391685013,0.2351565,0.148958,1.097604748579709,3.6788042521086592,11.067756736575872,2.962334068990363,8.855576792122978,8.301358996329599,76.79672825481235,6.158664289168973,,
Mavic2_000388,Mavic2,4,1692845436.552707911,sequence_mean,0.24327808670520237,0.2783161878612716,0.2351565,0.148958,2.066185479147115,7.10729840298181,10.045526399620238,2.962334068990363,8.855576792122978,8.301358996329599,37.77369054020833,2.6271047850661935,,
Mavic2_000388,Mavic2,4,1692845436.552707911,nearest_train_time,0.23398449999999998,0.145313,0.2351565,0.148958,3.0490152380745217,8.798855878426824,8.195979984090743,2.962334068990363,8.855576792122978,8.301358996329599,1.3828119419559604,0.1477688172273164,3.2539618015289307,
Mavic2_000388,Mavic2,4,1692845436.552707911,linear_interpolation,0.23342638675213717,0.14470410195346037,0.2351565,0.148958,3.095818962722917,8.821455432967303,8.212622062091095,2.962334068990363,8.855576792122978,8.301358996329599,1.807329756593019,0.16388022303948208,3.2539618015289307,True
Mavic2_000389,Mavic2,4,1692845436.774816036,global_mean,0.2437988233041585,0.41461553391685013,0.2351565,0.148958,1.097604748579709,3.6788042521086592,11.067756736575872,2.947693556060263,8.851895940533272,8.297988752530772,76.79672825481235,6.152667787054156,,
Mavic2_000389,Mavic2,4,1692845436.774816036,sequence_mean,0.24327808670520237,0.2783161878612716,0.2351565,0.148958,2.066185479147115,7.10729840298181,10.045526399620238,2.947693556060263,8.851895940533272,8.297988752530772,37.77369054020833,2.6219391460689407,,
Mavic2_000389,Mavic2,4,1692845436.774816036,nearest_train_time,0.23398449999999998,0.145313,0.2351565,0.148958,3.0490152380745217,8.798855878426824,8.195979984090743,2.947693556060263,8.851895940533272,8.297988752530772,1.3828119419559604,0.15324855716484226,3.476069927215576,
Mavic2_000389,Mavic2,4,1692845436.774816036,linear_interpolation,0.233388291195101,0.14466253994010556,0.2351565,0.148958,3.0990136798680057,8.822998027812142,8.213758012965025,2.947693556060263,8.851895940533272,8.297988752530772,1.8369864927725974,0.17557814988380915,3.476069927215576,True
Mavic2_000390,Mavic2,4,1692845436.999747992,global_mean,0.2437988233041585,0.41461553391685013,0.2351565,0.148958,1.097604748579709,3.6788042521086592,11.067756736575872,2.944246165988166,8.861737279596131,8.304707357463075,76.79672825481235,6.156892167589455,,
Mavic2_000390,Mavic2,4,1692845436.999747992,sequence_mean,0.24327808670520237,0.2783161878612716,0.2351565,0.148958,2.066185479147115,7.10729840298181,10.045526399620238,2.944246165988166,8.861737279596131,8.304707357463075,37.77369054020833,2.622879577694806,,
Mavic2_000390,Mavic2,4,1692845436.999747992,nearest_train_time,0.23398449999999998,0.145313,0.2351565,0.148958,3.0490152380745217,8.798855878426824,8.195979984090743,2.944246165988166,8.861737279596131,8.304707357463075,1.3828119419559604,0.1635612142266552,3.7010018825531006,
Mavic2_000390,Mavic2,4,1692845436.999747992,linear_interpolation,0.23334971130025325,0.14462044951724165,0.2351565,0.148958,3.102249013883696,8.824560234839327,8.214908406047003,2.944246165988166,8.861737279596131,8.304707357463075,1.8670856446258022,0.18550170962924667,3.7010018825531006,True
Mavic2_000391,Mavic2,4,1692845437.199731112,global_mean,0.2437988233041585,0.41461553391685013,0.2351565,0.148958,1.097604748579709,3.6788042521086592,11.067756736575872,2.9486610350778806,8.887874206542623,8.31526941982172,76.79672825481235,6.1755166257458605,,
Mavic2_000391,Mavic2,4,1692845437.199731112,sequence_mean,0.24327808670520237,0.2783161878612716,0.2351565,0.148958,2.066185479147115,7.10729840298181,10.045526399620238,2.9486610350778806,8.887874206542623,8.31526941982172,37.77369054020833,2.6349577824289785,,
Mavic2_000391,Mavic2,4,1692845437.199731112,nearest_train_time,0.23398449999999998,0.145313,0.2351565,0.148958,3.0490152380745217,8.798855878426824,8.195979984090743,2.9486610350778806,8.887874206542623,8.31526941982172,1.3828119419559604,0.179513782971219,3.9009850025177,
Mavic2_000391,Mavic2,4,1692845437.199731112,linear_interpolation,0.233315410581496,0.14458302764860442,0.2351565,0.148958,3.1051254935266814,8.82594916614906,8.215931200684494,2.9486610350778806,8.887874206542623,8.31526941982172,1.8938989962761925,0.19540706017638226,3.9009850025177,True
Mavic2_000392,Mavic2,4,1692845437.395692110,global_mean,0.2437988233041585,0.41461553391685013,0.2351565,0.148958,1.097604748579709,3.6788042521086592,11.067756736575872,2.9575443456171984,8.92328719967509,8.318340570430367,76.79672825481235,6.20671136324264,,
Mavic2_000392,Mavic2,4,1692845437.395692110,sequence_mean,0.24327808670520237,0.2783161878612716,0.2351565,0.148958,2.066185479147115,7.10729840298181,10.045526399620238,2.9575443456171984,8.92328719967509,8.318340570430367,37.77369054020833,2.6599824862402093,,
Mavic2_000392,Mavic2,4,1692845437.395692110,nearest_train_time,0.23398449999999998,0.145313,0.2351565,0.148958,3.0490152380745217,8.798855878426824,8.195979984090743,2.9575443456171984,8.92328719967509,8.318340570430367,1.3828119419559604,0.19703347675942082,4.0969460010528564,
Mavic2_000392,Mavic2,4,1692845437.395692110,linear_interpolation,0.23328179972924334,0.14454635841998903,0.2351565,0.148958,3.107944120534827,8.82731016284918,8.216933424564663,2.9575443456171984,8.92328719967509,8.318340570430367,1.920219116150197,0.2052196216880433,4.0969460010528564,True
Mavic2_000393,Mavic2,4,1692845437.595999002,global_mean,0.2437988233041585,0.41461553391685013,0.2351565,0.148958,1.097604748579709,3.6788042521086592,11.067756736575872,2.9746002293279803,8.999678483478423,8.319875946898465,76.79672825481235,6.275799825925166,,
Mavic2_000393,Mavic2,4,1692845437.595999002,sequence_mean,0.24327808670520237,0.2783161878612716,0.2351565,0.148958,2.066185479147115,7.10729840298181,10.045526399620238,2.9746002293279803,8.999678483478423,8.319875946898465,37.77369054020833,2.71738646724852,,
Mavic2_000393,Mavic2,4,1692845437.595999002,nearest_train_time,0.23398449999999998,0.145313,0.2351565,0.148958,3.0490152380745217,8.798855878426824,8.195979984090743,2.9746002293279803,8.999678483478423,8.319875946898465,1.3828119419559604,0.2474217488955059,4.297252893447876,
Mavic2_000393,Mavic2,4,1692845437.595999002,linear_interpolation,0.2332474434776637,0.14450887596539155,0.2351565,0.148958,3.110825257194891,8.828701342837032,8.21795787510544,2.9746002293279803,8.999678483478423,8.319875946898465,1.9471681150796716,0.24120060986086775,4.297252893447876,True
Mavic2_000394,Mavic2,4,1692845437.797226906,global_mean,0.2437988233041585,0.41461553391685013,0.2359375,0.142187,1.097604748579709,3.6788042521086592,11.067756736575872,2.9994405647437548,9.115255081570925,8.320701788844206,78.69136927290884,6.381088306759463,,
Mavic2_000394,Mavic2,4,1692845437.797226906,sequence_mean,0.24327808670520237,0.2783161878612716,0.2359375,0.142187,2.066185479147115,7.10729840298181,10.045526399620238,2.9994405647437548,9.115255081570925,8.320701788844206,39.60846358814508,2.8067552468680477,,
Mavic2_000394,Mavic2,4,1692845437.797226906,nearest_train_time,0.23398449999999998,0.145313,0.2359375,0.142187,3.0490152380745217,8.798855878426824,8.195979984090743,2.9994405647437548,9.115255081570925,8.320701788844206,1.7493514490118955,0.34368827819266023,4.498480796813965,
Mavic2_000394,Mavic2,4,1692845437.797226906,linear_interpolation,0.2332129292560599,0.1444712211664903,0.2359375,0.142187,3.113719641319589,8.83009891946963,8.21898703606919,2.9994405647437548,9.115255081570925,8.320701788844206,2.193446193608586,0.3236041332545797,4.498480796813965,True
Mavic2_000395,Mavic2,4,1692845437.996088028,global_mean,0.2437988233041585,0.41461553391685013,0.2359375,0.142187,1.097604748579709,3.6788042521086592,11.067756736575872,3.024315484486597,9.235938778405401,8.323064716736953,78.69136927290884,6.490554112476502,,
Mavic2_000395,Mavic2,4,1692845437.996088028,sequence_mean,0.24327808670520237,0.2783161878612716,0.2359375,0.142187,2.066185479147115,7.10729840298181,10.045526399620238,3.024315484486597,9.235938778405401,8.323064716736953,39.60846358814508,2.901033816420699,,
Mavic2_000395,Mavic2,4,1692845437.996088028,nearest_train_time,0.23398449999999998,0.145313,0.2359375,0.142187,3.0490152380745217,8.798855878426824,8.195979984090743,3.024315484486597,9.235938778405401,8.323064716736953,1.7493514490118955,0.4558531216880563,4.6973419189453125,
Mavic2_000395,Mavic2,4,1692845437.996088028,linear_interpolation,0.23317882098020548,0.14443400925185088,0.2359375,0.142187,3.116579982580858,8.83148005823207,8.220004092355529,3.024315484486597,9.235938778405401,8.323064716736953,2.215294991145716,0.42745887080598005,4.6973419189453125,True
Mavic2_000396,Mavic2,4,1692845438.197386980,global_mean,0.2437988233041585,0.41461553391685013,0.236328,0.138021,1.097604748579709,3.6788042521086592,11.067756736575872,3.066009856756428,9.418089799961766,8.322788800534797,79.86558843043116,6.659494443243071,,
Mavic2_000396,Mavic2,4,1692845438.197386980,sequence_mean,0.24327808670520237,0.2783161878612716,0.236328,0.138021,2.066185479147115,7.10729840298181,10.045526399620238,3.066009856756428,9.418089799961766,8.322788800534797,40.75605291695771,3.0507753935222928,,
Mavic2_000396,Mavic2,4,1692845438.197386980,nearest_train_time,0.23398449999999998,0.145313,0.236328,0.138021,3.0490152380745217,8.798855878426824,8.195979984090743,3.066009856756428,9.418089799961766,8.322788800534797,2.7658112817182707,0.6323131681149998,4.898640871047974,
Mavic2_000396,Mavic2,4,1692845438.197386980,linear_interpolation,0.23314429457245947,0.1443963411579451,0.236328,0.138021,3.11947538864303,8.832878128315391,8.22103361669128,3.066009856756428,9.418089799961766,8.322788800534797,3.057728112677064,0.5963936461516756,4.898640871047974,True
Mavic2_000397,Mavic2,4,1692845438.403702021,global_mean,0.2437988233041585,0.41461553391685013,0.23671899999999998,0.133854,1.097604748579709,3.6788042521086592,11.067756736575872,3.1193969533608383,9.631742935909646,8.321881754614994,81.04192862225167,6.860390084314931,,
Mavic2_000397,Mavic2,4,1692845438.403702021,sequence_mean,0.24327808670520237,0.2783161878612716,0.23671899999999998,0.133854,2.066185479147115,7.10729840298181,10.045526399620238,3.1193969533608383,9.631742935909646,8.321881754614994,41.90895333726104,3.2331138970812545,,
Mavic2_000397,Mavic2,4,1692845438.403702021,nearest_train_time,0.23398449999999998,0.145313,0.23671899999999998,0.133854,3.0490152380745217,8.798855878426824,8.195979984090743,3.1193969533608383,9.631742935909646,8.321881754614994,3.9117349662368484,0.8452843853935658,5.1049559116363525,
Mavic2_000397,Mavic2,4,1692845438.403702021,linear_interpolation,0.2331089078148978,0.14435773442779634,0.23671899999999998,0.133854,3.1224429441767136,8.834311036350792,8.222088795334283,3.1193969533608383,9.631742935909646,8.321881754614994,4.1034278111189115,0.8036576057103507,5.1049559116363525,True
Mavic2_000950,Mavic2,10,1692845551.608231068,global_mean,0.2437988233041585,0.41461553391685013,0.245508,0.421875,1.097604748579709,3.6788042521086592,11.067756736575872,0.7104035187261577,4.181182067171907,17.4736161138445,2.468639335258281,6.437184370732925,,
Mavic2_000950,Mavic2,10,1692845551.608231068,sequence_mean,0.24327808670520237,0.2783161878612716,0.245508,0.421875,2.066185479147115,7.10729840298181,10.045526399620238,0.7104035187261577,4.181182067171907,17.4736161138445,41.38039145907515,8.097951490189402,,
Mavic2_000950,Mavic2,10,1692845551.608231068,nearest_train_time,0.242969,0.366146,0.245508,0.421875,1.5301738380923287,6.247818895702725,17.471911916524746,0.7104035187261577,4.181182067171907,17.4736161138445,16.167970559244832,2.2232890189631522,2.3043031692504883,
Mavic2_000950,Mavic2,10,1692845551.608231068,linear_interpolation,0.24272127176476302,0.3472105372343399,0.245508,0.421875,1.8492833538254612,7.248910594906864,17.466777324711618,0.7104035187261577,4.181182067171907,17.4736161138445,21.609609099572825,3.2723160555960216,2.3043031692504883,True
Mavic2_000951,Mavic2,10,1692845551.807528973,global_mean,0.2437988233041585,0.41461553391685013,0.245508,0.426563,1.097604748579709,3.6788042521086592,11.067756736575872,0.6497873842162296,4.026712610953158,17.470855161181433,3.682747879468894,6.428160705300199,,
Mavic2_000951,Mavic2,10,1692845551.807528973,sequence_mean,0.24327808670520237,0.2783161878612716,0.245508,0.426563,2.066185479147115,7.10729840298181,10.045526399620238,0.6497873842162296,4.026712610953158,17.470855161181433,42.729415228718324,8.162824241807522,,
Mavic2_000951,Mavic2,10,1692845551.807528973,nearest_train_time,0.242969,0.366146,0.245508,0.426563,1.5301738380923287,6.247818895702725,17.471911916524746,0.6497873842162296,4.026712610953158,17.470855161181433,17.50901635191195,2.389224676135422,2.50360107421875,
Mavic2_000951,Mavic2,10,1692845551.807528973,linear_interpolation,0.24269984588689109,0.3455728195463379,0.245508,0.426563,1.8768829591159994,7.3354944615590085,17.466333236709275,0.6497873842162296,4.026712610953158,17.470855161181433,23.424663071019225,3.528997213464216,2.50360107421875,True
Mavic2_000952,Mavic2,10,1692845552.010085106,global_mean,0.2437988233041585,0.41461553391685013,0.24609399999999998,0.43125,1.097604748579709,3.6788042521086592,11.067756736575872,0.5749818156287081,3.8306891649349417,17.465208683694684,5.104718794287124,6.4205603472348765,,
Mavic2_000952,Mavic2,10,1692845552.010085106,sequence_mean,0.24327808670520237,0.2783161878612716,0.24609399999999998,0.43125,2.066185479147115,7.10729840298181,10.045526399620238,0.5749818156287081,3.8306891649349417,17.465208683694684,44.097998657798136,8.24691103756752,,
Mavic2_000952,Mavic2,10,1692845552.010085106,nearest_train_time,0.242969,0.366146,0.24609399999999998,0.43125,1.5301738380923287,6.247818895702725,17.471911916524746,0.5749818156287081,3.8306891649349417,17.465208683694684,18.90292834463232,2.5990292165479887,2.7061572074890137,
Mavic2_000952,Mavic2,10,1692845552.010085106,linear_interpolation,0.24267806972735573,0.34390832757727874,0.24609399999999998,0.43125,1.9049337774541413,7.423493847380149,17.46588188851974,0.5749818156287081,3.8306891649349417,17.465208683694684,25.290834922345898,3.831059665440916,2.7061572074890137,True
Mavic2_000953,Mavic2,10,1692845552.208220005,global_mean,0.2437988233041585,0.41461553391685013,0.24609399999999998,0.435417,1.097604748579709,3.6788042521086592,11.067756736575872,0.5172010281668424,3.677581437239045,17.46198360129854,6.2447615770399,6.420514556597969,,
Mavic2_000953,Mavic2,10,1692845552.208220005,sequence_mean,0.24327808670520237,0.2783161878612716,0.24609399999999998,0.435417,2.066185479147115,7.10729840298181,10.045526399620238,0.5172010281668424,3.677581437239045,17.46198360129854,45.296688881316115,8.316618827312478,,
Mavic2_000953,Mavic2,10,1692845552.208220005,nearest_train_time,0.242969,0.366146,0.24609399999999998,0.435417,1.5301738380923287,6.247818895702725,17.471911916524746,0.5172010281668424,3.677581437239045,17.46198360129854,20.09388999677025,2.762667746577826,2.904292106628418,
Mavic2_000953,Mavic2,10,1692845552.208220005,linear_interpolation,0.24265676888050636,0.34228016681471185,0.24609399999999998,0.435417,1.932372324845791,7.509572452616639,17.465440391999405,0.5172010281668424,3.677581437239045,17.46198360129854,26.95299100598221,4.084957391488989,2.904292106628418,True
Mavic2_000954,Mavic2,10,1692845552.406800985,global_mean,0.2437988233041585,0.41461553391685013,0.24628900000000004,0.440625,1.097604748579709,3.6788042521086592,11.067756736575872,0.44545798134062875,3.484128116474725,17.456650782828035,7.731006809959984,6.425041738233463,,
Mavic2_000954,Mavic2,10,1692845552.406800985,sequence_mean,0.24327808670520237,0.2783161878612716,0.24628900000000004,0.440625,2.066185479147115,7.10729840298181,10.045526399620238,0.44545798134062875,3.484128116474725,17.456650782828035,46.80209746030364,8.407073519992023,,
Mavic2_000954,Mavic2,10,1692845552.406800985,nearest_train_time,0.242969,0.366146,0.24628900000000004,0.440625,1.5301738380923287,6.247818895702725,17.471911916524746,0.44545798134062875,3.484128116474725,17.456650782828035,21.6009656464683,2.968977621215787,3.1028730869293213,
Mavic2_000954,Mavic2,10,1692845552.406800985,linear_interpolation,0.2426354200769036,0.34064834040895337,0.24628900000000004,0.440625,1.9598726474176007,7.595844855333386,17.464997901493252,0.44545798134062875,3.484128116474725,17.456650782828035,28.92967693801873,4.381750334721222,3.1028730869293213,True
Mavic2_000955,Mavic2,10,1692845552.608197927,global_mean,0.2437988233041585,0.41461553391685013,0.2464845,0.446354,1.097604748579709,3.6788042521086592,11.067756736575872,0.3674960289655662,3.2676009086233115,17.44829380438236,9.370502445032443,6.435324405638207,,
Mavic2_000955,Mavic2,10,1692845552.608197927,sequence_mean,0.24327808670520237,0.2783161878612716,0.2464845,0.446354,2.066185479147115,7.10729840298181,10.045526399620238,0.3674960289655662,3.2676009086233115,17.44829380438236,48.457500961547495,8.510569190444874,,
Mavic2_000955,Mavic2,10,1692845552.608197927,nearest_train_time,0.242969,0.366146,0.2464845,0.446354,1.5301738380923287,6.247818895702725,17.471911916524746,0.3674960289655662,3.2676009086233115,17.44829380438236,23.25715043633745,3.199074358868304,3.304270029067993,
Mavic2_000955,Mavic2,10,1692845552.608197927,linear_interpolation,0.24261376853828492,0.3389933740183004,0.2464845,0.446354,1.987762936132045,7.683340637012885,17.464549136285576,0.3674960289655662,3.2676009086233115,17.44829380438236,31.062434459992524,4.703646078857564,3.304270029067993,True
Mavic2_000956,Mavic2,10,1692845552.815675020,global_mean,0.2437988233041585,0.41461553391685013,0.24707050000000003,0.452604,1.097604748579709,3.6788042521086592,11.067756736575872,0.2848308895968519,3.0373321891854665,17.439118978406185,11.225499483382025,6.4549472941285755,,
Mavic2_000956,Mavic2,10,1692845552.815675020,sequence_mean,0.24327808670520237,0.2783161878612716,0.24707050000000003,0.452604,2.066185479147115,7.10729840298181,10.045526399620238,0.2848308895968519,3.0373321891854665,17.439118978406185,50.27932035676217,8.62572086125178,,
Mavic2_000956,Mavic2,10,1692845552.815675020,nearest_train_time,0.242969,0.366146,0.24707050000000003,0.452604,1.5301738380923287,6.247818895702725,17.471911916524746,0.2848308895968519,3.0373321891854665,17.439118978406185,25.098354862650258,3.443715918725278,3.511747121810913,
Mavic2_000956,Mavic2,10,1692845552.815675020,linear_interpolation,0.2425914633421965,0.33728844438196315,0.24707050000000003,0.452604,2.0164952294667136,7.773477906314781,17.464086822907706,0.2848308895968519,3.0373321891854665,17.439118978406185,33.38855289816514,5.042852469894229,3.511747121810913,True
Mavic2_000957,Mavic2,10,1692845553.006551981,global_mean,0.2437988233041585,0.41461553391685013,0.2472655,0.459896,1.097604748579709,3.6788042521086592,11.067756736575872,0.2164474036269628,2.848052140915801,17.43303949814114,13.309778636117489,6.4794607778344915,,
Mavic2_000957,Mavic2,10,1692845553.006551981,sequence_mean,0.24327808670520237,0.2783161878612716,0.2472655,0.459896,2.066185479147115,7.10729840298181,10.045526399620238,0.2164474036269628,2.848052140915801,17.43303949814114,52.384572497773476,8.72571254682219,,
Mavic2_000957,Mavic2,10,1692845553.006551981,nearest_train_time,0.242969,0.366146,0.2472655,0.459896,1.5301738380923287,6.247818895702725,17.471911916524746,0.2164474036269628,2.848052140915801,17.43303949814114,27.200884163624977,3.6449694369745385,3.7026240825653076,
Mavic2_000957,Mavic2,10,1692845553.006551981,linear_interpolation,0.24257094277299968,0.3357199252602528,0.2472655,0.459896,2.0429286672728852,7.856403340576408,17.463661498977643,0.2164474036269628,2.848052140915801,17.43303949814114,35.94399039604791,5.331093063577739,3.7026240825653076,True
Mavic2_000958,Mavic2,10,1692845553.206924915,global_mean,0.2437988233041585,0.41461553391685013,0.2464845,0.464062,1.097604748579709,3.6788042521086592,11.067756736575872,0.13105095129903543,2.608423237933952,17.423472312136767,14.389179957079397,6.51728948535898,,
Mavic2_000958,Mavic2,10,1692845553.206924915,sequence_mean,0.24327808670520237,0.2783161878612716,0.2464845,0.464062,2.066185479147115,7.10729840298181,10.045526399620238,0.13105095129903543,2.608423237933952,17.423472312136767,53.551442607715636,8.855433884320608,,
Mavic2_000958,Mavic2,10,1692845553.206924915,nearest_train_time,0.242969,0.366146,0.2464845,0.464062,1.5301738380923287,6.247818895702725,17.471911916524746,0.13105095129903543,2.608423237933952,17.423472312136767,28.32876017135376,3.8993707186427224,3.9029970169067383,
Mavic2_000958,Mavic2,10,1692845553.206924915,linear_interpolation,0.24254940132217145,0.33407337358766953,0.2464845,0.464062,2.070677147115717,7.943454247762213,17.463215015527908,0.13105095129903543,2.608423237933952,17.423472312136767,37.55851115117933,5.676819984621697,3.9029970169067383,True
Mavic2_000959,Mavic2,10,1692845553.408432961,global_mean,0.2437988233041585,0.41461553391685013,0.2472655,0.470833,1.097604748579709,3.6788042521086592,11.067756736575872,0.06507204920753407,2.422762995901625,17.416444738300683,16.408074904798358,6.553594643843294,,
Mavic2_000959,Mavic2,10,1692845553.408432961,sequence_mean,0.24327808670520237,0.2783161878612716,0.2472655,0.470833,2.066185479147115,7.10729840298181,10.045526399620238,0.06507204920753407,2.422762995901625,17.416444738300683,55.529347004838726,8.95989754936786,,
Mavic2_000959,Mavic2,10,1692845553.408432961,nearest_train_time,0.242969,0.366146,0.2472655,0.470833,1.5301738380923287,6.247818895702725,17.471911916524746,0.06507204920753407,2.422762995901625,17.416444738300683,30.329884867959514,4.096419472692801,4.1045050621032715,
Mavic2_000959,Mavic2,10,1692845553.408432961,linear_interpolation,0.24252773783921977,0.33241749421479994,0.2472655,0.470833,2.0985828218451026,8.03099829754743,17.46276600275348,0.06507204920753407,2.422762995901625,17.416444738300683,40.029379960839506,5.965703220962284,4.1045050621032715,True
Mavic2_000960,Mavic2,10,1692845553.607742071,global_mean,0.2437988233041585,0.41461553391685013,0.24707050000000003,0.476042,1.097604748579709,3.6788042521086592,11.067756736575872,-0.022487029653101898,2.1752798926204413,17.408788151523694,17.868368412330312,6.612402777855746,,
Mavic2_000960,Mavic2,10,1692845553.607742071,sequence_mean,0.24327808670520237,0.2783161878612716,0.24707050000000003,0.476042,2.066185479147115,7.10729840298181,10.045526399620238,-0.022487029653101898,2.1752798926204413,17.408788151523694,57.019470089455595,9.105217353946545,,
Mavic2_000960,Mavic2,10,1692845553.607742071,nearest_train_time,0.242969,0.366146,0.24707050000000003,0.476042,1.5301738380923287,6.247818895702725,17.471911916524746,-0.022487029653101898,2.1752798926204413,17.408788151523694,31.80641029736943,4.3589349974004366,4.303814172744751,
Mavic2_000960,Mavic2,10,1692845553.607742071,linear_interpolation,0.2425063107566619,0.3307796844449006,0.24707050000000003,0.476042,2.1261839789440145,8.117587032442,17.462321889781958,-0.022487029653101898,2.1752798926204413,17.408788151523694,41.98214015711528,6.319071696720328,4.303814172744751,True
Mavic2_000961,Mavic2,10,1692845553.805454969,global_mean,0.2437988233041585,0.41461553391685013,0.24707050000000003,0.482812,1.097604748579709,3.6788042521086592,11.067756736575872,-0.10876223190744372,1.931394684087767,17.401544022643918,19.800653243928252,6.6802412288163575,,
Mavic2_000961,Mavic2,10,1692845553.805454969,sequence_mean,0.24327808670520237,0.2783161878612716,0.24707050000000003,0.482812,2.066185479147115,7.10729840298181,10.045526399620238,-0.10876223190744372,1.931394684087767,17.401544022643918,58.96676887805428,9.253722068622853,,
Mavic2_000961,Mavic2,10,1692845553.805454969,nearest_train_time,0.242969,0.366146,0.24707050000000003,0.482812,1.5301738380923287,6.247818895702725,17.471911916524746,-0.10876223190744372,1.931394684087767,17.401544022643918,33.74713758586301,4.617638038721889,4.5015270709991455,
Mavic2_000961,Mavic2,10,1692845553.805454969,linear_interpolation,0.2424850552777728,0.32915499144740556,0.24707050000000003,0.482812,2.1535640858926484,8.203482301740461,17.461881333590277,-0.10876223190744372,1.931394684087767,17.401544022643918,44.393120668241004,6.667896523103475,4.5015270709991455,True
Mavic2_000962,Mavic2,10,1692845554.005928040,global_mean,0.2437988233041585,0.41461553391685013,0.24765600000000002,0.490104,1.097604748579709,3.6788042521086592,11.067756736575872,-0.17538867484641218,1.7448638333601174,17.39500255941509,21.941567414550725,6.737557235526224,,
Mavic2_000962,Mavic2,10,1692845554.005928040,sequence_mean,0.24327808670520237,0.2783161878612716,0.24765600000000002,0.490104,2.066185479147115,7.10729840298181,10.045526399620238,-0.17538867484641218,1.7448638333601174,17.39500255941509,61.08748835746521,9.369907097976931,,
Mavic2_000962,Mavic2,10,1692845554.005928040,nearest_train_time,0.242969,0.366146,0.24765600000000002,0.490104,1.5301738380923287,6.247818895702725,17.471911916524746,-0.17538867484641218,1.7448638333601174,17.39500255941509,35.8809194552853,4.815751533066241,4.702000141143799,
Mavic2_000962,Mavic2,10,1692845554.005928040,linear_interpolation,0.24246350306166592,0.32750761691531377,0.24765600000000002,0.490104,2.1813264329592466,8.29057671236919,17.46143462701171,-0.17538867484641218,1.7448638333601174,17.39500255941509,46.9972531024312,6.957361311114281,4.702000141143799,True
Mavic2_000963,Mavic2,10,1692845554.206202030,global_mean,0.2437988233041585,0.41461553391685013,0.247461,0.495833,1.097604748579709,3.6788042521086592,11.067756736575872,-0.26501528854940193,1.4911255491056217,17.38807516875417,23.559117762055294,6.82562059869222,,
Mavic2_000963,Mavic2,10,1692845554.206202030,sequence_mean,0.24327808670520237,0.2783161878612716,0.247461,0.495833,2.066185479147115,7.10729840298181,10.045526399620238,-0.26501528854940193,1.4911255491056217,17.38807516875417,62.72715701577273,9.533567903520426,,
Mavic2_000963,Mavic2,10,1692845554.206202030,nearest_train_time,0.242969,0.366146,0.247461,0.495833,1.5301738380923287,6.247818895702725,17.471911916524746,-0.26501528854940193,1.4911255491056217,17.38807516875417,37.50884228607266,5.084866192364417,4.902274131774902,
Mavic2_000963,Mavic2,10,1692845554.206202030,linear_interpolation,0.24244197224795833,0.3258618783062926,0.247461,0.495833,2.2090612106643093,8.377584634010201,17.46098836403451,-0.26501528854940193,1.4911255491056217,17.38807516875417,49.10321086251086,7.317765341008988,4.902274131774902,True
Mavic2_000964,Mavic2,10,1692845554.410880089,global_mean,0.2437988233041585,0.41461553391685013,0.248047,0.505208,1.097604748579709,3.6788042521086592,11.067756736575872,-0.3374910046113466,1.2844786844459612,17.380769800987608,26.29383088707951,6.902639255837116,,
Mavic2_000964,Mavic2,10,1692845554.410880089,sequence_mean,0.24327808670520237,0.2783161878612716,0.248047,0.505208,2.066185479147115,7.10729840298181,10.045526399620238,-0.3374910046113466,1.2844786844459612,17.380769800987608,65.44740220046214,9.668954745495858,,
Mavic2_000964,Mavic2,10,1692845554.410880089,nearest_train_time,0.242969,0.366146,0.248047,0.505208,1.5301738380923287,6.247818895702725,17.471911916524746,-0.3374910046113466,1.2844786844459612,17.380769800987608,40.2392869821267,5.303887715871657,5.10695219039917,
Mavic2_000964,Mavic2,10,1692845554.410880089,linear_interpolation,0.24241996796704107,0.3241799495524091,0.248047,0.505208,2.2374058820775033,8.466505878502792,17.460532287638767,-0.3374910046113466,1.2844786844459612,17.380769800987608,52.31487905369837,7.630070160065931,5.10695219039917,True
Mavic2_000965,Mavic2,10,1692845554.606362104,global_mean,0.2437988233041585,0.41461553391685013,0.248242,0.5125,1.097604748579709,3.6788042521086592,11.067756736575872,-0.4254028139238055,1.0320661933337796,17.374802225537408,28.396500562977813,7.007395891987292,,
Mavic2_000965,Mavic2,10,1692845554.606362104,sequence_mean,0.24327808670520237,0.2783161878612716,0.248242,0.5125,2.066185479147115,7.10729840298181,10.045526399620238,-0.4254028139238055,1.0320661933337796,17.374802225537408,67.55259556700575,9.840464559952785,,
Mavic2_000965,Mavic2,10,1692845554.606362104,nearest_train_time,0.242969,0.366146,0.248242,0.5125,1.5301738380923287,6.247818895702725,17.471911916524746,-0.4254028139238055,1.0320661933337796,17.374802225537408,42.344046005491705,5.571156665025966,5.302434206008911,
Mavic2_000965,Mavic2,10,1692845554.606362104,linear_interpolation,0.24239895232318232,0.32257358868925123,0.248242,0.5125,2.2644770470909386,8.551431953240717,17.46009670243871,-0.4254028139238055,1.0320661933337796,17.374802225537408,54.882572194211946,7.9864629371044735,5.302434206008911,True
Mavic2_000966,Mavic2,10,1692845554.806894064,global_mean,0.2437988233041585,0.41461553391685013,0.248242,0.519792,1.097604748579709,3.6788042521086592,11.067756736575872,-0.510094593864532,0.7878228634363076,17.367886627279034,30.482422971706683,7.1157646957355905,,
Mavic2_000966,Mavic2,10,1692845554.806894064,sequence_mean,0.24327808670520237,0.2783161878612716,0.248242,0.519792,2.066185479147115,7.10729840298181,10.045526399620238,-0.510094593864532,0.7878228634363076,17.367886627279034,69.64944550848733,10.00949296483644,,
Mavic2_000966,Mavic2,10,1692845554.806894064,nearest_train_time,0.242969,0.366146,0.248242,0.519792,1.5301738380923287,6.247818895702725,17.471911916524746,-0.510094593864532,0.7878228634363076,17.367886627279034,44.43496963558319,5.829671792443154,5.5029661655426025,
Mavic2_000966,Mavic2,10,1692845554.806894064,linear_interpolation,0.24237739377606626,0.32092573023740084,0.248242,0.519792,2.2922475494057997,8.638551948037069,17.45964986463914,-0.510094593864532,0.7878228634363076,17.367886627279034,57.450311901938015,8.336395452440824,5.5029661655426025,True
Mavic2_000967,Mavic2,10,1692845555.006856918,global_mean,0.2437988233041585,0.41461553391685013,0.248242,0.522396,1.097604748579709,3.6788042521086592,11.067756736575872,-0.5670174994417987,0.6256216942224491,17.36367679726183,31.227773914535128,7.1924613569303695,,
Mavic2_000967,Mavic2,10,1692845555.006856918,sequence_mean,0.24327808670520237,0.2783161878612716,0.248242,0.522396,2.066185479147115,7.10729840298181,10.045526399620238,-0.5670174994417987,0.6256216942224491,17.36367679726183,70.39828522174899,10.124288425653672,,
Mavic2_000967,Mavic2,10,1692845555.006856918,nearest_train_time,0.242969,0.366146,0.248242,0.522396,1.5301738380923287,6.247818895702725,17.471911916524746,-0.5670174994417987,0.6256216942224491,17.36367679726183,45.18185231387592,6.001585433833521,5.7029290199279785,
Mavic2_000967,Mavic2,10,1692845555.006856918,linear_interpolation,0.24235589641161748,0.3192825483704241,0.248242,0.522396,2.3199392396655876,8.725424698266146,17.4592042949551,-0.5670174994417987,0.6256216942224491,17.36367679726183,58.67108356384305,8.59944494840268,5.7029290199279785,True
Mavic2_000968,Mavic2,10,1692845555.206269979,global_mean,0.2437988233041585,0.41461553391685013,0.24785149999999997,0.527604,1.097604748579709,3.6788042521086592,11.067756736575872,-0.6119016726146167,0.5020633004696755,17.363589594137167,32.68918965490825,7.2561426838419605,,
Mavic2_000968,Mavic2,10,1692845555.206269979,sequence_mean,0.24327808670520237,0.2783161878612716,0.24785149999999997,0.527604,2.066185479147115,7.10729840298181,10.045526399620238,-0.6119016726146167,0.5020633004696755,17.363589594137167,71.88075568846143,10.215445681458695,,
Mavic2_000968,Mavic2,10,1692845555.206269979,nearest_train_time,0.242969,0.366146,0.24785149999999997,0.527604,1.5301738380923287,6.247818895702725,17.471911916524746,-0.6119016726146167,0.5020633004696755,17.363589594137167,46.650849639281105,6.133019531947519,5.902342081069946,
Mavic2_000968,Mavic2,10,1692845555.206269979,linear_interpolation,0.2423344581536751,0.3176438843939873,0.24785149999999997,0.527604,2.347554792263457,8.812058593877651,17.458759950354597,-0.6119016726146167,0.5020633004696755,17.363589594137167,60.616779986567586,8.821760693913314,5.902342081069946,True
Mavic2_000969,Mavic2,10,1692845555.405857086,global_mean,0.2437988233041585,0.41461553391685013,0.24863299999999997,0.53125,1.097604748579709,3.6788042521086592,11.067756736575872,-0.6352332046999247,0.43721231084009915,17.364555962694013,33.795275435359386,7.291112821789665,,
Mavic2_000969,Mavic2,10,1692845555.405857086,sequence_mean,0.24327808670520237,0.2783161878612716,0.24863299999999997,0.53125,2.066185479147115,7.10729840298181,10.045526399620238,-0.6352332046999247,0.43721231084009915,17.364555962694013,72.96093637777224,10.264302466664164,,
Mavic2_000969,Mavic2,10,1692845555.405857086,nearest_train_time,0.242969,0.366146,0.24863299999999997,0.53125,1.5301738380923287,6.247818895702725,17.471911916524746,-0.6352332046999247,0.43721231084009915,17.364555962694013,47.74850801443545,6.201907919813555,6.101929187774658,
Mavic2_000969,Mavic2,10,1692845555.405857086,linear_interpolation,0.24231300118465304,0.316003790209357,0.24863299999999997,0.53125,2.3751944474169213,8.898768102616142,17.458315217934942,-0.6352332046999247,0.43721231084009915,17.364555962694013,62.180637693785705,8.981614101257735,6.101929187774658,True
Mavic2_000970,Mavic2,10,1692845555.607206106,global_mean,0.2437988233041585,0.41461553391685013,0.24863299999999997,0.532813,1.097604748579709,3.6788042521086592,11.067756736575872,-0.6424869663196471,0.4168281451679867,17.363958120952077,34.24273060242784,7.3014080266161026,,
Mavic2_000970,Mavic2,10,1692845555.607206106,sequence_mean,0.24327808670520237,0.2783161878612716,0.24863299999999997,0.532813,2.066185479147115,7.10729840298181,10.045526399620238,-0.6424869663196471,0.4168281451679867,17.363958120952077,73.41036909177434,10.279043805107476,,
Mavic2_000970,Mavic2,10,1692845555.607206106,nearest_train_time,0.242969,0.366146,0.24863299999999997,0.532813,1.5301738380923287,6.247818895702725,17.471911916524746,-0.6424869663196471,0.4168281451679867,17.363958120952077,48.1967975949805,6.22354899762413,6.303278207778931,
Mavic2_000970,Mavic2,10,1692845555.607206106,linear_interpolation,0.2422913547979892,0.3143492176157546,0.24863299999999997,0.532813,2.4030780996742775,8.986243064790816,17.45786655951035,-0.6424869663196471,0.4168281451679867,17.363958120952077,63.10579343895451,9.095007280408817,6.303278207778931,True
Mavic2_000971,Mavic2,10,1692845555.852077007,global_mean,0.2437988233041585,0.41461553391685013,0.24863299999999997,0.534896,1.097604748579709,3.6788042521086592,11.067756736575872,-0.644207285922884,0.41509158971189564,17.362717665452422,34.839158892701725,7.301524676552792,,
Mavic2_000971,Mavic2,10,1692845555.852077007,sequence_mean,0.24327808670520237,0.2783161878612716,0.24863299999999997,0.534896,2.066185479147115,7.10729840298181,10.045526399620238,-0.644207285922884,0.41509158971189564,17.362717665452422,74.00933860411926,10.279744597668312,,
Mavic2_000971,Mavic2,10,1692845555.852077007,nearest_train_time,0.242969,0.366146,0.24863299999999997,0.534896,1.5301738380923287,6.247818895702725,17.471911916524746,-0.644207285922884,0.41509158971189564,17.362717665452422,48.7942832963279,6.225798300860054,6.548149108886719,
Mavic2_000971,Mavic2,10,1692845555.852077007,linear_interpolation,0.24226502951362477,0.3123370067694585,0.24863299999999997,0.534896,2.4369888435869624,9.092625866215066,17.45732092292013,-0.644207285922884,0.41509158971189564,17.362717665452422,64.28329576899542,9.208817539984022,6.548149108886719,True
Mavic2_000972,Mavic2,10,1692845556.052797079,global_mean,0.2437988233041585,0.41461553391685013,0.248828,0.534896,1.097604748579709,3.6788042521086592,11.067756736575872,-0.6413632652276913,0.4253187632507469,17.36220439197504,34.85543619936986,7.295837776829633,,
Mavic2_000972,Mavic2,10,1692845556.052797079,sequence_mean,0.24327808670520237,0.2783161878612716,0.248828,0.534896,2.066185479147115,7.10729840298181,10.045526399620238,-0.6413632652276913,0.4253187632507469,17.36220439197504,74.01781155009017,10.271973956000627,,
Mavic2_000972,Mavic2,10,1692845556.052797079,nearest_train_time,0.242969,0.366146,0.248828,0.534896,1.5301738380923287,6.247818895702725,17.471911916524746,-0.6413632652276913,0.4253187632507469,17.36220439197504,48.807862154400325,6.215232652479038,6.748869180679321,
Mavic2_000972,Mavic2,10,1692845556.052797079,linear_interpolation,0.24224345074316375,0.3106876025172456,0.248828,0.534896,2.464785396472185,9.179827585336335,17.45687366595711,-0.6413632652276913,0.4253187632507469,17.36220439197504,64.76973174016898,9.289701098312616,6.748869180679321,True
Mavic2_000973,Mavic2,10,1692845556.251346111,global_mean,0.2437988233041585,0.41461553391685013,0.248242,0.534896,1.097604748579709,3.6788042521086592,11.067756736575872,-0.6338300643309178,0.4463293119376921,17.361122876909633,34.80843917970672,7.283764008154824,,
Mavic2_000973,Mavic2,10,1692845556.251346111,sequence_mean,0.24327808670520237,0.2783161878612716,0.248242,0.534896,2.066185479147115,7.10729840298181,10.045526399620238,-0.6338300643309178,0.4463293119376921,17.361122876909633,73.99325956202763,10.255561661137682,,
Mavic2_000973,Mavic2,10,1692845556.251346111,nearest_train_time,0.242969,0.366146,0.248242,0.534896,1.5301738380923287,6.247818895702725,17.471911916524746,-0.6338300643309178,0.4463293119376921,17.361122876909633,48.76843014197705,6.19293698430204,6.947418212890625,
Mavic2_000973,Mavic2,10,1692845556.251346111,linear_interpolation,0.24222210537419753,0.3090560386428541,0.248242,0.534896,2.4922812947392696,9.266086108383197,17.456431246639678,-0.6338300643309178,0.4463293119376921,17.361122876909633,65.2060167388585,9.357871866140021,6.947418212890625,True
Mavic2_000974,Mavic2,10,1692845556.508497953,global_mean,0.2437988233041585,0.41461553391685013,0.2484375,0.533854,1.097604748579709,3.6788042521086592,11.067756736575872,-0.6221200639524607,0.4814731231367695,17.358594717065785,34.524970877030285,7.263265262669805,,
Mavic2_000974,Mavic2,10,1692845556.508497953,sequence_mean,0.24327808670520237,0.2783161878612716,0.2484375,0.533854,2.066185479147115,7.10729840298181,10.045526399620238,-0.6221200639524607,0.4814731231367695,17.358594717065785,73.70148346966974,10.227879327979938,,
Mavic2_000974,Mavic2,10,1692845556.508497953,nearest_train_time,0.242969,0.366146,0.2484375,0.533854,1.5301738380923287,6.247818895702725,17.471911916524746,-0.6221200639524607,0.4814731231367695,17.358594717065785,48.48215252694625,6.155968924325535,7.204570055007935,
Mavic2_000974,Mavic2,10,1692845556.508497953,linear_interpolation,0.24219445980529594,0.3069429099554006,0.2484375,0.533854,2.527892754595322,9.377804296342998,17.455858244891957,-0.6221200639524607,0.4814731231367695,17.358594717065785,65.52604598551565,9.438047959944972,7.204570055007935,True
Mavic2_000975,Mavic2,10,1692845556.707408905,global_mean,0.2437988233041585,0.41461553391685013,0.248047,0.533854,1.097604748579709,3.6788042521086592,11.067756736575872,-0.6169760391428365,0.5051153988397381,17.357332791226796,34.49531472893489,7.250576195188142,,
Mavic2_000975,Mavic2,10,1692845556.707408905,sequence_mean,0.24327808670520237,0.2783161878612716,0.248047,0.533854,2.066185479147115,7.10729840298181,10.045526399620238,-0.6169760391428365,0.5051153988397381,17.357332791226796,73.68596821091124,10.21032266198052,,
Mavic2_000975,Mavic2,10,1692845556.707408905,nearest_train_time,0.242969,0.366146,0.248047,0.533854,1.5301738380923287,6.247818895702725,17.471911916524746,-0.6169760391428365,0.5051153988397381,17.357332791226796,48.45709419288813,6.132048958068372,7.4034810066223145,
Mavic2_000975,Mavic2,10,1692845556.707408905,linear_interpolation,0.2421730755275367,0.3053083720316424,0.248047,0.533854,2.555438772971162,9.464220053262137,17.45541501912317,-0.6169760391428365,0.5051153988397381,17.357332791226796,65.97555057936768,9.504703681464377,7.4034810066223145,True
Mavic2_000976,Mavic2,10,1692845556.899554014,global_mean,0.2437988233041585,0.41461553391685013,0.2490235,0.530208,1.097604748579709,3.6788042521086592,11.067756736575872,-0.6131729980727225,0.5343092127875515,17.354348889857746,33.531576646568794,7.234352110069116,,
Mavic2_000976,Mavic2,10,1692845556.899554014,sequence_mean,0.24327808670520237,0.2783161878612716,0.2490235,0.530208,2.066185479147115,7.10729840298181,10.045526399620238,-0.6131729980727225,0.5343092127875515,17.354348889857746,72.67891057663331,10.188328368170216,,
Mavic2_000976,Mavic2,10,1692845556.899554014,nearest_train_time,0.242969,0.366146,0.2490235,0.530208,1.5301738380923287,6.247818895702725,17.471911916524746,-0.6131729980727225,0.5343092127875515,17.354348889857746,47.478100771213164,6.103437525043022,7.59562611579895,
Mavic2_000976,Mavic2,10,1692845556.899554014,linear_interpolation,0.24215241862377468,0.30372943198201285,0.2490235,0.530208,2.582047829261177,9.547696427554488,17.454986869425824,-0.6131729980727225,0.5343092127875515,17.354348889857746,65.43894263661569,9.563509461577583,7.59562611579895,True
Mavic2_000977,Mavic2,10,1692845557.100845098,global_mean,0.2437988233041585,0.41461553391685013,0.2490235,0.529167,1.097604748579709,3.6788042521086592,11.067756736575872,-0.609611847933915,0.5603730047735134,17.35206840091338,33.23394232865586,7.220233725184822,,
Mavic2_000977,Mavic2,10,1692845557.100845098,sequence_mean,0.24327808670520237,0.2783161878612716,0.2490235,0.529167,2.066185479147115,7.10729840298181,10.045526399620238,-0.609611847933915,0.5603730047735134,17.35206840091338,72.37965791246076,10.1689566584768,,
Mavic2_000977,Mavic2,10,1692845557.100845098,nearest_train_time,0.242969,0.366146,0.2490235,0.529167,1.5301738380923287,6.247818895702725,17.471911916524746,-0.609611847933915,0.5603730047735134,17.35206840091338,47.179743195814886,6.077835635537084,7.796917200088501,
Mavic2_000977,Mavic2,10,1692845557.100845098,linear_interpolation,0.2421307784655935,0.3020753354714118,0.2490235,0.529167,2.6099234583390682,9.635146219880042,17.4545383400972,-0.609611847933915,0.5603730047735134,17.35206840091338,65.61627963784905,9.6295075981272,7.796917200088501,True
Mavic2_000978,Mavic2,10,1692845557.305855989,global_mean,0.2437988233041585,0.41461553391685013,0.24863299999999997,0.529167,1.097604748579709,3.6788042521086592,11.067756736575872,-0.607137453835757,0.5773086021990856,17.350795808912224,33.19906782580081,7.211241309761419,,
Mavic2_000978,Mavic2,10,1692845557.305855989,sequence_mean,0.24327808670520237,0.2783161878612716,0.24863299999999997,0.529167,2.066185479147115,7.10729840298181,10.045526399620238,-0.607137453835757,0.5773086021990856,17.350795808912224,72.36199404855756,10.156494643560633,,
Mavic2_000978,Mavic2,10,1692845557.305855989,nearest_train_time,0.242969,0.366146,0.24863299999999997,0.529167,1.5301738380923287,6.247818895702725,17.471911916524746,-0.607137453835757,0.5773086021990856,17.350795808912224,47.15113031099688,6.061143098364965,8.001928091049194,
Mavic2_000978,Mavic2,10,1692845557.305855989,linear_interpolation,0.24210873840294037,0.3003906716892569,0.24863299999999997,0.529167,2.6383142217626867,9.724212061530533,17.454081522063714,-0.607137453835757,0.5773086021990856,17.350795808912224,66.07783271920779,9.706156160474421,8.001928091049194,True
Mavic2_000979,Mavic2,10,1692845557.501761913,global_mean,0.2437988233041585,0.41461553391685013,0.2484375,0.527083,1.097604748579709,3.6788042521086592,11.067756736575872,-0.602104623858376,0.59630917271625,17.3502766645628,32.58595340714136,7.201447389989401,,
Mavic2_000979,Mavic2,10,1692845557.501761913,sequence_mean,0.24327808670520237,0.2783161878612716,0.2484375,0.527083,2.066185479147115,7.10729840298181,10.045526399620238,-0.602104623858376,0.59630917271625,17.3502766645628,71.75433239274582,10.142589869634362,,
Mavic2_000979,Mavic2,10,1692845557.501761913,nearest_train_time,0.242969,0.366146,0.2484375,0.527083,1.5301738380923287,6.247818895702725,17.471911916524746,-0.602104623858376,0.59630917271625,17.3502766645628,46.53974149538863,6.0416031583371455,8.197834014892578,
Mavic2_000979,Mavic2,10,1692845557.501761913,linear_interpolation,0.24208767718606844,0.2987808273875129,0.2484375,0.527083,2.665444091356733,9.809322300843498,17.453644992284936,-0.602104623858376,0.59630917271625,17.3502766645628,65.93162544053915,9.775846281346949,8.197834014892578,True
Mavic2_000980,Mavic2,10,1692845557.705830097,global_mean,0.2437988233041585,0.41461553391685013,0.248242,0.527604,1.097604748579709,3.6788042521086592,11.067756736575872,-0.5949526401185306,0.6125543329324081,17.350071402403316,32.71910662798918,7.192643230506846,,
Mavic2_000980,Mavic2,10,1692845557.705830097,sequence_mean,0.24327808670520237,0.2783161878612716,0.248242,0.527604,2.066185479147115,7.10729840298181,10.045526399620238,-0.5949526401185306,0.6125543329324081,17.350071402403316,71.89603421067471,10.130139896513462,,
Mavic2_000980,Mavic2,10,1692845557.705830097,nearest_train_time,0.242969,0.366146,0.248242,0.527604,1.5301738380923287,6.247818895702725,17.471911916524746,-0.5949526401185306,0.6125543329324081,17.350071402403316,46.675912958635415,6.023886980321692,8.401902198791504,
Mavic2_000980,Mavic2,10,1692845557.705830097,linear_interpolation,0.2420657384708248,0.29710391023987437,0.248242,0.527604,2.6937043047737497,9.897978588652764,17.45319027485003,-0.5949526401185306,0.6125543329324081,17.350071402403316,66.55327517308267,9.851142147576738,8.401902198791504,True
Mavic2_000981,Mavic2,10,1692845557.930811882,global_mean,0.2437988233041585,0.41461553391685013,0.248828,0.530208,1.097604748579709,3.6788042521086592,11.067756736575872,-0.5892146074518034,0.6259034122274478,17.35261428549056,33.513941196162556,7.187836773896575,,
Mavic2_000981,Mavic2,10,1692845557.930811882,sequence_mean,0.24327808670520237,0.2783161878612716,0.248828,0.530208,2.066185479147115,7.10729840298181,10.045526399620238,-0.5892146074518034,0.6259034122274478,17.35261428549056,72.66994957897234,10.121915037082562,,
Mavic2_000981,Mavic2,10,1692845557.930811882,nearest_train_time,0.242969,0.366146,0.248828,0.530208,1.5301738380923287,6.247818895702725,17.471911916524746,-0.5892146074518034,0.6259034122274478,17.35261428549056,47.46363134130888,6.009323839768947,8.62688398361206,
Mavic2_000981,Mavic2,10,1692845557.930811882,linear_interpolation,0.24204155140149392,0.29525513692468286,0.248828,0.530208,2.7248607208916065,9.995720674095997,17.452688956427238,-0.5892146074518034,0.6259034122274478,17.35261428549056,67.86685405682961,9.939144115189567,8.62688398361206,True
Mavic2_000982,Mavic2,10,1692845558.152188063,global_mean,0.2437988233041585,0.41461553391685013,0.24863299999999997,0.527083,1.097604748579709,3.6788042521086592,11.067756736575872,-0.5856667463967635,0.6364493649857685,17.356238078574037,32.60270970003738,7.185702733460376,,
Mavic2_000982,Mavic2,10,1692845558.152188063,sequence_mean,0.24327808670520237,0.2783161878612716,0.24863299999999997,0.527083,2.066185479147115,7.10729840298181,10.045526399620238,-0.5856667463967635,0.6364493649857685,17.356238078574037,71.76278025795949,10.116852907473143,,
Mavic2_000982,Mavic2,10,1692845558.152188063,nearest_train_time,0.242969,0.366146,0.24863299999999997,0.527083,1.5301738380923287,6.247818895702725,17.471911916524746,-0.5856667463967635,0.6364493649857685,17.356238078574037,46.55353083948668,5.998135529147039,8.848260164260864,
Mavic2_000982,Mavic2,10,1692845558.152188063,linear_interpolation,0.24201775195909087,0.29343599242936763,0.24863299999999997,0.527083,2.755517817902269,10.091896324855144,17.452195672236186,-0.5856667463967635,0.6364493649857685,17.356238078574037,67.48185829775927,10.028868299234693,8.848260164260864,True
Mavic2_000983,Mavic2,10,1692845558.360277891,global_mean,0.2437988233041585,0.41461553391685013,0.2484375,0.527604,1.097604748579709,3.6788042521086592,11.067756736575872,-0.5841642519905956,0.6458466549472668,17.361217963150224,32.735106115984685,7.185738164437457,,
Mavic2_000983,Mavic2,10,1692845558.360277891,sequence_mean,0.24327808670520237,0.2783161878612716,0.2484375,0.527604,2.066185479147115,7.10729840298181,10.045526399620238,-0.5841642519905956,0.6458466549472668,17.361217963150224,71.90415191075245,10.114052374900192,,
Mavic2_000983,Mavic2,10,1692845558.360277891,nearest_train_time,0.242969,0.366146,0.2484375,0.527604,1.5301738380923287,6.247818895702725,17.471911916524746,-0.5841642519905956,0.6458466549472668,17.361217963150224,46.68917925222158,5.988720372223428,9.056349992752075,
Mavic2_000983,Mavic2,10,1692845558.360277891,linear_interpolation,0.2419953808897495,0.29172602767651373,0.2484375,0.527604,2.7843349654395086,10.182299793795876,17.45173199352237,-0.5841642519905956,0.6458466549472668,17.361217963150224,68.11278260585934,10.1142927699853,9.056349992752075,True
Mavic2_000984,Mavic2,10,1692845558.558285952,global_mean,0.2437988233041585,0.41461553391685013,0.248828,0.527604,1.097604748579709,3.6788042521086592,11.067756736575872,-0.5841762348596642,0.6515221127217536,17.36712416789115,32.76910027838309,7.188522411624303,,
Mavic2_000984,Mavic2,10,1692845558.558285952,sequence_mean,0.24327808670520237,0.2783161878612716,0.248828,0.527604,2.066185479147115,7.10729840298181,10.045526399620238,-0.5841762348596642,0.6515221127217536,17.36712416789115,71.92130213833434,10.114705067638226,,
Mavic2_000984,Mavic2,10,1692845558.558285952,nearest_train_time,0.242969,0.366146,0.248828,0.527604,1.5301738380923287,6.247818895702725,17.471911916524746,-0.5841762348596642,0.6515221127217536,17.36712416789115,46.71711121304653,5.983309651560662,9.254358053207397,
Mavic2_000984,Mavic2,10,1692845558.558285952,linear_interpolation,0.24197409367891984,0.29009890920265774,0.248828,0.527604,2.8117559476810543,10.268323294671331,17.45129077963189,-0.5841762348596642,0.6515221127217536,17.36712416789115,68.60370370784874,10.199132530764295,9.254358053207397,True
Mavic2_000985,Mavic2,10,1692845558.759474993,global_mean,0.2437988233041585,0.41461553391685013,0.24863299999999997,0.526563,1.097604748579709,3.6788042521086592,11.067756736575872,-0.5864976392797228,0.6553360117311549,17.37694997272861,32.45392836430498,7.19607395351665,,
Mavic2_000985,Mavic2,10,1692845558.759474993,sequence_mean,0.24327808670520237,0.2783161878612716,0.24863299999999997,0.526563,2.066185479147115,7.10729840298181,10.045526399620238,-0.5864976392797228,0.6553360117311549,17.37694997272861,71.61326689493438,10.119995950257527,,
Mavic2_000985,Mavic2,10,1692845558.759474993,nearest_train_time,0.242969,0.366146,0.24863299999999997,0.526563,1.5301738380923287,6.247818895702725,17.471911916524746,-0.5864976392797228,0.6553360117311549,17.37694997272861,46.404428159514254,5.980399712511272,9.455547094345093,
Mavic2_000985,Mavic2,10,1692845558.759474993,linear_interpolation,0.24195246449107027,0.28844565122507976,0.24863299999999997,0.526563,2.8396174453975833,10.355728754916953,17.450842477682173,-0.5864976392797228,0.6553360117311549,17.37694997272861,68.76945359688125,10.28792224153125,9.455547094345093,True
Mavic2_000986,Mavic2,10,1692845558.968667030,global_mean,0.2437988233041585,0.41461553391685013,0.24863299999999997,0.527604,1.097604748579709,3.6788042521086592,11.067756736575872,-0.5894738886088173,0.6549832893604197,17.3871248803664,32.751786100261796,7.20584077534108,,
Mavic2_000986,Mavic2,10,1692845558.968667030,sequence_mean,0.24327808670520237,0.2783161878612716,0.24863299999999997,0.527604,2.066185479147115,7.10729840298181,10.045526399620238,-0.5894738886088173,0.6549832893604197,17.3871248803664,71.91258217605659,10.128374265177566,,
Mavic2_000986,Mavic2,10,1692845558.968667030,nearest_train_time,0.242969,0.366146,0.24863299999999997,0.527604,1.5301738380923287,6.247818895702725,17.471911916524746,-0.5894738886088173,0.6549832893604197,17.3871248803664,46.702924473864776,5.981630667834662,9.66473913192749,
Mavic2_000986,Mavic2,10,1692845558.968667030,linear_interpolation,0.24192997492676838,0.28672662914006364,0.24863299999999997,0.527604,2.8685872314478535,10.44661107246871,17.45037634295742,-0.5894738886088173,0.6549832893604197,17.3871248803664,69.56342597791307,10.38451549666645,9.66473913192749,True
Mavic2_000987,Mavic2,10,1692845559.159051895,global_mean,0.2437988233041585,0.41461553391685013,0.2484375,0.527083,1.097604748579709,3.6788042521086592,11.067756736575872,-0.5925528150492976,0.6533622601987226,17.394440345670787,32.58595340714136,7.213657693978456,,
Mavic2_000987,Mavic2,10,1692845559.159051895,sequence_mean,0.24327808670520237,0.2783161878612716,0.2484375,0.527083,2.066185479147115,7.10729840298181,10.045526399620238,-0.5925528150492976,0.6533622601987226,17.394440345670787,71.75433239274582,10.135517610788536,,
Mavic2_000987,Mavic2,10,1692845559.159051895,nearest_train_time,0.242969,0.366146,0.2484375,0.527083,1.5301738380923287,6.247818895702725,17.471911916524746,-0.5925528150492976,0.6533622601987226,17.394440345670787,46.53974149538863,5.984138646019424,9.85512399673462,
Mavic2_000987,Mavic2,10,1692845559.159051895,linear_interpolation,0.24190950726122684,0.28516215378508114,0.2484375,0.527083,2.8949525217543726,10.52932271838226,17.44995211554619,-0.5925528150492976,0.6533622601987226,17.394440345670787,69.85334982405614,10.473794441482685,9.85512399673462,True
Mavic2_000988,Mavic2,10,1692845559.360244036,global_mean,0.2437988233041585,0.41461553391685013,0.2484375,0.527083,1.097604748579709,3.6788042521086592,11.067756736575872,-0.5959198857124004,0.649306072339872,17.403960385673912,32.58595340714136,7.224497324452404,,
Mavic2_000988,Mavic2,10,1692845559.360244036,sequence_mean,0.24327808670520237,0.2783161878612716,0.2484375,0.527083,2.066185479147115,7.10729840298181,10.045526399620238,-0.5959198857124004,0.649306072339872,17.403960385673912,71.75433239274582,10.145886883035592,,
Mavic2_000988,Mavic2,10,1692845559.360244036,nearest_train_time,0.242969,0.366146,0.2484375,0.527083,1.5301738380923287,6.247818895702725,17.471911916524746,-0.5959198857124004,0.649306072339872,17.403960385673912,46.53974149538863,5.989009748389556,10.056316137313843,
Mavic2_000988,Mavic2,10,1692845559.360244036,linear_interpolation,0.24188787774016626,0.2835088703380421,0.2484375,0.527083,2.9228144486944942,10.61672952516302,17.449503806690103,-0.5959198857124004,0.649306072339872,17.403960385673912,70.32946195413145,10.570387684811788,10.056316137313843,True
Mavic2_000989,Mavic2,10,1692845559.559736967,global_mean,0.2437988233041585,0.41461553391685013,0.2490235,0.527604,1.097604748579709,3.6788042521086592,11.067756736575872,-0.598618548812264,0.6460955968534599,17.412819046707412,32.78713636412309,7.234245709244807,,
Mavic2_000989,Mavic2,10,1692845559.559736967,sequence_mean,0.24327808670520237,0.2783161878612716,0.2490235,0.527604,2.066185479147115,7.10729840298181,10.045526399620238,-0.598618548812264,0.6460955968534599,17.412819046707412,71.9303564016574,10.15506391694184,,
Mavic2_000989,Mavic2,10,1692845559.559736967,nearest_train_time,0.242969,0.366146,0.2490235,0.527604,1.5301738380923287,6.247818895702725,17.471911916524746,-0.598618548812264,0.6460955968534599,17.412819046707412,46.731811786297676,5.9928751789668455,10.25580906867981,
Mavic2_000989,Mavic2,10,1692845559.559736967,linear_interpolation,0.24186643089563253,0.2818695500331877,0.2490235,0.527604,2.950441062054178,10.70339811994924,17.449059284117794,-0.598618548812264,0.6460955968534599,17.412819046707412,70.98465467538206,10.665199084750354,10.25580906867981,True
Mavic2_000990,Mavic2,10,1692845559.756949902,global_mean,0.2437988233041585,0.41461553391685013,0.2484375,0.527083,1.097604748579709,3.6788042521086592,11.067756736575872,-0.6008246247887239,0.6405998297150326,17.421532712508835,32.58595340714136,7.24470962847482,,
Mavic2_000990,Mavic2,10,1692845559.756949902,sequence_mean,0.24327808670520237,0.2783161878612716,0.2484375,0.527083,2.066185479147115,7.10729840298181,10.045526399620238,-0.6008246247887239,0.6405998297150326,17.421532712508835,71.75433239274582,10.165461251697282,,
Mavic2_000990,Mavic2,10,1692845559.756949902,nearest_train_time,0.242969,0.366146,0.2484375,0.527083,1.5301738380923287,6.247818895702725,17.471911916524746,-0.6008246247887239,0.6405998297150326,17.421532712508835,46.53974149538863,5.998716376607129,10.453022003173828,
Mavic2_000990,Mavic2,10,1692845559.756949902,linear_interpolation,0.24184522916624202,0.2802489654556676,0.2484375,0.527083,2.977751931935577,10.789076182771964,17.448619841976498,-0.6008246247887239,0.6405998297150326,17.421532712508835,71.26826115596327,10.760971897253299,10.453022003173828,True
Mavic2_000991,Mavic2,10,1692845559.959732056,global_mean,0.2437988233041585,0.41461553391685013,0.248828,0.528125,1.097604748579709,3.6788042521086592,11.067756736575872,-0.6025767782838141,0.6342454421919719,17.430986383177427,32.918107096729074,7.256076564281709,,
Mavic2_000991,Mavic2,10,1692845559.959732056,sequence_mean,0.24327808670520237,0.2783161878612716,0.248828,0.528125,2.066185479147115,7.10729840298181,10.045526399620238,-0.6025767782838141,0.6342454421919719,17.430986383177427,72.07108695554754,10.176822971271656,,
Mavic2_000991,Mavic2,10,1692845559.959732056,nearest_train_time,0.242969,0.366146,0.248828,0.528125,1.5301738380923287,6.247818895702725,17.471911916524746,-0.6025767782838141,0.6342454421919719,17.430986383177427,46.86646380606548,6.005206658300214,10.65580415725708,
Mavic2_000991,Mavic2,10,1692845559.959732056,linear_interpolation,0.24182342870793472,0.2785826161751462,0.248828,0.528125,3.005834050578792,10.87717376207856,17.44816799015331,-0.6025767782838141,0.6342454421919719,17.430986383177427,72.06926007275362,10.859949561752387,10.65580415725708,True
Mavic2_000992,Mavic2,10,1692845560.151002884,global_mean,0.2437988233041585,0.41461553391685013,0.248047,0.528646,1.097604748579709,3.6788042521086592,11.067756736575872,-0.6028763723371451,0.6252833156138458,17.44198044903105,33.00243943971211,7.269549785828052,,
Mavic2_000992,Mavic2,10,1692845560.151002884,sequence_mean,0.24327808670520237,0.2783161878612716,0.248047,0.528646,2.066185479147115,7.10729840298181,10.045526399620238,-0.6028763723371451,0.6252833156138458,17.44198044903105,72.18795663903802,10.190581105361955,,
Mavic2_000992,Mavic2,10,1692845560.151002884,nearest_train_time,0.242969,0.366146,0.248047,0.528646,1.5301738380923287,6.247818895702725,17.471911916524746,-0.6028763723371451,0.6252833156138458,17.44198044903105,46.96221088502131,6.01362664640273,10.84707498550415,
Mavic2_000992,Mavic2,10,1692845560.151002884,linear_interpolation,0.24180286579530835,0.2770108604727021,0.248047,0.528646,3.0323220327984455,10.960270309882347,17.447741788583173,-0.6028763723371451,0.6252833156138458,17.44198044903105,72.6294089557007,10.95566779386053,10.84707498550415,True
Mavic2_000993,Mavic2,10,1692845560.352914095,global_mean,0.2437988233041585,0.41461553391685013,0.2484375,0.527083,1.097604748579709,3.6788042521086592,11.067756736575872,-0.6017120504595634,0.6145432932971779,17.452830450232028,32.58595340714136,7.283305508902957,,
Mavic2_000993,Mavic2,10,1692845560.352914095,sequence_mean,0.24327808670520237,0.2783161878612716,0.2484375,0.527083,2.066185479147115,7.10729840298181,10.045526399620238,-0.6017120504595634,0.6145432932971779,17.452830450232028,71.75433239274582,10.20498404903345,,
Mavic2_000993,Mavic2,10,1692845560.352914095,nearest_train_time,0.240625,0.186979,0.2484375,0.527083,4.54958219969014,15.720130118884757,17.4233285033403,-0.6017120504595634,0.6145432932971779,17.452830450232028,98.13354725476046,15.959807522707184,10.754287958145142,
Mavic2_000993,Mavic2,10,1692845560.352914095,linear_interpolation,0.2417811589692941,0.2753516681107159,0.2484375,0.527083,3.060283539612091,11.04798951281514,17.447291877449565,-0.6017120504595634,0.6145432932971779,17.452830450232028,72.67863290109361,11.057442850544893,10.754287958145142,True
Mavic2_000994,Mavic2,10,1692845560.553788900,global_mean,0.2437988233041585,0.41461553391685013,0.248828,0.528125,1.097604748579709,3.6788042521086592,11.067756736575872,-0.598502935182277,0.6043919802391464,17.461839983599077,32.918107096729074,7.294730472210823,,
Mavic2_000994,Mavic2,10,1692845560.553788900,sequence_mean,0.24327808670520237,0.2783161878612716,0.248828,0.528125,2.066185479147115,7.10729840298181,10.045526399620238,-0.598502935182277,0.6043919802391464,17.461839983599077,72.07108695554754,10.217145563430039,,
Mavic2_000994,Mavic2,10,1692845560.553788900,nearest_train_time,0.240625,0.186979,0.248828,0.528125,4.54958219969014,15.720130118884757,17.4233285033403,-0.598502935182277,0.6043919802391464,17.461839983599077,98.45181929457434,15.968400144225832,10.553413152694702,
Mavic2_000994,Mavic2,10,1692845560.553788900,linear_interpolation,0.24175956356391437,0.27370099234464335,0.248828,0.528125,3.0881015206597526,11.135258455113688,17.446844275699377,-0.598502935182277,0.6043919802391464,17.461839983599077,73.47492815438525,11.157527772617295,10.553413152694702,True
Mavic2_000995,Mavic2,10,1692845560.759166956,global_mean,0.2437988233041585,0.41461553391685013,0.248242,0.528125,1.097604748579709,3.6788042521086592,11.067756736575872,-0.5948621963570797,0.5970450805618874,17.468301090641845,32.86834009059058,7.302646915980679,,
Mavic2_000995,Mavic2,10,1692845560.759166956,sequence_mean,0.24327808670520237,0.2783161878612716,0.248242,0.528125,2.066185479147115,7.10729840298181,10.045526399620238,-0.5948621963570797,0.5970450805618874,17.468301090641845,72.0458715604373,10.225563904599923,,
Mavic2_000995,Mavic2,10,1692845560.759166956,nearest_train_time,0.240625,0.186979,0.248242,0.528125,4.54958219969014,15.720130118884757,17.4233285033403,-0.5948621963570797,0.5970450805618874,17.468301090641845,98.42404557435667,15.974198939351396,10.348035097122192,
Mavic2_000995,Mavic2,10,1692845560.759166956,linear_interpolation,0.2417374840285727,0.2720133114109571,0.248242,0.528125,3.1165431305705154,11.22448380938823,17.44638663952684,-0.5948621963570797,0.5970450805618874,17.468301090641845,73.92913389059585,11.25688516770391,10.348035097122192,True
Mavic2_000996,Mavic2,10,1692845560.959599972,global_mean,0.2437988233041585,0.41461553391685013,0.2484375,0.528125,1.097604748579709,3.6788042521086592,11.067756736575872,-0.5905867341148034,0.5874829422812162,17.476314893542664,32.884266970722884,7.312720121409075,,
Mavic2_000996,Mavic2,10,1692845560.959599972,sequence_mean,0.24327808670520237,0.2783161878612716,0.2484375,0.528125,2.066185479147115,7.10729840298181,10.045526399620238,-0.5905867341148034,0.5874829422812162,17.476314893542664,72.05397237963417,10.236359210000451,,
Mavic2_000996,Mavic2,10,1692845560.959599972,nearest_train_time,0.240625,0.186979,0.2484375,0.528125,4.54958219969014,15.720130118884757,17.4233285033403,-0.5905867341148034,0.5874829422812162,17.476314893542664,98.4330835237945,15.981900850561152,10.147602081298828,
Mavic2_000996,Mavic2,10,1692845560.959599972,linear_interpolation,0.24171593611857728,0.27036626602266867,0.2484375,0.528125,3.1442999307476067,11.31156081863979,17.445940022199803,-0.5905867341148034,0.5874829422812162,17.476314893542664,74.41378354401019,11.355886021371454,10.147602081298828,True
Mavic2_000997,Mavic2,10,1692845561.158138037,global_mean,0.2437988233041585,0.41461553391685013,0.24785149999999997,0.5296870000000001,1.097604748579709,3.6788042521086592,11.067756736575872,-0.587843642606894,0.578137437425088,17.48365181801742,33.28641721741611,7.322470940270049,,
Mavic2_000997,Mavic2,10,1692845561.158138037,sequence_mean,0.24327808670520237,0.2783161878612716,0.24785149999999997,0.5296870000000001,2.066185479147115,7.10729840298181,10.045526399620238,-0.587843642606894,0.578137437425088,17.48365181801742,72.47994899563456,10.246927502089306,,
Mavic2_000997,Mavic2,10,1692845561.158138037,nearest_train_time,0.240625,0.186979,0.24785149999999997,0.5296870000000001,4.54958219969014,15.720130118884757,17.4233285033403,-0.587843642606894,0.578137437425088,17.48365181801742,98.85581933711099,15.989894482227617,9.949064016342163,
Mavic2_000997,Mavic2,10,1692845561.158138037,linear_interpolation,0.24169459192866538,0.26873479227098523,0.24785149999999997,0.5296870000000001,3.1717943102235164,11.397814577023855,17.445497627320293,-0.587843642606894,0.578137437425088,17.48365181801742,75.30284141976179,11.454333096421928,9.949064016342163,True
Mavic2_000998,Mavic2,10,1692845561.359230042,global_mean,0.2437988233041585,0.41461553391685013,0.24785149999999997,0.528125,1.097604748579709,3.6788042521086592,11.067756736575872,-0.5852301351600129,0.5714158838327457,17.48904460692576,32.83855907422795,7.329442927749033,,
Mavic2_000998,Mavic2,10,1692845561.359230042,sequence_mean,0.24327808670520237,0.2783161878612716,0.24785149999999997,0.528125,2.066185479147115,7.10729840298181,10.045526399620238,-0.5852301351600129,0.5714158838327457,17.48904460692576,72.03062482045259,10.254449198586864,,
Mavic2_000998,Mavic2,10,1692845561.359230042,nearest_train_time,0.240625,0.186979,0.24785149999999997,0.528125,4.54958219969014,15.720130118884757,17.4233285033403,-0.5852301351600129,0.5714158838327457,17.48904460692576,98.40667609062206,15.995441828710678,9.747972011566162,
Mavic2_000998,Mavic2,10,1692845561.359230042,linear_interpolation,0.2416729731728835,0.2670823316834548,0.24785149999999997,0.528125,3.199642369939872,11.485177880361693,17.445049541593036,-0.5852301351600129,0.5714158838327457,17.48904460692576,75.32988670418555,11.551510566264232,9.747972011566162,True
Mavic2_000999,Mavic2,10,1692845561.559037924,global_mean,0.2437988233041585,0.41461553391685013,0.24785149999999997,0.528646,1.097604748579709,3.6788042521086592,11.067756736575872,-0.5821106112018508,0.5632481846255395,17.495642193582214,32.98793465273577,7.337972795528109,,
Mavic2_000999,Mavic2,10,1692845561.559037924,sequence_mean,0.24327808670520237,0.2783161878612716,0.24785149999999997,0.528646,2.066185479147115,7.10729840298181,10.045526399620238,-0.5821106112018508,0.5632481846255395,17.495642193582214,72.18049469565811,10.263639256422064,,
Mavic2_000999,Mavic2,10,1692845561.559037924,nearest_train_time,0.240625,0.186979,0.24785149999999997,0.528646,4.54958219969014,15.720130118884757,17.4233285033403,-0.5821106112018508,0.5632481846255395,17.495642193582214,98.55648563139574,16.002205171295312,9.548164129257202,
Mavic2_000999,Mavic2,10,1692845561.559037924,linear_interpolation,0.2416514924689851,0.26544042328952705,0.24785149999999997,0.528646,3.227312599020021,11.571983303833864,17.444604317227427,-0.5821106112018508,0.5632481846255395,17.495642193582214,75.95260985351423,11.649315816145199,9.548164129257202,True
Mavic2_001000,Mavic2,10,1692845561.753118992,global_mean,0.2437988233041585,0.41461553391685013,0.248242,0.5296870000000001,1.097604748579709,3.6788042521086592,11.067756736575872,-0.579526895353278,0.556423174514979,17.502257228501776,33.31579789545885,7.346075872558841,,
Mavic2_001000,Mavic2,10,1692845561.753118992,sequence_mean,0.24327808670520237,0.2783161878612716,0.248242,0.5296870000000001,2.066185479147115,7.10729840298181,10.045526399620238,-0.579526895353278,0.556423174514979,17.502257228501776,72.49510123648366,10.27212708653457,,
Mavic2_001000,Mavic2,10,1692845561.753118992,nearest_train_time,0.240625,0.186979,0.248242,0.5296870000000001,4.54958219969014,15.720130118884757,17.4233285033403,-0.579526895353278,0.556423174514979,17.502257228501776,98.8731099178637,16.007873005094744,9.354083061218262,
Mavic2_001000,Mavic2,10,1692845561.753118992,linear_interpolation,0.24163062743650163,0.26384557462273195,0.248242,0.5296870000000001,3.2541897549695227,11.656300744689382,17.44417185370599,-0.579526895353278,0.556423174514979,17.502257228501776,76.73051417620661,11.743425366501388,9.354083061218262,True
Mavic2_001001,Mavic2,10,1692845561.965550900,global_mean,0.2437988233041585,0.41461553391685013,0.24785149999999997,0.530729,1.097604748579709,3.6788042521086592,11.067756736575872,-0.5749418224905678,0.5497224654375295,17.5102456240448,33.58521015435315,7.354877832108196,,
Mavic2_001001,Mavic2,10,1692845561.965550900,sequence_mean,0.24327808670520237,0.2783161878612716,0.24785149999999997,0.530729,2.066185479147115,7.10729840298181,10.045526399620238,-0.5749418224905678,0.5497224654375295,17.5102456240448,72.7796938723776,10.281020800465745,,
Mavic2_001001,Mavic2,10,1692845561.965550900,nearest_train_time,0.240625,0.186979,0.24785149999999997,0.530729,4.54958219969014,15.720130118884757,17.4233285033403,-0.5749418224905678,0.5497224654375295,17.5102456240448,99.15544345724194,16.01279392896658,9.141651153564453,
Mavic2_001001,Mavic2,10,1692845561.965550900,linear_interpolation,0.24160778956417067,0.26209992911423524,0.24785149999999997,0.530729,3.283608211743039,11.748590605778928,17.443698499700993,-0.5749418224905678,0.5497224654375295,17.5102456240448,77.5136346357987,11.84514603165348,9.141651153564453,True
Mavic2_001002,Mavic2,10,1692845562.158245087,global_mean,0.2437988233041585,0.41461553391685013,0.24863299999999997,0.530208,1.097604748579709,3.6788042521086592,11.067756736575872,-0.5713504132238352,0.5433112945236225,17.515281559305308,33.497012019020694,7.361202602760524,,
Mavic2_001002,Mavic2,10,1692845562.158245087,sequence_mean,0.24327808670520237,0.2783161878612716,0.24863299999999997,0.530208,2.066185479147115,7.10729840298181,10.045526399620238,-0.5713504132238352,0.5433112945236225,17.515281559305308,72.66131946066557,10.287845473625273,,
Mavic2_001002,Mavic2,10,1692845562.158245087,nearest_train_time,0.240625,0.186979,0.24863299999999997,0.530208,4.54958219969014,15.720130118884757,17.4233285033403,-0.5713504132238352,0.5433112945236225,17.515281559305308,99.04108885519706,16.017747526353066,8.948956966400146,
Mavic2_001002,Mavic2,10,1692845562.158245087,linear_interpolation,0.24158707363079712,0.2605164770516337,0.24863299999999997,0.530208,3.310293306643374,11.83230552394997,17.443269126513883,-0.5713504132238352,0.5433112945236225,17.515281559305308,77.8594293480686,11.937911646116437,8.948956966400146,True
Mavic2_001003,Mavic2,10,1692845562.433007002,global_mean,0.2437988233041585,0.41461553391685013,0.248047,0.532292,1.097604748579709,3.6788042521086592,11.067756736575872,-0.566900459419666,0.5330398476016889,17.52097512262543,34.04750194031252,7.369561643284368,,
Mavic2_001003,Mavic2,10,1692845562.433007002,sequence_mean,0.24327808670520237,0.2783161878612716,0.248047,0.532292,2.066185479147115,7.10729840298181,10.045526399620238,-0.566900459419666,0.5330398476016889,17.52097512262543,73.23667166127969,10.297395336838669,,
Mavic2_001003,Mavic2,10,1692845562.433007002,nearest_train_time,0.240625,0.186979,0.248047,0.532292,4.54958219969014,15.720130118884757,17.4233285033403,-0.566900459419666,0.5330398476016889,17.52097512262543,99.6133637421704,16.026092492286757,8.674195051193237,
Mavic2_001003,Mavic2,10,1692845562.433007002,linear_interpolation,0.2415575348594788,0.25825863872365273,0.248047,0.532292,3.348343482884768,11.951674310245801,17.442656884904704,-0.566900459419666,0.5330398476016889,17.52097512262543,79.07881870646057,12.071473889529607,8.674195051193237,True
Mavic2_001004,Mavic2,10,1692845562.658394098,global_mean,0.2437988233041585,0.41461553391685013,0.24785149999999997,0.529687,1.097604748579709,3.6788042521086592,11.067756736575872,-0.56117104944074,0.5218113728133211,17.526024987963268,33.28641721741607,7.3774907654905455,,
Mavic2_001004,Mavic2,10,1692845562.658394098,sequence_mean,0.24327808670520237,0.2783161878612716,0.24785149999999997,0.529687,2.066185479147115,7.10729840298181,10.045526399620238,-0.56117104944074,0.5218113728133211,17.526024987963268,72.47994899563453,10.306769662849398,,
Mavic2_001004,Mavic2,10,1692845562.658394098,nearest_train_time,0.240625,0.186979,0.24785149999999997,0.529687,4.54958219969014,15.720130118884757,17.4233285033403,-0.56117104944074,0.5218113728133211,17.526024987963268,98.85581933711096,16.034938043180652,8.448807954788208,
Mavic2_001004,Mavic2,10,1692845562.658394098,linear_interpolation,0.24153330421640085,0.2564065347866408,0.24785149999999997,0.529687,3.3795560282416797,12.049592481053242,17.442154663341398,-0.56117104944074,0.5218113728133211,17.526024987963268,78.8542134855064,12.183025133833748,8.448807954788208,True
Mavic2_001005,Mavic2,10,1692845562.859245062,global_mean,0.2437988233041585,0.41461553391685013,0.2484375,0.53125,1.097604748579709,3.6788042521086592,11.067756736575872,-0.5574021177403476,0.5128896935541469,17.527410266035503,33.77911072570267,7.381679107106608,,
Mavic2_001005,Mavic2,10,1692845562.859245062,sequence_mean,0.24327808670520237,0.2783161878612716,0.2484375,0.53125,2.066185479147115,7.10729840298181,10.045526399620238,-0.5574021177403476,0.5128896935541469,17.527410266035503,72.95262725836405,10.312517844641151,,
Mavic2_001005,Mavic2,10,1692845562.859245062,nearest_train_time,0.240625,0.186979,0.2484375,0.53125,4.54958219969014,15.720130118884757,17.4233285033403,-0.5574021177403476,0.5128896935541469,17.527410266035503,99.33142513022906,16.042203189886862,8.247956991195679,
Mavic2_001005,Mavic2,10,1692845562.859245062,linear_interpolation,0.24151171137418265,0.25475605493949893,0.2484375,0.53125,3.4073707075693966,12.13685106538919,17.44170711471712,-0.5574021177403476,0.5128896935541469,17.527410266035503,79.8077033884735,12.281825864274973,8.247956991195679,True
Mavic2_001006,Mavic2,10,1692845563.106965065,global_mean,0.2437988233041585,0.41461553391685013,0.248047,0.5307289999999999,1.097604748579709,3.6788042521086592,11.067756736575872,-0.5550480098417931,0.5025808024629477,17.531305046876128,33.59945710023845,7.388985945417868,,
Mavic2_001006,Mavic2,10,1692845563.106965065,sequence_mean,0.24327808670520237,0.2783161878612716,0.248047,0.5307289999999999,2.066185479147115,7.10729840298181,10.045526399620238,-0.5550480098417931,0.5025808024629477,17.531305046876128,72.78709438744411,10.32133913511773,,
Mavic2_001006,Mavic2,10,1692845563.106965065,nearest_train_time,0.240625,0.186979,0.248047,0.5307289999999999,4.54958219969014,15.720130118884757,17.4233285033403,-0.5550480098417931,0.5025808024629477,17.531305046876128,99.16396066318252,16.051252776894078,8.000236988067627,
Mavic2_001006,Mavic2,10,1692845563.106965065,linear_interpolation,0.24148507979200773,0.2527204317809949,0.248047,0.5307289999999999,3.441676007015439,12.244471643344205,17.441155129580363,-0.5550480098417931,0.5025808024629477,17.531305046876128,80.22491105169946,12.40378693761236,8.000236988067627,True
Mavic2_001007,Mavic2,10,1692845563.301572084,global_mean,0.2437988233041585,0.41461553391685013,0.24785149999999997,0.530729,1.097604748579709,3.6788042521086592,11.067756736575872,-0.5570548330851846,0.49386881774967506,17.53391632519373,33.58521015435315,7.39546698171965,,
Mavic2_001007,Mavic2,10,1692845563.301572084,sequence_mean,0.24327808670520237,0.2783161878612716,0.24785149999999997,0.530729,2.066185479147115,7.10729840298181,10.045526399620238,-0.5570548330851846,0.49386881774967506,17.53391632519373,72.7796938723776,10.329318675109935,,
Mavic2_001007,Mavic2,10,1692845563.301572084,nearest_train_time,0.240625,0.186979,0.24785149999999997,0.530729,4.54958219969014,15.720130118884757,17.4233285033403,-0.5570548330851846,0.49386881774967506,17.53391632519373,99.15544345724194,16.06016826379159,7.8056299686431885,
Mavic2_001007,Mavic2,10,1692845563.301572084,linear_interpolation,0.2414641582161795,0.25112126114259053,0.24785149999999997,0.530729,3.468625998906915,12.329017580854691,17.440721494101297,-0.5570548330851846,0.49386881774967506,17.53391632519373,80.67630435952988,12.501421426479356,7.8056299686431885,True
Mavic2_001008,Mavic2,10,1692845563.514657021,global_mean,0.2437988233041585,0.41461553391685013,0.248047,0.530729,1.097604748579709,3.6788042521086592,11.067756736575872,-0.561379002820767,0.4820923045965664,17.534821189724497,33.59945710023848,7.402304844030397,,
Mavic2_001008,Mavic2,10,1692845563.514657021,sequence_mean,0.24327808670520237,0.2783161878612716,0.248047,0.530729,2.066185479147115,7.10729840298181,10.045526399620238,-0.561379002820767,0.4820923045965664,17.534821189724497,72.78709438744414,10.338616319704633,,
Mavic2_001008,Mavic2,10,1692845563.514657021,nearest_train_time,0.240625,0.186979,0.248047,0.530729,4.54958219969014,15.720130118884757,17.4233285033403,-0.561379002820767,0.4820923045965664,17.534821189724497,99.16396066318255,16.072714501986454,7.592545032501221,
Mavic2_001008,Mavic2,10,1692845563.514657021,linear_interpolation,0.24144125013885248,0.2493702494145844,0.248047,0.530729,3.498134889789708,12.421591146539868,17.44024668497756,-0.561379002820767,0.4820923045965664,17.534821189724497,81.1899770154344,12.611115334418722,7.592545032501221,True
Mavic2_001009,Mavic2,10,1692845563.760137081,global_mean,0.2437988233041585,0.41461553391685013,0.248047,0.53125,1.097604748579709,3.6788042521086592,11.067756736575872,-0.5648658258945527,0.4703780016373038,17.53611987171061,33.748799172826345,7.409286677115184,,
Mavic2_001009,Mavic2,10,1692845563.760137081,sequence_mean,0.24327808670520237,0.2783161878612716,0.248047,0.53125,2.066185479147115,7.10729840298181,10.045526399620238,-0.5648658258945527,0.4703780016373038,17.53611987171061,72.93695270195501,10.347953128405022,,
Mavic2_001009,Mavic2,10,1692845563.760137081,nearest_train_time,0.240625,0.186979,0.248047,0.53125,4.54958219969014,15.720130118884757,17.4233285033403,-0.5648658258945527,0.4703780016373038,17.53611987171061,99.31376094384665,16.0849383006799,7.347064971923828,
Mavic2_001009,Mavic2,10,1692845563.760137081,linear_interpolation,0.2414148593657094,0.24735303283961127,0.248047,0.53125,3.532129992646973,12.528238593908561,17.439699691020277,-0.5648658258945527,0.4703780016373038,17.53611987171061,81.92082531885875,12.735253183625337,7.347064971923828,True
Mavic2_001010,Mavic2,10,1692845563.958364010,global_mean,0.2437988233041585,0.41461553391685013,0.24707050000000003,0.53125,1.097604748579709,3.6788042521086592,11.067756736575872,-0.5621442675934343,0.4729317459443827,17.534850834751467,33.684570462839964,7.406462812782182,,
Mavic2_001010,Mavic2,10,1692845563.958364010,sequence_mean,0.24327808670520237,0.2783161878612716,0.24707050000000003,0.53125,2.066185479147115,7.10729840298181,10.045526399620238,-0.5621442675934343,0.4729317459443827,17.534850834751467,72.90314163968765,10.344704862501631,,
Mavic2_001010,Mavic2,10,1692845563.958364010,nearest_train_time,0.240625,0.186979,0.24707050000000003,0.53125,4.54958219969014,15.720130118884757,17.4233285033403,-0.5621442675934343,0.4729317459443827,17.534850834751467,99.27354100677098,16.08164304200682,7.148838043212891,
Mavic2_001010,Mavic2,10,1692845563.958364010,linear_interpolation,0.24139354862505624,0.2457241158299723,0.24707050000000003,0.53125,3.5595812846776083,12.614357180880688,17.439257989433923,-0.5621442675934343,0.4729317459443827,17.534850834751467,82.34695409460988,12.822323155826256,7.148838043212891,True
Mavic2_001011,Mavic2,10,1692845564.159502983,global_mean,0.2437988233041585,0.41461553391685013,0.248242,0.532292,1.097604748579709,3.6788042521086592,11.067756736575872,-0.5364943143010616,0.5411125515317998,17.53271234928242,34.062178883566,7.369602433608113,,
Mavic2_001011,Mavic2,10,1692845564.159502983,sequence_mean,0.24327808670520237,0.2783161878612716,0.248242,0.532292,2.066185479147115,7.10729840298181,10.045526399620238,-0.5364943143010616,0.5411125515317998,17.53271234928242,73.24431379766357,10.293040959202704,,
Mavic2_001011,Mavic2,10,1692845564.159502983,nearest_train_time,0.240625,0.186979,0.248242,0.532292,4.54958219969014,15.720130118884757,17.4233285033403,-0.5364943143010616,0.5411125515317998,17.53271234928242,99.6220455363243,16.00883235723129,6.947699069976807,
Mavic2_001011,Mavic2,10,1692845564.159502983,linear_interpolation,0.24137192481984604,0.24407126928214856,0.248242,0.532292,3.587435848782254,12.70174088940485,17.43880979904862,-0.5364943143010616,0.5411125515317998,17.53271234928242,83.17508776727122,12.841203185481096,6.947699069976807,True
Mavic2_001012,Mavic2,10,1692845564.359394073,global_mean,0.2437988233041585,0.41461553391685013,0.248828,0.529167,1.097604748579709,3.6788042521086592,11.067756736575872,-0.471786370795807,0.718350218832942,17.536103582280248,33.21614885563267,7.284695428433981,,
Mavic2_001012,Mavic2,10,1692845564.359394073,sequence_mean,0.24327808670520237,0.2783161878612716,0.248828,0.529167,2.066185479147115,7.10729840298181,10.045526399620238,-0.471786370795807,0.718350218832942,17.536103582280248,72.37065986108571,10.167040205498775,,
Mavic2_001012,Mavic2,10,1692845564.359394073,nearest_train_time,0.240625,0.186979,0.248828,0.529167,4.54958219969014,15.720130118884757,17.4233285033403,-0.471786370795807,0.718350218832942,17.536103582280248,98.75130213232612,15.820248440169726,6.74780797958374,
Mavic2_001012,Mavic2,10,1692845564.359394073,linear_interpolation,0.2413504351705137,0.24242867713115296,0.248828,0.529167,3.6151176008650094,12.788582462166499,17.438364389273573,-0.471786370795807,0.718350218832942,17.536103582280248,82.78007616510831,12.743737420059924,6.74780797958374,True
Mavic2_001013,Mavic2,10,1692845564.557497978,global_mean,0.2437988233041585,0.41461553391685013,0.24785149999999997,0.530208,1.097604748579709,3.6788042521086592,11.067756736575872,-0.3897518778451097,0.9483079211640906,17.539491812418177,33.435810768391356,7.1799160746737964,,
Mavic2_001013,Mavic2,10,1692845564.557497978,sequence_mean,0.24327808670520237,0.2783161878612716,0.24785149999999997,0.530208,2.066185479147115,7.10729840298181,10.045526399620238,-0.3897518778451097,0.9483079211640906,17.539491812418177,72.62982107152052,10.006213552828212,,
Mavic2_001013,Mavic2,10,1692845564.557497978,nearest_train_time,0.240625,0.186979,0.24785149999999997,0.530208,4.54958219969014,15.720130118884757,17.4233285033403,-0.3897518778451097,0.9483079211640906,17.539491812418177,99.00563103987878,15.576175592389484,6.549704074859619,
Mavic2_001013,Mavic2,10,1692845564.557497978,linear_interpolation,0.2413291376557744,0.24080077106319595,0.24785149999999997,0.530208,3.6425518560207317,12.874647602051608,17.437922961816927,-0.3897518778451097,0.9483079211640906,17.539491812418177,83.49966841761157,12.58997092202651,6.549704074859619,True
Mavic2_001014,Mavic2,10,1692845564.805948019,global_mean,0.2437988233041585,0.41461553391685013,0.24785149999999997,0.513542,1.097604748579709,3.6788042521086592,11.067756736575872,-0.203847006726259,1.4754338331333692,17.541952683111006,28.660326794226485,6.961596873472084,,
Mavic2_001014,Mavic2,10,1692845564.805948019,sequence_mean,0.24327808670520237,0.2783161878612716,0.24785149999999997,0.513542,2.066185479147115,7.10729840298181,10.045526399620238,-0.203847006726259,1.4754338331333692,17.541952683111006,67.83602612724366,9.647142221603547,,
Mavic2_001014,Mavic2,10,1692845564.805948019,nearest_train_time,0.240625,0.186979,0.24785149999999997,0.513542,4.54958219969014,15.720130118884757,17.4233285033403,-0.203847006726259,1.4754338331333692,17.541952683111006,94.2137545882927,15.017341082553132,6.301254034042358,
Mavic2_001014,Mavic2,10,1692845564.805948019,linear_interpolation,0.24130242758959147,0.2387591488670367,0.24785149999999997,0.513542,3.676958254131472,12.982585340821455,17.437369349964733,-0.203847006726259,1.4754338331333692,17.541952683111006,79.29713431758933,12.144386479652285,6.301254034042358,True
Mavic2_001016,Mavic2,10,1692845565.209119081,global_mean,0.2437988233041585,0.41461553391685013,0.2472655,0.482292,1.097604748579709,3.6788042521086592,11.067756736575872,0.16306699542783076,2.5491849140619287,17.546368078230174,19.671821625136754,6.6424246760627295,,
Mavic2_001016,Mavic2,10,1692845565.209119081,sequence_mean,0.24327808670520237,0.2783161878612716,0.2472655,0.482292,2.066185479147115,7.10729840298181,10.045526399620238,0.16306699542783076,2.5491849140619287,17.546368078230174,58.824798285699536,8.9811404859583,,
Mavic2_001016,Mavic2,10,1692845565.209119081,nearest_train_time,0.240625,0.186979,0.2472655,0.482292,4.54958219969014,15.720130118884757,17.4233285033403,0.16306699542783076,2.5491849140619287,17.546368078230174,85.20291083777568,13.882739353695975,5.898082971572876,
Mavic2_001016,Mavic2,10,1692845565.209119081,linear_interpolation,0.24125908396313772,0.2354461166482485,0.2472655,0.482292,3.732791064769881,13.157740767148796,17.436470979097447,0.16306699542783076,2.5491849140619287,17.546368078230174,71.2411169130806,11.193590335174028,5.898082971572876,True
Mavic2_001017,Mavic2,10,1692845565.406653881,global_mean,0.2437988233041585,0.41461553391685013,0.24628900000000004,0.464583,1.097604748579709,3.6788042521086592,11.067756736575872,0.3957326065979221,3.251519354742644,17.546572119885212,14.517152795445055,6.5307155548387605,,
Mavic2_001017,Mavic2,10,1692845565.406653881,sequence_mean,0.24327808670520237,0.2783161878612716,0.24628900000000004,0.464583,2.066185479147115,7.10729840298181,10.045526399620238,0.3957326065979221,3.251519354742644,17.546572119885212,53.69465680893271,8.597856230814369,,
Mavic2_001017,Mavic2,10,1692845565.406653881,nearest_train_time,0.240625,0.186979,0.24628900000000004,0.464583,4.54958219969014,15.720130118884757,17.4233285033403,0.3957326065979221,3.251519354742644,17.546572119885212,80.06820159841614,13.142903401407622,5.70054817199707,
Mavic2_001017,Mavic2,10,1692845565.406653881,linear_interpolation,0.2412378476310657,0.23382288716516517,0.24628900000000004,0.464583,3.7601465078705303,13.24355866246663,17.43603081975633,0.3957326065979221,3.251519354742644,17.546572119885212,66.57203543883686,10.543829940074517,5.70054817199707,True
Mavic2_001018,Mavic2,10,1692845565.606987953,global_mean,0.2437988233041585,0.41461553391685013,0.24589849999999996,0.444792,1.097604748579709,3.6788042521086592,11.067756736575872,0.632729819634297,3.9758330965876247,17.54072829168956,8.83915799498122,6.496437145645715,,
Mavic2_001018,Mavic2,10,1692845565.606987953,sequence_mean,0.24327808670520237,0.2783161878612716,0.24589849999999996,0.444792,2.066185479147115,7.10729840298181,10.045526399620238,0.632729819634297,3.9758330965876247,17.54072829168956,47.98725185517031,8.248570875965079,,
Mavic2_001018,Mavic2,10,1692845565.606987953,nearest_train_time,0.240625,0.186979,0.24589849999999996,0.444792,4.54958219969014,15.720130118884757,17.4233285033403,0.632729819634297,3.9758330965876247,17.54072829168956,74.36051891173865,12.380792697779528,5.500214099884033,
Mavic2_001018,Mavic2,10,1692845565.606987953,linear_interpolation,0.2412163103581909,0.2321766548404388,0.24589849999999996,0.444792,3.787889605909853,13.330592686173397,17.435584422901833,0.632729819634297,3.9758330965876247,17.54072829168956,61.33871380534469,9.873075280226573,5.500214099884033,True
Mavic2_001019,Mavic2,10,1692845565.808675051,global_mean,0.2437988233041585,0.41461553391685013,0.24609399999999998,0.424479,1.097604748579709,3.6788042521086592,11.067756736575872,0.8641032067564727,4.695626657293591,17.531702163068303,3.3431346004520854,6.547598128351519,,
Mavic2_001019,Mavic2,10,1692845565.808675051,sequence_mean,0.24327808670520237,0.2783161878612716,0.24609399999999998,0.424479,2.066185479147115,7.10729840298181,10.045526399620238,0.8641032067564727,4.695626657293591,17.531702163068303,42.15040553443361,7.956380455947536,,
Mavic2_001019,Mavic2,10,1692845565.808675051,nearest_train_time,0.240625,0.186979,0.24609399999999998,0.424479,4.54958219969014,15.720130118884757,17.4233285033403,0.8641032067564727,4.695626657293591,17.531702163068303,68.52883781910256,11.624722656137385,5.298527002334595,
Mavic2_001019,Mavic2,10,1692845565.808675051,linear_interpolation,0.2411946276258956,0.23051930411640034,0.24609399999999998,0.424479,3.8158200765560206,13.418214524257746,17.435135011151804,0.8641032067564727,4.695626657293591,17.531702163068303,55.98697605087514,9.208989998430816,5.298527002334595,True
Mavic2_001020,Mavic2,10,1692845566.008982897,global_mean,0.2437988233041585,0.41461553391685013,0.2453125,0.407813,1.097604748579709,3.6788042521086592,11.067756736575872,1.046316855154392,5.267732974735967,17.52050957697564,2.278070303168683,6.645701178422736,,
Mavic2_001020,Mavic2,10,1692845566.008982897,sequence_mean,0.24327808670520237,0.2783161878612716,0.2453125,0.407813,2.066185479147115,7.10729840298181,10.045526399620238,1.046316855154392,5.267732974735967,17.52050957697564,37.32779553212855,7.765275685817498,,
Mavic2_001020,Mavic2,10,1692845566.008982897,nearest_train_time,0.240625,0.186979,0.2453125,0.407813,4.54958219969014,15.720130118884757,17.4233285033403,1.046316855154392,5.267732974735967,17.52050957697564,63.701997005092885,11.024287654733428,5.098219156265259,
Mavic2_001020,Mavic2,10,1692845566.008982897,linear_interpolation,0.24117309317249858,0.22887328730249767,0.2453125,0.407813,3.843559542703404,13.505237154205652,17.43468867273581,1.046316855154392,5.267732974735967,17.52050957697564,51.63259908172678,8.699908447071813,5.098219156265259,True
Mavic2_001022,Mavic2,10,1692845566.412370920,global_mean,0.2437988233041585,0.41461553391685013,0.24511699999999997,0.371875,1.097604748579709,3.6788042521086592,11.067756736575872,1.4397061334067491,6.525125351074852,17.503720303164556,12.350833691048136,7.0455804719254775,,
Mavic2_001022,Mavic2,10,1692845566.412370920,sequence_mean,0.24327808670520237,0.2783161878612716,0.24511699999999997,0.371875,2.066185479147115,7.10729840298181,10.045526399620238,1.4397061334067491,6.525125351074852,17.503720303164556,26.981924102948028,7.507067212691756,,
Mavic2_001022,Mavic2,10,1692845566.412370920,nearest_train_time,0.240625,0.186979,0.24511699999999997,0.371875,4.54958219969014,15.720130118884757,17.4233285033403,1.4397061334067491,6.525125351074852,17.503720303164556,53.36168211763044,9.707002867475014,4.694831132888794,
Mavic2_001022,Mavic2,10,1692845566.412370920,linear_interpolation,0.24112972622127432,0.225558472221441,0.24511699999999997,0.371875,3.8994223989933077,13.680486837992657,17.43378981842272,1.4397061334067491,6.525125351074852,17.503720303164556,42.25027852221356,7.5666566189007085,4.694831132888794,True
Mavic2_001023,Mavic2,10,1692845566.606384993,global_mean,0.2437988233041585,0.41461553391685013,0.2447265,0.358854,1.097604748579709,3.6788042521086592,11.067756736575872,1.6394769803265679,7.172086156198933,17.49266958554928,16.075117690945437,7.333222285863595,,
Mavic2_001023,Mavic2,10,1692845566.606384993,sequence_mean,0.24327808670520237,0.2783161878612716,0.2447265,0.358854,2.066185479147115,7.10729840298181,10.045526399620238,1.6394769803265679,7.172086156198933,17.49266958554928,23.221548391260054,7.459639349704647,,
Mavic2_001023,Mavic2,10,1692845566.606384993,nearest_train_time,0.240625,0.186979,0.2447265,0.358854,4.54958219969014,15.720130118884757,17.4233285033403,1.6394769803265679,7.172086156198933,17.49266958554928,49.60012295954824,9.030092810235042,4.500817060470581,
Mavic2_001023,Mavic2,10,1692845566.606384993,linear_interpolation,0.24110886839127493,0.22396417408684088,0.2447265,0.358854,3.9262902771097647,13.764775172973264,17.433357504185096,1.6394769803265679,7.172086156198933,17.49266958554928,38.94749350702172,6.978293591504809,4.500817060470581,True
Mavic2_001024,Mavic2,10,1692845566.806426048,global_mean,0.2437988233041585,0.41461553391685013,0.245703,0.343229,1.097604748579709,3.6788042521086592,11.067756736575872,1.833393369569554,7.7995851448386055,17.486339446383667,20.611267497424517,7.662925294122991,,
Mavic2_001024,Mavic2,10,1692845566.806426048,sequence_mean,0.24327808670520237,0.2783161878612716,0.245703,0.343229,2.066185479147115,7.10729840298181,10.045526399620238,1.833393369569554,7.7995851448386055,17.486339446383667,18.7874211629309,7.476573539805325,,
Mavic2_001024,Mavic2,10,1692845566.806426048,nearest_train_time,0.240625,0.186979,0.245703,0.343229,4.54958219969014,15.720130118884757,17.4233285033403,1.833393369569554,7.7995851448386055,17.486339446383667,45.168675552967194,8.373570613884068,4.30077600479126,
Mavic2_001024,Mavic2,10,1692845566.806426048,linear_interpolation,0.24108736261965613,0.2223203496057718,0.245703,0.343229,3.9539927970109705,13.851681897319672,17.432911760248064,1.833393369569554,7.7995851448386055,17.486339446383667,35.00165510920953,6.413085961586866,4.30077600479126,True
Mavic2_001025,Mavic2,10,1692845567.010278940,global_mean,0.2437988233041585,0.41461553391685013,0.2447265,0.329688,1.097604748579709,3.6788042521086592,11.067756736575872,1.9936636250630688,8.321668059073549,17.479849535742062,24.469503920969466,7.9670596775264615,,
Mavic2_001025,Mavic2,10,1692845567.010278940,sequence_mean,0.24327808670520237,0.2783161878612716,0.2447265,0.329688,2.066185479147115,7.10729840298181,10.045526399620238,1.9936636250630688,8.321668059073549,17.479849535742062,14.836840657976778,7.533200752218966,,
Mavic2_001025,Mavic2,10,1692845567.010278940,nearest_train_time,0.240625,0.186979,0.2447265,0.329688,4.54958219969014,15.720130118884757,17.4233285033403,1.9936636250630688,8.321668059073549,17.479849535742062,41.2207227015632,7.827717115334034,4.096923112869263,
Mavic2_001025,Mavic2,10,1692845567.010278940,linear_interpolation,0.24106544704976166,0.22064520160607665,0.2447265,0.329688,3.982223195896889,13.940244652726657,17.432457522540147,1.9936636250630688,8.321668059073549,17.479849535742062,31.529942606019482,5.960286747163821,4.096923112869263,True
Mavic2_001026,Mavic2,10,1692845567.208317041,global_mean,0.2437988233041585,0.41461553391685013,0.24433600000000003,0.315625,1.097604748579709,3.6788042521086592,11.067756736575872,2.172558746822024,8.910518562478504,17.477490809580615,28.512258586245746,8.343323774749711,,
Mavic2_001026,Mavic2,10,1692845567.208317041,sequence_mean,0.24327808670520237,0.2783161878612716,0.24433600000000003,0.315625,2.066185479147115,7.10729840298181,10.045526399620238,2.172558746822024,8.910518562478504,17.477490809580615,10.77561181234371,7.648334015104782,,
Mavic2_001026,Mavic2,10,1692845567.208317041,nearest_train_time,0.240625,0.186979,0.24433600000000003,0.315625,4.54958219969014,15.720130118884757,17.4233285033403,2.172558746822024,8.910518562478504,17.477490809580615,37.1595052497286,7.212765322679223,3.8988850116729736,
Mavic2_001026,Mavic2,10,1692845567.208317041,linear_interpolation,0.24104415660934836,0.21901783627436808,0.24433600000000003,0.315625,4.009648338305564,14.026281204634987,17.43201624171102,2.172558746822024,8.910518562478504,17.477490809580615,27.937487078630237,5.435806611198007,3.8988850116729736,True
Mavic2_001027,Mavic2,10,1692845567.407605886,global_mean,0.2437988233041585,0.41461553391685013,0.24453149999999998,0.305208,1.097604748579709,3.6788042521086592,11.067756736575872,2.348390049106361,9.489383513948727,17.475293313760645,31.51439368976324,8.739783762433724,,
Mavic2_001027,Mavic2,10,1692845567.407605886,sequence_mean,0.24327808670520237,0.2783161878612716,0.24453149999999998,0.305208,2.066185479147115,7.10729840298181,10.045526399620238,2.348390049106361,9.489383513948727,17.475293313760645,7.804435660128803,7.807394270411327,,
Mavic2_001027,Mavic2,10,1692845567.407605886,nearest_train_time,0.240625,0.186979,0.24453149999999998,0.305208,4.54958219969014,15.720130118884757,17.4233285033403,2.348390049106361,9.489383513948727,17.475293313760645,34.181872143567084,6.608339464663988,3.6995961666107178,
Mavic2_001027,Mavic2,10,1692845567.407605886,linear_interpolation,0.2410227317054779,0.21738019303555972,0.24453149999999998,0.305208,4.037246688942524,14.112861135261346,17.431572173896523,2.348390049106361,9.489383513948727,17.475293313760645,25.437544853986804,4.922468242941574,3.6995961666107178,True
Mavic2_001028,Mavic2,10,1692845567.607345104,global_mean,0.2437988233041585,0.41461553391685013,0.244922,0.292187,1.097604748579709,3.6788042521086592,11.067756736575872,2.4880666093366886,9.954885575828033,17.47448210943095,35.269967672067295,9.075720961518371,,
Mavic2_001028,Mavic2,10,1692845567.607345104,sequence_mean,0.24327808670520237,0.2783161878612716,0.244922,0.292187,2.066185479147115,7.10729840298181,10.045526399620238,2.4880666093366886,9.954885575828033,17.47448210943095,4.189552324899017,7.9671901780550956,,
Mavic2_001028,Mavic2,10,1692845567.607345104,nearest_train_time,0.240625,0.186979,0.244922,0.292187,4.54958219969014,15.720130118884757,17.4233285033403,2.4880666093366886,9.954885575828033,17.47448210943095,30.47908817563989,6.122949278079295,3.499856948852539,
Mavic2_001028,Mavic2,10,1692845567.607345104,linear_interpolation,0.24100125838348485,0.2157388488881521,0.244922,0.292187,4.064907409069233,14.199636727801229,17.43112710253354,2.4880666093366886,9.954885575828033,17.47448210943095,22.222019787265584,4.528379280327789,3.499856948852539,True
Mavic2_001029,Mavic2,10,1692845567.807482004,global_mean,0.2437988233041585,0.41461553391685013,0.2439455,0.281771,1.097604748579709,3.6788042521086592,11.067756736575872,2.649393495994464,10.476739394669952,17.47354534252848,38.25939160357488,9.468584803613746,,
Mavic2_001029,Mavic2,10,1692845567.807482004,sequence_mean,0.24327808670520237,0.2783161878612716,0.2439455,0.281771,2.066185479147115,7.10729840298181,10.045526399620238,2.649393495994464,10.476739394669952,17.47354534252848,1.1192535165013897,8.177330224687461,,
Mavic2_001029,Mavic2,10,1692845567.807482004,nearest_train_time,0.240625,0.186979,0.2439455,0.281771,4.54958219969014,15.720130118884757,17.4233285033403,2.649393495994464,10.476739394669952,17.47354534252848,27.4189437438781,5.577309846814373,3.299720048904419,
Mavic2_001029,Mavic2,10,1692845567.807482004,linear_interpolation,0.24097974230795643,0.21409423681298193,0.2439455,0.281771,4.092623201884615,14.286585091157288,17.43068114503034,2.649393495994464,10.476739394669952,17.47354534252848,19.623542309280143,4.074269695839244,3.299720048904419,True
Mavic2_001030,Mavic2,10,1692845568.008423090,global_mean,0.2437988233041585,0.41461553391685013,0.24375,0.271875,1.097604748579709,3.6788042521086592,11.067756736575872,2.8033181986670757,10.964097777965211,17.46725194270806,41.10929086847705,9.845735067784691,,
Mavic2_001030,Mavic2,10,1692845568.008423090,sequence_mean,0.24327808670520237,0.2783161878612716,0.24375,0.271875,2.066185479147115,7.10729840298181,10.045526399620238,2.8033181986670757,10.964097777965211,17.46725194270806,1.890135044750672,8.396444253490966,,
Mavic2_001030,Mavic2,10,1692845568.008423090,nearest_train_time,0.240625,0.186979,0.24375,0.271875,4.54958219969014,15.720130118884757,17.4233285033403,2.8033181986670757,10.964097777965211,17.46725194270806,24.56755680165009,5.066676510067288,3.0987789630889893,
Mavic2_001030,Mavic2,10,1692845568.008423090,linear_interpolation,0.24095813977698746,0.21244301639228225,0.24375,0.271875,4.120450361713723,14.373882828591865,17.43023339559011,2.8033181986670757,10.964097777965211,17.46725194270806,17.250185752953914,3.6555220693137223,3.0987789630889893,True
Mavic2_001031,Mavic2,10,1692845568.207587004,global_mean,0.2437988233041585,0.41461553391685013,0.24433600000000003,0.2625,1.097604748579709,3.6788042521086592,11.067756736575872,2.922436101692047,11.341315973473687,17.462419986267506,43.81121622360375,10.145728826669625,,
Mavic2_001031,Mavic2,10,1692845568.207587004,sequence_mean,0.24327808670520237,0.2783161878612716,0.24433600000000003,0.2625,2.066185479147115,7.10729840298181,10.045526399620238,2.922436101692047,11.341315973473687,17.462419986267506,4.626954756006992,8.583145134010719,,
Mavic2_001031,Mavic2,10,1692845568.207587004,nearest_train_time,0.240625,0.186979,0.24433600000000003,0.2625,4.54958219969014,15.720130118884757,17.4233285033403,2.922436101692047,11.341315973473687,17.462419986267506,21.93598326049252,4.67152500671033,2.8996150493621826,
Mavic2_001031,Mavic2,10,1692845568.207587004,linear_interpolation,0.2409367283040837,0.2108063997686703,0.24433600000000003,0.2625,4.148031411338174,14.460408483494197,17.429789606155396,2.922436101692047,11.341315973473687,17.462419986267506,15.114918100611336,3.351400705794353,2.8996150493621826,True
Mavic2_001032,Mavic2,10,1692845568.439589024,global_mean,0.2437988233041585,0.41461553391685013,0.24355450000000003,0.253125,1.097604748579709,3.6788042521086592,11.067756736575872,3.0611641599448562,11.77039095293117,17.457561433354954,46.5096522811445,10.49566315017152,,
Mavic2_001032,Mavic2,10,1692845568.439589024,sequence_mean,0.24327808670520237,0.2783161878612716,0.24355450000000003,0.253125,2.066185479147115,7.10729840298181,10.045526399620238,3.0611641599448562,11.77039095293117,17.457561433354954,7.258167208671779,8.813210427871674,,
Mavic2_001032,Mavic2,10,1692845568.439589024,nearest_train_time,0.240625,0.186979,0.24355450000000003,0.253125,4.54958219969014,15.720130118884757,17.4233285033403,3.0611641599448562,11.77039095293117,17.457561433354954,19.18244459976465,4.22101879095608,2.6676130294799805,
Mavic2_001032,Mavic2,10,1692845568.439589024,linear_interpolation,0.24091178651182138,0.20889993812436058,0.24355450000000003,0.253125,4.1801600188936625,14.561200471025165,17.429272644807682,3.0611641599448562,11.77039095293117,17.457561433354954,12.897512179278184,3.006920310581258,2.6676130294799805,True
Mavic2_001033,Mavic2,10,1692845568.656491041,global_mean,0.2437988233041585,0.41461553391685013,0.24355450000000003,0.246354,1.097604748579709,3.6788042521086592,11.067756736575872,3.219413852444082,12.258544209898677,17.45517108530099,48.45968504954361,10.904727125372736,,
Mavic2_001033,Mavic2,10,1692845568.656491041,sequence_mean,0.24327808670520237,0.2783161878612716,0.24355450000000003,0.246354,2.066185479147115,7.10729840298181,10.045526399620238,3.219413852444082,12.258544209898677,17.45517108530099,9.207557609001668,9.097697698445073,,
Mavic2_001033,Mavic2,10,1692845568.656491041,nearest_train_time,0.240625,0.186979,0.24355450000000003,0.246354,4.54958219969014,15.720130118884757,17.4233285033403,3.219413852444082,12.258544209898677,17.45517108530099,17.247372322204214,3.7084954883796506,2.4507110118865967,
Mavic2_001033,Mavic2,10,1692845568.656491041,linear_interpolation,0.24088846807232314,0.20711755977556373,0.24355450000000003,0.246354,4.210197515139556,14.65543234652269,17.428789330225364,3.219413852444082,12.258544209898677,17.45517108530099,11.484095509147352,2.5937272413949133,2.4507110118865967,True
Mavic2_001034,Mavic2,10,1692845568.858172894,global_mean,0.2437988233041585,0.41461553391685013,0.2433595,0.240104,1.097604748579709,3.6788042521086592,11.067756736575872,3.340354211434165,12.628429150323658,17.453898787643695,50.260454271181096,11.22089663388361,,
Mavic2_001034,Mavic2,10,1692845568.858172894,sequence_mean,0.24327808670520237,0.2783161878612716,0.2433595,0.240104,2.066185479147115,7.10729840298181,10.045526399620238,3.340354211434165,12.628429150323658,17.453898787643695,11.005287721324073,9.326862930654118,,
Mavic2_001034,Mavic2,10,1692845568.858172894,nearest_train_time,0.240625,0.186979,0.2433595,0.240104,4.54958219969014,15.720130118884757,17.4233285033403,3.340354211434165,12.628429150323658,17.453898787643695,15.443458265855353,3.3199068885837177,2.2490291595458984,
Mavic2_001034,Mavic2,10,1692845568.858172894,linear_interpolation,0.24086678590392344,0.20546025215369,0.2433595,0.240104,4.238127259407336,14.743051905855268,17.428339930163034,3.340354211434165,12.628429150323658,17.453898787643695,10.159401689482216,2.2974505650992474,2.2490291595458984,True
Mavic3_000303,Mavic3,4,1692846950.182524920,global_mean,0.2437988233041585,0.41461553391685013,0.23476550000000002,0.133854,1.097604748579709,3.6788042521086592,11.067756736575872,3.3324478684241017,10.025111296588651,8.94206413769564,81.15639287004527,7.05611124473434,,
Mavic3_000303,Mavic3,4,1692846950.182524920,sequence_mean,0.2384814554317549,0.3704256601671307,0.23476550000000002,0.133854,1.892071105257247,5.523790897375335,11.690229771871016,3.3324478684241017,10.025111296588651,8.94206413769564,68.19238124342641,5.467081937295937,,
Mavic3_000303,Mavic3,4,1692846950.182524920,nearest_train_time,0.242969,0.519792,0.23476550000000002,0.133854,0.10042626255098708,0.43416265961696254,8.943941664502818,3.3324478684241017,10.025111296588651,8.94206413769564,111.32855940909178,10.120882517990545,9.901373147964478,
Mavic3_000303,Mavic3,4,1692846950.182524920,linear_interpolation,0.24132026739583223,0.4161222534017851,0.23476550000000002,0.133854,0.5199655919184121,1.6351965672647422,7.645786056172252,3.3324478684241017,10.025111296588651,8.94206413769564,81.44897423630375,8.943213213695783,9.901373147964478,True
Mavic3_000304,Mavic3,4,1692846950.382390976,global_mean,0.2437988233041585,0.41461553391685013,0.2359375,0.136458,1.097604748579709,3.6788042521086592,11.067756736575872,3.2386431165143863,9.76138617292509,8.942777596434086,80.33655759477173,6.789505465234489,,
Mavic3_000304,Mavic3,4,1692846950.382390976,sequence_mean,0.2384814554317549,0.3704256601671307,0.2359375,0.136458,1.892071105257247,5.523790897375335,11.690229771871016,3.2386431165143863,9.76138617292509,8.942777596434086,67.41100473418724,5.226754572119855,,
Mavic3_000304,Mavic3,4,1692846950.382390976,nearest_train_time,0.242969,0.519792,0.2359375,0.136458,0.10042626255098708,0.43416265961696254,8.943941664502818,3.2386431165143863,9.76138617292509,8.942777596434086,110.53218747167601,9.84101137306336,9.701507091522217,
Mavic3_000304,Mavic3,4,1692846950.382390976,linear_interpolation,0.24135354820232224,0.41821489884755475,0.2359375,0.136458,0.5114969007550721,1.6109528682153484,7.671990223837498,3.2386431165143863,9.76138617292509,8.942777596434086,81.2525250880491,8.688025672326425,9.701507091522217,True
Mavic3_000305,Mavic3,4,1692846950.634835005,global_mean,0.2437988233041585,0.41461553391685013,0.236133,0.144271,1.097604748579709,3.6788042521086592,11.067756736575872,3.1324402528114392,9.463957077330182,8.932919297726416,78.08149559451716,6.49354137822836,,
Mavic3_000305,Mavic3,4,1692846950.634835005,sequence_mean,0.2384814554317549,0.3704256601671307,0.236133,0.144271,1.892071105257247,5.523790897375335,11.690229771871016,3.1324402528114392,9.463957077330182,8.932919297726416,65.1575096724097,4.966506437999633,,
Mavic3_000305,Mavic3,4,1692846950.634835005,nearest_train_time,0.242969,0.519792,0.236133,0.144271,0.10042626255098708,0.43416265961696254,8.943941664502818,3.1324402528114392,9.463957077330182,8.932919297726416,108.27740247348294,9.525251574413627,9.449063062667847,
Mavic3_000305,Mavic3,4,1692846950.634835005,linear_interpolation,0.24139558405885242,0.4208580482481957,0.236133,0.144271,0.5008003845258917,1.58033147521193,7.705087818176142,3.1324402528114392,9.463957077330182,8.932919297726416,79.7595375909763,8.401467203584083,9.449063062667847,True
Mavic3_000306,Mavic3,4,1692846950.832161903,global_mean,0.2437988233041585,0.41461553391685013,0.2359375,0.148438,1.097604748579709,3.6788042521086592,11.067756736575872,3.061744336551233,9.264690204675166,8.92829620881483,76.8965118736775,6.295812699403019,,
Mavic3_000306,Mavic3,4,1692846950.832161903,sequence_mean,0.2384814554317549,0.3704256601671307,0.2359375,0.148438,1.892071105257247,5.523790897375335,11.690229771871016,3.061744336551233,9.264690204675166,8.92829620881483,63.96229230849024,4.794866015030901,,
Mavic3_000306,Mavic3,4,1692846950.832161903,nearest_train_time,0.242969,0.519792,0.2359375,0.148438,0.10042626255098708,0.43416265961696254,8.943941664502818,3.061744336551233,9.264690204675166,8.92829620881483,107.08620035485045,9.313853458140507,9.251736164093018,
Mavic3_000306,Mavic3,4,1692846950.832161903,linear_interpolation,0.2414284420560714,0.42292410810338554,0.2359375,0.148438,0.49243928213563826,1.556395775330943,7.730959080296189,3.061744336551233,9.264690204675166,8.92829620881483,79.16439870875897,8.212962173992643,9.251736164093018,True
Mavic3_000307,Mavic3,4,1692846951.038150072,global_mean,0.2437988233041585,0.41461553391685013,0.236133,0.153125,1.097604748579709,3.6788042521086592,11.067756736575872,2.97158687186995,9.007634283746942,8.925342768819876,75.53904707201113,6.041372039010464,,
Mavic3_000307,Mavic3,4,1692846951.038150072,sequence_mean,0.2384814554317549,0.3704256601671307,0.236133,0.153125,1.892071105257247,5.523790897375335,11.690229771871016,2.97158687186995,9.007634283746942,8.925342768819876,62.60857457076491,4.57680228661581,,
Mavic3_000307,Mavic3,4,1692846951.038150072,nearest_train_time,0.242969,0.519792,0.236133,0.153125,0.10042626255098708,0.43416265961696254,8.943941664502818,2.97158687186995,9.007634283746942,8.925342768819876,105.73052198495722,9.041478023707596,9.045747995376587,
Mavic3_000307,Mavic3,4,1692846951.038150072,linear_interpolation,0.24146274228945924,0.4250808535298978,0.236133,0.153125,0.4837111858534895,1.5314094657044275,7.757965909800838,2.97158687186995,9.007634283746942,8.925342768819876,78.43017105567264,7.965314286954398,9.045747995376587,True
Mavic3_000308,Mavic3,4,1692846951.233494997,global_mean,0.2437988233041585,0.41461553391685013,0.236133,0.160417,1.097604748579709,3.6788042521086592,11.067756736575872,2.9051060047791184,8.815243611889176,8.928840456838246,73.44552148736057,5.850216486557705,,
Mavic3_000308,Mavic3,4,1692846951.233494997,sequence_mean,0.2384814554317549,0.3704256601671307,0.236133,0.160417,1.892071105257247,5.523790897375335,11.690229771871016,2.9051060047791184,8.815243611889176,8.928840456838246,60.5093804182193,4.414201131428762,,
Mavic3_000308,Mavic3,4,1692846951.233494997,nearest_train_time,0.242969,0.519792,0.236133,0.160417,0.10042626255098708,0.43416265961696254,8.943941664502818,2.9051060047791184,8.815243611889176,8.928840456838246,103.6330690658262,8.83792817528395,8.850403070449829,
Mavic3_000308,Mavic3,4,1692846951.233494997,linear_interpolation,0.24149527025724438,0.42712616164663786,0.236133,0.160417,0.4754340633196368,1.5077141786954558,7.78357731804321,2.9051060047791184,8.815243611889176,8.928840456838246,76.92255688016533,7.785558413960471,8.850403070449829,True
Mavic3_000309,Mavic3,4,1692846951.434350014,global_mean,0.2437988233041585,0.41461553391685013,0.23574200000000003,0.164062,1.097604748579709,3.6788042521086592,11.067756736575872,2.8193089914008356,8.574384141450086,8.9368186075332,72.42422567813055,5.609979078613429,,
Mavic3_000309,Mavic3,4,1692846951.434350014,sequence_mean,0.2384814554317549,0.3704256601671307,0.23574200000000003,0.164062,1.892071105257247,5.523790897375335,11.690229771871016,2.8193089914008356,8.574384141450086,8.9368186075332,59.46996122926187,4.2127380975079225,,
Mavic3_000309,Mavic3,4,1692846951.434350014,nearest_train_time,0.242969,0.519792,0.23574200000000003,0.164062,0.10042626255098708,0.43416265961696254,8.943941664502818,2.8193089914008356,8.574384141450086,8.9368186075332,102.6004771225285,8.582282901680417,8.649548053741455,
Mavic3_000309,Mavic3,4,1692846951.434350014,linear_interpolation,0.24152871574099788,0.4292291617430859,0.23574200000000003,0.164062,0.46692346809707025,1.4833505190309866,7.809911146948033,2.8193089914008356,8.574384141450086,8.9368186075332,76.4973469770403,7.555553977654435,8.649548053741455,True
Mavic3_000310,Mavic3,4,1692846951.637315035,global_mean,0.2437988233041585,0.41461553391685013,0.23652350000000003,0.172396,1.097604748579709,3.6788042521086592,11.067756736575872,2.720716070561271,8.31232598290308,8.939599990098673,69.98263469058914,5.3509873043079885,,
Mavic3_000310,Mavic3,4,1692846951.637315035,sequence_mean,0.2384814554317549,0.3704256601671307,0.23652350000000003,0.172396,1.892071105257247,5.523790897375335,11.690229771871016,2.720716070561271,8.31232598290308,8.939599990098673,57.05236195526445,4.003566484787769,,
Mavic3_000310,Mavic3,4,1692846951.637315035,nearest_train_time,0.242969,0.519792,0.23652350000000003,0.172396,0.10042626255098708,0.43416265961696254,8.943941664502818,2.720716070561271,8.31232598290308,8.939599990098673,100.17243148902317,8.30249329276873,8.446583032608032,
Mavic3_000310,Mavic3,4,1692846951.637315035,linear_interpolation,0.24156251257330058,0.4313542540908608,0.23652350000000003,0.172396,0.4583234681194038,1.4587309163955882,7.8365216156721065,2.720716070561271,8.31232598290308,8.939599990098673,74.68031600841844,7.301162066641656,8.446583032608032,True
Mavic3_000311,Mavic3,4,1692846951.847836971,global_mean,0.2437988233041585,0.41461553391685013,0.236914,0.177083,1.097604748579709,3.6788042521086592,11.067756736575872,2.6253302069685747,8.063407521470939,8.933368496121703,68.61340974446028,5.110215657572673,,
Mavic3_000311,Mavic3,4,1692846951.847836971,sequence_mean,0.2384814554317549,0.3704256601671307,0.236914,0.177083,1.892071105257247,5.523790897375335,11.690229771871016,2.6253302069685747,8.063407521470939,8.933368496121703,55.69569716575917,3.8193724093561996,,
Mavic3_000311,Mavic3,4,1692846951.847836971,nearest_train_time,0.242969,0.519792,0.236914,0.177083,0.10042626255098708,0.43416265961696254,8.943941664502818,2.6253302069685747,8.063407521470939,8.933368496121703,98.80967884217856,8.036207369309878,8.236061096191406,
Mavic3_000311,Mavic3,4,1692846951.847836971,linear_interpolation,0.2415975677495146,0.4335584691502805,0.236914,0.177083,0.4494032677894607,1.4331946619628364,7.86412286131267,2.6253302069685747,8.063407521470939,8.933368496121703,73.95246381921677,7.059579791644128,8.236061096191406,True
Mavic3_000312,Mavic3,4,1692846952.032105923,global_mean,0.2437988233041585,0.41461553391685013,0.236914,0.184896,1.097604748579709,3.6788042521086592,11.067756736575872,2.5503851601968295,7.868718341551816,8.931045943605271,66.3701836589835,4.922548528363102,,
Mavic3_000312,Mavic3,4,1692846952.032105923,sequence_mean,0.2384814554317549,0.3704256601671307,0.236914,0.184896,1.892071105257247,5.523790897375335,11.690229771871016,2.5503851601968295,7.868718341551816,8.931045943605271,53.44610094862377,3.6803746428245923,,
Mavic3_000312,Mavic3,4,1692846952.032105923,nearest_train_time,0.242969,0.519792,0.236914,0.184896,0.10042626255098708,0.43416265961696254,8.943941664502818,2.5503851601968295,7.868718341551816,8.931045943605271,96.56208619981192,7.827840256901089,8.05179214477539,
Mavic3_000312,Mavic3,4,1692846952.032105923,linear_interpolation,0.2416282513954691,0.4354878091735019,0.236914,0.184896,0.4415954545553733,1.4108428875705306,7.888282113685769,2.5503851601968295,7.868718341551816,8.931045943605271,72.2611991791488,6.873027412046438,8.05179214477539,True
Mavic3_000313,Mavic3,4,1692846952.232659101,global_mean,0.2437988233041585,0.41461553391685013,0.2371095,0.190104,1.097604748579709,3.6788042521086592,11.067756736575872,2.460297297564485,7.628904945617709,8.92397085113342,64.86309253591219,4.69638631231946,,
Mavic3_000313,Mavic3,4,1692846952.232659101,sequence_mean,0.2384814554317549,0.3704256601671307,0.2371095,0.190104,1.892071105257247,5.523790897375335,11.690229771871016,2.460297297564485,7.628904945617709,8.92397085113342,51.94332590503409,3.5222967760101795,,
Mavic3_000313,Mavic3,4,1692846952.232659101,nearest_train_time,0.242969,0.519792,0.2371095,0.190104,0.10042626255098708,0.43416265961696254,8.943941664502818,2.460297297564485,7.628904945617709,8.92397085113342,95.05672364241235,7.571902449005108,7.851238965988159,
Mavic3_000313,Mavic3,4,1692846952.232659101,linear_interpolation,0.24166164661851489,0.43758764895467533,0.2371095,0.190104,0.43309764875879075,1.386515840764954,7.914576369030008,2.460297297564485,7.628904945617709,8.92397085113342,71.36097987390671,6.640469665091704,7.851238965988159,True
Mavic3_000314,Mavic3,4,1692846952.438239098,global_mean,0.2437988233041585,0.41461553391685013,0.23730449999999997,0.198437,1.097604748579709,3.6788042521086592,11.067756736575872,2.388342757702863,7.431470288093127,8.918514676989505,62.458879725425064,4.513064193707157,,
Mavic3_000314,Mavic3,4,1692846952.438239098,sequence_mean,0.2384814554317549,0.3704256601671307,0.23730449999999997,0.198437,1.892071105257247,5.523790897375335,11.690229771871016,2.388342757702863,7.431470288093127,8.918514676989505,49.540980900876946,3.401166090914193,,
Mavic3_000314,Mavic3,4,1692846952.438239098,nearest_train_time,0.242969,0.519792,0.23730449999999997,0.198437,0.10042626255098708,0.43416265961696254,8.943941664502818,2.388342757702863,7.431470288093127,8.918514676989505,92.65242763884008,7.36189666241063,7.64565896987915,
Mavic3_000314,Mavic3,4,1692846952.438239098,linear_interpolation,0.2416958788848162,0.43974012071629803,0.23730449999999997,0.198437,0.42438684749819355,1.3615790423662615,7.941529683577531,2.388342757702863,7.431470288093127,8.918514676989505,69.57708559300718,6.454084151103988,7.64565896987915,True
Mavic3_000315,Mavic3,4,1692846952.631469965,global_mean,0.2437988233041585,0.41461553391685013,0.2376955,0.204167,1.097604748579709,3.6788042521086592,11.067756736575872,2.3096558265647404,7.192805476706329,8.923966248941015,60.79016122104948,4.291049997027802,,
Mavic3_000315,Mavic3,4,1692846952.631469965,sequence_mean,0.2384814554317549,0.3704256601671307,0.2376955,0.204167,1.892071105257247,5.523790897375335,11.690229771871016,2.3096558265647404,7.192805476706329,8.923966248941015,47.88629859903565,3.2576372639970166,,
Mavic3_000315,Mavic3,4,1692846952.631469965,nearest_train_time,0.242969,0.519792,0.2376955,0.204167,0.10042626255098708,0.43416265961696254,8.943941664502818,2.3096558265647404,7.192805476706329,8.923966248941015,90.99018017787581,7.1105799350498105,7.452428102493286,
Mavic3_000315,Mavic3,4,1692846952.631469965,linear_interpolation,0.2417280548291453,0.4417632941446184,0.2376955,0.204167,0.41619930145738837,1.3381401899700838,7.9668639206021306,2.3096558265647404,7.192805476706329,8.923966248941015,68.49778117860863,6.2272247509703496,7.452428102493286,True
Mavic3_000316,Mavic3,4,1692846952.858974934,global_mean,0.2437988233041585,0.41461553391685013,0.2378905,0.213021,1.097604748579709,3.6788042521086592,11.067756736575872,2.2113938218232265,6.904267688896429,8.93431192968261,58.236272551090636,4.02439153485235,,
Mavic3_000316,Mavic3,4,1692846952.858974934,sequence_mean,0.2384814554317549,0.3704256601671307,0.2378905,0.213021,1.892071105257247,5.523790897375335,11.690229771871016,2.2113938218232265,6.904267688896429,8.93431192968261,45.3348139848946,3.0988330581262122,,
Mavic3_000316,Mavic3,4,1692846952.858974934,nearest_train_time,0.242969,0.519792,0.2378905,0.213021,0.10042626255098708,0.43416265961696254,8.943941664502818,2.2113938218232265,6.904267688896429,8.93431192968261,88.43609686143576,6.805772245528051,7.224923133850098,
Mavic3_000316,Mavic3,4,1692846952.858974934,linear_interpolation,0.24176593794432608,0.44414532561607367,0.2378905,0.213021,0.4065594989223287,1.3105438982825024,7.9966917885709226,2.2113938218232265,6.904267688896429,8.93431192968261,66.63031455419913,5.952000025858508,7.224923133850098,True
Mavic3_000317,Mavic3,4,1692846953.050843954,global_mean,0.2437988233041585,0.41461553391685013,0.23730449999999997,0.216146,1.097604748579709,3.6788042521086592,11.067756736575872,2.147476770002773,6.707483943383753,8.950152600160665,57.37642064595365,3.841793749314497,,
Mavic3_000317,Mavic3,4,1692846953.050843954,sequence_mean,0.2384814554317549,0.3704256601671307,0.23730449999999997,0.216146,1.892071105257247,5.523790897375335,11.690229771871016,2.147476770002773,6.707483943383753,8.950152600160665,44.44173532144137,2.9957276557926598,,
Mavic3_000317,Mavic3,4,1692846953.050843954,nearest_train_time,0.242969,0.519792,0.23730449999999997,0.216146,0.10042626255098708,0.43416265961696254,8.943941664502818,2.147476770002773,6.707483943383753,8.950152600160665,87.55818818657225,6.598864620913341,7.0330541133880615,
Mavic3_000317,Mavic3,4,1692846953.050843954,linear_interpolation,0.24179788711996447,0.44615424018116473,0.23730449999999997,0.216146,0.3984296568319338,1.287270237552986,8.021847475691843,2.147476770002773,6.707483943383753,8.950152600160665,66.33220078782756,5.77058340422197,7.0330541133880615,True
Mavic3_000318,Mavic3,4,1692846953.286938906,global_mean,0.2437988233041585,0.41461553391685013,0.23828100000000002,0.225521,1.097604748579709,3.6788042521086592,11.067756736575872,2.0617663974874363,6.472466233673007,8.950878620209723,54.62385260454734,3.6352892473656615,,
Mavic3_000318,Mavic3,4,1692846953.286938906,sequence_mean,0.2384814554317549,0.3704256601671307,0.23828100000000002,0.225521,1.892071105257247,5.523790897375335,11.690229771871016,2.0617663974874363,6.472466233673007,8.950878620209723,41.732826084613784,2.9039328707827665,,
Mavic3_000318,Mavic3,4,1692846953.286938906,nearest_train_time,0.242969,0.519792,0.23828100000000002,0.225521,0.10042626255098708,0.43416265961696254,8.943941664502818,2.0617663974874363,6.472466233673007,8.950878620209723,84.8264899718818,6.348859212388082,6.796959161758423,
Mavic3_000318,Mavic3,4,1692846953.286938906,linear_interpolation,0.24183720060089425,0.44862621083036647,0.23828100000000002,0.225521,0.38842588097241104,1.2586319832326793,8.05280156468298,2.0617663974874363,6.472466233673007,8.950878620209723,64.312319248434,5.54893489535956,6.796959161758423,True
Mavic3_000319,Mavic3,4,1692846953.482748032,global_mean,0.2437988233041585,0.41461553391685013,0.239453,0.233333,1.097604748579709,3.6788042521086592,11.067756736575872,1.9713177478477253,6.236885246442856,8.947124516916107,52.31594225398437,3.4357290041158435,,
Mavic3_000319,Mavic3,4,1692846953.482748032,sequence_mean,0.2384814554317549,0.3704256601671307,0.239453,0.233333,1.892071105257247,5.523790897375335,11.690229771871016,1.9713177478477253,6.236885246442856,8.947124516916107,39.48973585739578,2.8353853390315624,,
Mavic3_000319,Mavic3,4,1692846953.482748032,nearest_train_time,0.242969,0.519792,0.239453,0.233333,0.10042626255098708,0.43416265961696254,8.943941664502818,1.9713177478477253,6.236885246442856,8.947124516916107,82.5443713121604,6.0968708777507095,6.601150035858154,
Mavic3_000319,Mavic3,4,1692846953.482748032,linear_interpolation,0.2418698058653602,0.4506763792423985,0.239453,0.233333,0.3801290893924364,1.2348803887701034,8.078473833685587,1.9713177478477253,6.236885246442856,8.947124516916107,62.622406455606466,5.320384192185317,6.601150035858154,True
Mavic3_000320,Mavic3,4,1692846953.682590008,global_mean,0.2437988233041585,0.41461553391685013,0.2390625,0.242188,1.097604748579709,3.6788042521086592,11.067756736575872,1.8788331103463822,5.997109988067908,8.938876130033877,49.792173568095215,3.242991192636947,,
Mavic3_000320,Mavic3,4,1692846953.682590008,sequence_mean,0.2384814554317549,0.3704256601671307,0.2390625,0.242188,1.892071105257247,5.523790897375335,11.690229771871016,1.8788331103463822,5.997109988067908,8.938876130033877,36.93514192654351,2.7918010438736114,,
Mavic3_000320,Mavic3,4,1692846953.682590008,nearest_train_time,0.242969,0.519792,0.2390625,0.242188,0.10042626255098708,0.43416265961696254,8.943941664502818,1.8788331103463822,5.997109988067908,8.938876130033877,80.00622461308352,5.8403030362340385,6.401308059692383,
Mavic3_000320,Mavic3,4,1692846953.682590008,linear_interpolation,0.2419030826621097,0.45276877256191006,0.2390625,0.242188,0.37166141855455004,1.2106396106517898,8.104674844218435,1.8788331103463822,5.997109988067908,8.938876130033877,60.686486841554256,5.087018475263953,6.401308059692383,True
Mavic3_000321,Mavic3,4,1692846953.882106066,global_mean,0.2437988233041585,0.41461553391685013,0.238867,0.25,1.097604748579709,3.6788042521086592,11.067756736575872,1.8087031941630773,5.805362831436927,8.948720361578014,47.56033492563041,3.0851624834341878,,
Mavic3_000321,Mavic3,4,1692846953.882106066,sequence_mean,0.2384814554317549,0.3704256601671307,0.238867,0.25,1.892071105257247,5.523790897375335,11.690229771871016,1.8087031941630773,5.805362831436927,8.948720361578014,34.68385405569833,2.7571918339819,,
Mavic3_000321,Mavic3,4,1692846953.882106066,nearest_train_time,0.242969,0.519792,0.238867,0.25,0.10042626255098708,0.43416265961696254,8.943941664502818,1.8087031941630773,5.805362831436927,8.948720361578014,77.76393466975621,5.636312996701174,6.201792001724243,
Mavic3_000321,Mavic3,4,1692846953.882106066,linear_interpolation,0.24193630518841097,0.454857753439889,0.238867,0.25,0.36320755746810135,1.18643836632345,8.130833124058295,1.8087031941630773,5.805362831436927,8.948720361578014,59.04610410573265,4.908447858888355,6.201792001724243,True
Mavic3_000322,Mavic3,4,1692846954.081742048,global_mean,0.2437988233041585,0.41461553391685013,0.2390625,0.260417,1.097604748579709,3.6788042521086592,11.067756736575872,1.718402905653439,5.566075260846905,8.953143194332187,44.55789996565734,2.9015121308191008,,
Mavic3_000322,Mavic3,4,1692846954.081742048,sequence_mean,0.2384814554317549,0.3704256601671307,0.2390625,0.260417,1.892071105257247,5.523790897375335,11.690229771871016,1.718402905653439,5.566075260846905,8.953143194332187,31.685636593031244,2.7429166126390068,,
Mavic3_000322,Mavic3,4,1692846954.081742048,nearest_train_time,0.242969,0.519792,0.2390625,0.260417,0.10042626255098708,0.43416265961696254,8.943941664502818,1.718402905653439,5.566075260846905,8.953143194332187,74.7602243979836,5.380934866028295,6.002156019210815,
Mavic3_000322,Mavic3,4,1692846954.081742048,linear_interpolation,0.24196954768401402,0.4569479899565591,0.2390625,0.260417,0.3547486149588485,1.1622225751799256,8.157007127042688,1.718402905653439,5.566075260846905,8.953143194332187,56.64494048139225,4.67838691636607,6.002156019210815,True
Mavic3_000323,Mavic3,4,1692846954.281780005,global_mean,0.2437988233041585,0.41461553391685013,0.23925800000000003,0.268229,1.097604748579709,3.6788042521086592,11.067756736575872,1.6234831862289145,5.323555162121242,8.939288941313295,42.30331001221708,2.740826306543616,,
Mavic3_000323,Mavic3,4,1692846954.281780005,sequence_mean,0.2384814554317549,0.3704256601671307,0.23925800000000003,0.268229,1.892071105257247,5.523790897375335,11.690229771871016,1.6234831862289145,5.323555162121242,8.939288941313295,29.438679720991324,2.771264922945895,,
Mavic3_000323,Mavic3,4,1692846954.281780005,nearest_train_time,0.242969,0.519792,0.23925800000000003,0.268229,0.10042626255098708,0.43416265961696254,8.943941664502818,1.6234831862289145,5.323555162121242,8.939288941313295,72.50618000710726,5.121121272157242,5.8021180629730225,
Mavic3_000323,Mavic3,4,1692846954.281780005,linear_interpolation,0.24200285711449315,0.4590424352343295,0.23925800000000003,0.268229,0.3462726400860819,1.1379580247314314,8.18323383225705,1.6234831862289145,5.323555162121242,8.939288941313295,54.994686974574165,4.440958174046936,5.8021180629730225,True
Mavic3_000324,Mavic3,4,1692846954.484532118,global_mean,0.2437988233041585,0.41461553391685013,0.24003899999999997,0.276562,1.097604748579709,3.6788042521086592,11.067756736575872,1.5498517920996353,5.116201885237391,8.922158823850852,39.86413442337764,2.6218752348627414,,
Mavic3_000324,Mavic3,4,1692846954.484532118,sequence_mean,0.2384814554317549,0.3704256601671307,0.24003899999999997,0.276562,1.892071105257247,5.523790897375335,11.690229771871016,1.5498517920996353,5.116201885237391,8.922158823850852,27.059186888641875,2.818769170114307,,
Mavic3_000324,Mavic3,4,1692846954.484532118,nearest_train_time,0.242969,0.519792,0.24003899999999997,0.276562,0.10042626255098708,0.43416265961696254,8.943941664502818,1.5498517920996353,5.116201885237391,8.922158823850852,70.0863731699337,4.901305965566992,5.599365949630737,
Mavic3_000324,Mavic3,4,1692846954.484532118,linear_interpolation,0.24203661849433772,0.46116529838657505,0.24003899999999997,0.276562,0.3376816614017831,1.1133642477540033,8.209816386929305,1.5498517920996353,5.116201885237391,8.922158823850852,53.18788063887178,4.2425814459181534,5.599365949630737,True
Mavic3_000325,Mavic3,4,1692846954.681873083,global_mean,0.2437988233041585,0.41461553391685013,0.240625,0.2875,1.097604748579709,3.6788042521086592,11.067756736575872,1.4887218375795517,4.904208183398399,8.910603728649493,36.6903299797784,2.511552601824991,,
Mavic3_000325,Mavic3,4,1692846954.681873083,sequence_mean,0.2384814554317549,0.3704256601671307,0.240625,0.2875,1.892071105257247,5.523790897375335,11.690229771871016,1.4887218375795517,4.904208183398399,8.910603728649493,23.939261156164246,2.876263950222666,,
Mavic3_000325,Mavic3,4,1692846954.681873083,nearest_train_time,0.242969,0.519792,0.240625,0.2875,0.10042626255098708,0.43416265961696254,8.943941664502818,1.4887218375795517,4.904208183398399,8.910603728649493,66.92431199531366,4.68078871626239,5.402024984359741,
Mavic3_000325,Mavic3,4,1692846954.681873083,linear_interpolation,0.24206947883388033,0.46323150552344045,0.240625,0.2875,0.329319962979829,1.0894268415865436,8.235689493314814,1.4887218375795517,4.904208183398399,8.910603728649493,50.622830426123606,4.043795076128192,5.402024984359741,True
Mavic3_000326,Mavic3,4,1692846954.881856918,global_mean,0.2437988233041585,0.41461553391685013,0.2404295,0.294271,1.097604748579709,3.6788042521086592,11.067756736575872,1.434304054515015,4.669466679288693,8.907680260177203,34.75568749356842,2.4001476727764977,,
Mavic3_000326,Mavic3,4,1692846954.881856918,sequence_mean,0.2384814554317549,0.3704256601671307,0.2404295,0.294271,1.892071105257247,5.523790897375335,11.690229771871016,1.434304054515015,4.669466679288693,8.907680260177203,21.98351004983997,2.946523770035135,,
Mavic3_000326,Mavic3,4,1692846954.881856918,nearest_train_time,0.242969,0.519792,0.2404295,0.294271,0.10042626255098708,0.43416265961696254,8.943941664502818,1.434304054515015,4.669466679288693,8.907680260177203,64.97932398628969,4.440534313839497,5.202041149139404,
Mavic3_000326,Mavic3,4,1692846954.881856918,linear_interpolation,0.24210277925236845,0.46532538414120506,0.2404295,0.294271,0.3208462813137749,1.0651688560029529,8.261909102795961,1.434304054515015,4.669466679288693,8.907680260177203,49.28042088546473,3.8272407030849385,5.202041149139404,True
Mavic3_000327,Mavic3,4,1692846955.081561089,global_mean,0.2437988233041585,0.41461553391685013,0.2402345,0.305208,1.097604748579709,3.6788042521086592,11.067756736575872,1.3830609212326597,4.444475059873643,8.902909869830454,31.62805311063501,2.3139358177846256,,
Mavic3_000327,Mavic3,4,1692846955.081561089,sequence_mean,0.2384814554317549,0.3704256601671307,0.2402345,0.305208,1.892071105257247,5.523790897375335,11.690229771871016,1.3830609212326597,4.444475059873643,8.902909869830454,18.830876899742833,3.0320234631074556,,
Mavic3_000327,Mavic3,4,1692846955.081561089,nearest_train_time,0.242969,0.519792,0.2402345,0.305208,0.10042626255098708,0.43416265961696254,8.943941664502818,1.3830609212326597,4.444475059873643,8.902909869830454,61.83586446752469,4.210634254299224,5.0023369789123535,
Mavic3_000327,Mavic3,4,1692846955.081561089,linear_interpolation,0.24213603310228618,0.4674163345995565,0.2402345,0.305208,0.31238444956610883,1.040944793708052,8.28809204577903,1.3830609212326597,4.444475059873643,8.902909869830454,46.73882104084753,3.620547933180402,5.0023369789123535,True
Mavic3_000328,Mavic3,4,1692846955.282934904,global_mean,0.2437988233041585,0.41461553391685013,0.2396485,0.310937,1.097604748579709,3.6788042521086592,11.067756736575872,1.339787098375287,4.273834240935461,8.90468737210101,30.02906352347576,2.256453423779319,,
Mavic3_000328,Mavic3,4,1692846955.282934904,sequence_mean,0.2384814554317549,0.3704256601671307,0.2396485,0.310937,1.892071105257247,5.523790897375335,11.690229771871016,1.339787098375287,4.273834240935461,8.90468737210101,17.156162591875322,3.1026852447762696,,
Mavic3_000328,Mavic3,4,1692846955.282934904,nearest_train_time,0.242969,0.519792,0.2396485,0.310937,0.10042626255098708,0.43416265961696254,8.943941664502818,1.339787098375287,4.273834240935461,8.90468737210101,60.20427398846644,4.034926769252692,4.8009631633758545,
Mavic3_000328,Mavic3,4,1692846955.282934904,linear_interpolation,0.24216956497411235,0.46952476664390136,0.2396485,0.310937,0.30385187188624324,1.016518203884855,8.314493893694777,1.339787098375287,4.273834240935461,8.90468737210101,45.71429752179748,3.468659380893606,4.8009631633758545,True
Mavic3_000329,Mavic3,4,1692846955.486711979,global_mean,0.2437988233041585,0.41461553391685013,0.239453,0.320312,1.097604748579709,3.6788042521086592,11.067756736575872,1.2762961754258602,4.050799550549531,8.912523165399138,27.363725913051045,2.1943889524005633,,
Mavic3_000329,Mavic3,4,1692846955.486711979,sequence_mean,0.2384814554317549,0.3704256601671307,0.239453,0.320312,1.892071105257247,5.523790897375335,11.690229771871016,1.2762961754258602,4.050799550549531,8.912523165399138,14.452008462755874,3.2038314973902824,,
Mavic3_000329,Mavic3,4,1692846955.486711979,nearest_train_time,0.242969,0.519792,0.239453,0.320312,0.10042626255098708,0.43416265961696254,8.943941664502818,1.2762961754258602,4.050799550549531,8.912523165399138,57.51366473578732,3.8031197160942334,4.597186088562012,
Mavic3_000329,Mavic3,4,1692846955.486711979,linear_interpolation,0.242203497025981,0.4716583613880627,0.239453,0.320312,0.2952174637056535,0.9918000993557858,8.341210829675841,1.2762961754258602,4.050799550549531,8.912523165399138,43.63890795930504,3.2628807618336015,4.597186088562012,True
Mavic3_000330,Mavic3,4,1692846955.682235003,global_mean,0.2437988233041585,0.41461553391685013,0.24003899999999997,0.33125,1.097604748579709,3.6788042521086592,11.067756736575872,1.2096437503874047,3.8276032822498145,8.918611774665168,24.182289778676388,2.157201417717681,,
Mavic3_000330,Mavic3,4,1692846955.682235003,sequence_mean,0.2384814554317549,0.3704256601671307,0.24003899999999997,0.33125,1.892071105257247,5.523790897375335,11.690229771871016,1.2096437503874047,3.8276032822498145,8.918611774665168,11.345823929162016,3.320335200369867,,
Mavic3_000330,Mavic3,4,1692846955.682235003,nearest_train_time,0.242969,0.519792,0.24003899999999997,0.33125,0.10042626255098708,0.43416265961696254,8.943941664502818,1.2096437503874047,3.8276032822498145,8.918611774665168,54.34670188398572,3.5702162816804472,4.401663064956665,
Mavic3_000330,Mavic3,4,1692846955.682235003,linear_interpolation,0.2422360546499657,0.47370553424059275,0.24003899999999997,0.33125,0.2869327948043365,0.9680832090248612,8.366845588194483,1.2096437503874047,3.8276032822498145,8.918611774665168,41.061877034067685,3.05494623213926,4.401663064956665,True
Mavic3_000331,Mavic3,4,1692846955.882791996,global_mean,0.2437988233041585,0.41461553391685013,0.2402345,0.340104,1.097604748579709,3.6788042521086592,11.067756736575872,1.1422916844332083,3.6076715773851937,8.922734077918522,21.633211761874204,2.146666948038921,,
Mavic3_000331,Mavic3,4,1692846955.882791996,sequence_mean,0.2384814554317549,0.3704256601671307,0.2402345,0.340104,1.892071105257247,5.523790897375335,11.690229771871016,1.1422916844332083,3.6076715773851937,8.922734077918522,8.835813222461047,3.4485815699177405,,
Mavic3_000331,Mavic3,4,1692846955.882791996,nearest_train_time,0.242969,0.519792,0.2402345,0.340104,0.10042626255098708,0.43416265961696254,8.943941664502818,1.1422916844332083,3.6076715773851937,8.922734077918522,51.79273894311781,3.340223371302739,4.201106071472168,
Mavic3_000331,Mavic3,4,1692846955.882791996,linear_interpolation,0.2422694505082179,0.4758054139625596,0.2402345,0.340104,0.2784348273720384,0.943755699497529,8.393140343678507,1.1422916844332083,3.6076715773851937,8.922734077918522,39.11324281526591,2.8501168392365765,4.201106071472168,True
Mavic3_000332,Mavic3,4,1692846956.081439972,global_mean,0.2437988233041585,0.41461553391685013,0.239453,0.352083,1.097604748579709,3.6788042521086592,11.067756736575872,1.0852544675134557,3.4223142792795933,8.926188823625695,18.316029094413796,2.1569081485733332,,
Mavic3_000332,Mavic3,4,1692846956.081439972,sequence_mean,0.2384814554317549,0.3704256601671307,0.239453,0.352083,1.892071105257247,5.523790897375335,11.690229771871016,1.0852544675134557,3.4223142792795933,8.926188823625695,5.335120141341659,3.5646990654079342,,
Mavic3_000332,Mavic3,4,1692846956.081439972,nearest_train_time,0.242969,0.519792,0.239453,0.352083,0.10042626255098708,0.43416265961696254,8.943941664502818,1.0852544675134557,3.4223142792795933,8.926188823625695,48.37561475082058,3.146307654814006,4.002458095550537,
Mavic3_000332,Mavic3,4,1692846956.081439972,linear_interpolation,0.242302528485359,0.4778853058137497,0.239453,0.352083,0.2700177485130832,0.919659753288641,8.419184810458269,1.0852544675134557,3.4223142792795933,8.926188823625695,36.29709718835369,2.6804745202738576,4.002458095550537,True
Mavic3_000333,Mavic3,4,1692846956.283240080,global_mean,0.2437988233041585,0.41461553391685013,0.2402345,0.358854,1.097604748579709,3.6788042521086592,11.067756736575872,1.0083580703547075,3.194639969979111,8.932191672483755,16.290953809986753,2.1915789204669274,,
Mavic3_000333,Mavic3,4,1692846956.283240080,sequence_mean,0.2384814554317549,0.3704256601671307,0.2402345,0.358854,1.892071105257247,5.523790897375335,11.690229771871016,1.0083580703547075,3.194639969979111,8.932191672483755,3.5943154450290344,3.716539644389528,,
Mavic3_000333,Mavic3,4,1692846956.283240080,nearest_train_time,0.242969,0.519792,0.2402345,0.358854,0.10042626255098708,0.43416265961696254,8.943941664502818,1.0083580703547075,3.194639969979111,8.932191672483755,46.39769662418548,2.905978873109442,3.8006579875946045,
Mavic3_000333,Mavic3,4,1692846956.283240080,linear_interpolation,0.24233613134150225,0.4799982012417525,0.2402345,0.358854,0.26146710804201767,0.8951814543092832,8.445642548995128,1.0083580703547075,3.194639969979111,8.932191672483755,34.92684450865884,2.466188481125969,3.8006579875946045,True
Mavic3_000334,Mavic3,4,1692846956.484848022,global_mean,0.2437988233041585,0.41461553391685013,0.23925800000000003,0.371354,1.097604748579709,3.6788042521086592,11.067756736575872,0.9257739875963769,2.966651602275082,8.938473449847011,12.938173169632847,2.2517847415390206,,
Mavic3_000334,Mavic3,4,1692846956.484848022,sequence_mean,0.2384814554317549,0.3704256601671307,0.23925800000000003,0.371354,1.892071105257247,5.523790897375335,11.690229771871016,0.9257739875963769,2.966651602275082,8.938473449847011,0.6535739468244529,3.8787696953988644,,
Mavic3_000334,Mavic3,4,1692846956.484848022,nearest_train_time,0.242969,0.519792,0.23925800000000003,0.371354,0.10042626255098708,0.43416265961696254,8.943941664502818,0.9257739875963769,2.966651602275082,8.938473449847011,42.84504155235516,2.663593252224288,3.5990500450134277,
Mavic3_000334,Mavic3,4,1692846956.484848022,linear_interpolation,0.24236970219912224,0.48210908465228985,0.23925800000000003,0.371354,0.2529246099701173,0.8707264649383517,8.472075092990254,0.9257739875963769,2.966651602275082,8.938473449847011,31.986861633344326,2.2501457494061845,3.5990500450134277,True
Mavic3_000335,Mavic3,4,1692846956.680641890,global_mean,0.2437988233041585,0.41461553391685013,0.2404295,0.38125,1.097604748579709,3.6788042521086592,11.067756736575872,0.858124145894313,2.784901097894366,8.94129274565127,9.951584027636983,2.319108214998992,,
Mavic3_000335,Mavic3,4,1692846956.680641890,sequence_mean,0.2384814554317549,0.3704256601671307,0.2404295,0.38125,1.892071105257247,5.523790897375335,11.690229771871016,0.858124145894313,2.784901097894366,8.94129274565127,3.457825070512972,4.015870817468936,,
Mavic3_000335,Mavic3,4,1692846956.680641890,nearest_train_time,0.242969,0.519792,0.2404295,0.38125,0.10042626255098708,0.43416265961696254,8.943941664502818,0.858124145894313,2.784901097894366,8.94129274565127,39.94773424516231,2.4698348739113967,3.4032561779022217,
Mavic3_000335,Mavic3,4,1692846956.680641890,linear_interpolation,0.24240230492276252,0.4841590933011484,0.2404295,0.38125,0.24462846493300427,0.8469767213627968,8.497745361433717,0.858124145894313,2.784901097894366,8.94129274565127,29.676520658506224,2.0805437082069878,3.4032561779022217,True
Mavic3_000336,Mavic3,4,1692846956.880592108,global_mean,0.2437988233041585,0.41461553391685013,0.24082049999999997,0.393229,1.097604748579709,3.6788042521086592,11.067756736575872,0.771130069659667,2.5489206985216732,8.944407100038775,6.5703291527682985,2.4273104951003934,,
Mavic3_000336,Mavic3,4,1692846956.880592108,sequence_mean,0.2384814554317549,0.3704256601671307,0.24082049999999997,0.393229,1.892071105257247,5.523790897375335,11.690229771871016,0.771130069659667,2.5489206985216732,8.944407100038775,6.808615530170072,4.200702756737513,,
Mavic3_000336,Mavic3,4,1692846956.880592108,nearest_train_time,0.242969,0.519792,0.24082049999999997,0.393229,0.10042626255098708,0.43416265961696254,8.943941664502818,0.771130069659667,2.5489206985216732,8.944407100038775,36.487472590233494,2.2185683168684287,3.203305959701538,
Mavic3_000336,Mavic3,4,1692846956.880592108,linear_interpolation,0.2424355997434941,0.4862526199406716,0.24082049999999997,0.393229,0.23615620768169246,0.8227228135146754,8.523960563432999,0.771130069659667,2.5489206985216732,8.944407100038775,26.819501945899717,1.8554599056153314,3.203305959701538,True
Mavic3_000337,Mavic3,4,1692846957.082036972,global_mean,0.2437988233041585,0.41461553391685013,0.241406,0.403646,1.097604748579709,3.6788042521086592,11.067756736575872,0.6877369237424962,2.309663216762832,8.939417802569709,3.654833201753802,2.5636625024583712,,
Mavic3_000337,Mavic3,4,1692846957.082036972,sequence_mean,0.2384814554317549,0.3704256601671307,0.241406,0.403646,1.892071105257247,5.523790897375335,11.690229771871016,0.6877369237424962,2.309663216762832,8.939417802569709,9.827562859554162,4.398636613599224,,
Mavic3_000337,Mavic3,4,1692846957.082036972,nearest_train_time,0.242969,0.519792,0.241406,0.403646,0.10042626255098708,0.43416265961696254,8.943941664502818,0.6877369237424962,2.309663216762832,8.939417802569709,33.4715794809531,1.9653133637998965,3.001861095428467,
Mavic3_000337,Mavic3,4,1692846957.082036972,linear_interpolation,0.2424691434460398,0.4883617958822928,0.241406,0.403646,0.22762061953662693,0.798287605498785,8.550371726452262,0.6877369237424962,2.309663216762832,8.939417802569709,24.41180754875657,1.6270587269862826,3.001861095428467,True
Mavic3_000338,Mavic3,4,1692846957.283248901,global_mean,0.2437988233041585,0.41461553391685013,0.24160149999999997,0.417187,1.097604748579709,3.6788042521086592,11.067756736575872,0.6251364663650254,2.1253049937813593,8.936121776439593,1.8428965783833402,2.679636883347734,,
Mavic3_000338,Mavic3,4,1692846957.283248901,sequence_mean,0.2384814554317549,0.3704256601671307,0.24160149999999997,0.417187,1.892071105257247,5.523790897375335,11.690229771871016,0.6251364663650254,2.1253049937813593,8.936121776439593,13.678779069924781,4.55411250043861,,
Mavic3_000338,Mavic3,4,1692846957.283248901,nearest_train_time,0.242969,0.519792,0.24160149999999997,0.417187,0.10042626255098708,0.43416265961696254,8.943941664502818,0.6251364663650254,2.1253049937813593,8.936121776439593,29.568897309761166,1.7706903577528441,2.8006491661071777,
Mavic3_000338,Mavic3,4,1692846957.283248901,linear_interpolation,0.24250264836129365,0.4904685329392195,0.24160149999999997,0.417187,0.2190949012724352,0.7738806524300811,8.576752349685833,0.6251364663650254,2.1253049937813593,8.936121776439593,21.116425880468437,1.4561469321002267,2.8006491661071777,True
Mavic3_000339,Mavic3,4,1692846957.482434988,global_mean,0.2437988233041585,0.41461553391685013,0.24257800000000002,0.429167,1.097604748579709,3.6788042521086592,11.067756736575872,0.5435011109408567,1.887944829667962,8.937040936410442,4.294423162229092,2.8379848719230063,,
Mavic3_000339,Mavic3,4,1692846957.482434988,sequence_mean,0.2384814554317549,0.3704256601671307,0.24257800000000002,0.429167,1.892071105257247,5.523790897375335,11.690229771871016,0.5435011109408567,1.887944829667962,8.937040936410442,17.20756348281725,4.755845500154354,,
Mavic3_000339,Mavic3,4,1692846957.482434988,nearest_train_time,0.242969,0.519792,0.24257800000000002,0.429167,0.10042626255098708,0.43416265961696254,8.943941664502818,0.5435011109408567,1.887944829667962,8.937040936410442,26.10172739270227,1.5198176006620345,2.6014630794525146,
Mavic3_000339,Mavic3,4,1692846957.482434988,linear_interpolation,0.24253581594223989,0.49255405893857285,0.24257800000000002,0.429167,0.21065502167537145,0.7497194335335785,8.602867367434188,0.5435011109408567,1.887944829667962,8.937040936410442,18.25550172152013,1.2320777352695442,2.6014630794525146,True
Mavic3_000340,Mavic3,4,1692846957.682171106,global_mean,0.2437988233041585,0.41461553391685013,0.24238299999999996,0.442188,1.097604748579709,3.6788042521086592,11.067756736575872,0.4602033130216985,1.6415269350500274,8.940369019958142,8.014970683646142,3.013728248112133,,
Mavic3_000340,Mavic3,4,1692846957.682171106,sequence_mean,0.2384814554317549,0.3704256601671307,0.24238299999999996,0.442188,1.892071105257247,5.523790897375335,11.690229771871016,0.4602033130216985,1.6415269350500274,8.940369019958142,20.88363266954092,4.968294778142913,,
Mavic3_000340,Mavic3,4,1692846957.682171106,nearest_train_time,0.242969,0.519792,0.24238299999999996,0.442188,0.10042626255098708,0.43416265961696254,8.943941664502818,0.4602033130216985,1.6415269350500274,8.940369019958142,22.354482718341036,1.259833633233554,2.4017269611358643,
Mavic3_000340,Mavic3,4,1692846957.682171106,linear_interpolation,0.24256907511201134,0.49464534390106873,0.24238299999999996,0.442188,0.2021918362285885,0.7254914959439763,8.629054499087966,0.4602033130216985,1.6415269350500274,8.940369019958142,15.108390909389714,1.0013029405528604,2.4017269611358643,True
Mavic3_000341,Mavic3,4,1692846957.880556107,global_mean,0.2437988233041585,0.41461553391685013,0.24238299999999996,0.452604,1.097604748579709,3.6788042521086592,11.067756736575872,0.40067546601632853,1.4559720785734989,8.939236569539789,10.994579355031503,3.15551761175194,,
Mavic3_000341,Mavic3,4,1692846957.880556107,sequence_mean,0.2384814554317549,0.3704256601671307,0.24238299999999996,0.452604,1.892071105257247,5.523790897375335,11.690229771871016,0.40067546601632853,1.4559720785734989,8.939236569539789,23.85628530185896,5.132190029082888,,
Mavic3_000341,Mavic3,4,1692846957.880556107,nearest_train_time,0.242969,0.519792,0.24238299999999996,0.452604,0.10042626255098708,0.43416265961696254,8.943941664502818,0.40067546601632853,1.4559720785734989,8.939236569539789,19.355376927950545,1.0650193476028862,2.2033419609069824,
Mavic3_000341,Mavic3,4,1692846957.880556107,linear_interpolation,0.24260210929961012,0.49672248233381655,0.24238299999999996,0.452604,0.19378590013176633,0.7014274486160984,8.655064487481217,0.40067546601632853,1.4559720785734989,8.939236569539789,12.707237160416804,0.8324029452680693,2.2033419609069824,True
Mavic3_000768,Mavic3,11,1692847044.684083939,global_mean,0.2437988233041585,0.41461553391685013,0.2376955,0.221875,1.097604748579709,3.6788042521086592,11.067756736575872,3.1457767661112443,10.017921167743683,12.962042225515065,55.706828538505015,6.925873908547203,,
Mavic3_000768,Mavic3,11,1692847044.684083939,sequence_mean,0.2384814554317549,0.3704256601671307,0.2376955,0.221875,1.892071105257247,5.523790897375335,11.690229771871016,3.1457767661112443,10.017921167743683,12.962042225515065,42.78684806873636,4.8359581975387815,,
Mavic3_000768,Mavic3,11,1692847044.684083939,nearest_train_time,0.2390625,0.276042,0.2376955,0.221875,2.3632171075106685,7.691420557046062,12.932074522076649,3.1457767661112443,10.017921167743683,12.962042225515065,15.635382720929865,2.454771430112146,2.1947579383850098,
Mavic3_000768,Mavic3,11,1692847044.684083939,linear_interpolation,0.2390625,0.276042,0.2376955,0.221875,2.3632171075106685,7.691420557046062,12.932074522076649,3.1457767661112443,10.017921167743683,12.962042225515065,15.635382720929865,2.454771430112146,2.1947579383850098,False
Mavic3_000769,Mavic3,11,1692847044.887388945,global_mean,0.2437988233041585,0.41461553391685013,0.23808599999999996,0.214062,1.097604748579709,3.6788042521086592,11.067756736575872,3.2354221418023785,10.312745626759128,12.962159422571945,57.925815000468624,7.222755907946347,,
Mavic3_000769,Mavic3,11,1692847044.887388945,sequence_mean,0.2384814554317549,0.3704256601671307,0.23808599999999996,0.214062,1.892071105257247,5.523790897375335,11.690229771871016,3.2354221418023785,10.312745626759128,12.962159422571945,45.03375825622963,5.133856683216475,,
Mavic3_000769,Mavic3,11,1692847044.887388945,nearest_train_time,0.2390625,0.276042,0.23808599999999996,0.214062,2.3632171075106685,7.691420557046062,12.932074522076649,3.2354221418023785,10.312745626759128,12.962159422571945,17.86598712805716,2.762786970468014,2.3980629444122314,
Mavic3_000769,Mavic3,11,1692847044.887388945,linear_interpolation,0.2390625,0.276042,0.23808599999999996,0.214062,2.3632171075106685,7.691420557046062,12.932074522076649,3.2354221418023785,10.312745626759128,12.962159422571945,17.86598712805716,2.762786970468014,2.3980629444122314,False
Mavic3_000770,Mavic3,11,1692847045.085313082,global_mean,0.2437988233041585,0.41461553391685013,0.2378905,0.206771,1.097604748579709,3.6788042521086592,11.067756736575872,3.3539680966909104,10.692327166284489,12.953968283555598,60.03096412194213,7.605160959922458,,
Mavic3_000770,Mavic3,11,1692847045.085313082,sequence_mean,0.2384814554317549,0.3704256601671307,0.2378905,0.206771,1.892071105257247,5.523790897375335,11.690229771871016,3.3539680966909104,10.692327166284489,12.953968283555598,47.13472722639091,5.517965657967339,,
Mavic3_000770,Mavic3,11,1692847045.085313082,nearest_train_time,0.2390625,0.276042,0.2378905,0.206771,2.3632171075106685,7.691420557046062,12.932074522076649,3.3539680966909104,10.692327166284489,12.953968283555598,19.970342711418848,3.1603017793755397,2.59598708152771,
Mavic3_000770,Mavic3,11,1692847045.085313082,linear_interpolation,0.2390625,0.276042,0.2378905,0.206771,2.3632171075106685,7.691420557046062,12.932074522076649,3.3539680966909104,10.692327166284489,12.953968283555598,19.970342711418848,3.1603017793755397,2.59598708152771,False
Mavic3_000771,Mavic3,11,1692847045.289567947,global_mean,0.2437988233041585,0.41461553391685013,0.2378905,0.197917,1.097604748579709,3.6788042521086592,11.067756736575872,3.477706796628259,11.06495743077517,12.950661052209826,62.57391799738612,7.9853286218967385,,
Mavic3_000771,Mavic3,11,1692847045.289567947,sequence_mean,0.2384814554317549,0.3704256601671307,0.2378905,0.197917,1.892071105257247,5.523790897375335,11.690229771871016,3.477706796628259,11.06495743077517,12.950661052209826,49.684567081117024,5.899784242586885,,
Mavic3_000771,Mavic3,11,1692847045.289567947,nearest_train_time,0.2390625,0.276042,0.2378905,0.197917,2.3632171075106685,7.691420557046062,12.932074522076649,3.477706796628259,11.06495743077517,12.950661052209826,22.51799664289024,3.552912011950448,2.8002419471740723,
Mavic3_000771,Mavic3,11,1692847045.289567947,linear_interpolation,0.2390625,0.276042,0.2378905,0.197917,2.3632171075106685,7.691420557046062,12.932074522076649,3.477706796628259,11.06495743077517,12.950661052209826,22.51799664289024,3.552912011950448,2.8002419471740723,False
Mavic3_000772,Mavic3,11,1692847045.488291979,global_mean,0.2437988233041585,0.41461553391685013,0.2378905,0.19375,1.097604748579709,3.6788042521086592,11.067756736575872,3.565175765410477,11.312443604859485,12.944323492613437,63.770913849170114,8.239105490332955,,
Mavic3_000772,Mavic3,11,1692847045.488291979,sequence_mean,0.2384814554317549,0.3704256601671307,0.2378905,0.19375,1.892071105257247,5.523790897375335,11.690229771871016,3.565175765410477,11.312443604859485,12.944323492613437,50.88461419126244,6.154716113038489,,
Mavic3_000772,Mavic3,11,1692847045.488291979,nearest_train_time,0.2390625,0.276042,0.2378905,0.19375,2.3632171075106685,7.691420557046062,12.932074522076649,3.565175765410477,11.312443604859485,12.944323492613437,23.717182025241364,3.8153194578403964,2.9989659786224365,
Mavic3_000772,Mavic3,11,1692847045.488291979,linear_interpolation,0.2390625,0.276042,0.2378905,0.19375,2.3632171075106685,7.691420557046062,12.932074522076649,3.565175765410477,11.312443604859485,12.944323492613437,23.717182025241364,3.8153194578403964,2.9989659786224365,False
Mavic3_000773,Mavic3,11,1692847045.687958956,global_mean,0.2437988233041585,0.41461553391685013,0.2376955,0.1875,1.097604748579709,3.6788042521086592,11.067756736575872,3.6345042171175423,11.492856761921534,12.90519961496783,65.57701095983137,8.41851957715451,,
Mavic3_000773,Mavic3,11,1692847045.687958956,sequence_mean,0.2384814554317549,0.3704256601671307,0.2376955,0.1875,1.892071105257247,5.523790897375335,11.690229771871016,3.6345042171175423,11.492856761921534,12.90519961496783,52.68604798420711,6.335769263809447,,
Mavic3_000773,Mavic3,11,1692847045.687958956,nearest_train_time,0.2390625,0.276042,0.2376955,0.1875,2.3632171075106685,7.691420557046062,12.932074522076649,3.6345042171175423,11.492856761921534,12.90519961496783,25.521698486385112,4.008467337452401,3.1986329555511475,
Mavic3_000773,Mavic3,11,1692847045.687958956,linear_interpolation,0.2390625,0.276042,0.2376955,0.1875,2.3632171075106685,7.691420557046062,12.932074522076649,3.6345042171175423,11.492856761921534,12.90519961496783,25.521698486385112,4.008467337452401,3.1986329555511475,False
Mavic3_000774,Mavic3,11,1692847045.888303995,global_mean,0.2437988233041585,0.41461553391685013,0.23730449999999997,0.183854,1.097604748579709,3.6788042521086592,11.067756736575872,3.671806649718083,11.57306630492258,12.82904849090214,66.64621523843469,8.488111534975255,,
Mavic3_000774,Mavic3,11,1692847045.888303995,sequence_mean,0.2384814554317549,0.3704256601671307,0.23730449999999997,0.183854,1.892071105257247,5.523790897375335,11.690229771871016,3.671806649718083,11.57306630492258,12.82904849090214,53.74024040345969,6.407659450953124,,
Mavic3_000774,Mavic3,11,1692847045.888303995,nearest_train_time,0.2390625,0.276042,0.23730449999999997,0.183854,2.3632171075106685,7.691420557046062,12.932074522076649,3.671806649718083,11.57306630492258,12.82904849090214,26.5844510050795,4.097584003419825,3.3989779949188232,
Mavic3_000774,Mavic3,11,1692847045.888303995,linear_interpolation,0.2390625,0.276042,0.23730449999999997,0.183854,2.3632171075106685,7.691420557046062,12.932074522076649,3.671806649718083,11.57306630492258,12.82904849090214,26.5844510050795,4.097584003419825,3.3989779949188232,False
Mavic3_000775,Mavic3,11,1692847046.087078094,global_mean,0.2437988233041585,0.41461553391685013,0.2375,0.182292,1.097604748579709,3.6788042521086592,11.067756736575872,3.687607144580075,11.597038309569829,12.742557895049758,67.08382398183731,8.497735105335487,,
Mavic3_000775,Mavic3,11,1692847046.087078094,sequence_mean,0.2384814554317549,0.3704256601671307,0.2375,0.182292,1.892071105257247,5.523790897375335,11.690229771871016,3.687607144580075,11.597038309569829,12.742557895049758,54.18773681123308,6.419943790802776,,
Mavic3_000775,Mavic3,11,1692847046.087078094,nearest_train_time,0.2390625,0.276042,0.2375,0.182292,2.3632171075106685,7.691420557046062,12.932074522076649,3.687607144580075,11.597038309569829,12.742557895049758,27.0266535109325,4.128410777894704,3.597752094268799,
Mavic3_000775,Mavic3,11,1692847046.087078094,linear_interpolation,0.2390625,0.276042,0.2375,0.182292,2.3632171075106685,7.691420557046062,12.932074522076649,3.687607144580075,11.597038309569829,12.742557895049758,27.0266535109325,4.128410777894704,3.597752094268799,False
Mavic3_000776,Mavic3,11,1692847046.287882090,global_mean,0.2437988233041585,0.41461553391685013,0.2375,0.177604,1.097604748579709,3.6788042521086592,11.067756736575872,3.6952561736681178,11.603847822414313,12.615265638812206,68.43052227379098,8.482269290703256,,
Mavic3_000776,Mavic3,11,1692847046.287882090,sequence_mean,0.2384814554317549,0.3704256601671307,0.2375,0.177604,1.892071105257247,5.523790897375335,11.690229771871016,3.6952561736681178,11.603847822414313,12.615265638812206,55.53775335975043,6.4089203425992105,,
Mavic3_000776,Mavic3,11,1692847046.287882090,nearest_train_time,0.2390625,0.276042,0.2375,0.177604,2.3632171075106685,7.691420557046062,12.932074522076649,3.6952561736681178,11.603847822414313,12.615265638812206,28.37552933111092,4.145091440376408,3.798556089401245,
Mavic3_000776,Mavic3,11,1692847046.287882090,linear_interpolation,0.2390625,0.276042,0.2375,0.177604,2.3632171075106685,7.691420557046062,12.932074522076649,3.6952561736681178,11.603847822414313,12.615265638812206,28.37552933111092,4.145091440376408,3.798556089401245,False
Mavic3_000777,Mavic3,11,1692847046.488811970,global_mean,0.2437988233041585,0.41461553391685013,0.2376955,0.177604,1.097604748579709,3.6788042521086592,11.067756736575872,3.696820878915351,11.603187807854741,12.472601445109364,68.4200721995843,8.457267164153588,,
Mavic3_000777,Mavic3,11,1692847046.488811970,sequence_mean,0.2384814554317549,0.3704256601671307,0.2376955,0.177604,1.892071105257247,5.523790897375335,11.690229771871016,3.696820878915351,11.603187807854741,12.472601445109364,55.535918530762515,6.389702182085744,,
Mavic3_000777,Mavic3,11,1692847046.488811970,nearest_train_time,0.2390625,0.276042,0.2376955,0.177604,2.3632171075106685,7.691420557046062,12.932074522076649,3.696820878915351,11.603187807854741,12.472601445109364,28.369576352872667,4.158309458429215,3.999485969543457,
Mavic3_000777,Mavic3,11,1692847046.488811970,linear_interpolation,0.2390625,0.276042,0.2376955,0.177604,2.3632171075106685,7.691420557046062,12.932074522076649,3.696820878915351,11.603187807854741,12.472601445109364,28.369576352872667,4.158309458429215,3.999485969543457,False
Mavic3_000778,Mavic3,11,1692847046.688867092,global_mean,0.2437988233041585,0.41461553391685013,0.23671899999999998,0.174479,1.097604748579709,3.6788042521086592,11.067756736575872,3.694504793351048,11.598093308625497,12.347769748198802,69.37273286704004,8.431931114111686,,
Mavic3_000778,Mavic3,11,1692847046.688867092,sequence_mean,0.2384814554317549,0.3704256601671307,0.23671899999999998,0.174479,1.892071105257247,5.523790897375335,11.690229771871016,3.694504793351048,11.598093308625497,12.347769748198802,56.44886877873547,6.370107989960932,,
Mavic3_000778,Mavic3,11,1692847046.688867092,nearest_train_time,0.2390625,0.276042,0.23671899999999998,0.174479,2.3632171075106685,7.691420557046062,12.932074522076649,3.694504793351048,11.598093308625497,12.347769748198802,29.305464215016293,4.168432674181018,4.199541091918945,
Mavic3_000778,Mavic3,11,1692847046.688867092,linear_interpolation,0.2390625,0.276042,0.23671899999999998,0.174479,2.3632171075106685,7.691420557046062,12.932074522076649,3.694504793351048,11.598093308625497,12.347769748198802,29.305464215016293,4.168432674181018,4.199541091918945,False
Mavic3_000779,Mavic3,11,1692847046.881484032,global_mean,0.2437988233041585,0.41461553391685013,0.2371095,0.172396,1.097604748579709,3.6788042521086592,11.067756736575872,3.6874927952881267,11.587249399348597,12.190353722949782,69.94814123031351,8.397097637588946,,
Mavic3_000779,Mavic3,11,1692847046.881484032,sequence_mean,0.2384814554317549,0.3704256601671307,0.2371095,0.172396,1.892071105257247,5.523790897375335,11.690229771871016,3.6874927952881267,11.587249399348597,12.190353722949782,57.0422743649501,6.343436924619635,,
Mavic3_000779,Mavic3,11,1692847046.881484032,nearest_train_time,0.2390625,0.276042,0.2371095,0.172396,2.3632171075106685,7.691420557046062,12.932074522076649,3.6874927952881267,11.587249399348597,12.190353722949782,29.887707801226917,4.181069027128369,4.392158031463623,
Mavic3_000779,Mavic3,11,1692847046.881484032,linear_interpolation,0.2390625,0.276042,0.2371095,0.172396,2.3632171075106685,7.691420557046062,12.932074522076649,3.6874927952881267,11.587249399348597,12.190353722949782,29.887707801226917,4.181069027128369,4.392158031463623,False
Mavic3_000780,Mavic3,11,1692847047.088042021,global_mean,0.2437988233041585,0.41461553391685013,0.236914,0.169271,1.097604748579709,3.6788042521086592,11.067756736575872,3.6787629754682216,11.582011895250393,12.020108690784612,70.85678733078205,8.368395490626227,,
Mavic3_000780,Mavic3,11,1692847047.088042021,sequence_mean,0.2384814554317549,0.3704256601671307,0.236914,0.169271,1.892071105257247,5.523790897375335,11.690229771871016,3.6787629754682216,11.582011895250393,12.020108690784612,57.94504798309935,6.324802732047526,,
Mavic3_000780,Mavic3,11,1692847047.088042021,nearest_train_time,0.2390625,0.276042,0.236914,0.169271,2.3632171075106685,7.691420557046062,12.932074522076649,3.6787629754682216,11.582011895250393,12.020108690784612,30.79428697672034,4.20702312437844,4.5987160205841064,
Mavic3_000780,Mavic3,11,1692847047.088042021,linear_interpolation,0.2390625,0.276042,0.236914,0.169271,2.3632171075106685,7.691420557046062,12.932074522076649,3.6787629754682216,11.582011895250393,12.020108690784612,30.79428697672034,4.20702312437844,4.5987160205841064,False
Mavic3_000781,Mavic3,11,1692847047.311245918,global_mean,0.2437988233041585,0.41461553391685013,0.2371095,0.166667,1.097604748579709,3.6788042521086592,11.067756736575872,3.6692762681129993,11.582851316479495,11.83993317454224,71.59373960987853,8.347676973357219,,
Mavic3_000781,Mavic3,11,1692847047.311245918,sequence_mean,0.2384814554317549,0.3704256601671307,0.2371095,0.166667,1.892071105257247,5.523790897375335,11.690229771871016,3.6692762681129993,11.582851316479495,11.83993317454224,58.691952772312355,6.31609709092626,,
Mavic3_000781,Mavic3,11,1692847047.311245918,nearest_train_time,0.2390625,0.276042,0.2371095,0.166667,2.3632171075106685,7.691420557046062,12.932074522076649,3.6692762681129993,11.582851316479495,11.83993317454224,31.535689496334403,4.247563608641101,4.821919918060303,
Mavic3_000781,Mavic3,11,1692847047.311245918,linear_interpolation,0.2390625,0.276042,0.2371095,0.166667,2.3632171075106685,7.691420557046062,12.932074522076649,3.6692762681129993,11.582851316479495,11.83993317454224,31.535689496334403,4.247563608641101,4.821919918060303,False
Mavic3_000782,Mavic3,11,1692847047.544306993,global_mean,0.2437988233041585,0.41461553391685013,0.23730449999999997,0.1625,1.097604748579709,3.6788042521086592,11.067756736575872,3.6607396244607076,11.58128492931974,11.648918757416299,72.78037642704405,8.328061631623491,,
Mavic3_000782,Mavic3,11,1692847047.544306993,sequence_mean,0.2384814554317549,0.3704256601671307,0.23730449999999997,0.1625,1.892071105257247,5.523790897375335,11.690229771871016,3.6607396244607076,11.58128492931974,11.648918757416299,59.88941174253365,6.310556938795396,,
Mavic3_000782,Mavic3,11,1692847047.544306993,nearest_train_time,0.2390625,0.276042,0.23730449999999997,0.1625,2.3632171075106685,7.691420557046062,12.932074522076649,3.6607396244607076,11.58128492931974,11.648918757416299,32.72795696694116,4.296638015129684,5.054980993270874,
Mavic3_000782,Mavic3,11,1692847047.544306993,linear_interpolation,0.2390625,0.276042,0.23730449999999997,0.1625,2.3632171075106685,7.691420557046062,12.932074522076649,3.6607396244607076,11.58128492931974,11.648918757416299,32.72795696694116,4.296638015129684,5.054980993270874,False
Mavic3_000783,Mavic3,11,1692847047.751209021,global_mean,0.2437988233041585,0.41461553391685013,0.23730449999999997,0.160417,1.097604748579709,3.6788042521086592,11.067756736575872,3.6509611590208992,11.573326206172172,11.464597660419672,73.37888160235573,8.30665929003767,,
Mavic3_000783,Mavic3,11,1692847047.751209021,sequence_mean,0.2384814554317549,0.3704256601671307,0.23730449999999997,0.160417,1.892071105257247,5.523790897375335,11.690229771871016,3.6509611590208992,11.573326206172172,11.464597660419672,60.48924808899843,6.304084511118671,,
Mavic3_000783,Mavic3,11,1692847047.751209021,nearest_train_time,0.2390625,0.276042,0.23730449999999997,0.160417,2.3632171075106685,7.691420557046062,12.932074522076649,3.6509611590208992,11.573326206172172,11.464597660419672,33.32735946367093,4.345223187641321,5.261883020401001,
Mavic3_000783,Mavic3,11,1692847047.751209021,linear_interpolation,0.2390625,0.276042,0.23730449999999997,0.160417,2.3632171075106685,7.691420557046062,12.932074522076649,3.6509611590208992,11.573326206172172,11.464597660419672,33.32735946367093,4.345223187641321,5.261883020401001,False
Mavic3_000784,Mavic3,11,1692847047.992115021,global_mean,0.2437988233041585,0.41461553391685013,0.23730449999999997,0.15625,1.097604748579709,3.6788042521086592,11.067756736575872,3.631532659315458,11.558498692797006,11.222798996841407,74.57624674403517,8.278551397309116,,
Mavic3_000784,Mavic3,11,1692847047.992115021,sequence_mean,0.2384814554317549,0.3704256601671307,0.23730449999999997,0.15625,1.892071105257247,5.523790897375335,11.690229771871016,3.631532659315458,11.558498692797006,11.222798996841407,61.68921269823444,6.297770732855752,,
Mavic3_000784,Mavic3,11,1692847047.992115021,nearest_train_time,0.2390625,0.276042,0.23730449999999997,0.15625,2.3632171075106685,7.691420557046062,12.932074522076649,3.631532659315458,11.558498692797006,11.222798996841407,34.52650449770368,4.414129638798695,5.50278902053833,
Mavic3_000784,Mavic3,11,1692847047.992115021,linear_interpolation,0.2390625,0.276042,0.23730449999999997,0.15625,2.3632171075106685,7.691420557046062,12.932074522076649,3.631532659315458,11.558498692797006,11.222798996841407,34.52650449770368,4.414129638798695,5.50278902053833,False
Mavic3_000785,Mavic3,11,1692847048.201741934,global_mean,0.2437988233041585,0.41461553391685013,0.2376955,0.152604,1.097604748579709,3.6788042521086592,11.067756736575872,3.617427392832174,11.548752367488763,11.017764809299125,75.60476514913786,8.263660731785592,,
Mavic3_000785,Mavic3,11,1692847048.201741934,sequence_mean,0.2384814554317549,0.3704256601671307,0.2376955,0.152604,1.892071105257247,5.523790897375335,11.690229771871016,3.617427392832174,11.548752367488763,11.017764809299125,62.7355420483526,6.30311225993259,,
Mavic3_000785,Mavic3,11,1692847048.201741934,nearest_train_time,0.2390625,0.276042,0.2376955,0.152604,2.3632171075106685,7.691420557046062,12.932074522076649,3.617427392832174,11.548752367488763,11.017764809299125,35.56564263501325,4.485157055454557,5.712415933609009,
Mavic3_000785,Mavic3,11,1692847048.201741934,linear_interpolation,0.2390625,0.276042,0.2376955,0.152604,2.3632171075106685,7.691420557046062,12.932074522076649,3.617427392832174,11.548752367488763,11.017764809299125,35.56564263501325,4.485157055454557,5.712415933609009,False
Mavic3_000786,Mavic3,11,1692847048.390444040,global_mean,0.2437988233041585,0.41461553391685013,0.23808599999999996,0.148958,1.097604748579709,3.6788042521086592,11.067756736575872,3.6097316695925388,11.544094577301852,10.8495553672162,76.63506615687558,8.259611698163871,,
Mavic3_000786,Mavic3,11,1692847048.390444040,sequence_mean,0.2384814554317549,0.3704256601671307,0.23808599999999996,0.148958,1.892071105257247,5.523790897375335,11.690229771871016,3.6097316695925388,11.544094577301852,10.8495553672162,63.78340920133831,6.31673552299375,,
Mavic3_000786,Mavic3,11,1692847048.390444040,nearest_train_time,0.2390625,0.276042,0.23808599999999996,0.148958,2.3632171075106685,7.691420557046062,12.932074522076649,3.6097316695925388,11.544094577301852,10.8495553672162,36.60787459603696,4.553436250810672,5.901118040084839,
Mavic3_000786,Mavic3,11,1692847048.390444040,linear_interpolation,0.2390625,0.276042,0.23808599999999996,0.148958,2.3632171075106685,7.691420557046062,12.932074522076649,3.6097316695925388,11.544094577301852,10.8495553672162,36.60787459603696,4.553436250810672,5.901118040084839,False
Mavic3_000787,Mavic3,11,1692847048.588813066,global_mean,0.2437988233041585,0.41461553391685013,0.2371095,0.144792,1.097604748579709,3.6788042521086592,11.067756736575872,3.6106531456330417,11.538863273392511,10.638484153666953,77.87881092572326,8.263184314441697,,
Mavic3_000787,Mavic3,11,1692847048.588813066,sequence_mean,0.2384814554317549,0.3704256601671307,0.2371095,0.144792,1.892071105257247,5.523790897375335,11.690229771871016,3.6106531456330417,11.538863273392511,10.638484153666953,64.99103589143527,6.343562781563575,,
Mavic3_000787,Mavic3,11,1692847048.588813066,nearest_train_time,0.2390625,0.276042,0.2371095,0.144792,2.3632171075106685,7.691420557046062,12.932074522076649,3.6106531456330417,11.538863273392511,10.638484153666953,37.8297463910243,4.649674064150681,6.099487066268921,
Mavic3_000787,Mavic3,11,1692847048.588813066,linear_interpolation,0.2390625,0.276042,0.2371095,0.144792,2.3632171075106685,7.691420557046062,12.932074522076649,3.6106531456330417,11.538863273392511,10.638484153666953,37.8297463910243,4.649674064150681,6.099487066268921,False
Mavic3_000788,Mavic3,11,1692847048.787903070,global_mean,0.2437988233041585,0.41461553391685013,0.2376955,0.141667,1.097604748579709,3.6788042521086592,11.067756736575872,3.6159647498825693,11.530544947209595,10.46116992340673,78.74880380635055,8.268005599972522,,
Mavic3_000788,Mavic3,11,1692847048.787903070,sequence_mean,0.2384814554317549,0.3704256601671307,0.2376955,0.141667,1.892071105257247,5.523790897375335,11.690229771871016,3.6159647498825693,11.530544947209595,10.46116992340673,65.88525921728481,6.368947450268915,,
Mavic3_000788,Mavic3,11,1692847048.787903070,nearest_train_time,0.2390625,0.276042,0.2376955,0.141667,2.3632171075106685,7.691420557046062,12.932074522076649,3.6159647498825693,11.530544947209595,10.46116992340673,38.71423766033288,4.734302723141501,6.298577070236206,
Mavic3_000788,Mavic3,11,1692847048.787903070,linear_interpolation,0.2390625,0.276042,0.2376955,0.141667,2.3632171075106685,7.691420557046062,12.932074522076649,3.6159647498825693,11.530544947209595,10.46116992340673,38.71423766033288,4.734302723141501,6.298577070236206,False
Mavic3_000789,Mavic3,11,1692847048.985955954,global_mean,0.2437988233041585,0.41461553391685013,0.2376955,0.138021,1.097604748579709,3.6788042521086592,11.067756736575872,3.623813761646507,11.513007304002262,10.24618303395488,79.79701449006329,8.272330553407386,,
Mavic3_000789,Mavic3,11,1692847048.985955954,sequence_mean,0.2384814554317549,0.3704256601671307,0.2376955,0.138021,1.892071105257247,5.523790897375335,11.690229771871016,3.623813761646507,11.513007304002262,10.24618303395488,66.9352638399195,6.399602860697961,,
Mavic3_000789,Mavic3,11,1692847048.985955954,nearest_train_time,0.2390625,0.276042,0.2376955,0.138021,2.3632171075106685,7.691420557046062,12.932074522076649,3.623813761646507,11.513007304002262,10.24618303395488,39.76390968734136,4.8381445074423635,6.496629953384399,
Mavic3_000789,Mavic3,11,1692847048.985955954,linear_interpolation,0.2390625,0.276042,0.2376955,0.138021,2.3632171075106685,7.691420557046062,12.932074522076649,3.623813761646507,11.513007304002262,10.24618303395488,39.76390968734136,4.8381445074423635,6.496629953384399,False
Mavic3_000790,Mavic3,11,1692847049.187377930,global_mean,0.2437988233041585,0.41461553391685013,0.23730449999999997,0.135417,1.097604748579709,3.6788042521086592,11.067756736575872,3.6336238939450327,11.490657139866702,10.032687811760896,80.56371655449185,8.278152349694391,,
Mavic3_000790,Mavic3,11,1692847049.187377930,sequence_mean,0.2384814554317549,0.3704256601671307,0.23730449999999997,0.135417,1.892071105257247,5.523790897375335,11.690229771871016,3.6336238939450327,11.490657139866702,10.032687811760896,67.68852967687748,6.433035381613795,,
Mavic3_000790,Mavic3,11,1692847049.187377930,nearest_train_time,0.2390625,0.276042,0.23730449999999997,0.135417,2.3632171075106685,7.691420557046062,12.932074522076649,3.6336238939450327,11.490657139866702,10.032687811760896,40.52249855106094,4.945156752946942,6.698051929473877,
Mavic3_000790,Mavic3,11,1692847049.187377930,linear_interpolation,0.2390625,0.276042,0.23730449999999997,0.135417,2.3632171075106685,7.691420557046062,12.932074522076649,3.6336238939450327,11.490657139866702,10.032687811760896,40.52249855106094,4.945156752946942,6.698051929473877,False
Avata_000139,Avata,1,1692848898.948628902,global_mean,0.2437988233041585,0.41461553391685013,0.21738299999999997,0.134896,1.097604748579709,3.6788042521086592,11.067756736575872,1.71156840142739,3.3640865832612725,3.1808860799868635,83.07445768462647,7.916989789804426,,
Avata_000139,Avata,1,1692848898.948628902,sequence_mean,0.24899235314685328,0.47784727797202775,0.21738299999999997,0.134896,0.3935710433916988,2.3300969923647847,9.866699075920112,1.71156840142739,3.3640865832612725,3.1808860799868635,101.70953716792611,6.892484815105599,,
Avata_000139,Avata,1,1692848898.948628902,nearest_train_time,0.200586,0.630208,0.21738299999999997,0.134896,0.6743912475990517,-0.7909957154995446,3.1109856882689977,1.71156840142739,3.3640865832612725,3.1808860799868635,143.23195835298054,4.283145038714103,24.80356502532959,
Avata_000139,Avata,1,1692848898.948628902,linear_interpolation,0.200586,0.630208,0.21738299999999997,0.134896,0.6743912475990517,-0.7909957154995446,3.1109856882689977,1.71156840142739,3.3640865832612725,3.1808860799868635,143.23195835298054,4.283145038714103,24.80356502532959,False
Avata_000140,Avata,1,1692848899.149501085,global_mean,0.2437988233041585,0.41461553391685013,0.21875,0.147396,1.097604748579709,3.6788042521086592,11.067756736575872,1.6212676963457586,3.2063093493063697,3.1800633529583573,79.32719391619788,7.919165437721369,,
Avata_000140,Avata,1,1692848899.149501085,sequence_mean,0.24899235314685328,0.47784727797202775,0.21875,0.147396,0.3935710433916988,2.3300969923647847,9.866699075920112,1.6212676963457586,3.2063093493063697,3.1800633529583573,97.9631349297255,6.854639630040371,,
Avata_000140,Avata,1,1692848899.149501085,nearest_train_time,0.200586,0.630208,0.21875,0.147396,0.6743912475990517,-0.7909957154995446,3.1109856882689977,1.6212676963457586,3.2063093493063697,3.1800633529583573,139.74785728025688,4.108502709512691,24.60269284248352,
Avata_000140,Avata,1,1692848899.149501085,linear_interpolation,0.200586,0.630208,0.21875,0.147396,0.6743912475990517,-0.7909957154995446,3.1109856882689977,1.6212676963457586,3.2063093493063697,3.1800633529583573,139.74785728025688,4.108502709512691,24.60269284248352,False
Avata_000141,Avata,1,1692848899.348762035,global_mean,0.2437988233041585,0.41461553391685013,0.2203125,0.160417,1.097604748579709,3.6788042521086592,11.067756736575872,1.5115018071234279,2.987373454702041,3.1760640281611225,75.39850782449257,7.932729739926857,,
Avata_000141,Avata,1,1692848899.348762035,sequence_mean,0.24899235314685328,0.47784727797202775,0.2203125,0.160417,0.3935710433916988,2.3300969923647847,9.866699075920112,1.5115018071234279,2.987373454702041,3.1760640281611225,94.0359083712446,6.81515802331401,,
Avata_000141,Avata,1,1692848899.348762035,nearest_train_time,0.200586,0.630208,0.2203125,0.160417,0.6743912475990517,-0.7909957154995446,3.1109856882689977,1.5115018071234279,2.987373454702041,3.1760640281611225,136.14536015024223,3.870537800554356,24.40343189239502,
Avata_000141,Avata,1,1692848899.348762035,linear_interpolation,0.200586,0.630208,0.2203125,0.160417,0.6743912475990517,-0.7909957154995446,3.1109856882689977,1.5115018071234279,2.987373454702041,3.1760640281611225,136.14536015024223,3.870537800554356,24.40343189239502,False
Avata_000142,Avata,1,1692848899.549323082,global_mean,0.2437988233041585,0.41461553391685013,0.221289,0.175,1.097604748579709,3.6788042521086592,11.067756736575872,1.4042644002620552,2.762844157249223,3.1763868532671617,71.14168295616383,7.95026676738187,,
Avata_000142,Avata,1,1692848899.549323082,sequence_mean,0.24899235314685328,0.47784727797202775,0.221289,0.175,0.3935710433916988,2.3300969923647847,9.866699075920112,1.4042644002620552,2.762844157249223,3.1763868532671617,89.77754080311173,6.780047846948931,,
Avata_000142,Avata,1,1692848899.549323082,nearest_train_time,0.200586,0.630208,0.221289,0.175,0.6743912475990517,-0.7909957154995446,3.1109856882689977,1.4042644002620552,2.762844157249223,3.1763868532671617,132.06056101659738,3.6286044111338898,24.202870845794678,
Avata_000142,Avata,1,1692848899.549323082,linear_interpolation,0.200586,0.630208,0.221289,0.175,0.6743912475990517,-0.7909957154995446,3.1109856882689977,1.4042644002620552,2.762844157249223,3.1763868532671617,132.06056101659738,3.6286044111338898,24.202870845794678,False
Avata_000143,Avata,1,1692848899.749061108,global_mean,0.2437988233041585,0.41461553391685013,0.22285150000000004,0.191146,1.097604748579709,3.6788042521086592,11.067756736575872,1.3224976855701887,2.5817422012728493,3.173479235556443,66.33942284185352,7.973314194210198,,
Avata_000143,Avata,1,1692848899.749061108,sequence_mean,0.24899235314685328,0.47784727797202775,0.22285150000000004,0.191146,0.3935710433916988,2.3300969923647847,9.866699075920112,1.3224976855701887,2.5817422012728493,3.173479235556443,84.97559906287565,6.762057515960157,,
Avata_000143,Avata,1,1692848899.749061108,nearest_train_time,0.200586,0.630208,0.22285150000000004,0.191146,0.6743912475990517,-0.7909957154995446,3.1109856882689977,1.3224976855701887,2.5817422012728493,3.173479235556443,127.60083385005738,3.435012147522391,24.003132820129395,
Avata_000143,Avata,1,1692848899.749061108,linear_interpolation,0.200586,0.630208,0.22285150000000004,0.191146,0.6743912475990517,-0.7909957154995446,3.1109856882689977,1.3224976855701887,2.5817422012728493,3.173479235556443,127.60083385005738,3.435012147522391,24.003132820129395,False
Avata_000144,Avata,1,1692848899.947607040,global_mean,0.2437988233041585,0.41461553391685013,0.223047,0.208854,1.097604748579709,3.6788042521086592,11.067756736575872,1.2358868357834087,2.3513083477737418,3.170544569255555,61.365038455584475,8.009202664893644,,
Avata_000144,Avata,1,1692848899.947607040,sequence_mean,0.24899235314685328,0.47784727797202775,0.223047,0.208854,0.3935710433916988,2.3300969923647847,9.866699075920112,1.2358868357834087,2.3513083477737418,3.170544569255555,79.9916092154939,6.748957770858757,,
Avata_000144,Avata,1,1692848899.947607040,nearest_train_time,0.200586,0.630208,0.223047,0.208854,0.6743912475990517,-0.7909957154995446,3.1109856882689977,1.2358868357834087,2.3513083477737418,3.170544569255555,122.56987805494713,3.1926320461209863,23.80458688735962,
Avata_000144,Avata,1,1692848899.947607040,linear_interpolation,0.200586,0.630208,0.223047,0.208854,0.6743912475990517,-0.7909957154995446,3.1109856882689977,1.2358868357834087,2.3513083477737418,3.170544569255555,122.56987805494713,3.1926320461209863,23.80458688735962,False
Avata_000145,Avata,1,1692848900.148139000,global_mean,0.2437988233041585,0.41461553391685013,0.22265600000000002,0.226042,1.097604748579709,3.6788042521086592,11.067756736575872,1.1727174481008167,2.139255422514001,3.1673329669012,56.68464793126775,8.049381855569791,,
Avata_000145,Avata,1,1692848900.148139000,sequence_mean,0.24899235314685328,0.47784727797202775,0.22265600000000002,0.226042,0.3935710433916988,2.3300969923647847,9.866699075920112,1.1727174481008167,2.139255422514001,3.1673329669012,75.2877333566347,6.747221345667078,,
Avata_000145,Avata,1,1692848900.148139000,nearest_train_time,0.200586,0.630208,0.22265600000000002,0.226042,0.6743912475990517,-0.7909957154995446,3.1109856882689977,1.1727174481008167,2.139255422514001,3.1673329669012,117.62741885502065,2.9728564966619997,23.604054927825928,
Avata_000145,Avata,1,1692848900.148139000,linear_interpolation,0.200586,0.630208,0.22265600000000002,0.226042,0.6743912475990517,-0.7909957154995446,3.1109856882689977,1.1727174481008167,2.139255422514001,3.1673329669012,117.62741885502065,2.9728564966619997,23.604054927825928,False
Avata_000146,Avata,1,1692848900.348166943,global_mean,0.2437988233041585,0.41461553391685013,0.221875,0.246354,1.097604748579709,3.6788042521086592,11.067756736575872,1.1342038907269132,1.9718212236539365,3.1672578712924926,51.301141778630644,8.082883945534682,,
Avata_000146,Avata,1,1692848900.348166943,sequence_mean,0.24899235314685328,0.47784727797202775,0.221875,0.246354,0.3935710433916988,2.3300969923647847,9.866699075920112,1.1342038907269132,1.9718212236539365,3.1672578712924926,69.84715467414058,6.749771180955661,,
Avata_000146,Avata,1,1692848900.348166943,nearest_train_time,0.200586,0.630208,0.221875,0.246354,0.6743912475990517,-0.7909957154995446,3.1109856882689977,1.1342038907269132,1.9718212236539365,3.1672578712924926,111.75246224403563,2.8013838838395335,23.404026985168457,
Avata_000146,Avata,1,1692848900.348166943,linear_interpolation,0.200586,0.630208,0.221875,0.246354,0.6743912475990517,-0.7909957154995446,3.1109856882689977,1.1342038907269132,1.9718212236539365,3.1672578712924926,111.75246224403563,2.8013838838395335,23.404026985168457,False
Avata_000147,Avata,1,1692848900.550297022,global_mean,0.2437988233041585,0.41461553391685013,0.22167949999999997,0.265625,1.097604748579709,3.6788042521086592,11.067756736575872,1.0894440561578638,1.7550621191965128,3.1686774272713913,46.14960127869079,8.129963365570864,,
Avata_000147,Avata,1,1692848900.550297022,sequence_mean,0.24899235314685328,0.47784727797202775,0.22167949999999997,0.265625,0.3935710433916988,2.3300969923647847,9.866699075920112,1.0894440561578638,1.7550621191965128,3.1686774272713913,64.6193493996876,6.758579611206991,,
Avata_000147,Avata,1,1692848900.550297022,nearest_train_time,0.200586,0.630208,0.22167949999999997,0.265625,0.6743912475990517,-0.7909957154995446,3.1109856882689977,1.0894440561578638,1.7550621191965128,3.1686774272713913,106.24224027780137,2.5803115448059475,23.201896905899048,
Avata_000147,Avata,1,1692848900.550297022,linear_interpolation,0.200586,0.630208,0.22167949999999997,0.265625,0.6743912475990517,-0.7909957154995446,3.1109856882689977,1.0894440561578638,1.7550621191965128,3.1686774272713913,106.24224027780137,2.5803115448059475,23.201896905899048,False
Avata_000148,Avata,1,1692848900.749965906,global_mean,0.2437988233041585,0.41461553391685013,0.2197265,0.285417,1.097604748579709,3.6788042521086592,11.067756736575872,1.0504448311890162,1.6029968426694303,3.165518839073955,41.54891339529891,8.17046903473764,,
Avata_000148,Avata,1,1692848900.749965906,sequence_mean,0.24899235314685328,0.47784727797202775,0.2197265,0.285417,0.3935710433916988,2.3300969923647847,9.866699075920112,1.0504448311890162,1.6029968426694303,3.165518839073955,59.80423054753542,6.772442274946293,,
Avata_000148,Avata,1,1692848900.749965906,nearest_train_time,0.200586,0.630208,0.2197265,0.285417,0.6743912475990517,-0.7909957154995446,3.1109856882689977,1.0504448311890162,1.6029968426694303,3.165518839073955,100.38196574308594,2.423961742857342,23.002228021621704,
Avata_000148,Avata,1,1692848900.749965906,linear_interpolation,0.200586,0.630208,0.2197265,0.285417,0.6743912475990517,-0.7909957154995446,3.1109856882689977,1.0504448311890162,1.6029968426694303,3.165518839073955,100.38196574308594,2.423961742857342,23.002228021621704,False
Avata_000149,Avata,1,1692848900.947887897,global_mean,0.2437988233041585,0.41461553391685013,0.21875,0.30625,1.097604748579709,3.6788042521086592,11.067756736575872,0.9992091053323027,1.3999936784707678,3.1624488756548326,36.6619698451843,8.227791423527574,,
Avata_000149,Avata,1,1692848900.947887897,sequence_mean,0.24899235314685328,0.47784727797202775,0.21875,0.30625,0.3935710433916988,2.3300969923647847,9.866699075920112,0.9992091053323027,1.3999936784707678,3.1624488756548326,54.60577783037217,6.795502953008323,,
Avata_000149,Avata,1,1692848900.947887897,nearest_train_time,0.200586,0.630208,0.21875,0.30625,0.6743912475990517,-0.7909957154995446,3.1109856882689977,0.9992091053323027,1.3999936784707678,3.1624488756548326,94.337019495061,2.215533711061225,22.804306030273438,
Avata_000149,Avata,1,1692848900.947887897,linear_interpolation,0.200586,0.630208,0.21875,0.30625,0.6743912475990517,-0.7909957154995446,3.1109856882689977,0.9992091053323027,1.3999936784707678,3.1624488756548326,94.337019495061,2.215533711061225,22.804306030273438,False
Avata_000150,Avata,1,1692848901.147505999,global_mean,0.2437988233041585,0.41461553391685013,0.21738299999999997,0.333333,1.097604748579709,3.6788042521086592,11.067756736575872,0.9492879991321577,1.1805369810656465,3.1619898747040205,30.977011737482183,8.292435522209534,,
Avata_000150,Avata,1,1692848901.147505999,sequence_mean,0.24899235314685328,0.47784727797202775,0.21738299999999997,0.333333,0.3935710433916988,2.3300969923647847,9.866699075920112,0.9492879991321577,1.1805369810656465,3.1619898747040205,48.18253925117356,6.825205859704689,,
Avata_000150,Avata,1,1692848901.147505999,nearest_train_time,0.200586,0.630208,0.21738299999999997,0.333333,0.6743912475990517,-0.7909957154995446,3.1109856882689977,0.9492879991321577,1.1805369810656465,3.1619898747040205,86.46769614607074,1.9912586031610677,22.604687929153442,
Avata_000150,Avata,1,1692848901.147505999,linear_interpolation,0.200586,0.630208,0.21738299999999997,0.333333,0.6743912475990517,-0.7909957154995446,3.1109856882689977,0.9492879991321577,1.1805369810656465,3.1619898747040205,86.46769614607074,1.9912586031610677,22.604687929153442,False
Avata_000151,Avata,1,1692848901.347870111,global_mean,0.2437988233041585,0.41461553391685013,0.217578,0.355729,1.097604748579709,3.6788042521086592,11.067756736575872,0.9019219840099784,1.0099989807290548,3.160566132202818,26.327575246810277,8.347722837683262,,
Avata_000151,Avata,1,1692848901.347870111,sequence_mean,0.24899235314685328,0.47784727797202775,0.217578,0.355729,0.3935710433916988,2.3300969923647847,9.866699075920112,0.9019219840099784,1.0099989807290548,3.160566132202818,42.649830625751115,6.853706916549793,,
Avata_000151,Avata,1,1692848901.347870111,nearest_train_time,0.200586,0.630208,0.217578,0.355729,0.6743912475990517,-0.7909957154995446,3.1109856882689977,0.9019219840099784,1.0099989807290548,3.160566132202818,80.11987052425285,1.815987431750539,22.40432381629944,
Avata_000151,Avata,1,1692848901.347870111,linear_interpolation,0.200586,0.630208,0.217578,0.355729,0.6743912475990517,-0.7909957154995446,3.1109856882689977,0.9019219840099784,1.0099989807290548,3.160566132202818,80.11987052425285,1.815987431750539,22.40432381629944,False
Avata_000152,Avata,1,1692848901.547751904,global_mean,0.2437988233041585,0.41461553391685013,0.2179685,0.380729,1.097604748579709,3.6788042521086592,11.067756736575872,0.8171215872130422,0.8156672649981864,3.155387222730739,22.108329614986225,8.419133894552107,,
Avata_000152,Avata,1,1692848901.547751904,sequence_mean,0.24899235314685328,0.47784727797202775,0.2179685,0.380729,0.3935710433916988,2.3300969923647847,9.866699075920112,0.8171215872130422,0.8156672649981864,3.155387222730739,36.74259069137162,6.893083435811813,,
Avata_000152,Avata,1,1692848901.547751904,nearest_train_time,0.200586,0.630208,0.2179685,0.380729,0.6743912475990517,-0.7909957154995446,3.1109856882689977,0.8171215872130422,0.8156672649981864,3.155387222730739,73.0796257137371,1.6136013693012083,22.204442024230957,
Avata_000152,Avata,1,1692848901.547751904,linear_interpolation,0.200586,0.630208,0.2179685,0.380729,0.6743912475990517,-0.7909957154995446,3.1109856882689977,0.8171215872130422,0.8156672649981864,3.155387222730739,73.0796257137371,1.6136013693012083,22.204442024230957,False
Avata_000153,Avata,1,1692848901.748385906,global_mean,0.2437988233041585,0.41461553391685013,0.21835949999999998,0.403646,1.097604748579709,3.6788042521086592,11.067756736575872,0.7528667833892275,0.7057822093147514,3.1502592506170126,19.791177778039007,8.464305687517847,,
Avata_000153,Avata,1,1692848901.748385906,sequence_mean,0.24899235314685328,0.47784727797202775,0.21835949999999998,0.403646,0.3935710433916988,2.3300969923647847,9.866699075920112,0.7528667833892275,0.7057822093147514,3.1502592506170126,31.78285197280336,6.9193970741772555,,
Avata_000153,Avata,1,1692848901.748385906,nearest_train_time,0.200586,0.630208,0.21835949999999998,0.403646,0.6743912475990517,-0.7909957154995446,3.1109856882689977,0.7528667833892275,0.7057822093147514,3.1502592506170126,66.6623395810786,1.4993481845883727,22.00380802154541,
Avata_000153,Avata,1,1692848901.748385906,linear_interpolation,0.200586,0.630208,0.21835949999999998,0.403646,0.6743912475990517,-0.7909957154995446,3.1109856882689977,0.7528667833892275,0.7057822093147514,3.1502592506170126,66.6623395810786,1.4993481845883727,22.00380802154541,False
Avata_000154,Avata,1,1692848901.946718931,global_mean,0.2437988233041585,0.41461553391685013,0.2203125,0.415625,1.097604748579709,3.6788042521086592,11.067756736575872,0.7115301126857692,0.6599283839316321,3.148155957630707,18.03983909095782,8.484264354074023,,
Avata_000154,Avata,1,1692848901.946718931,sequence_mean,0.24899235314685328,0.47784727797202775,0.2203125,0.415625,0.3935710433916988,2.3300969923647847,9.866699075920112,0.7115301126857692,0.6599283839316321,3.148155957630707,28.395021669567594,6.930323425544857,,
Avata_000154,Avata,1,1692848901.946718931,nearest_train_time,0.200586,0.630208,0.2203125,0.415625,0.6743912475990517,-0.7909957154995446,3.1109856882689977,0.7115301126857692,0.6599283839316321,3.148155957630707,63.6297821779355,1.4518752241616781,21.805474996566772,
Avata_000154,Avata,1,1692848901.946718931,linear_interpolation,0.200586,0.630208,0.2203125,0.415625,0.6743912475990517,-0.7909957154995446,3.1109856882689977,0.7115301126857692,0.6599283839316321,3.148155957630707,63.6297821779355,1.4518752241616781,21.805474996566772,False
Avata_000155,Avata,1,1692848902.157752991,global_mean,0.2437988233041585,0.41461553391685013,0.22265600000000002,0.416667,1.097604748579709,3.6788042521086592,11.067756736575872,0.7108454164554321,0.6594250649670848,3.155569901783182,16.24843352940753,8.477554716154634,,
Avata_000155,Avata,1,1692848902.157752991,sequence_mean,0.24899235314685328,0.47784727797202775,0.22265600000000002,0.416667,0.3935710433916988,2.3300969923647847,9.866699075920112,0.7108454164554321,0.6594250649670848,3.155569901783182,26.824719417676576,6.9232263077809,,
Avata_000155,Avata,1,1692848902.157752991,nearest_train_time,0.200586,0.630208,0.22265600000000002,0.416667,0.6743912475990517,-0.7909957154995446,3.1109856882689977,0.7108454164554321,0.6594250649670848,3.155569901783182,63.79279542467523,1.451563673743289,21.594440937042236,
Avata_000155,Avata,1,1692848902.157752991,linear_interpolation,0.200586,0.630208,0.22265600000000002,0.416667,0.6743912475990517,-0.7909957154995446,3.1109856882689977,0.7108454164554321,0.6594250649670848,3.155569901783182,63.79279542467523,1.451563673743289,21.594440937042236,False
Avata_000156,Avata,1,1692848902.348910093,global_mean,0.2437988233041585,0.41461553391685013,0.2203125,0.415625,1.097604748579709,3.6788042521086592,11.067756736575872,0.7306872515272478,0.6665457980927876,3.1608962636472606,18.03983909095782,8.469165955499644,,
Avata_000156,Avata,1,1692848902.348910093,sequence_mean,0.24899235314685328,0.47784727797202775,0.2203125,0.415625,0.3935710433916988,2.3300969923647847,9.866699075920112,0.7306872515272478,0.6665457980927876,3.1608962636472606,28.395021669567594,6.917285686657589,,
Avata_000156,Avata,1,1692848902.348910093,nearest_train_time,0.200586,0.630208,0.2203125,0.415625,0.6743912475990517,-0.7909957154995446,3.1109856882689977,0.7306872515272478,0.6665457980927876,3.1608962636472606,63.6297821779355,1.459481952419385,21.403283834457397,
Avata_000156,Avata,1,1692848902.348910093,linear_interpolation,0.200586,0.630208,0.2203125,0.415625,0.6743912475990517,-0.7909957154995446,3.1109856882689977,0.7306872515272478,0.6665457980927876,3.1608962636472606,63.6297821779355,1.459481952419385,21.403283834457397,False
Avata_000157,Avata,1,1692848902.550823927,global_mean,0.2437988233041585,0.41461553391685013,0.21855450000000004,0.413021,1.097604748579709,3.6788042521086592,11.067756736575872,0.7656805718992434,0.6736768409600735,3.164304231714909,19.393078265580296,8.462004840042022,,
Avata_000157,Avata,1,1692848902.550823927,sequence_mean,0.24899235314685328,0.47784727797202775,0.21855450000000004,0.413021,0.3935710433916988,2.3300969923647847,9.866699075920112,0.7656805718992434,0.6736768409600735,3.164304231714909,29.916847481153148,6.914064641498096,,
Avata_000157,Avata,1,1692848902.550823927,nearest_train_time,0.200586,0.630208,0.21855450000000004,0.413021,0.6743912475990517,-0.7909957154995446,3.1109856882689977,0.7656805718992434,0.6736768409600735,3.164304231714909,64.05403333481507,1.4684829946078137,21.201370000839233,
Avata_000157,Avata,1,1692848902.550823927,linear_interpolation,0.200586,0.630208,0.21855450000000004,0.413021,0.6743912475990517,-0.7909957154995446,3.1109856882689977,0.7656805718992434,0.6736768409600735,3.164304231714909,64.05403333481507,1.4684829946078137,21.201370000839233,False
Avata_000158,Avata,1,1692848902.750050068,global_mean,0.2437988233041585,0.41461553391685013,0.21816399999999997,0.4125,1.097604748579709,3.6788042521086592,11.067756736575872,0.8023686320042505,0.6725123464264051,3.1679548143489606,19.696969690644135,8.457648952109635,,
Avata_000158,Avata,1,1692848902.750050068,sequence_mean,0.24899235314685328,0.47784727797202775,0.21816399999999997,0.4125,0.3935710433916988,2.3300969923647847,9.866699075920112,0.8023686320042505,0.6725123464264051,3.1679548143489606,30.244904979877447,6.91287762142789,,
Avata_000158,Avata,1,1692848902.750050068,nearest_train_time,0.200586,0.630208,0.21816399999999997,0.4125,0.6743912475990517,-0.7909957154995446,3.1109856882689977,0.8023686320042505,0.6725123464264051,3.1679548143489606,64.13677080753624,1.4701971090869959,21.00214385986328,
Avata_000158,Avata,1,1692848902.750050068,linear_interpolation,0.200586,0.630208,0.21816399999999997,0.4125,0.6743912475990517,-0.7909957154995446,3.1109856882689977,0.8023686320042505,0.6725123464264051,3.1679548143489606,64.13677080753624,1.4701971090869959,21.00214385986328,False
Avata_000159,Avata,1,1692848902.953262091,global_mean,0.2437988233041585,0.41461553391685013,0.2152345,0.411458,1.097604748579709,3.6788042521086592,11.067756736575872,0.8304764455727043,0.66418513970007,3.1667013395333763,21.95624023351708,8.460848793726365,,
Avata_000159,Avata,1,1692848902.953262091,sequence_mean,0.24899235314685328,0.47784727797202775,0.2152345,0.411458,0.3935710433916988,2.3300969923647847,9.866699075920112,0.8304764455727043,0.66418513970007,3.1667013395333763,32.21393766191085,6.9178116698050625,,
Avata_000159,Avata,1,1692848902.953262091,nearest_train_time,0.200586,0.630208,0.2152345,0.411458,0.6743912475990517,-0.7909957154995446,3.1109856882689977,0.8304764455727043,0.66418513970007,3.1667013395333763,63.996590377943605,1.4645880458892766,20.79893183708191,
Avata_000159,Avata,1,1692848902.953262091,linear_interpolation,0.200586,0.630208,0.2152345,0.411458,0.6743912475990517,-0.7909957154995446,3.1109856882689977,0.8304764455727043,0.66418513970007,3.1667013395333763,63.996590377943605,1.4645880458892766,20.79893183708191,False
Avata_000160,Avata,1,1692848903.149282932,global_mean,0.2437988233041585,0.41461553391685013,0.21386699999999997,0.4125,1.097604748579709,3.6788042521086592,11.067756736575872,0.852405102050189,0.6558875921578,3.1699034184853767,22.995713099966988,8.460155733421205,,
Avata_000160,Avata,1,1692848903.149282932,sequence_mean,0.24899235314685328,0.47784727797202775,0.21386699999999997,0.4125,0.3935710433916988,2.3300969923647847,9.866699075920112,0.852405102050189,0.6558875921578,3.1699034184853767,32.892433979677506,6.918133988769166,,
Avata_000160,Avata,1,1692848903.149282932,nearest_train_time,0.200586,0.630208,0.21386699999999997,0.4125,0.6743912475990517,-0.7909957154995446,3.1109856882689977,0.852405102050189,0.6558875921578,3.1699034184853767,63.52412175580297,1.4589830490063476,20.6029109954834,
Avata_000160,Avata,1,1692848903.149282932,linear_interpolation,0.200586,0.630208,0.21386699999999997,0.4125,0.6743912475990517,-0.7909957154995446,3.1109856882689977,0.852405102050189,0.6558875921578,3.1699034184853767,63.52412175580297,1.4589830490063476,20.6029109954834,False
Avata_000161,Avata,1,1692848903.348284006,global_mean,0.2437988233041585,0.41461553391685013,0.21308600000000003,0.414062,1.097604748579709,3.6788042521086592,11.067756736575872,0.8725738624040293,0.6441062963624553,3.1733394452326573,23.58798701068888,8.46060606293674,,
Avata_000161,Avata,1,1692848903.348284006,sequence_mean,0.24899235314685328,0.47784727797202775,0.21308600000000003,0.414062,0.3935710433916988,2.3300969923647847,9.866699075920112,0.8725738624040293,0.6441062963624553,3.1733394452326573,33.1346182330702,6.919036889144664,,
Avata_000161,Avata,1,1692848903.348284006,nearest_train_time,0.200586,0.630208,0.21308600000000003,0.414062,0.6743912475990517,-0.7909957154995446,3.1109856882689977,0.8725738624040293,0.6441062963624553,3.1733394452326573,62.985938716528665,1.4500628001120437,20.403909921646118,
Avata_000161,Avata,1,1692848903.348284006,linear_interpolation,0.200586,0.630208,0.21308600000000003,0.414062,0.6743912475990517,-0.7909957154995446,3.1109856882689977,0.8725738624040293,0.6441062963624553,3.1733394452326573,62.985938716528665,1.4500628001120437,20.403909921646118,False
Avata_000162,Avata,1,1692848903.546650887,global_mean,0.2437988233041585,0.41461553391685013,0.21132800000000002,0.415625,1.097604748579709,3.6788042521086592,11.067756736575872,0.8807234603586,0.6311314254201115,3.1729557081307016,24.9392869052615,8.465413777864324,,
Avata_000162,Avata,1,1692848903.546650887,sequence_mean,0.24899235314685328,0.47784727797202775,0.21132800000000002,0.415625,0.3935710433916988,2.3300969923647847,9.866699075920112,0.8807234603586,0.6311314254201115,3.1729557081307016,34.02724445253338,6.92314969857254,,
Avata_000162,Avata,1,1692848903.546650887,nearest_train_time,0.200586,0.630208,0.21132800000000002,0.415625,0.6743912475990517,-0.7909957154995446,3.1109856882689977,0.8807234603586,0.6311314254201115,3.1729557081307016,62.34812153088456,1.4383528323482477,20.205543041229248,
Avata_000162,Avata,1,1692848903.546650887,linear_interpolation,0.200586,0.630208,0.21132800000000002,0.415625,0.6743912475990517,-0.7909957154995446,3.1109856882689977,0.8807234603586,0.6311314254201115,3.1729557081307016,62.34812153088456,1.4383528323482477,20.205543041229248,False
Avata_000163,Avata,1,1692848903.750683069,global_mean,0.2437988233041585,0.41461553391685013,0.21113299999999996,0.414583,1.097604748579709,3.6788042521086592,11.067756736575872,0.8801763752571976,0.6136779783453257,3.170371862200427,25.087354047331022,8.474134883612251,,
Avata_000163,Avata,1,1692848903.750683069,sequence_mean,0.24899235314685328,0.47784727797202775,0.21113299999999996,0.414583,0.3935710433916988,2.3300969923647847,9.866699075920112,0.8801763752571976,0.6136779783453257,3.170371862200427,34.313048295857115,6.929911769560295,,
Avata_000163,Avata,1,1692848903.750683069,nearest_train_time,0.200586,0.630208,0.21113299999999996,0.414583,0.6743912475990517,-0.7909957154995446,3.1109856882689977,0.8801763752571976,0.6136779783453257,3.170371862200427,62.62604534224731,1.4209090127799477,20.001510858535767,
Avata_000163,Avata,1,1692848903.750683069,linear_interpolation,0.200586,0.630208,0.21113299999999996,0.414583,0.6743912475990517,-0.7909957154995446,3.1109856882689977,0.8801763752571976,0.6136779783453257,3.170371862200427,62.62604534224731,1.4209090127799477,20.001510858535767,False
Avata_000164,Avata,1,1692848903.943728924,global_mean,0.2437988233041585,0.41461553391685013,0.210156,0.419792,1.097604748579709,3.6788042521086592,11.067756736575872,0.8716181041055695,0.5999411459483817,3.167189164251,25.88066242372632,8.482301336007046,,
Avata_000164,Avata,1,1692848903.943728924,sequence_mean,0.24899235314685328,0.47784727797202775,0.210156,0.419792,0.3935710433916988,2.3300969923647847,9.866699075920112,0.8716181041055695,0.5999411459483817,3.167189164251,34.19305550398524,6.935805742788555,,
Avata_000164,Avata,1,1692848903.943728924,nearest_train_time,0.200586,0.630208,0.210156,0.419792,0.6743912475990517,-0.7909957154995446,3.1109856882689977,0.8716181041055695,0.5999411459483817,3.167189164251,61.04388340935121,1.4059739030915581,19.808465003967285,
Avata_000164,Avata,1,1692848903.943728924,linear_interpolation,0.200586,0.630208,0.210156,0.419792,0.6743912475990517,-0.7909957154995446,3.1109856882689977,0.8716181041055695,0.5999411459483817,3.167189164251,61.04388340935121,1.4059739030915581,19.808465003967285,False
Avata_000165,Avata,1,1692848904.147845030,global_mean,0.2437988233041585,0.41461553391685013,0.21113299999999996,0.421875,1.097604748579709,3.6788042521086592,11.067756736575872,0.8656338872904332,0.5915358090112512,3.1669280852865436,25.174319881191128,8.485760443075607,,
Avata_000165,Avata,1,1692848904.147845030,sequence_mean,0.24899235314685328,0.47784727797202775,0.21113299999999996,0.421875,0.3935710433916988,2.3300969923647847,9.866699075920112,0.8656338872904332,0.5915358090112512,3.1669280852865436,33.24556688742966,6.937749609476297,,
Avata_000165,Avata,1,1692848904.147845030,nearest_train_time,0.200586,0.630208,0.21113299999999996,0.421875,0.6743912475990517,-0.7909957154995446,3.1109856882689977,0.8656338872904332,0.5915358090112512,3.1669280852865436,60.54419902202383,1.3968166362434054,19.60434889793396,
Avata_000165,Avata,1,1692848904.147845030,linear_interpolation,0.200586,0.630208,0.21113299999999996,0.421875,0.6743912475990517,-0.7909957154995446,3.1109856882689977,0.8656338872904332,0.5915358090112512,3.1669280852865436,60.54419902202383,1.3968166362434054,19.60434889793396,False
Avata_000166,Avata,1,1692848904.349857092,global_mean,0.2437988233041585,0.41461553391685013,0.21035149999999997,0.420312,1.097604748579709,3.6788042521086592,11.067756736575872,0.8630341513026185,0.5965272529988432,3.1671101308085676,25.739880382407026,8.483847691558989,,
Avata_000166,Avata,1,1692848904.349857092,sequence_mean,0.24899235314685328,0.47784727797202775,0.21035149999999997,0.420312,0.3935710433916988,2.3300969923647847,9.866699075920112,0.8630341513026185,0.5965272529988432,3.1671101308085676,33.98890377427356,6.936148187891857,,
Avata_000166,Avata,1,1692848904.349857092,nearest_train_time,0.200586,0.630208,0.21035149999999997,0.420312,0.6743912475990517,-0.7909957154995446,3.1109856882689977,0.8630341513026185,0.5965272529988432,3.1671101308085676,60.91351954378863,1.4014121757279938,19.402336835861206,
Avata_000166,Avata,1,1692848904.349857092,linear_interpolation,0.200586,0.630208,0.21035149999999997,0.420312,0.6743912475990517,-0.7909957154995446,3.1109856882689977,0.8630341513026185,0.5965272529988432,3.1671101308085676,60.91351954378863,1.4014121757279938,19.402336835861206,False
Avata_000167,Avata,1,1692848904.595880985,global_mean,0.2437988233041585,0.41461553391685013,0.211914,0.420833,1.097604748579709,3.6788042521086592,11.067756736575872,0.8602839813267071,0.6049265730873721,3.16767285801322,24.552926146473432,8.480352022202872,,
Avata_000167,Avata,1,1692848904.595880985,sequence_mean,0.24899235314685328,0.47784727797202775,0.211914,0.420833,0.3935710433916988,2.3300969923647847,9.866699075920112,0.8602839813267071,0.6049265730873721,3.16767285801322,32.87115201672588,6.933324326049492,,
Avata_000167,Avata,1,1692848904.595880985,nearest_train_time,0.200586,0.630208,0.211914,0.420833,0.6743912475990517,-0.7909957154995446,3.1109856882689977,0.8602839813267071,0.6049265730873721,3.16767285801322,60.92436564798369,1.4093858873424574,19.156312942504883,
Avata_000167,Avata,1,1692848904.595880985,linear_interpolation,0.200586,0.630208,0.211914,0.420833,0.6743912475990517,-0.7909957154995446,3.1109856882689977,0.8602839813267071,0.6049265730873721,3.16767285801322,60.92436564798369,1.4093858873424574,19.156312942504883,False
Avata_000168,Avata,1,1692848904.798144102,global_mean,0.2437988233041585,0.41461553391685013,0.211914,0.417187,1.097604748579709,3.6788042521086592,11.067756736575872,0.859390068614194,0.612138509423179,3.170038713444897,24.498740534339543,8.475561042432506,,
Avata_000168,Avata,1,1692848904.798144102,sequence_mean,0.24899235314685328,0.47784727797202775,0.211914,0.417187,0.3935710433916988,2.3300969923647847,9.866699075920112,0.859390068614194,0.612138509423179,3.170038713444897,33.40806859663165,6.929186728882181,,
Avata_000168,Avata,1,1692848904.798144102,nearest_train_time,0.200586,0.630208,0.211914,0.417187,0.6743912475990517,-0.7909957154995446,3.1109856882689977,0.859390068614194,0.612138509423179,3.170038713444897,61.96383396152565,1.416508904563932,18.954049825668335,
Avata_000168,Avata,1,1692848904.798144102,linear_interpolation,0.200586,0.630208,0.211914,0.417187,0.6743912475990517,-0.7909957154995446,3.1109856882689977,0.859390068614194,0.612138509423179,3.170038713444897,61.96383396152565,1.416508904563932,18.954049825668335,False
Avata_000169,Avata,1,1692848905.047791004,global_mean,0.2437988233041585,0.41461553391685013,0.211719,0.416667,1.097604748579709,3.6788042521086592,11.067756736575872,0.8562476140124506,0.6243646300022228,3.1726276605132435,24.64438747386499,8.468820331025434,,
Avata_000169,Avata,1,1692848905.047791004,sequence_mean,0.24899235314685328,0.47784727797202775,0.211719,0.416667,0.3935710433916988,2.3300969923647847,9.866699075920112,0.8562476140124506,0.6243646300022228,3.1726276605132435,33.61407071173221,6.923451784737123,,
Avata_000169,Avata,1,1692848905.047791004,nearest_train_time,0.200586,0.630208,0.211719,0.416667,0.6743912475990517,-0.7909957154995446,3.1109856882689977,0.8562476140124506,0.6243646300022228,3.1726276605132435,62.09131458149038,1.4283264257046169,18.704402923583984,
Avata_000169,Avata,1,1692848905.047791004,linear_interpolation,0.200586,0.630208,0.211719,0.416667,0.6743912475990517,-0.7909957154995446,3.1109856882689977,0.8562476140124506,0.6243646300022228,3.1726276605132435,62.09131458149038,1.4283264257046169,18.704402923583984,False
Avata_000170,Avata,1,1692848905.247556925,global_mean,0.2437988233041585,0.41461553391685013,0.2126955,0.4125,1.097604748579709,3.6788042521086592,11.067756736575872,0.84863294373226,0.6348732974690883,3.1741844239661114,23.895121140387495,8.463804491516884,,
Avata_000170,Avata,1,1692848905.247556925,sequence_mean,0.24899235314685328,0.47784727797202775,0.2126955,0.4125,0.3935710433916988,2.3300969923647847,9.866699075920112,0.84863294373226,0.6348732974690883,3.1741844239661114,33.63425998365914,6.9188595213009165,,
Avata_000170,Avata,1,1692848905.247556925,nearest_train_time,0.200586,0.630208,0.2126955,0.4125,0.6743912475990517,-0.7909957154995446,3.1109856882689977,0.84863294373226,0.6348732974690883,3.1741844239661114,63.38587971479478,1.4378653243642932,18.504637002944946,
Avata_000170,Avata,1,1692848905.247556925,linear_interpolation,0.200586,0.630208,0.2126955,0.4125,0.6743912475990517,-0.7909957154995446,3.1109856882689977,0.84863294373226,0.6348732974690883,3.1741844239661114,63.38587971479478,1.4378653243642932,18.504637002944946,False
Avata_000171,Avata,1,1692848905.446962118,global_mean,0.2437988233041585,0.41461553391685013,0.2140625,0.413021,1.097604748579709,3.6788042521086592,11.067756736575872,0.8433762292892386,0.6437221388516754,3.175162137176245,22.842112981260104,8.45987027587925,,
Avata_000171,Avata,1,1692848905.446962118,sequence_mean,0.24899235314685328,0.47784727797202775,0.2140625,0.413021,0.3935710433916988,2.3300969923647847,9.866699075920112,0.8433762292892386,0.6437221388516754,3.175162137176245,32.683463841230356,6.915406817707496,,
Avata_000171,Avata,1,1692848905.446962118,nearest_train_time,0.200586,0.630208,0.2140625,0.413021,0.6743912475990517,-0.7909957154995446,3.1109856882689977,0.8433762292892386,0.6437221388516754,3.175162137176245,63.40036271207791,1.4460601170855056,18.30523180961609,
Avata_000171,Avata,1,1692848905.446962118,linear_interpolation,0.200586,0.630208,0.2140625,0.413021,0.6743912475990517,-0.7909957154995446,3.1109856882689977,0.8433762292892386,0.6437221388516754,3.175162137176245,63.40036271207791,1.4460601170855056,18.30523180961609,False
Avata_000172,Avata,1,1692848905.646435022,global_mean,0.2437988233041585,0.41461553391685013,0.2140625,0.413542,1.097604748579709,3.6788042521086592,11.067756736575872,0.8387554317469228,0.6531739830231835,3.176555727478658,22.83958905135698,8.455323462766396,,
Avata_000172,Avata,1,1692848905.646435022,sequence_mean,0.24899235314685328,0.47784727797202775,0.2140625,0.413542,0.3935710433916988,2.3300969923647847,9.866699075920112,0.8387554317469228,0.6531739830231835,3.176555727478658,32.5979836850318,6.911459899441646,,
Avata_000172,Avata,1,1692848905.646435022,nearest_train_time,0.200586,0.630208,0.2140625,0.413542,0.6743912475990517,-0.7909957154995446,3.1109856882689977,0.8387554317469228,0.6531739830231835,3.176555727478658,63.252332327268114,1.4549711795096762,18.105758905410767,
Avata_000172,Avata,1,1692848905.646435022,linear_interpolation,0.200586,0.630208,0.2140625,0.413542,0.6743912475990517,-0.7909957154995446,3.1109856882689977,0.8387554317469228,0.6531739830231835,3.176555727478658,63.252332327268114,1.4549711795096762,18.105758905410767,False
Avata_000173,Avata,1,1692848905.846767902,global_mean,0.2437988233041585,0.41461553391685013,0.21503900000000004,0.410938,1.097604748579709,3.6788042521086592,11.067756736575872,0.8339391876545694,0.6571301156673179,3.1762179611890398,22.11292312119182,8.454372735945014,,
Avata_000173,Avata,1,1692848905.846767902,sequence_mean,0.24899235314685328,0.47784727797202775,0.21503900000000004,0.410938,0.3935710433916988,2.3300969923647847,9.866699075920112,0.8339391876545694,0.6571301156673179,3.1762179611890398,32.423677814042534,6.910519504319594,,
Avata_000173,Avata,1,1692848905.846767902,nearest_train_time,0.200586,0.630208,0.21503900000000004,0.410938,0.6743912475990517,-0.7909957154995446,3.1109856882689977,0.8339391876545694,0.6571301156673179,3.1762179611890398,64.11786066976046,1.4583481125914315,17.905426025390625,
Avata_000173,Avata,1,1692848905.846767902,linear_interpolation,0.200586,0.630208,0.21503900000000004,0.410938,0.6743912475990517,-0.7909957154995446,3.1109856882689977,0.8339391876545694,0.6571301156673179,3.1762179611890398,64.11786066976046,1.4583481125914315,17.905426025390625,False
Avata_000174,Avata,1,1692848906.047811985,global_mean,0.2437988233041585,0.41461553391685013,0.214453,0.410417,1.097604748579709,3.6788042521086592,11.067756736575872,0.8266177698126473,0.65949823348274,3.175664897712026,22.570006146372872,8.454274443725689,,
Avata_000174,Avata,1,1692848906.047811985,sequence_mean,0.24899235314685328,0.47784727797202775,0.214453,0.410417,0.3935710433916988,2.3300969923647847,9.866699075920112,0.8266177698126473,0.65949823348274,3.175664897712026,32.87512453399789,6.910019396093681,,
Avata_000174,Avata,1,1692848906.047811985,nearest_train_time,0.200586,0.630208,0.214453,0.410417,0.6743912475990517,-0.7909957154995446,3.1109856882689977,0.8266177698126473,0.65949823348274,3.175664897712026,64.18944715183018,1.4598934927704978,17.704381942749023,
Avata_000174,Avata,1,1692848906.047811985,linear_interpolation,0.200586,0.630208,0.214453,0.410417,0.6743912475990517,-0.7909957154995446,3.1109856882689977,0.8266177698126473,0.65949823348274,3.175664897712026,64.18944715183018,1.4598934927704978,17.704381942749023,False
Avata_000175,Avata,1,1692848906.246464968,global_mean,0.2437988233041585,0.41461553391685013,0.21640600000000002,0.411458,1.097604748579709,3.6788042521086592,11.067756736575872,0.8158037770997641,0.6600126173580101,3.1734900090470157,21.05733321866186,8.456474554265311,,
Avata_000175,Avata,1,1692848906.246464968,sequence_mean,0.24899235314685328,0.47784727797202775,0.21640600000000002,0.411458,0.3935710433916988,2.3300969923647847,9.866699075920112,0.8158037770997641,0.6600126173580101,3.1734900090470157,31.4943699503926,6.911331992744133,,
Avata_000175,Avata,1,1692848906.246464968,nearest_train_time,0.200586,0.630208,0.21640600000000002,0.411458,0.6743912475990517,-0.7909957154995446,3.1109856882689977,0.8158037770997641,0.6600126173580101,3.1734900090470157,64.16086554947339,1.4592222159896593,17.50572896003723,
Avata_000175,Avata,1,1692848906.246464968,linear_interpolation,0.200586,0.630208,0.21640600000000002,0.411458,0.6743912475990517,-0.7909957154995446,3.1109856882689977,0.8158037770997641,0.6600126173580101,3.1734900090470157,64.16086554947339,1.4592222159896593,17.50572896003723,False
Avata_000176,Avata,1,1692848906.448043108,global_mean,0.2437988233041585,0.41461553391685013,0.2152345,0.4125,1.097604748579709,3.6788042521086592,11.067756736575872,0.8021462273554978,0.6575996353699374,3.170414321020332,21.945859435011947,8.460673158945449,,
Avata_000176,Avata,1,1692848906.448043108,sequence_mean,0.24899235314685328,0.47784727797202775,0.2152345,0.4125,0.3935710433916988,2.3300969923647847,9.866699075920112,0.8021462273554978,0.6575996353699374,3.170414321020332,32.036730466756644,6.914073373114361,,
Avata_000176,Avata,1,1692848906.448043108,nearest_train_time,0.200586,0.630208,0.2152345,0.4125,0.6743912475990517,-0.7909957154995446,3.1109856882689977,0.8021462273554978,0.6575996353699374,3.170414321020332,63.70118948349019,1.455431753056096,17.304150819778442,
Avata_000176,Avata,1,1692848906.448043108,linear_interpolation,0.200586,0.630208,0.2152345,0.4125,0.6743912475990517,-0.7909957154995446,3.1109856882689977,0.8021462273554978,0.6575996353699374,3.170414321020332,63.70118948349019,1.455431753056096,17.304150819778442,False
Avata_000177,Avata,1,1692848906.648509026,global_mean,0.2437988233041585,0.41461553391685013,0.2160155,0.409896,1.097604748579709,3.6788042521086592,11.067756736575872,0.7877847240005356,0.6609482161452469,3.1675179137244536,21.38084048270484,8.462695608346067,,
Avata_000177,Avata,1,1692848906.648509026,sequence_mean,0.24899235314685328,0.47784727797202775,0.2160155,0.409896,0.3935710433916988,2.3300969923647847,9.866699075920112,0.7877847240005356,0.6609482161452469,3.1675179137244536,32.00626863814342,6.915236099154642,,
Avata_000177,Avata,1,1692848906.648509026,nearest_train_time,0.200586,0.630208,0.2160155,0.409896,0.6743912475990517,-0.7909957154995446,3.1109856882689977,0.7877847240005356,0.6609482161452469,3.1675179137244536,64.54690785499699,1.4574618875447467,17.103684902191162,
Avata_000177,Avata,1,1692848906.648509026,linear_interpolation,0.200586,0.630208,0.2160155,0.409896,0.6743912475990517,-0.7909957154995446,3.1109856882689977,0.7877847240005356,0.6609482161452469,3.1675179137244536,64.54690785499699,1.4574618875447467,17.103684902191162,False
Avata_000178,Avata,1,1692848906.848278046,global_mean,0.2437988233041585,0.41461553391685013,0.2171875,0.405729,1.097604748579709,3.6788042521086592,11.067756736575872,0.7800895740106359,0.6741005906988029,3.1633001843992767,20.59712074117609,8.462239264179365,,
Avata_000178,Avata,1,1692848906.848278046,sequence_mean,0.24899235314685328,0.47784727797202775,0.2171875,0.405729,0.3935710433916988,2.3300969923647847,9.866699075920112,0.7800895740106359,0.6741005906988029,3.1633001843992767,32.062926436906835,6.915726813263032,,
Avata_000178,Avata,1,1692848906.848278046,nearest_train_time,0.200586,0.630208,0.2171875,0.405729,0.6743912475990517,-0.7909957154995446,3.1109856882689977,0.7800895740106359,0.6741005906988029,3.1633001843992767,65.89520141561606,1.4698354088630523,16.903915882110596,
Avata_000178,Avata,1,1692848906.848278046,linear_interpolation,0.200586,0.630208,0.2171875,0.405729,0.6743912475990517,-0.7909957154995446,3.1109856882689977,0.7800895740106359,0.6741005906988029,3.1633001843992767,65.89520141561606,1.4698354088630523,16.903915882110596,False
Avata_000179,Avata,1,1692848907.047771931,global_mean,0.2437988233041585,0.41461553391685013,0.217578,0.409375,1.097604748579709,3.6788042521086592,11.067756736575872,0.7730198192167752,0.6824300039504614,3.1633697765360305,20.19407167589139,8.459488591247288,,
Avata_000179,Avata,1,1692848907.047771931,sequence_mean,0.24899235314685328,0.47784727797202775,0.217578,0.409375,0.3935710433916988,2.3300969923647847,9.866699075920112,0.7730198192167752,0.6824300039504614,3.1633697765360305,31.160129652373776,6.913277918192393,,
Avata_000179,Avata,1,1692848907.047771931,nearest_train_time,0.200586,0.630208,0.217578,0.409375,0.6743912475990517,-0.7909957154995446,3.1109856882689977,0.7730198192167752,0.6824300039504614,3.1633697765360305,64.92492996091681,1.4776518665029623,16.704421997070312,
Avata_000179,Avata,1,1692848907.047771931,linear_interpolation,0.200586,0.630208,0.217578,0.409375,0.6743912475990517,-0.7909957154995446,3.1109856882689977,0.7730198192167752,0.6824300039504614,3.1633697765360305,64.92492996091681,1.4776518665029623,16.704421997070312,False
Avata_000180,Avata,1,1692848907.247096062,global_mean,0.2437988233041585,0.41461553391685013,0.217578,0.411458,1.097604748579709,3.6788042521086592,11.067756736575872,0.7643849306617956,0.6845034830050771,3.16266086175584,20.15811441874351,8.459752557433594,,
Avata_000180,Avata,1,1692848907.247096062,sequence_mean,0.24899235314685328,0.47784727797202775,0.217578,0.411458,0.3935710433916988,2.3300969923647847,9.866699075920112,0.7643849306617956,0.6845034830050771,3.16266086175584,30.783978491057805,6.913002915811192,,
Avata_000180,Avata,1,1692848907.247096062,nearest_train_time,0.200586,0.630208,0.217578,0.411458,0.6743912475990517,-0.7909957154995446,3.1109856882689977,0.7643849306617956,0.6845034830050771,3.16266086175584,64.33738214771205,1.479144033329369,16.50509786605835,
Avata_000180,Avata,1,1692848907.247096062,linear_interpolation,0.200586,0.630208,0.217578,0.411458,0.6743912475990517,-0.7909957154995446,3.1109856882689977,0.7643849306617956,0.6845034830050771,3.16266086175584,64.33738214771205,1.479144033329369,16.50509786605835,False
Avata_000181,Avata,1,1692848907.447314024,global_mean,0.2437988233041585,0.41461553391685013,0.21835949999999998,0.410417,1.097604748579709,3.6788042521086592,11.067756736575872,0.758729241714396,0.691375245920657,3.159484277011118,19.574782789680434,8.46051664916966,,
Avata_000181,Avata,1,1692848907.447314024,sequence_mean,0.24899235314685328,0.47784727797202775,0.21835949999999998,0.410417,0.3935710433916988,2.3300969923647847,9.866699075920112,0.758729241714396,0.691375245920657,3.159484277011118,30.50585910595405,6.914150694826876,,
Avata_000181,Avata,1,1692848907.447314024,nearest_train_time,0.200586,0.630208,0.21835949999999998,0.410417,0.6743912475990517,-0.7909957154995446,3.1109856882689977,0.758729241714396,0.691375245920657,3.159484277011118,64.75484154284658,1.4855600552058577,16.304879903793335,
Avata_000181,Avata,1,1692848907.447314024,linear_interpolation,0.200586,0.630208,0.21835949999999998,0.410417,0.6743912475990517,-0.7909957154995446,3.1109856882689977,0.758729241714396,0.691375245920657,3.159484277011118,64.75484154284658,1.4855600552058577,16.304879903793335,False
Avata_000182,Avata,1,1692848907.648324013,global_mean,0.2437988233041585,0.41461553391685013,0.219922,0.410938,1.097604748579709,3.6788042521086592,11.067756736575872,0.7511075887248542,0.7139781342048117,3.1540835756960783,18.367961387692596,8.457923923068915,,
Avata_000182,Avata,1,1692848907.648324013,sequence_mean,0.24899235314685328,0.47784727797202775,0.219922,0.410938,0.3935710433916988,2.3300969923647847,9.866699075920112,0.7511075887248542,0.7139781342048117,3.1540835756960783,29.492026701215938,6.913673365064119,,
Avata_000182,Avata,1,1692848907.648324013,nearest_train_time,0.200586,0.630208,0.219922,0.410938,0.6743912475990517,-0.7909957154995446,3.1109856882689977,0.7511075887248542,0.7139781342048117,3.1540835756960783,64.8723062150553,1.5075440667490814,16.103869915008545,
Avata_000182,Avata,1,1692848907.648324013,linear_interpolation,0.200586,0.630208,0.219922,0.410938,0.6743912475990517,-0.7909957154995446,3.1109856882689977,0.7511075887248542,0.7139781342048117,3.1540835756960783,64.8723062150553,1.5075440667490814,16.103869915008545,False
Avata_000183,Avata,1,1692848907.847630978,global_mean,0.2437988233041585,0.41461553391685013,0.220508,0.40625,1.097604748579709,3.6788042521086592,11.067756736575872,0.7386386193685628,0.7226612902768501,3.150938590758771,18.04887731432786,8.458347796505384,,
Avata_000183,Avata,1,1692848907.847630978,sequence_mean,0.24899235314685328,0.47784727797202775,0.220508,0.40625,0.3935710433916988,2.3300969923647847,9.866699075920112,0.7386386193685628,0.7226612902768501,3.150938590758771,30.062330313007557,6.91406971778503,,
Avata_000183,Avata,1,1692848907.847630978,nearest_train_time,0.200586,0.630208,0.220508,0.40625,0.6743912475990517,-0.7909957154995446,3.1109856882689977,0.7386386193685628,0.7226612902768501,3.150938590758771,66.28974697205015,1.5155465978756997,15.904562950134277,
Avata_000183,Avata,1,1692848907.847630978,linear_interpolation,0.200586,0.630208,0.220508,0.40625,0.6743912475990517,-0.7909957154995446,3.1109856882689977,0.7386386193685628,0.7226612902768501,3.150938590758771,66.28974697205015,1.5155465978756997,15.904562950134277,False
Avata_000184,Avata,1,1692848908.048377037,global_mean,0.2437988233041585,0.41461553391685013,0.220703,0.411979,1.097604748579709,3.6788042521086592,11.067756736575872,0.7299818994416871,0.7128881187634342,3.1499049167742195,17.75383761509311,8.463107142745043,,
Avata_000184,Avata,1,1692848908.048377037,sequence_mean,0.24899235314685328,0.47784727797202775,0.220703,0.411979,0.3935710433916988,2.3300969923647847,9.866699075920112,0.7299818994416871,0.7128881187634342,3.1499049167742195,28.842539859591295,6.916925659659761,,
Avata_000184,Avata,1,1692848908.048377037,nearest_train_time,0.200586,0.630208,0.220703,0.411979,0.6743912475990517,-0.7909957154995446,3.1109856882689977,0.7299818994416871,0.7128881187634342,3.1499049167742195,64.72105157383524,1.5054141004644699,15.703816890716553,
Avata_000184,Avata,1,1692848908.048377037,linear_interpolation,0.200586,0.630208,0.220703,0.411979,0.6743912475990517,-0.7909957154995446,3.1109856882689977,0.7299818994416871,0.7128881187634342,3.1499049167742195,64.72105157383524,1.5054141004644699,15.703816890716553,False
Avata_000185,Avata,1,1692848908.242625952,global_mean,0.2437988233041585,0.41461553391685013,0.22089850000000003,0.415625,1.097604748579709,3.6788042521086592,11.067756736575872,0.7308128890134828,0.6962618739864901,3.1485540089313853,17.589851032981322,8.470175154450502,,
Avata_000185,Avata,1,1692848908.242625952,sequence_mean,0.24899235314685328,0.47784727797202775,0.22089850000000003,0.415625,0.3935710433916988,2.3300969923647847,9.866699075920112,0.7308128890134828,0.6962618739864901,3.1485540089313853,28.047355843540732,6.922183354808623,,
Avata_000185,Avata,1,1692848908.242625952,nearest_train_time,0.200586,0.630208,0.22089850000000003,0.415625,0.6743912475990517,-0.7909957154995446,3.1109856882689977,0.7308128890134828,0.6962618739864901,3.1485540089313853,63.73843529934835,1.488801503834914,15.509567975997925,
Avata_000185,Avata,1,1692848908.242625952,linear_interpolation,0.200586,0.630208,0.22089850000000003,0.415625,0.6743912475990517,-0.7909957154995446,3.1109856882689977,0.7308128890134828,0.6962618739864901,3.1485540089313853,63.73843529934835,1.488801503834914,15.509567975997925,False
Avata_000186,Avata,1,1692848908.447990894,global_mean,0.2437988233041585,0.41461553391685013,0.21933600000000003,0.417187,1.097604748579709,3.6788042521086592,11.067756736575872,0.7344892122448716,0.6755805045077103,3.145587671079853,18.802039133483166,8.480092480225913,,
Avata_000186,Avata,1,1692848908.447990894,sequence_mean,0.24899235314685328,0.47784727797202775,0.21933600000000003,0.417187,0.3935710433916988,2.3300969923647847,9.866699075920112,0.7344892122448716,0.6755805045077103,3.145587671079853,28.704638594998706,6.930150685426609,,
Avata_000186,Avata,1,1692848908.447990894,nearest_train_time,0.200586,0.630208,0.21933600000000003,0.417187,0.6743912475990517,-0.7909957154995446,3.1109856882689977,0.7344892122448716,0.6755805045077103,3.145587671079853,63.01736577803221,1.4682148588199826,15.304203033447266,
Avata_000186,Avata,1,1692848908.447990894,linear_interpolation,0.200586,0.630208,0.21933600000000003,0.417187,0.6743912475990517,-0.7909957154995446,3.1109856882689977,0.7344892122448716,0.6755805045077103,3.145587671079853,63.01736577803221,1.4682148588199826,15.304203033447266,False
Avata_000187,Avata,1,1692848908.697707891,global_mean,0.2437988233041585,0.41461553391685013,0.2195315,0.416667,1.097604748579709,3.6788042521086592,11.067756736575872,0.7251212667951183,0.6358285462486073,3.1429163885874667,18.646666790364144,8.497148911944631,,
Avata_000187,Avata,1,1692848908.697707891,sequence_mean,0.24899235314685328,0.47784727797202775,0.2195315,0.416667,0.3935710433916988,2.3300969923647847,9.866699075920112,0.7251212667951183,0.6358285462486073,3.1429163885874667,28.67742190664867,6.941881931048524,,
Avata_000187,Avata,1,1692848908.697707891,nearest_train_time,0.200586,0.630208,0.2195315,0.416667,0.6743912475990517,-0.7909957154995446,3.1109856882689977,0.7251212667951183,0.6358285462486073,3.1429163885874667,63.19757174494602,1.4280828331660667,15.05448603630066,
Avata_000187,Avata,1,1692848908.697707891,linear_interpolation,0.200586,0.630208,0.2195315,0.416667,0.6743912475990517,-0.7909957154995446,3.1109856882689977,0.7251212667951183,0.6358285462486073,3.1429163885874667,63.19757174494602,1.4280828331660667,15.05448603630066,False
Avata_000188,Avata,1,1692848908.897224903,global_mean,0.2437988233041585,0.41461553391685013,0.22011700000000003,0.420312,1.097604748579709,3.6788042521086592,11.067756736575872,0.7195031754399868,0.6250496595098447,3.14092880891208,18.261483227121367,8.503115835164174,,
Avata_000188,Avata,1,1692848908.897224903,sequence_mean,0.24899235314685328,0.47784727797202775,0.22011700000000003,0.420312,0.3935710433916988,2.3300969923647847,9.866699075920112,0.7195031754399868,0.6250496595098447,3.14092880891208,27.683157503433975,6.946179082527787,,
Avata_000188,Avata,1,1692848908.897224903,nearest_train_time,0.200586,0.630208,0.22011700000000003,0.420312,0.6743912475990517,-0.7909957154995446,3.1109856882689977,0.7195031754399868,0.6250496595098447,3.14092880891208,62.283244482277645,1.4170801602565941,14.854969024658203,
Avata_000188,Avata,1,1692848908.897224903,linear_interpolation,0.200586,0.630208,0.22011700000000003,0.420312,0.6743912475990517,-0.7909957154995446,3.1109856882689977,0.7195031754399868,0.6250496595098447,3.14092880891208,62.283244482277645,1.4170801602565941,14.854969024658203,False
Avata_000189,Avata,1,1692848909.096625090,global_mean,0.2437988233041585,0.41461553391685013,0.220508,0.420833,1.097604748579709,3.6788042521086592,11.067756736575872,0.7190975875686452,0.6292294078789418,3.1394485289845457,17.976755236855023,8.503013903084915,,
Avata_000189,Avata,1,1692848909.096625090,sequence_mean,0.24899235314685328,0.47784727797202775,0.220508,0.420833,0.3935710433916988,2.3300969923647847,9.866699075920112,0.7190975875686452,0.6292294078789418,3.1394485289845457,27.352855822212465,6.946568792732378,,
Avata_000189,Avata,1,1692848909.096625090,nearest_train_time,0.200586,0.630208,0.220508,0.420833,0.6743912475990517,-0.7909957154995446,3.1109856882689977,0.7190975875686452,0.6292294078789418,3.1394485289845457,62.21079438175674,1.4212136332059697,14.655568838119507,
Avata_000189,Avata,1,1692848909.096625090,linear_interpolation,0.200586,0.630208,0.220508,0.420833,0.6743912475990517,-0.7909957154995446,3.1109856882689977,0.7190975875686452,0.6292294078789418,3.1394485289845457,62.21079438175674,1.4212136332059697,14.655568838119507,False
Avata_000190,Avata,1,1692848909.301357985,global_mean,0.2437988233041585,0.41461553391685013,0.2203125,0.420312,1.097604748579709,3.6788042521086592,11.067756736575872,0.7217520052668267,0.6382607607645276,3.138655387655917,18.111951378730243,8.50040106164734,,
Avata_000190,Avata,1,1692848909.301357985,sequence_mean,0.24899235314685328,0.47784727797202775,0.2203125,0.420312,0.3935710433916988,2.3300969923647847,9.866699075920112,0.7217520052668267,0.6382607607645276,3.138655387655917,27.563027490635434,6.945256255134458,,
Avata_000190,Avata,1,1692848909.301357985,nearest_train_time,0.200586,0.630208,0.2203125,0.420312,0.6743912475990517,-0.7909957154995446,3.1109856882689977,0.7217520052668267,0.6382607607645276,3.138655387655917,62.31957436315341,1.4303086130530784,14.450835943222046,
Avata_000190,Avata,1,1692848909.301357985,linear_interpolation,0.200586,0.630208,0.2203125,0.420312,0.6743912475990517,-0.7909957154995446,3.1109856882689977,0.7217520052668267,0.6382607607645276,3.138655387655917,62.31957436315341,1.4303086130530784,14.450835943222046,False
Avata_000191,Avata,1,1692848909.497807980,global_mean,0.2437988233041585,0.41461553391685013,0.21894549999999996,0.420833,1.097604748579709,3.6788042521086592,11.067756736575872,0.727339049857638,0.6442076702196609,3.1376137410711076,19.17115996386293,8.499002355077671,,
Avata_000191,Avata,1,1692848909.497807980,sequence_mean,0.24899235314685328,0.47784727797202775,0.21894549999999996,0.420833,0.3935710433916988,2.3300969923647847,9.866699075920112,0.727339049857638,0.6442076702196609,3.1376137410711076,28.32174220190248,6.945085552557516,,
Avata_000191,Avata,1,1692848909.497807980,nearest_train_time,0.200586,0.630208,0.21894549999999996,0.420833,0.6743912475990517,-0.7909957154995446,3.1109856882689977,0.727339049857638,0.6442076702196609,3.1376137410711076,61.926591277166345,1.4364265666367761,14.254385948181152,
Avata_000191,Avata,1,1692848909.497807980,linear_interpolation,0.200586,0.630208,0.21894549999999996,0.420833,0.6743912475990517,-0.7909957154995446,3.1109856882689977,0.727339049857638,0.6442076702196609,3.1376137410711076,61.926591277166345,1.4364265666367761,14.254385948181152,False
Avata_000192,Avata,1,1692848909.699135065,global_mean,0.2437988233041585,0.41461553391685013,0.2197265,0.416146,1.097604748579709,3.6788042521086592,11.067756736575872,0.7313649798167223,0.6392890196393672,3.1394412990316036,18.49279795160914,8.498880520035517,,
Avata_000192,Avata,1,1692848909.699135065,sequence_mean,0.24899235314685328,0.47784727797202775,0.2197265,0.416146,0.3935710433916988,2.3300969923647847,9.866699075920112,0.7313649798167223,0.6392890196393672,3.1394412990316036,28.652228832759498,6.944705432257315,,
Avata_000192,Avata,1,1692848909.699135065,nearest_train_time,0.200586,0.630208,0.2197265,0.416146,0.6743912475990517,-0.7909957154995446,3.1109856882689977,0.7313649798167223,0.6392890196393672,3.1394412990316036,63.37816597559408,1.4317018375060049,14.053058862686157,
Avata_000192,Avata,1,1692848909.699135065,linear_interpolation,0.200586,0.630208,0.2197265,0.416146,0.6743912475990517,-0.7909957154995446,3.1109856882689977,0.7313649798167223,0.6392890196393672,3.1394412990316036,63.37816597559408,1.4317018375060049,14.053058862686157,False
Avata_000193,Avata,1,1692848909.947068930,global_mean,0.2437988233041585,0.41461553391685013,0.2203125,0.425521,1.097604748579709,3.6788042521086592,11.067756736575872,0.7141160076572721,0.5860321216839601,3.139478521796705,18.30889771290918,8.518796776311072,,
Avata_000193,Avata,1,1692848909.947068930,sequence_mean,0.24899235314685328,0.47784727797202775,0.2203125,0.425521,0.3935710433916988,2.3300969923647847,9.866699075920112,0.7141160076572721,0.5860321216839601,3.139478521796705,26.68809130262214,6.957011408002676,,
Avata_000193,Avata,1,1692848909.947068930,nearest_train_time,0.200586,0.630208,0.2203125,0.425521,0.6743912475990517,-0.7909957154995446,3.1109856882689977,0.7141160076572721,0.5860321216839601,3.139478521796705,60.86547928031982,1.3778953380073544,13.805124998092651,
Avata_000193,Avata,1,1692848909.947068930,linear_interpolation,0.200586,0.630208,0.2203125,0.425521,0.6743912475990517,-0.7909957154995446,3.1109856882689977,0.7141160076572721,0.5860321216839601,3.139478521796705,60.86547928031982,1.3778953380073544,13.805124998092651,False
Avata_000194,Avata,1,1692848910.150413036,global_mean,0.2437988233041585,0.41461553391685013,0.219922,0.435417,1.097604748579709,3.6788042521086592,11.067756736575872,0.6848028574024927,0.5146205371379473,3.1406039242256876,19.29119490049755,8.545303721565242,,
Avata_000194,Avata,1,1692848910.150413036,sequence_mean,0.24899235314685328,0.47784727797202775,0.219922,0.435417,0.3935710433916988,2.3300969923647847,9.866699075920112,0.6848028574024927,0.5146205371379473,3.1406039242256876,25.45148553751716,6.97288510722945,,
Avata_000194,Avata,1,1692848910.150413036,nearest_train_time,0.200586,0.630208,0.219922,0.435417,0.6743912475990517,-0.7909957154995446,3.1109856882689977,0.6848028574024927,0.5146205371379473,3.1406039242256876,58.0319944792454,1.3059936602721518,13.601780891418457,
Avata_000194,Avata,1,1692848910.150413036,linear_interpolation,0.200586,0.630208,0.219922,0.435417,0.6743912475990517,-0.7909957154995446,3.1109856882689977,0.6848028574024927,0.5146205371379473,3.1406039242256876,58.0319944792454,1.3059936602721518,13.601780891418457,False
Avata_000195,Avata,1,1692848910.350039959,global_mean,0.2437988233041585,0.41461553391685013,0.2203125,0.452083,1.097604748579709,3.6788042521086592,11.067756736575872,0.6232618851462537,0.3668236503874631,3.142436376054989,21.018776688673388,8.602611200975817,,
Avata_000195,Avata,1,1692848910.350039959,sequence_mean,0.24899235314685328,0.47784727797202775,0.2203125,0.452083,0.3935710433916988,2.3300969923647847,9.866699075920112,0.6232618851462537,0.3668236503874631,3.142436376054989,23.24238247453751,7.008773712633481,,
Avata_000195,Avata,1,1692848910.350039959,nearest_train_time,0.200586,0.630208,0.2203125,0.452083,0.6743912475990517,-0.7909957154995446,3.1109856882689977,0.6232618851462537,0.3668236503874631,3.142436376054989,53.490289264522616,1.159374418162672,13.402153968811035,
Avata_000195,Avata,1,1692848910.350039959,linear_interpolation,0.200586,0.630208,0.2203125,0.452083,0.6743912475990517,-0.7909957154995446,3.1109856882689977,0.6232618851462537,0.3668236503874631,3.142436376054989,53.490289264522616,1.159374418162672,13.402153968811035,False
Avata_000196,Avata,1,1692848910.569983006,global_mean,0.2437988233041585,0.41461553391685013,0.221875,0.481771,1.097604748579709,3.6788042521086592,11.067756736575872,0.5251357348534118,0.13019377203614013,3.144239080641129,25.64306591386128,8.700717737914895,,
Avata_000196,Avata,1,1692848910.569983006,sequence_mean,0.24899235314685328,0.47784727797202775,0.221875,0.481771,0.3935710433916988,2.3300969923647847,9.866699075920112,0.5251357348534118,0.13019377203614013,3.144239080641129,20.85676262137128,7.074485976732023,,
Avata_000196,Avata,1,1692848910.569983006,nearest_train_time,0.200586,0.630208,0.221875,0.481771,0.6743912475990517,-0.7909957154995446,3.1109856882689977,0.5251357348534118,0.13019377203614013,3.144239080641129,45.76976205338018,0.9337949818538737,13.182210922241211,
Avata_000196,Avata,1,1692848910.569983006,linear_interpolation,0.200586,0.630208,0.221875,0.481771,0.6743912475990517,-0.7909957154995446,3.1109856882689977,0.5251357348534118,0.13019377203614013,3.144239080641129,45.76976205338018,0.9337949818538737,13.182210922241211,False
Avata_000197,Avata,1,1692848910.749917030,global_mean,0.2437988233041585,0.41461553391685013,0.2240235,0.526042,1.097604748579709,3.6788042521086592,11.067756736575872,0.42269497676820333,-0.11756602605828093,3.1469819025193724,35.503231646070155,8.809461076641337,,
Avata_000197,Avata,1,1692848910.749917030,sequence_mean,0.24899235314685328,0.47784727797202775,0.2240235,0.526042,0.3935710433916988,2.3300969923647847,9.866699075920112,0.42269497676820333,-0.11756602605828093,3.1469819025193724,23.67231787091698,7.151678218834237,,
Avata_000197,Avata,1,1692848910.749917030,nearest_train_time,0.200586,0.630208,0.2240235,0.526042,0.6743912475990517,-0.7909957154995446,3.1109856882689977,0.42269497676820333,-0.11756602605828093,3.1469819025193724,34.98554673056952,0.7198293456170507,13.00227689743042,
Avata_000197,Avata,1,1692848910.749917030,linear_interpolation,0.200586,0.630208,0.2240235,0.526042,0.6743912475990517,-0.7909957154995446,3.1109856882689977,0.42269497676820333,-0.11756602605828093,3.1469819025193724,34.98554673056952,0.7198293456170507,13.00227689743042,False
Avata_000198,Avata,1,1692848910.950822115,global_mean,0.2437988233041585,0.41461553391685013,0.22597649999999997,0.580729,1.097604748579709,3.6788042521086592,11.067756736575872,0.2731308519584179,-0.4805357868319753,3.1518472155147927,49.76021867507514,8.980060707554822,,
Avata_000198,Avata,1,1692848910.950822115,sequence_mean,0.24899235314685328,0.47784727797202775,0.22597649999999997,0.580729,0.3935710433916988,2.3300969923647847,9.866699075920112,0.2731308519584179,-0.4805357868319753,3.1518472155147927,34.50188798230162,7.280343258830353,,
Avata_000198,Avata,1,1692848910.950822115,nearest_train_time,0.200586,0.630208,0.22597649999999997,0.580729,0.6743912475990517,-0.7909957154995446,3.1109856882689977,0.2731308519584179,-0.4805357868319753,3.1518472155147927,24.151757451819503,0.5089842206068956,12.801371812820435,
Avata_000198,Avata,1,1692848910.950822115,linear_interpolation,0.200586,0.630208,0.22597649999999997,0.580729,0.6743912475990517,-0.7909957154995446,3.1109856882689977,0.2731308519584179,-0.4805357868319753,3.1518472155147927,24.151757451819503,0.5089842206068956,12.801371812820435,False
Avata_000199,Avata,1,1692848911.146445036,global_mean,0.2437988233041585,0.41461553391685013,0.22792950000000003,0.6244789999999999,1.097604748579709,3.6788042521086592,11.067756736575872,0.1814446029142307,-0.695218722946489,3.1532578453039273,61.657231215497326,9.089043904545786,,
Avata_000199,Avata,1,1692848911.146445036,sequence_mean,0.24899235314685328,0.47784727797202775,0.22792950000000003,0.6244789999999999,0.3935710433916988,2.3300969923647847,9.866699075920112,0.1814446029142307,-0.695218722946489,3.1532578453039273,45.22211008254705,7.366669937020142,,
Avata_000199,Avata,1,1692848911.146445036,nearest_train_time,0.200586,0.630208,0.22792950000000003,0.6244789999999999,0.6743912475990517,-0.7909957154995446,3.1109856882689977,0.1814446029142307,-0.695218722946489,3.1532578453039273,21.064526523023716,0.5039410303487075,12.605748891830444,
Avata_000199,Avata,1,1692848911.146445036,linear_interpolation,0.200586,0.630208,0.22792950000000003,0.6244789999999999,0.6743912475990517,-0.7909957154995446,3.1109856882689977,0.1814446029142307,-0.695218722946489,3.1532578453039273,21.064526523023716,0.5039410303487075,12.605748891830444,False
Avata_000200,Avata,1,1692848911.352185011,global_mean,0.2437988233041585,0.41461553391685013,0.2291015,0.644271,1.097604748579709,3.6788042521086592,11.067756736575872,0.15952010399032202,-0.7480302840212936,3.1555520686064265,67.09702431756232,9.114814837314292,,
Avata_000200,Avata,1,1692848911.352185011,sequence_mean,0.24899235314685328,0.47784727797202775,0.2291015,0.644271,0.3935710433916988,2.3300969923647847,9.866699075920112,0.15952010399032202,-0.7480302840212936,3.1555520686064265,50.30556123742279,7.387092900840091,,
Avata_000200,Avata,1,1692848911.352185011,nearest_train_time,0.200586,0.630208,0.2291015,0.644271,0.6743912475990517,-0.7909957154995446,3.1109856882689977,0.15952010399032202,-0.7480302840212936,3.1555520686064265,22.271269870170247,0.5185792948811723,12.400008916854858,
Avata_000200,Avata,1,1692848911.352185011,linear_interpolation,0.200586,0.630208,0.2291015,0.644271,0.6743912475990517,-0.7909957154995446,3.1109856882689977,0.15952010399032202,-0.7480302840212936,3.1555520686064265,22.271269870170247,0.5185792948811723,12.400008916854858,False
Avata_000201,Avata,1,1692848911.548393011,global_mean,0.2437988233041585,0.41461553391685013,0.2283205,0.645312,1.097604748579709,3.6788042521086592,11.067756736575872,0.1668898510420338,-0.739148368987113,3.1579761387464638,67.49563031757863,9.107643201649047,,
Avata_000201,Avata,1,1692848911.548393011,sequence_mean,0.24899235314685328,0.47784727797202775,0.2283205,0.645312,0.3935710433916988,2.3300969923647847,9.866699075920112,0.1668898510420338,-0.739148368987113,3.1579761387464638,50.77562706780533,7.380963006200818,,
Avata_000201,Avata,1,1692848911.548393011,nearest_train_time,0.200586,0.630208,0.2283205,0.645312,0.6743912475990517,-0.7909957154995446,3.1109856882689977,0.1668898510420338,-0.739148368987113,3.1579761387464638,21.73973716518948,0.5123025641979345,12.203800916671753,
Avata_000201,Avata,1,1692848911.548393011,linear_interpolation,0.200586,0.630208,0.2283205,0.645312,0.6743912475990517,-0.7909957154995446,3.1109856882689977,0.1668898510420338,-0.739148368987113,3.1579761387464638,21.73973716518948,0.5123025641979345,12.203800916671753,False
Avata_000202,Avata,1,1692848911.747761965,global_mean,0.2437988233041585,0.41461553391685013,0.2277345,0.636458,1.097604748579709,3.6788042521086592,11.067756736575872,0.19292142762369235,-0.7055894363820663,3.156886030704272,65.07091575764449,9.089732408157609,,
Avata_000202,Avata,1,1692848911.747761965,sequence_mean,0.24899235314685328,0.47784727797202775,0.2277345,0.636458,0.3935710433916988,2.3300969923647847,9.866699075920112,0.19292142762369235,-0.7055894363820663,3.156886030704272,48.50970478031067,7.367309106026047,,
Avata_000202,Avata,1,1692848911.747761965,nearest_train_time,0.200586,0.630208,0.2277345,0.636458,0.6743912475990517,-0.7909957154995446,3.1109856882689977,0.19292142762369235,-0.7055894363820663,3.156886030704272,20.92760142974595,0.49113568542254493,12.004431962966919,
Avata_000202,Avata,1,1692848911.747761965,linear_interpolation,0.200586,0.630208,0.2277345,0.636458,0.6743912475990517,-0.7909957154995446,3.1109856882689977,0.19292142762369235,-0.7055894363820663,3.156886030704272,20.92760142974595,0.49113568542254493,12.004431962966919,False
Avata_000203,Avata,1,1692848911.950551033,global_mean,0.2437988233041585,0.41461553391685013,0.225781,0.633854,1.097604748579709,3.6788042521086592,11.067756736575872,0.21390522085314,-0.6820299379471599,3.154023416878574,64.63920532472262,9.07882011848187,,
Avata_000203,Avata,1,1692848911.950551033,sequence_mean,0.24899235314685328,0.47784727797202775,0.225781,0.633854,0.3935710433916988,2.3300969923647847,9.866699075920112,0.21390522085314,-0.6820299379471599,3.154023416878574,48.337116181622115,7.359701281681727,,
Avata_000203,Avata,1,1692848911.950551033,nearest_train_time,0.200586,0.630208,0.225781,0.633854,0.6743912475990517,-0.7909957154995446,3.1109856882689977,0.21390522085314,-0.6820299379471599,3.154023416878574,19.378230385148814,0.47515594028666397,11.801642894744873,
Avata_000203,Avata,1,1692848911.950551033,linear_interpolation,0.200586,0.630208,0.225781,0.633854,0.6743912475990517,-0.7909957154995446,3.1109856882689977,0.21390522085314,-0.6820299379471599,3.154023416878574,19.378230385148814,0.47515594028666397,11.801642894744873,False
Avata_000204,Avata,1,1692848912.147674084,global_mean,0.2437988233041585,0.41461553391685013,0.225781,0.629687,1.097604748579709,3.6788042521086592,11.067756736575872,0.22500775579216747,-0.674687277906056,3.152195564280846,63.467451064730575,9.075815262888305,,
Avata_000204,Avata,1,1692848912.147674084,sequence_mean,0.24899235314685328,0.47784727797202775,0.225781,0.629687,0.3935710433916988,2.3300969923647847,9.866699075920112,0.22500775579216747,-0.674687277906056,3.152195564280846,47.223686412132366,7.358104341514156,,
Avata_000204,Avata,1,1692848912.147674084,nearest_train_time,0.200586,0.630208,0.225781,0.629687,0.6743912475990517,-0.7909957154995446,3.1109856882689977,0.22500775579216747,-0.674687277906056,3.152195564280846,19.350341765971596,0.4660165546897431,11.604519844055176,
Avata_000204,Avata,1,1692848912.147674084,linear_interpolation,0.200586,0.630208,0.225781,0.629687,0.6743912475990517,-0.7909957154995446,3.1109856882689977,0.22500775579216747,-0.674687277906056,3.152195564280846,19.350341765971596,0.4660165546897431,11.604519844055176,False
Avata_000205,Avata,1,1692848912.347855091,global_mean,0.2437988233041585,0.41461553391685013,0.2253905,0.6265629999999999,1.097604748579709,3.6788042521086592,11.067756736575872,0.22427993183750528,-0.6798833934021751,3.1525105518115604,62.65667845207237,9.07810422897273,,
Avata_000205,Avata,1,1692848912.347855091,sequence_mean,0.24899235314685328,0.47784727797202775,0.2253905,0.6265629999999999,0.3935710433916988,2.3300969923647847,9.866699075920112,0.22427993183750528,-0.6798833934021751,3.1525105518115604,46.50784694875542,7.359957128980035,,
Avata_000205,Avata,1,1692848912.347855091,nearest_train_time,0.200586,0.630208,0.2253905,0.6265629999999999,0.6743912475990517,-0.7909957154995446,3.1109856882689977,0.22427993183750528,-0.6798833934021751,3.1525105518115604,19.078758074841673,0.4654787417172653,11.404338836669922,
Avata_000205,Avata,1,1692848912.347855091,linear_interpolation,0.200586,0.630208,0.2253905,0.6265629999999999,0.6743912475990517,-0.7909957154995446,3.1109856882689977,0.22427993183750528,-0.6798833934021751,3.1525105518115604,19.078758074841673,0.4654787417172653,11.404338836669922,False
Avata_000206,Avata,1,1692848912.549376965,global_mean,0.2437988233041585,0.41461553391685013,0.225586,0.627083,1.097604748579709,3.6788042521086592,11.067756736575872,0.21686844744501355,-0.6742184869246977,3.1465844945474695,62.768956802393504,9.081270455534245,,
Avata_000206,Avata,1,1692848912.549376965,sequence_mean,0.24899235314685328,0.47784727797202775,0.225586,0.627083,0.3935710433916988,2.3300969923647847,9.866699075920112,0.21686844744501355,-0.6742184869246977,3.1465844945474695,46.58766136748741,7.363224517376195,,
Avata_000206,Avata,1,1692848912.549376965,nearest_train_time,0.200586,0.630208,0.225586,0.627083,0.6743912475990517,-0.7909957154995446,3.1109856882689977,0.21686844744501355,-0.6742184869246977,3.1465844945474695,19.221082175569634,0.4735306840985768,11.2028169631958,
Avata_000206,Avata,1,1692848912.549376965,linear_interpolation,0.200586,0.630208,0.225586,0.627083,0.6743912475990517,-0.7909957154995446,3.1109856882689977,0.21686844744501355,-0.6742184869246977,3.1465844945474695,19.221082175569634,0.4735306840985768,11.2028169631958,False
Avata_000207,Avata,1,1692848912.749804020,global_mean,0.2437988233041585,0.41461553391685013,0.22617199999999998,0.623958,1.097604748579709,3.6788042521086592,11.067756736575872,0.2087739973818732,-0.6666184963858051,3.1398624898811542,61.79175754566844,9.084284570299594,,
Avata_000207,Avata,1,1692848912.749804020,sequence_mean,0.24899235314685328,0.47784727797202775,0.22617199999999998,0.623958,0.3935710433916988,2.3300969923647847,9.866699075920112,0.2087739973818732,-0.6666184963858051,3.1398624898811542,45.58375521604132,7.36646347469421,,
Avata_000207,Avata,1,1692848912.749804020,nearest_train_time,0.200586,0.630208,0.22617199999999998,0.623958,0.6743912475990517,-0.7909957154995446,3.1109856882689977,0.2087739973818732,-0.6666184963858051,3.1398624898811542,19.73231832305327,0.48280740052905324,11.002389907836914,
Avata_000207,Avata,1,1692848912.749804020,linear_interpolation,0.200586,0.630208,0.22617199999999998,0.623958,0.6743912475990517,-0.7909957154995446,3.1109856882689977,0.2087739973818732,-0.6666184963858051,3.1398624898811542,19.73231832305327,0.48280740052905324,11.002389907836914,False
Avata_000208,Avata,1,1692848912.946017981,global_mean,0.2437988233041585,0.41461553391685013,0.22636700000000004,0.625,1.097604748579709,3.6788042521086592,11.067756736575872,0.19558576201850042,-0.6552086311837648,3.1317752320009626,62.05211533906419,9.087194746764078,,
Avata_000208,Avata,1,1692848912.946017981,sequence_mean,0.24899235314685328,0.47784727797202775,0.22636700000000004,0.625,0.3935710433916988,2.3300969923647847,9.866699075920112,0.19558576201850042,-0.6552086311837648,3.1317752320009626,45.803906389058746,7.369562200091787,,
Avata_000208,Avata,1,1692848912.946017981,nearest_train_time,0.200586,0.630208,0.22636700000000004,0.625,0.6743912475990517,-0.7909957154995446,3.1109856882689977,0.19558576201850042,-0.6552086311837648,3.1317752320009626,19.85653818887073,0.498121501661584,10.806175947189331,
Avata_000208,Avata,1,1692848912.946017981,linear_interpolation,0.200586,0.630208,0.22636700000000004,0.625,0.6743912475990517,-0.7909957154995446,3.1109856882689977,0.19558576201850042,-0.6552086311837648,3.1317752320009626,19.85653818887073,0.498121501661584,10.806175947189331,False
Avata_000209,Avata,1,1692848913.147557974,global_mean,0.2437988233041585,0.41461553391685013,0.227344,0.619792,1.097604748579709,3.6788042521086592,11.067756736575872,0.19089288831721274,-0.6411232235079716,3.1286336349664774,60.427036432027364,9.083698333533325,,
Avata_000209,Avata,1,1692848913.147557974,sequence_mean,0.24899235314685328,0.47784727797202775,0.227344,0.619792,0.3935710433916988,2.3300969923647847,9.866699075920112,0.19089288831721274,-0.6411232235079716,3.1286336349664774,44.13165143142829,7.366868662622474,,
Avata_000209,Avata,1,1692848913.147557974,nearest_train_time,0.200586,0.630208,0.227344,0.619792,0.6743912475990517,-0.7909957154995446,3.1109856882689977,0.19089288831721274,-0.6411232235079716,3.1286336349664774,20.767938425794704,0.5065016064205833,10.604635953903198,
Avata_000209,Avata,1,1692848913.147557974,linear_interpolation,0.200586,0.630208,0.227344,0.619792,0.6743912475990517,-0.7909957154995446,3.1109856882689977,0.19089288831721274,-0.6411232235079716,3.1286336349664774,20.767938425794704,0.5065016064205833,10.604635953903198,False
Avata_000210,Avata,1,1692848913.348520041,global_mean,0.2437988233041585,0.41461553391685013,0.22675799999999996,0.621354,1.097604748579709,3.6788042521086592,11.067756736575872,0.18444004387665314,-0.6351752854025072,3.12452502042811,60.962046836385,9.085109758522249,,
Avata_000210,Avata,1,1692848913.348520041,sequence_mean,0.24899235314685328,0.47784727797202775,0.22675799999999996,0.621354,0.3935710433916988,2.3300969923647847,9.866699075920112,0.18444004387665314,-0.6351752854025072,3.12452502042811,44.718595773566484,7.368411392613936,,
Avata_000210,Avata,1,1692848913.348520041,nearest_train_time,0.200586,0.630208,0.22675799999999996,0.621354,0.6743912475990517,-0.7909957154995446,3.1109856882689977,0.18444004387665314,-0.6351752854025072,3.12452502042811,20.261197260071263,0.5143107056828272,10.403673887252808,
Avata_000210,Avata,1,1692848913.348520041,linear_interpolation,0.200586,0.630208,0.22675799999999996,0.621354,0.6743912475990517,-0.7909957154995446,3.1109856882689977,0.18444004387665314,-0.6351752854025072,3.12452502042811,20.261197260071263,0.5143107056828272,10.403673887252808,False
Avata_000211,Avata,1,1692848913.547684908,global_mean,0.2437988233041585,0.41461553391685013,0.2283205,0.620833,1.097604748579709,3.6788042521086592,11.067756736575872,0.18479775478922034,-0.6440917942652469,3.123421186915011,60.5686065878602,9.090275802266579,,
Avata_000211,Avata,1,1692848913.547684908,sequence_mean,0.24899235314685328,0.47784727797202775,0.2283205,0.620833,0.3935710433916988,2.3300969923647847,9.866699075920112,0.18479775478922034,-0.6440917942652469,3.123421186915011,44.134227241276065,7.373003588287124,,
Avata_000211,Avata,1,1692848913.547684908,nearest_train_time,0.200586,0.630208,0.2283205,0.620833,0.6743912475990517,-0.7909957154995446,3.1109856882689977,0.18479775478922034,-0.6440917942652469,3.123421186915011,21.470540039999385,0.5113092918208294,10.204509019851685,
Avata_000211,Avata,1,1692848913.547684908,linear_interpolation,0.200586,0.630208,0.2283205,0.620833,0.6743912475990517,-0.7909957154995446,3.1109856882689977,0.18479775478922034,-0.6440917942652469,3.123421186915011,21.470540039999385,0.5113092918208294,10.204509019851685,False
Avata_000212,Avata,1,1692848913.748018026,global_mean,0.2437988233041585,0.41461553391685013,0.22675799999999996,0.629167,1.097604748579709,3.6788042521086592,11.067756736575872,0.19523109971409736,-0.6659922004168912,3.1206041971210263,63.16157457078972,9.102129855226702,,
Avata_000212,Avata,1,1692848913.748018026,sequence_mean,0.24899235314685328,0.47784727797202775,0.22675799999999996,0.629167,0.3935710433916988,2.3300969923647847,9.866699075920112,0.19523109971409736,-0.6659922004168912,3.1206041971210263,46.80611680913276,7.384150953096804,,
Avata_000212,Avata,1,1692848913.748018026,nearest_train_time,0.200586,0.630208,0.22675799999999996,0.629167,0.6743912475990517,-0.7909957154995446,3.1109856882689977,0.19523109971409736,-0.6659922004168912,3.1206041971210263,20.102331806188037,0.4952906639708516,10.004175901412964,
Avata_000212,Avata,1,1692848913.748018026,linear_interpolation,0.200586,0.630208,0.22675799999999996,0.629167,0.6743912475990517,-0.7909957154995446,3.1109856882689977,0.19523109971409736,-0.6659922004168912,3.1206041971210263,20.102331806188037,0.4952906639708516,10.004175901412964,False
Avata_000213,Avata,1,1692848913.948884010,global_mean,0.2437988233041585,0.41461553391685013,0.22636700000000004,0.634375,1.097604748579709,3.6788042521086592,11.067756736575872,0.23132772658541012,-0.7139043641061527,3.1202059589356432,64.69115039713732,9.121945419096354,,
Avata_000213,Avata,1,1692848913.948884010,sequence_mean,0.24899235314685328,0.47784727797202775,0.22636700000000004,0.634375,0.3935710433916988,2.3300969923647847,9.866699075920112,0.23132772658541012,-0.7139043641061527,3.1202059589356432,48.31293567767911,7.403204477087204,,
Avata_000213,Avata,1,1692848913.948884010,nearest_train_time,0.200586,0.630208,0.22636700000000004,0.634375,0.6743912475990517,-0.7909957154995446,3.1109856882689977,0.23132772658541012,-0.7139043641061527,3.1202059589356432,19.836144465245297,0.4498148213474421,9.803309917449951,
Avata_000213,Avata,1,1692848913.948884010,linear_interpolation,0.200586,0.630208,0.22636700000000004,0.634375,0.6743912475990517,-0.7909957154995446,3.1109856882689977,0.23132772658541012,-0.7139043641061527,3.1202059589356432,19.836144465245297,0.4498148213474421,9.803309917449951,False
Avata_000214,Avata,1,1692848914.149049997,global_mean,0.2437988233041585,0.41461553391685013,0.22285150000000004,0.639583,1.097604748579709,3.6788042521086592,11.067756736575872,0.27452257840652305,-0.7515532737029353,3.123437245721335,66.75803208139037,9.133331497221794,,
Avata_000214,Avata,1,1692848914.149049997,sequence_mean,0.24899235314685328,0.47784727797202775,0.22285150000000004,0.639583,0.3935710433916988,2.3300969923647847,9.866699075920112,0.27452257840652305,-0.7515532737029353,3.123437245721335,50.7221723925129,7.415006474035362,,
Avata_000214,Avata,1,1692848914.149049997,nearest_train_time,0.200586,0.630208,0.22285150000000004,0.639583,0.6743912475990517,-0.7909957154995446,3.1109856882689977,0.27452257840652305,-0.7515532737029353,3.123437245721335,17.31175083026605,0.4020021145462691,9.60314393043518,
Avata_000214,Avata,1,1692848914.149049997,linear_interpolation,0.200586,0.630208,0.22285150000000004,0.639583,0.6743912475990517,-0.7909957154995446,3.1109856882689977,0.27452257840652305,-0.7515532737029353,3.123437245721335,17.31175083026605,0.4020021145462691,9.60314393043518,False
Avata_000215,Avata,1,1692848914.349922895,global_mean,0.2437988233041585,0.41461553391685013,0.220703,0.646354,1.097604748579709,3.6788042521086592,11.067756736575872,0.3027740881705274,-0.7616263361894617,3.1258247883307613,69.05751451779858,9.133644544144273,,
Avata_000215,Avata,1,1692848914.349922895,sequence_mean,0.24899235314685328,0.47784727797202775,0.220703,0.646354,0.3935710433916988,2.3300969923647847,9.866699075920112,0.3027740881705274,-0.7616263361894617,3.1258247883307613,53.17126534134459,7.416628842573101,,
Avata_000215,Avata,1,1692848914.349922895,nearest_train_time,0.200586,0.630208,0.220703,0.646354,0.6743912475990517,-0.7909957154995446,3.1109856882689977,0.3027740881705274,-0.7616263361894617,3.1258247883307613,16.134466115215606,0.3730711359961097,9.402271032333374,
Avata_000215,Avata,1,1692848914.349922895,linear_interpolation,0.200586,0.630208,0.220703,0.646354,0.6743912475990517,-0.7909957154995446,3.1109856882689977,0.3027740881705274,-0.7616263361894617,3.1258247883307613,16.134466115215606,0.3730711359961097,9.402271032333374,False
Avata_000216,Avata,1,1692848914.550693989,global_mean,0.2437988233041585,0.41461553391685013,0.219922,0.645312,1.097604748579709,3.6788042521086592,11.067756736575872,0.30741331993114795,-0.7726712926450965,3.1254941460706513,68.92467785194445,9.138904314850281,,
Avata_000216,Avata,1,1692848914.550693989,sequence_mean,0.24899235314685328,0.47784727797202775,0.219922,0.645312,0.3935710433916988,2.3300969923647847,9.866699075920112,0.30741331993114795,-0.7726712926450965,3.1254941460706513,53.146675633778294,7.421484897916436,,
Avata_000216,Avata,1,1692848914.550693989,nearest_train_time,0.200586,0.630208,0.219922,0.645312,0.6743912475990517,-0.7909957154995446,3.1109856882689977,0.30741331993114795,-0.7726712926450965,3.1254941460706513,15.474043040027015,0.3677214696154688,9.201499938964844,
Avata_000216,Avata,1,1692848914.550693989,linear_interpolation,0.200586,0.630208,0.219922,0.645312,0.6743912475990517,-0.7909957154995446,3.1109856882689977,0.30741331993114795,-0.7726712926450965,3.1254941460706513,15.474043040027015,0.3677214696154688,9.201499938964844,False
Avata_000217,Avata,1,1692848914.750866890,global_mean,0.2437988233041585,0.41461553391685013,0.2203125,0.650521,1.097604748579709,3.6788042521086592,11.067756736575872,0.3015530693585522,-0.7880602723096182,3.123024896438438,70.29438153879813,9.149062299885758,,
Avata_000217,Avata,1,1692848914.750866890,sequence_mean,0.24899235314685328,0.47784727797202775,0.2203125,0.650521,0.3935710433916988,2.3300969923647847,9.866699075920112,0.3015530693585522,-0.7880602723096182,3.123024896438438,54.38957949209347,7.430243163840248,,
Avata_000217,Avata,1,1692848914.750866890,nearest_train_time,0.200586,0.630208,0.2203125,0.650521,0.6743912475990517,-0.7909957154995446,3.1109856882689977,0.3015530693585522,-0.7880602723096182,3.123024896438438,16.24023492511855,0.3730440543873644,9.00132703781128,
Avata_000217,Avata,1,1692848914.750866890,linear_interpolation,0.200586,0.630208,0.2203125,0.650521,0.6743912475990517,-0.7909957154995446,3.1109856882689977,0.3015530693585522,-0.7880602723096182,3.123024896438438,16.24023492511855,0.3730440543873644,9.00132703781128,False
Avata_000218,Avata,1,1692848914.947001934,global_mean,0.2437988233041585,0.41461553391685013,0.22109399999999998,0.648958,1.097604748579709,3.6788042521086592,11.067756736575872,0.29368338090934754,-0.7881133464636569,3.1224257990519115,69.70684866117749,9.150296503644427,,
Avata_000218,Avata,1,1692848914.947001934,sequence_mean,0.24899235314685328,0.47784727797202775,0.22109399999999998,0.648958,0.3935710433916988,2.3300969923647847,9.866699075920112,0.29368338090934754,-0.7881133464636569,3.1224257990519115,53.73618944149756,7.4309107985072265,,
Avata_000218,Avata,1,1692848914.947001934,nearest_train_time,0.200586,0.630208,0.22109399999999998,0.648958,0.6743912475990517,-0.7909957154995446,3.1109856882689977,0.29368338090934754,-0.7881133464636569,3.1224257990519115,16.65013621628172,0.3808906193980234,8.805191993713379,
Avata_000218,Avata,1,1692848914.947001934,linear_interpolation,0.200586,0.630208,0.22109399999999998,0.648958,0.6743912475990517,-0.7909957154995446,3.1109856882689977,0.29368338090934754,-0.7881133464636569,3.1224257990519115,16.65013621628172,0.3808906193980234,8.805191993713379,False
Avata_000219,Avata,1,1692848915.165424109,global_mean,0.2437988233041585,0.41461553391685013,0.220703,0.646354,1.097604748579709,3.6788042521086592,11.067756736575872,0.27366586906864154,-0.7908092925970287,3.119077314157253,69.05751451779858,9.156299748073328,,
Avata_000219,Avata,1,1692848915.165424109,sequence_mean,0.24899235314685328,0.47784727797202775,0.220703,0.646354,0.3935710433916988,2.3300969923647847,9.866699075920112,0.27366586906864154,-0.7908092925970287,3.119077314157253,53.17126534134459,7.4353771074612816,,
Avata_000219,Avata,1,1692848915.165424109,nearest_train_time,0.200586,0.630208,0.220703,0.646354,0.6743912475990517,-0.7909957154995446,3.1109856882689977,0.27366586906864154,-0.7908092925970287,3.119077314157253,16.134466115215606,0.4008071084216877,8.586769819259644,
Avata_000219,Avata,1,1692848915.165424109,linear_interpolation,0.200586,0.630208,0.220703,0.646354,0.6743912475990517,-0.7909957154995446,3.1109856882689977,0.27366586906864154,-0.7908092925970287,3.119077314157253,16.134466115215606,0.4008071084216877,8.586769819259644,False
Avata_000220,Avata,1,1692848915.348342896,global_mean,0.2437988233041585,0.41461553391685013,0.22246099999999996,0.651042,1.097604748579709,3.6788042521086592,11.067756736575872,0.25608639040230696,-0.7959087752947163,3.1182580286711508,70.03505218052555,9.16109925345981,,
Avata_000220,Avata,1,1692848915.348342896,sequence_mean,0.24899235314685328,0.47784727797202775,0.22246099999999996,0.651042,0.3935710433916988,2.3300969923647847,9.866699075920112,0.25608639040230696,-0.7959087752947163,3.1182580286711508,53.881415900791325,7.438566438329548,,
Avata_000220,Avata,1,1692848915.348342896,nearest_train_time,0.200586,0.630208,0.22246099999999996,0.651042,0.6743912475990517,-0.7909957154995446,3.1109856882689977,0.25608639040230696,-0.7959087752947163,3.1182580286711508,17.839347074286756,0.4183969151964014,8.40385103225708,
Avata_000220,Avata,1,1692848915.348342896,linear_interpolation,0.200586,0.630208,0.22246099999999996,0.651042,0.6743912475990517,-0.7909957154995446,3.1109856882689977,0.25608639040230696,-0.7959087752947163,3.1182580286711508,17.839347074286756,0.4183969151964014,8.40385103225708,False
Avata_000221,Avata,1,1692848915.550044060,global_mean,0.2437988233041585,0.41461553391685013,0.22167949999999997,0.647396,1.097604748579709,3.6788042521086592,11.067756736575872,0.24142091405999122,-0.7907148136544002,3.1166688043111614,69.15956428795182,9.161301804018787,,
Avata_000221,Avata,1,1692848915.550044060,sequence_mean,0.24899235314685328,0.47784727797202775,0.22167949999999997,0.647396,0.3935710433916988,2.3300969923647847,9.866699075920112,0.24142091405999122,-0.7907148136544002,3.1166688043111614,53.14485839493396,7.438112976964089,,
Avata_000221,Avata,1,1692848915.550044060,nearest_train_time,0.200586,0.630208,0.22167949999999997,0.647396,0.6743912475990517,-0.7909957154995446,3.1109856882689977,0.24142091405999122,-0.7907148136544002,3.1166688043111614,16.939235663323174,0.4330077209920402,8.202149868011475,
Avata_000221,Avata,1,1692848915.550044060,linear_interpolation,0.200586,0.630208,0.22167949999999997,0.647396,0.6743912475990517,-0.7909957154995446,3.1109856882689977,0.24142091405999122,-0.7907148136544002,3.1166688043111614,16.939235663323174,0.4330077209920402,8.202149868011475,False
Avata_000222,Avata,1,1692848915.749012947,global_mean,0.2437988233041585,0.41461553391685013,0.2240235,0.647396,1.097604748579709,3.6788042521086592,11.067756736575872,0.2293299767392416,-0.7800241598511057,3.115193472109369,68.73953735231997,9.15851048817745,,
Avata_000222,Avata,1,1692848915.749012947,sequence_mean,0.24899235314685328,0.47784727797202775,0.2240235,0.647396,0.3935710433916988,2.3300969923647847,9.866699075920112,0.2293299767392416,-0.7800241598511057,3.115193472109369,52.460404437879426,7.435230771652195,,
Avata_000222,Avata,1,1692848915.749012947,nearest_train_time,0.200586,0.630208,0.2240235,0.647396,0.6743912475990517,-0.7909957154995446,3.1109856882689977,0.2293299767392416,-0.7800241598511057,3.115193472109369,18.668259844472274,0.4452163690808586,8.003180980682373,
Avata_000222,Avata,1,1692848915.749012947,linear_interpolation,0.200586,0.630208,0.2240235,0.647396,0.6743912475990517,-0.7909957154995446,3.1109856882689977,0.2293299767392416,-0.7800241598511057,3.115193472109369,18.668259844472274,0.4452163690808586,8.003180980682373,False
Avata_000223,Avata,1,1692848915.946926117,global_mean,0.2437988233041585,0.41461553391685013,0.225586,0.648958,1.097604748579709,3.6788042521086592,11.067756736575872,0.22671588418747501,-0.7726373367265715,3.112274651069769,68.92484224851935,9.157700303337233,,
Avata_000223,Avata,1,1692848915.946926117,sequence_mean,0.24899235314685328,0.47784727797202775,0.225586,0.648958,0.3935710433916988,2.3300969923647847,9.866699075920112,0.22671588418747501,-0.7726373367265715,3.112274651069769,52.45614148778755,7.434853749206499,,
Avata_000223,Avata,1,1692848915.946926117,nearest_train_time,0.200586,0.630208,0.225586,0.648958,0.6743912475990517,-0.7909957154995446,3.1109856882689977,0.22671588418747501,-0.7726373367265715,3.112274651069769,19.944924166313616,0.4480534817429287,7.805267810821533,
Avata_000223,Avata,1,1692848915.946926117,linear_interpolation,0.200586,0.630208,0.225586,0.648958,0.6743912475990517,-0.7909957154995446,3.1109856882689977,0.22671588418747501,-0.7726373367265715,3.112274651069769,19.944924166313616,0.4480534817429287,7.805267810821533,False
Avata_000224,Avata,1,1692848916.148825884,global_mean,0.2437988233041585,0.41461553391685013,0.225781,0.644792,1.097604748579709,3.6788042521086592,11.067756736575872,0.2347305477960806,-0.7730726842171372,3.112855753952773,67.71967756574882,9.156648392610993,,
Avata_000224,Avata,1,1692848916.148825884,sequence_mean,0.24899235314685328,0.47784727797202775,0.225781,0.644792,0.3935710433916988,2.3300969923647847,9.866699075920112,0.2347305477960806,-0.7730726842171372,3.112855753952773,51.278375015648415,7.434331978219793,,
Avata_000224,Avata,1,1692848916.148825884,nearest_train_time,0.200586,0.630208,0.225781,0.644792,0.6743912475990517,-0.7909957154995446,3.1109856882689977,0.2347305477960806,-0.7730726842171372,3.112855753952773,19.800374362482767,0.44002984347342855,7.603368043899536,
Avata_000224,Avata,1,1692848916.148825884,linear_interpolation,0.200586,0.630208,0.225781,0.644792,0.6743912475990517,-0.7909957154995446,3.1109856882689977,0.2347305477960806,-0.7730726842171372,3.112855753952773,19.800374362482767,0.44002984347342855,7.603368043899536,False
Avata_000225,Avata,1,1692848916.352638960,global_mean,0.2437988233041585,0.41461553391685013,0.2234375,0.647396,1.097604748579709,3.6788042521086592,11.067756736575872,0.24805747926349864,-0.7784156925385979,3.114933583664027,68.8403711500466,9.156196606629557,,
Avata_000225,Avata,1,1692848916.352638960,sequence_mean,0.24899235314685328,0.47784727797202775,0.2234375,0.647396,0.3935710433916988,2.3300969923647847,9.866699075920112,0.24805747926349864,-0.7784156925385979,3.114933583664027,52.62657968352961,7.434403982295459,,
Avata_000225,Avata,1,1692848916.352638960,nearest_train_time,0.200586,0.630208,0.2234375,0.647396,0.6743912475990517,-0.7909957154995446,3.1109856882689977,0.24805747926349864,-0.7784156925385979,3.114933583664027,18.234712523729037,0.4265376007797449,7.399554967880249,
Avata_000225,Avata,1,1692848916.352638960,linear_interpolation,0.200586,0.630208,0.2234375,0.647396,0.6743912475990517,-0.7909957154995446,3.1109856882689977,0.24805747926349864,-0.7784156925385979,3.114933583664027,18.234712523729037,0.4265376007797449,7.399554967880249,False
Avata_000226,Avata,1,1692848916.570282936,global_mean,0.2437988233041585,0.41461553391685013,0.22246099999999996,0.650521,1.097604748579709,3.6788042521086592,11.067756736575872,0.25614122246533566,-0.8150288556776069,3.112324065948216,69.88917845376868,9.175592942328397,,
Avata_000226,Avata,1,1692848916.570282936,sequence_mean,0.24899235314685328,0.47784727797202775,0.22246099999999996,0.650521,0.3935710433916988,2.3300969923647847,9.866699075920112,0.25614122246533566,-0.8150288556776069,3.112324065948216,53.7425407047849,7.451998747385635,,
Avata_000226,Avata,1,1692848916.570282936,nearest_train_time,0.200586,0.630208,0.22246099999999996,0.650521,0.6743912475990517,-0.7909957154995446,3.1109856882689977,0.25614122246533566,-0.8150288556776069,3.112324065948216,17.78944026159158,0.41894208025213303,7.181910991668701,
Avata_000226,Avata,1,1692848916.570282936,linear_interpolation,0.200586,0.630208,0.22246099999999996,0.650521,0.6743912475990517,-0.7909957154995446,3.1109856882689977,0.25614122246533566,-0.8150288556776069,3.112324065948216,17.78944026159158,0.41894208025213303,7.181910991668701,False
Avata_000227,Avata,1,1692848916.748400927,global_mean,0.2437988233041585,0.41461553391685013,0.2220705,0.657292,1.097604748579709,3.6788042521086592,11.067756736575872,0.2568734222098972,-0.8822773800345622,3.1125111668744134,71.85537390454277,9.208486677650594,,
Avata_000227,Avata,1,1692848916.748400927,sequence_mean,0.24899235314685328,0.47784727797202775,0.2220705,0.657292,0.3935710433916988,2.3300969923647847,9.866699075920112,0.2568734222098972,-0.8822773800345622,3.1125111668744134,55.662617123206886,7.480447156339249,,
Avata_000227,Avata,1,1692848916.748400927,nearest_train_time,0.200586,0.630208,0.2220705,0.657292,0.6743912475990517,-0.7909957154995446,3.1109856882689977,0.2568734222098972,-0.8822773800345622,3.1125111668744134,18.250922257411553,0.42738250301450986,7.003793001174927,
Avata_000227,Avata,1,1692848916.748400927,linear_interpolation,0.200586,0.630208,0.2220705,0.657292,0.6743912475990517,-0.7909957154995446,3.1109856882689977,0.2568734222098972,-0.8822773800345622,3.1125111668744134,18.250922257411553,0.42738250301450986,7.003793001174927,False
Avata_000228,Avata,1,1692848916.949848890,global_mean,0.2437988233041585,0.41461553391685013,0.220508,0.670833,1.097604748579709,3.6788042521086592,11.067756736575872,0.23506088679848358,-1.0043743148210034,3.1083650236697347,75.92769245964338,9.27513125743915,,
Avata_000228,Avata,1,1692848916.949848890,sequence_mean,0.24899235314685328,0.47784727797202775,0.220508,0.670833,0.3935710433916988,2.3300969923647847,9.866699075920112,0.23506088679848358,-1.0043743148210034,3.1083650236697347,59.73008107791925,7.537831487237924,,
Avata_000228,Avata,1,1692848916.949848890,nearest_train_time,0.200586,0.630208,0.220508,0.670833,0.6743912475990517,-0.7909957154995446,3.1109856882689977,0.23506088679848358,-1.0043743148210034,3.1083650236697347,19.26091736156969,0.48841423039515014,6.802345037460327,
Avata_000228,Avata,1,1692848916.949848890,linear_interpolation,0.200586,0.630208,0.220508,0.670833,0.6743912475990517,-0.7909957154995446,3.1109856882689977,0.23506088679848358,-1.0043743148210034,3.1083650236697347,19.26091736156969,0.48841423039515014,6.802345037460327,False
Avata_000229,Avata,1,1692848917.150073051,global_mean,0.2437988233041585,0.41461553391685013,0.221289,0.691146,1.097604748579709,3.6788042521086592,11.067756736575872,0.19679867543779506,-1.1653071129278452,3.1047657190613203,81.49547293012813,9.364085243274038,,
Avata_000229,Avata,1,1692848917.150073051,sequence_mean,0.24899235314685328,0.47784727797202775,0.221289,0.691146,0.3935710433916988,2.3300969923647847,9.866699075920112,0.19679867543779506,-1.1653071129278452,3.1047657190613203,65.01018732862572,7.614480412128352,,
Avata_000229,Avata,1,1692848917.150073051,nearest_train_time,0.200586,0.630208,0.221289,0.691146,0.6743912475990517,-0.7909957154995446,3.1109856882689977,0.19679867543779506,-1.1653071129278452,3.1047657190613203,23.681522367237143,0.6068297745210569,6.602120876312256,
Avata_000229,Avata,1,1692848917.150073051,linear_interpolation,0.200586,0.630208,0.221289,0.691146,0.6743912475990517,-0.7909957154995446,3.1109856882689977,0.19679867543779506,-1.1653071129278452,3.1047657190613203,23.681522367237143,0.6068297745210569,6.602120876312256,False
Avata_000230,Avata,1,1692848917.348000050,global_mean,0.2437988233041585,0.41461553391685013,0.22011700000000003,0.713021,1.097604748579709,3.6788042521086592,11.067756736575872,0.15913909328687237,-1.316168628220563,3.1002604683577326,87.84421970272813,9.45047451959205,,
Avata_000230,Avata,1,1692848917.348000050,sequence_mean,0.24899235314685328,0.47784727797202775,0.22011700000000003,0.713021,0.3935710433916988,2.3300969923647847,9.866699075920112,0.15913909328687237,-1.316168628220563,3.1002604683577326,71.26811511625083,7.689922154677725,,
Avata_000230,Avata,1,1692848917.348000050,nearest_train_time,0.200586,0.630208,0.22011700000000003,0.713021,0.6743912475990517,-0.7909957154995446,3.1109856882689977,0.15913909328687237,-1.316168628220563,3.1002604683577326,28.174875489655697,0.7358032353295039,6.404193878173828,
Avata_000230,Avata,1,1692848917.348000050,linear_interpolation,0.200586,0.630208,0.22011700000000003,0.713021,0.6743912475990517,-0.7909957154995446,3.1109856882689977,0.15913909328687237,-1.316168628220563,3.1002604683577326,28.174875489655697,0.7358032353295039,6.404193878173828,False
Avata_000231,Avata,1,1692848917.548494101,global_mean,0.2437988233041585,0.41461553391685013,0.22011700000000003,0.7375,1.097604748579709,3.6788042521086592,11.067756736575872,0.11123578113826693,-1.5091535725753111,3.0962759496509884,94.75265391924177,9.562025730301277,,
Avata_000231,Avata,1,1692848917.548494101,sequence_mean,0.24899235314685328,0.47784727797202775,0.22011700000000003,0.7375,0.3935710433916988,2.3300969923647847,9.866699075920112,0.11123578113826693,-1.5091535725753111,3.0962759496509884,77.99892950389517,7.788336626611893,,
Avata_000231,Avata,1,1692848917.548494101,nearest_train_time,0.200586,0.630208,0.22011700000000003,0.7375,0.6743912475990517,-0.7909957154995446,3.1109856882689977,0.11123578113826693,-1.5091535725753111,3.0962759496509884,34.348364922454195,0.9127492336313032,6.203699827194214,
Avata_000231,Avata,1,1692848917.548494101,linear_interpolation,0.200586,0.630208,0.22011700000000003,0.7375,0.6743912475990517,-0.7909957154995446,3.1109856882689977,0.11123578113826693,-1.5091535725753111,3.0962759496509884,34.348364922454195,0.9127492336313032,6.203699827194214,False
Avata_000232,Avata,1,1692848917.751157999,global_mean,0.2437988233041585,0.41461553391685013,0.2197265,0.758333,1.097604748579709,3.6788042521086592,11.067756736575872,0.07675985623543125,-1.6661231506061505,3.091690364585234,100.70220537740762,9.65546518842655,,
Avata_000232,Avata,1,1692848917.751157999,sequence_mean,0.24899235314685328,0.47784727797202775,0.2197265,0.758333,0.3935710433916988,2.3300969923647847,9.866699075920112,0.07675985623543125,-1.6661231506061505,3.091690364585234,83.8484868595122,7.872159030282448,,
Avata_000232,Avata,1,1692848917.751157999,nearest_train_time,0.200586,0.630208,0.2197265,0.758333,0.6743912475990517,-0.7909957154995446,3.1109856882689977,0.07675985623543125,-1.6661231506061505,3.091690364585234,39.72023637403505,1.059897927696599,6.001035928726196,
Avata_000232,Avata,1,1692848917.751157999,linear_interpolation,0.200586,0.630208,0.2197265,0.758333,0.6743912475990517,-0.7909957154995446,3.1109856882689977,0.07675985623543125,-1.6661231506061505,3.091690364585234,39.72023637403505,1.059897927696599,6.001035928726196,False
Avata_000233,Avata,1,1692848917.951167107,global_mean,0.2437988233041585,0.41461553391685013,0.2195315,0.772917,1.097604748579709,3.6788042521086592,11.067756736575872,0.07499680793059338,-1.7236316135495109,3.0907559653208247,104.86035907046296,9.688373526419797,,
Avata_000233,Avata,1,1692848917.951167107,sequence_mean,0.24899235314685328,0.47784727797202775,0.2195315,0.772917,0.3935710433916988,2.3300969923647847,9.866699075920112,0.07499680793059338,-1.7236316135495109,3.0907559653208247,87.94058751072923,7.9023800333814265,,
Avata_000233,Avata,1,1692848917.951167107,nearest_train_time,0.200586,0.630208,0.2195315,0.772917,0.6743912475990517,-0.7909957154995446,3.1109856882689977,0.07499680793059338,-1.7236316135495109,3.0907559653208247,43.59968432061865,1.1088248979561615,5.801026821136475,
Avata_000233,Avata,1,1692848917.951167107,linear_interpolation,0.200586,0.630208,0.2195315,0.772917,0.6743912475990517,-0.7909957154995446,3.1109856882689977,0.07499680793059338,-1.7236316135495109,3.0907559653208247,43.59968432061865,1.1088248979561615,5.801026821136475,False
Avata_000234,Avata,1,1692848918.149580956,global_mean,0.2437988233041585,0.41461553391685013,0.21875,0.775521,1.097604748579709,3.6788042521086592,11.067756736575872,0.09298184099329387,-1.7358237856769811,3.090023689344421,105.70603488796911,9.69389955316799,,
Avata_000234,Avata,1,1692848918.149580956,sequence_mean,0.24899235314685328,0.47784727797202775,0.21875,0.775521,0.3935710433916988,2.3300969923647847,9.866699075920112,0.09298184099329387,-1.7358237856769811,3.090023689344421,88.82055709473492,7.9085646571885,,
Avata_000234,Avata,1,1692848918.149580956,nearest_train_time,0.200586,0.630208,0.21875,0.775521,0.6743912475990517,-0.7909957154995446,3.1109856882689977,0.09298184099329387,-1.7358237856769811,3.090023689344421,44.113894790905064,1.109583879516908,5.6026129722595215,
Avata_000234,Avata,1,1692848918.149580956,linear_interpolation,0.200586,0.630208,0.21875,0.775521,0.6743912475990517,-0.7909957154995446,3.1109856882689977,0.09298184099329387,-1.7358237856769811,3.090023689344421,44.113894790905064,1.109583879516908,5.6026129722595215,False
Avata_000235,Avata,1,1692848918.348485947,global_mean,0.2437988233041585,0.41461553391685013,0.2177735,0.773958,1.097604748579709,3.6788042521086592,11.067756736575872,0.11450257075582226,-1.723884084190555,3.089488862012332,105.40307697242334,9.68546795098297,,
Avata_000235,Avata,1,1692848918.348485947,sequence_mean,0.24899235314685328,0.47784727797202775,0.2177735,0.773958,0.3935710433916988,2.3300969923647847,9.866699075920112,0.11450257075582226,-1.723884084190555,3.089488862012332,88.586182118659,7.90210225604453,,
Avata_000235,Avata,1,1692848918.348485947,nearest_train_time,0.200586,0.630208,0.2177735,0.773958,0.6743912475990517,-0.7909957154995446,3.1109856882689977,0.11450257075582226,-1.723884084190555,3.089488862012332,43.453423340399794,1.0882178791195014,5.403707981109619,
Avata_000235,Avata,1,1692848918.348485947,linear_interpolation,0.200586,0.630208,0.2177735,0.773958,0.6743912475990517,-0.7909957154995446,3.1109856882689977,0.11450257075582226,-1.723884084190555,3.089488862012332,43.453423340399794,1.0882178791195014,5.403707981109619,False
Avata_000236,Avata,1,1692848918.551001072,global_mean,0.2437988233041585,0.41461553391685013,0.2171875,0.770833,1.097604748579709,3.6788042521086592,11.067756736575872,0.1349910260346594,-1.7066104321327167,3.089955092135825,104.6065421773527,9.673398346915368,,
Avata_000236,Avata,1,1692848918.551001072,sequence_mean,0.24899235314685328,0.47784727797202775,0.2171875,0.770833,0.3935710433916988,2.3300969923647847,9.866699075920112,0.1349910260346594,-1.7066104321327167,3.089955092135825,87.8441869463309,7.892156199551942,,
Avata_000236,Avata,1,1692848918.551001072,nearest_train_time,0.200586,0.630208,0.2171875,0.770833,0.6743912475990517,-0.7909957154995446,3.1109856882689977,0.1349910260346594,-1.7066104321327167,3.089955092135825,42.45952515045716,1.062894724002653,5.201192855834961,
Avata_000236,Avata,1,1692848918.551001072,linear_interpolation,0.200586,0.630208,0.2171875,0.770833,0.6743912475990517,-0.7909957154995446,3.1109856882689977,0.1349910260346594,-1.7066104321327167,3.089955092135825,42.45952515045716,1.062894724002653,5.201192855834961,False
Avata_000237,Avata,1,1692848918.749008894,global_mean,0.2437988233041585,0.41461553391685013,0.215625,0.769792,1.097604748579709,3.6788042521086592,11.067756736575872,0.1365948611240999,-1.6874674223326984,3.0888327946582317,104.55426131400002,9.663521043522678,,
Avata_000237,Avata,1,1692848918.749008894,sequence_mean,0.24899235314685328,0.47784727797202775,0.215625,0.769792,0.3935710433916988,2.3300969923647847,9.866699075920112,0.1365948611240999,-1.6874674223326984,3.0888327946582317,87.89856790374695,7.883294483346611,,
Avata_000237,Avata,1,1692848918.749008894,nearest_train_time,0.200586,0.630208,0.215625,0.769792,0.6743912475990517,-0.7909957154995446,3.1109856882689977,0.1365948611240999,-1.6874674223326984,3.0888327946582317,41.82650867618728,1.045646797514913,5.003185033798218,
Avata_000237,Avata,1,1692848918.749008894,linear_interpolation,0.200586,0.630208,0.215625,0.769792,0.6743912475990517,-0.7909957154995446,3.1109856882689977,0.1365948611240999,-1.6874674223326984,3.0888327946582317,41.82650867618728,1.045646797514913,5.003185033798218,False
Avata_000238,Avata,1,1692848918.956142902,global_mean,0.2437988233041585,0.41461553391685013,0.2179685,0.769271,1.097604748579709,3.6788042521086592,11.067756736575872,0.1214345670030259,-1.6612032091836646,3.0839661546113186,104.04937115472678,9.654506717938677,,
Avata_000238,Avata,1,1692848918.956142902,sequence_mean,0.24899235314685328,0.47784727797202775,0.2179685,0.769271,0.3935710433916988,2.3300969923647847,9.866699075920112,0.1214345670030259,-1.6612032091836646,3.0839661546113186,87.24645408009613,7.874642940633438,,
Avata_000238,Avata,1,1692848918.956142902,nearest_train_time,0.200586,0.630208,0.2179685,0.769271,0.6743912475990517,-0.7909957154995446,3.1109856882689977,0.1214345670030259,-1.6612032091836646,3.0839661546113186,42.21646747986309,1.0313836472810936,4.796051025390625,
Avata_000238,Avata,1,1692848918.956142902,linear_interpolation,0.200586,0.630208,0.2179685,0.769271,0.6743912475990517,-0.7909957154995446,3.1109856882689977,0.1214345670030259,-1.6612032091836646,3.0839661546113186,42.21646747986309,1.0313836472810936,4.796051025390625,False
Avata_000239,Avata,1,1692848919.150707006,global_mean,0.2437988233041585,0.41461553391685013,0.21933600000000003,0.7661460000000001,1.097604748579709,3.6788042521086592,11.067756736575872,0.1108922249268478,-1.642002372183466,3.0820882199798953,102.96923123253305,9.646527167556028,,
Avata_000239,Avata,1,1692848919.150707006,sequence_mean,0.24899235314685328,0.47784727797202775,0.21933600000000003,0.7661460000000001,0.3935710433916988,2.3300969923647847,9.866699075920112,0.1108922249268478,-1.642002372183466,3.0820882199798953,86.09724727957423,7.866919673086483,,
Avata_000239,Avata,1,1692848919.150707006,nearest_train_time,0.200586,0.630208,0.21933600000000003,0.7661460000000001,0.6743912475990517,-0.7909957154995446,3.1109856882689977,0.1108922249268478,-1.642002372183466,3.0820882199798953,41.7144312585074,1.0210673542653268,4.601486921310425,
Avata_000239,Avata,1,1692848919.150707006,linear_interpolation,0.200586,0.630208,0.21933600000000003,0.7661460000000001,0.6743912475990517,-0.7909957154995446,3.1109856882689977,0.1108922249268478,-1.642002372183466,3.0820882199798953,41.7144312585074,1.0210673542653268,4.601486921310425,False
Avata_000240,Avata,1,1692848919.349942923,global_mean,0.2437988233041585,0.41461553391685013,0.21835949999999998,0.760938,1.097604748579709,3.6788042521086592,11.067756736575872,0.10750058916780358,-1.6203914649406634,3.0793593574029936,101.63636753158063,9.637233741154914,,
Avata_000240,Avata,1,1692848919.349942923,sequence_mean,0.24899235314685328,0.47784727797202775,0.21835949999999998,0.760938,0.3935710433916988,2.3300969923647847,9.866699075920112,0.10750058916780358,-1.6203914649406634,3.0793593574029936,84.85656077986667,7.858509770347268,,
Avata_000240,Avata,1,1692848919.349942923,nearest_train_time,0.200586,0.630208,0.21835949999999998,0.760938,0.6743912475990517,-0.7909957154995446,3.1109856882689977,0.10750058916780358,-1.6203914649406634,3.0793593574029936,40.0482756490202,1.0051181784306038,4.4022510051727295,
Avata_000240,Avata,1,1692848919.349942923,linear_interpolation,0.200586,0.630208,0.21835949999999998,0.760938,0.6743912475990517,-0.7909957154995446,3.1109856882689977,0.10750058916780358,-1.6203914649406634,3.0793593574029936,40.0482756490202,1.0051181784306038,4.4022510051727295,False
Avata_000241,Avata,1,1692848919.551040888,global_mean,0.2437988233041585,0.41461553391685013,0.2179685,0.7625,1.097604748579709,3.6788042521086592,11.067756736575872,0.11688396454839745,-1.6216846140578092,3.0786994193349537,102.13576993334642,9.637532479568945,,
Avata_000241,Avata,1,1692848919.551040888,sequence_mean,0.24899235314685328,0.47784727797202775,0.2179685,0.7625,0.3935710433916988,2.3300969923647847,9.866699075920112,0.11688396454839745,-1.6216846140578092,3.0786994193349537,85.37219251540712,7.859393929703422,,
Avata_000241,Avata,1,1692848919.551040888,nearest_train_time,0.200586,0.630208,0.2179685,0.7625,0.6743912475990517,-0.7909957154995446,3.1109856882689977,0.11688396454839745,-1.6216846140578092,3.0786994193349537,40.37119526675939,1.0009499587912207,4.201153039932251,
Avata_000241,Avata,1,1692848919.551040888,linear_interpolation,0.200586,0.630208,0.2179685,0.7625,0.6743912475990517,-0.7909957154995446,3.1109856882689977,0.11688396454839745,-1.6216846140578092,3.0786994193349537,40.37119526675939,1.0009499587912207,4.201153039932251,False
Avata_000242,Avata,1,1692848919.748946905,global_mean,0.2437988233041585,0.41461553391685013,0.216797,0.7625,1.097604748579709,3.6788042521086592,11.067756736575872,0.1391100184296381,-1.6491038269427882,3.0805537602006874,102.31432643568361,9.648871852831487,,
Avata_000242,Avata,1,1692848919.748946905,sequence_mean,0.24899235314685328,0.47784727797202775,0.216797,0.7625,0.3935710433916988,2.3300969923647847,9.866699075920112,0.1391100184296381,-1.6491038269427882,3.0805537602006874,85.6276496652864,7.870867666252781,,
Avata_000242,Avata,1,1692848919.748946905,nearest_train_time,0.200586,0.630208,0.216797,0.7625,0.6743912475990517,-0.7909957154995446,3.1109856882689977,0.1391100184296381,-1.6491038269427882,3.0805537602006874,40.082677186180064,1.0118308294728735,4.003247022628784,
Avata_000242,Avata,1,1692848919.748946905,linear_interpolation,0.200586,0.630208,0.216797,0.7625,0.6743912475990517,-0.7909957154995446,3.1109856882689977,0.1391100184296381,-1.6491038269427882,3.0805537602006874,40.082677186180064,1.0118308294728735,4.003247022628784,False
Avata_000243,Avata,1,1692848919.948117018,global_mean,0.2437988233041585,0.41461553391685013,0.216211,0.766667,1.097604748579709,3.6788042521086592,11.067756736575872,0.16546212818550043,-1.6823250718457494,3.0812324503938706,103.58091908374591,9.66411753170946,,
Avata_000243,Avata,1,1692848919.948117018,sequence_mean,0.24899235314685328,0.47784727797202775,0.216211,0.766667,0.3935710433916988,2.3300969923647847,9.866699075920112,0.16546212818550043,-1.6823250718457494,3.0812324503938706,86.9066203705408,7.886324988528595,,
Avata_000243,Avata,1,1692848919.948117018,nearest_train_time,0.200586,0.630208,0.216211,0.766667,0.6743912475990517,-0.7909957154995446,3.1109856882689977,0.16546212818550043,-1.6823250718457494,3.0812324503938706,41.0914235727708,1.0268213696820137,3.804076910018921,
Avata_000243,Avata,1,1692848919.948117018,linear_interpolation,0.200586,0.630208,0.216211,0.766667,0.6743912475990517,-0.7909957154995446,3.1109856882689977,0.16546212818550043,-1.6823250718457494,3.0812324503938706,41.0914235727708,1.0268213696820137,3.804076910018921,False
Avata_000244,Avata,1,1692848920.150224924,global_mean,0.2437988233041585,0.41461553391685013,0.214258,0.770312,1.097604748579709,3.6788042521086592,11.067756736575872,0.1871840603142989,-1.6985065750393424,3.0807313124336995,104.92277561280706,9.671448324179694,,
Avata_000244,Avata,1,1692848920.150224924,sequence_mean,0.24899235314685328,0.47784727797202775,0.214258,0.770312,0.3935710433916988,2.3300969923647847,9.866699075920112,0.1871840603142989,-1.6985065750393424,3.0807313124336995,88.35312115360384,7.894403129886504,,
Avata_000244,Avata,1,1692848920.150224924,nearest_train_time,0.200586,0.630208,0.214258,0.770312,0.6743912475990517,-0.7909957154995446,3.1109856882689977,0.1871840603142989,-1.6985065750393424,3.0807313124336995,41.69377222573559,1.0304669479327158,3.601969003677368,
Avata_000244,Avata,1,1692848920.150224924,linear_interpolation,0.200586,0.630208,0.214258,0.770312,0.6743912475990517,-0.7909957154995446,3.1109856882689977,0.1871840603142989,-1.6985065750393424,3.0807313124336995,41.69377222573559,1.0304669479327158,3.601969003677368,False
Avata_000245,Avata,1,1692848920.348120928,global_mean,0.2437988233041585,0.41461553391685013,0.21386699999999997,0.767708,1.097604748579709,3.6788042521086592,11.067756736575872,0.21393304181039707,-1.702571184078348,3.0807791812223835,104.25649084552079,9.671188538140587,,
Avata_000245,Avata,1,1692848920.348120928,sequence_mean,0.24899235314685328,0.47784727797202775,0.21386699999999997,0.767708,0.3935710433916988,2.3300969923647847,9.866699075920112,0.21393304181039707,-1.702571184078348,3.0807791812223835,87.73033055855653,7.895783130897386,,
Avata_000245,Avata,1,1692848920.348120928,nearest_train_time,0.200586,0.630208,0.21386699999999997,0.767708,0.6743912475990517,-0.7909957154995446,3.1109856882689977,0.21393304181039707,-1.702571184078348,3.0807791812223835,40.89249421638233,1.021716216598684,3.4040729999542236,
Avata_000245,Avata,1,1692848920.348120928,linear_interpolation,0.200586,0.630208,0.21386699999999997,0.767708,0.6743912475990517,-0.7909957154995446,3.1109856882689977,0.21393304181039707,-1.702571184078348,3.0807791812223835,40.89249421638233,1.021716216598684,3.4040729999542236,False
Avata_000246,Avata,1,1692848920.548871994,global_mean,0.2437988233041585,0.41461553391685013,0.2125,0.770833,1.097604748579709,3.6788042521086592,11.067756736575872,0.2391937076194115,-1.691772792347134,3.0781611117108847,105.36905921400714,9.665071420043402,,
Avata_000246,Avata,1,1692848920.548871994,sequence_mean,0.24899235314685328,0.47784727797202775,0.2125,0.770833,0.3935710433916988,2.3300969923647847,9.866699075920112,0.2391937076194115,-1.691772792347134,3.0781611117108847,88.91248110486386,7.891990662595135,,
Avata_000246,Avata,1,1692848920.548871994,nearest_train_time,0.200586,0.630208,0.2125,0.770833,0.6743912475990517,-0.7909957154995446,3.1109856882689977,0.2391937076194115,-1.691772792347134,3.0781611117108847,41.52073724781756,1.0009364084719057,3.203321933746338,
Avata_000246,Avata,1,1692848920.548871994,linear_interpolation,0.200586,0.630208,0.2125,0.770833,0.6743912475990517,-0.7909957154995446,3.1109856882689977,0.2391937076194115,-1.691772792347134,3.0781611117108847,41.52073724781756,1.0009364084719057,3.203321933746338,False
Avata_000247,Avata,1,1692848920.750051022,global_mean,0.2437988233041585,0.41461553391685013,0.21113299999999996,0.765625,1.097604748579709,3.6788042521086592,11.067756736575872,0.2640781197764188,-1.6706917915300856,3.07743462750311,104.15714173980618,9.651793717675888,,
Avata_000247,Avata,1,1692848920.750051022,sequence_mean,0.24899235314685328,0.47784727797202775,0.21113299999999996,0.765625,0.3935710433916988,2.3300969923647847,9.866699075920112,0.2640781197764188,-1.6706917915300856,3.07743462750311,87.83225226868345,7.881446000648894,,
Avata_000247,Avata,1,1692848920.750051022,nearest_train_time,0.200586,0.630208,0.21113299999999996,0.765625,0.6743912475990517,-0.7909957154995446,3.1109856882689977,0.2640781197764188,-1.6706917915300856,3.07743462750311,39.83238686318498,0.9712608932339651,3.002142906188965,
Avata_000247,Avata,1,1692848920.750051022,linear_interpolation,0.200586,0.630208,0.21113299999999996,0.765625,0.6743912475990517,-0.7909957154995446,3.1109856882689977,0.2640781197764188,-1.6706917915300856,3.07743462750311,39.83238686318498,0.9712608932339651,3.002142906188965,False
Avata_000248,Avata,1,1692848920.949517965,global_mean,0.2437988233041585,0.41461553391685013,0.209375,0.761458,1.097604748579709,3.6788042521086592,11.067756736575872,0.30352824627745645,-1.623286553339991,3.0809393837441243,103.32995315309533,9.619354231351812,,
Avata_000248,Avata,1,1692848920.949517965,sequence_mean,0.24899235314685328,0.47784727797202775,0.209375,0.761458,0.3935710433916988,2.3300969923647847,9.866699075920112,0.30352824627745645,-1.623286553339991,3.0809393837441243,87.16279775205375,7.853908820754273,,
Avata_000248,Avata,1,1692848920.949517965,nearest_train_time,0.200586,0.630208,0.209375,0.761458,0.6743912475990517,-0.7909957154995446,3.1109856882689977,0.30352824627745645,-1.623286553339991,3.0809393837441243,38.39794072606374,0.9116743853580702,2.80267596244812,
Avata_000248,Avata,1,1692848920.949517965,linear_interpolation,0.200586,0.630208,0.209375,0.761458,0.6743912475990517,-0.7909957154995446,3.1109856882689977,0.30352824627745645,-1.623286553339991,3.0809393837441243,38.39794072606374,0.9116743853580702,2.80267596244812,False
Avata_000249,Avata,1,1692848921.149003983,global_mean,0.2437988233041585,0.41461553391685013,0.2091795,0.7505210000000001,1.097604748579709,3.6788042521086592,11.067756736575872,0.3556583881102331,-1.5561814033599113,3.083006540546294,100.32786260850378,9.576627533102139,,
Avata_000249,Avata,1,1692848921.149003983,sequence_mean,0.24899235314685328,0.47784727797202775,0.2091795,0.7505210000000001,0.3935710433916988,2.3300969923647847,9.866699075920112,0.3556583881102331,-1.5561814033599113,3.083006540546294,84.27261879553022,7.818125194251718,,
Avata_000249,Avata,1,1692848921.149003983,nearest_train_time,0.200586,0.630208,0.2091795,0.7505210000000001,0.6743912475990517,-0.7909957154995446,3.1109856882689977,0.3556583881102331,-1.5561814033599113,3.083006540546294,35.27307677050022,0.8293868851938463,2.6031899452209473,
Avata_000249,Avata,1,1692848921.149003983,linear_interpolation,0.200586,0.630208,0.2091795,0.7505210000000001,0.6743912475990517,-0.7909957154995446,3.1109856882689977,0.3556583881102331,-1.5561814033599113,3.083006540546294,35.27307677050022,0.8293868851938463,2.6031899452209473,False
Avata_000250,Avata,1,1692848921.347795010,global_mean,0.2437988233041585,0.41461553391685013,0.205664,0.739583,1.097604748579709,3.6788042521086592,11.067756736575872,0.39647469396040447,-1.4987314001396008,3.085031737292554,98.06613237094943,9.540563777784577,,
Avata_000250,Avata,1,1692848921.347795010,sequence_mean,0.24899235314685328,0.47784727797202775,0.205664,0.739583,0.3935710433916988,2.3300969923647847,9.866699075920112,0.39647469396040447,-1.4987314001396008,3.085031737292554,82.39800570108784,7.787871800578263,,
Avata_000250,Avata,1,1692848921.347795010,nearest_train_time,0.200586,0.630208,0.205664,0.739583,0.6743912475990517,-0.7909957154995446,3.1109856882689977,0.39647469396040447,-1.4987314001396008,3.085031737292554,31.740498597363214,0.7607897328898438,2.4043989181518555,
Avata_000250,Avata,1,1692848921.347795010,linear_interpolation,0.200586,0.630208,0.205664,0.739583,0.6743912475990517,-0.7909957154995446,3.1109856882689977,0.39647469396040447,-1.4987314001396008,3.085031737292554,31.740498597363214,0.7607897328898438,2.4043989181518555,False
Avata_000251,Avata,1,1692848921.550354004,global_mean,0.2437988233041585,0.41461553391685013,0.2041015,0.729688,1.097604748579709,3.6788042521086592,11.067756736575872,0.4400165165243568,-1.4284956716226098,3.087642283347166,95.72562816586169,9.497323911529646,,
Avata_000251,Avata,1,1692848921.550354004,sequence_mean,0.24899235314685328,0.47784727797202775,0.2041015,0.729688,0.3935710433916988,2.3300969923647847,9.866699075920112,0.4400165165243568,-1.4284956716226098,3.087642283347166,80.30707389240052,7.751437737135206,,
Avata_000251,Avata,1,1692848921.550354004,nearest_train_time,0.200586,0.630208,0.2041015,0.729688,0.6743912475990517,-0.7909957154995446,3.1109856882689977,0.4400165165243568,-1.4284956716226098,3.087642283347166,28.777173830430538,0.679619469391946,2.2018399238586426,
Avata_000251,Avata,1,1692848921.550354004,linear_interpolation,0.200586,0.630208,0.2041015,0.729688,0.6743912475990517,-0.7909957154995446,3.1109856882689977,0.4400165165243568,-1.4284956716226098,3.087642283347166,28.777173830430538,0.679619469391946,2.2018399238586426,False
M300_000131,M300,1,1692849620.885236979,global_mean,0.2437988233041585,0.41461553391685013,0.24238299999999996,0.146354,1.097604748579709,3.6788042521086592,11.067756736575872,1.5349907401146272,4.599129128136386,4.216708570891655,77.26697311968812,6.926410712017552,,
M300_000131,M300,1,1692849620.885236979,sequence_mean,0.24380580252100842,0.482521466386554,0.24238299999999996,0.146354,0.45123826130109834,1.0350372130882108,12.666935912751836,1.5349907401146272,4.599129128136386,4.216708570891655,96.82239654901454,9.234912709028041,,
M300_000131,M300,1,1692849620.885236979,nearest_train_time,0.2404295,0.329167,0.24238299999999996,0.146354,0.7936707496463857,1.809789795576311,4.227589615317471,1.5349907401146272,4.599129128136386,4.216708570891655,52.67151533137886,2.886189120200254,2.6018569469451904,
M300_000131,M300,1,1692849620.885236979,linear_interpolation,0.2404295,0.329167,0.24238299999999996,0.146354,0.7936707496463857,1.809789795576311,4.227589615317471,1.5349907401146272,4.599129128136386,4.216708570891655,52.67151533137886,2.886189120200254,2.6018569469451904,False
M300_000132,M300,1,1692849621.084197998,global_mean,0.2437988233041585,0.41461553391685013,0.24179699999999998,0.1625,1.097604748579709,3.6788042521086592,11.067756736575872,1.4587064755676427,4.334200489751769,4.217985304333724,72.62554809981876,6.890523010592959,,
M300_000132,M300,1,1692849621.084197998,sequence_mean,0.24380580252100842,0.482521466386554,0.24179699999999998,0.1625,0.45123826130109834,1.0350372130882108,12.666935912751836,1.4587064755676427,4.334200489751769,4.217985304333724,92.17909346904143,9.126019773829752,,
M300_000132,M300,1,1692849621.084197998,nearest_train_time,0.2404295,0.329167,0.24179699999999998,0.1625,0.7936707496463857,1.809789795576311,4.227589615317471,1.4587064755676427,4.334200489751769,4.217985304333724,48.01158422783834,2.610558199391177,2.402895927429199,
M300_000132,M300,1,1692849621.084197998,linear_interpolation,0.2404295,0.329167,0.24179699999999998,0.1625,0.7936707496463857,1.809789795576311,4.227589615317471,1.4587064755676427,4.334200489751769,4.217985304333724,48.01158422783834,2.610558199391177,2.402895927429199,False
M300_000133,M300,1,1692849621.285001993,global_mean,0.2437988233041585,0.41461553391685013,0.242969,0.172917,1.097604748579709,3.6788042521086592,11.067756736575872,1.3828694206746566,4.079583055995048,4.220136747010032,69.6120951150884,6.865267591601344,,
M300_000133,M300,1,1692849621.285001993,sequence_mean,0.24380580252100842,0.482521466386554,0.242969,0.172917,0.45123826130109834,1.0350372130882108,12.666935912751836,1.3828694206746566,4.079583055995048,4.220136747010032,89.16840229001927,9.026938138319851,,
M300_000133,M300,1,1692849621.285001993,nearest_train_time,0.2404295,0.329167,0.242969,0.172917,0.7936707496463857,1.809789795576311,4.227589615317471,1.3828694206746566,4.079583055995048,4.220136747010032,45.04224473217222,2.34503135676899,2.202091932296753,
M300_000133,M300,1,1692849621.285001993,linear_interpolation,0.2404295,0.329167,0.242969,0.172917,0.7936707496463857,1.809789795576311,4.227589615317471,1.3828694206746566,4.079583055995048,4.220136747010032,45.04224473217222,2.34503135676899,2.202091932296753,False
M300_000489,M300,7,1692849725.443340063,global_mean,0.2437988233041585,0.41461553391685013,0.24003899999999997,0.138021,1.097604748579709,3.6788042521086592,11.067756736575872,5.716029050845482,18.636339862522167,16.50505658376028,79.71154346790794,16.57172122022148,,
M300_000489,M300,7,1692849725.443340063,sequence_mean,0.24380580252100842,0.482521466386554,0.24003899999999997,0.138021,0.45123826130109834,1.0350372130882108,12.666935912751836,5.716029050845482,18.636339862522167,16.50505658376028,99.25830043260298,18.768458841893878,,
M300_000489,M300,7,1692849725.443340063,nearest_train_time,0.2421875,0.345313,0.24003899999999997,0.138021,2.2710372634230866,7.658923113013774,18.71888031962429,5.716029050845482,18.636339862522167,16.50505658376028,59.72289444435459,11.716341683361323,14.84815001487732,
M300_000489,M300,7,1692849725.443340063,linear_interpolation,0.24260777802567773,0.31641517785117834,0.24003899999999997,0.138021,2.1464929276139433,7.211736635774824,16.49590166445022,5.716029050845482,18.636339862522167,16.50505658376028,51.415385995858955,11.969261916935741,14.84815001487732,True
M300_000490,M300,7,1692849725.727821112,global_mean,0.2437988233041585,0.41461553391685013,0.2410155,0.140625,1.097604748579709,3.6788042521086592,11.067756736575872,5.724443722940028,18.644261814756195,16.705990769878767,78.93822133435896,16.64819035115706,,
M300_000490,M300,7,1692849725.727821112,sequence_mean,0.24380580252100842,0.482521466386554,0.2410155,0.140625,0.45123826130109834,1.0350372130882108,12.666935912751836,5.724443722940028,18.644261814756195,16.705990769878767,98.4894984516522,18.82034673037477,,
M300_000490,M300,7,1692849725.727821112,nearest_train_time,0.2421875,0.345313,0.2410155,0.140625,2.2710372634230866,7.658923113013774,18.71888031962429,5.724443722940028,18.644261814756195,16.705990769878767,58.95701527748798,11.689970355227935,14.563668966293335,
M300_000490,M300,7,1692849725.727821112,linear_interpolation,0.24259972576776534,0.31696884162332867,0.2410155,0.140625,2.148879117355472,7.220304442392488,16.53849251234508,5.724443722940028,18.644261814756195,16.705990769878767,50.80159813060894,11.971613089327978,14.563668966293335,True
M300_000491,M300,7,1692849725.937316895,global_mean,0.2437988233041585,0.41461553391685013,0.2390625,0.146354,1.097604748579709,3.6788042521086592,11.067756736575872,5.722790065094974,18.64524865284284,16.956223300093768,77.3449040297713,16.7350182456442,,
M300_000491,M300,7,1692849725.937316895,sequence_mean,0.24380580252100842,0.482521466386554,0.2390625,0.146354,0.45123826130109834,1.0350372130882108,12.666935912751836,5.722790065094974,18.64524865284284,16.956223300093768,96.88474005503032,18.876090476159465,,
M300_000491,M300,7,1692849725.937316895,nearest_train_time,0.2421875,0.345313,0.2390625,0.146354,2.2710372634230866,7.658923113013774,18.71888031962429,5.722790065094974,18.64524865284284,16.956223300093768,57.35043158718915,11.649931589475125,14.354173183441162,
M300_000491,M300,7,1692849725.937316895,linear_interpolation,0.24259379597355418,0.31737656729068275,0.2390625,0.146354,2.1506363405182225,7.226613893808065,16.569857002410355,5.722790065094974,18.64524865284284,16.956223300093768,49.32910747881681,11.970579806685654,14.354173183441162,True
M300_000492,M300,7,1692849726.213682890,global_mean,0.2437988233041585,0.41461553391685013,0.24003899999999997,0.146875,1.097604748579709,3.6788042521086592,11.067756736575872,5.717084873011136,18.649173319636024,17.08048546239246,77.16332038674261,16.781074261448733,,
M300_000492,M300,7,1692849726.213682890,sequence_mean,0.24380580252100842,0.482521466386554,0.24003899999999997,0.146875,0.45123826130109834,1.0350372130882108,12.666935912751836,5.717084873011136,18.649173319636024,17.08048546239246,96.70946023885928,18.906780554742323,,
M300_000492,M300,7,1692849726.213682890,nearest_train_time,0.2421875,0.345313,0.24003899999999997,0.146875,2.2710372634230866,7.658923113013774,18.71888031962429,5.717084873011136,18.649173319636024,17.08048546239246,57.17395926138961,11.633794799630584,14.077807188034058,
M300_000492,M300,7,1692849726.213682890,linear_interpolation,0.2425859734128447,0.31791443735363706,0.24003899999999997,0.146875,2.152954462257545,7.234937296776845,16.611232911745216,5.717084873011136,18.649173319636024,17.08048546239246,49.29818027167117,11.966954814265975,14.077807188034058,True
M300_000493,M300,7,1692849726.439804077,global_mean,0.2437988233041585,0.41461553391685013,0.240625,0.150521,1.097604748579709,3.6788042521086592,11.067756736575872,5.7213729056233165,18.65383767972867,17.416082299071903,76.0982733880107,16.90952676971972,,
M300_000493,M300,7,1692849726.439804077,sequence_mean,0.24380580252100842,0.482521466386554,0.240625,0.150521,0.45123826130109834,1.0350372130882108,12.666935912751836,5.7213729056233165,18.65383767972867,17.416082299071903,95.64733498247968,18.99344203801071,,
M300_000493,M300,7,1692849726.439804077,nearest_train_time,0.2421875,0.345313,0.240625,0.150521,2.2710372634230866,7.658923113013774,18.71888031962429,5.7213729056233165,18.65383767972867,17.416082299071903,56.11292873491114,11.596992931598773,13.851686000823975,
M300_000493,M300,7,1692849726.439804077,linear_interpolation,0.2425795730352873,0.3183545197777458,0.240625,0.150521,2.1548511371325456,7.241747460806455,16.64508646064841,5.7213729056233165,18.65383767972867,17.416082299071903,48.359357154657815,11.981248485562972,13.851686000823975,True
M300_000494,M300,7,1692849726.707598925,global_mean,0.2437988233041585,0.41461553391685013,0.24003899999999997,0.152083,1.097604748579709,3.6788042521086592,11.067756736575872,5.7272573812986325,18.650820608470443,17.657614949513103,75.6644877653494,17.000623180972582,,
M300_000494,M300,7,1692849726.707598925,sequence_mean,0.24380580252100842,0.482521466386554,0.24003899999999997,0.152083,0.45123826130109834,1.0350372130882108,12.666935912751836,5.7272573812986325,18.650820608470443,17.657614949513103,95.21023802433089,19.054109258518814,,
M300_000494,M300,7,1692849726.707598925,nearest_train_time,0.2421875,0.345313,0.24003899999999997,0.152083,2.2710372634230866,7.658923113013774,18.71888031962429,5.7272573812986325,18.650820608470443,17.657614949513103,55.67469686006295,11.57123814635372,13.583891153335571,
M300_000494,M300,7,1692849726.707598925,linear_interpolation,0.2425719930815775,0.3188757084690869,0.24003899999999997,0.152083,2.1570973652067593,7.2498127237753165,16.685179147571418,5.7272573812986325,18.650820608470443,17.657614949513103,48.07567434838472,11.986436280908498,13.583891153335571,True
M300_000495,M300,7,1692849726.935534000,global_mean,0.2437988233041585,0.41461553391685013,0.2390625,0.151042,1.097604748579709,3.6788042521086592,11.067756736575872,5.731466677316253,18.648592134389222,17.854235015170488,75.99628049277712,17.07698782106799,,
M300_000495,M300,7,1692849726.935534000,sequence_mean,0.24380580252100842,0.482521466386554,0.2390625,0.151042,0.45123826130109834,1.0350372130882108,12.666935912751836,5.731466677316253,18.648592134389222,17.854235015170488,95.5355642649114,19.10565887555136,,
M300_000495,M300,7,1692849726.935534000,nearest_train_time,0.2421875,0.345313,0.2390625,0.151042,2.2710372634230866,7.658923113013774,18.71888031962429,5.731466677316253,18.648592134389222,17.854235015170488,56.00149882996261,11.554003999931377,13.355956077575684,
M300_000495,M300,7,1692849726.935534000,linear_interpolation,0.24256554136176545,0.31931932112616457,0.2390625,0.151042,2.1590092547411244,7.256677517265827,16.71930426131771,5.731466677316253,18.648592134389222,17.854235015170488,48.53848426763956,11.992757751909384,13.355956077575684,True
M300_000496,M300,7,1692849727.150461912,global_mean,0.2437988233041585,0.41461553391685013,0.2402345,0.155208,1.097604748579709,3.6788042521086592,11.067756736575872,5.736580921292007,18.64998235686767,18.047548543690496,74.7595030182044,17.15732401763377,,
M300_000496,M300,7,1692849727.150461912,sequence_mean,0.24380580252100842,0.482521466386554,0.2402345,0.155208,0.45123826130109834,1.0350372130882108,12.666935912751836,5.736580921292007,18.64998235686767,18.047548543690496,94.30617139105159,19.161736135749706,,
M300_000496,M300,7,1692849727.150461912,nearest_train_time,0.2421875,0.345313,0.2402345,0.155208,2.2710372634230866,7.658923113013774,18.71888031962429,5.736580921292007,18.64998235686767,18.047548543690496,54.77078137170233,11.544005479030236,13.14102816581726,
M300_000496,M300,7,1692849727.150461912,linear_interpolation,0.24255945781072868,0.3197376189317895,0.2402345,0.155208,2.1608120418890167,7.263150569842968,16.751482018126566,5.736580921292007,18.64998235686767,18.047548543690496,47.41816064426891,12.00524259078468,13.14102816581726,True
M300_000497,M300,7,1692849727.353252888,global_mean,0.2437988233041585,0.41461553391685013,0.239453,0.158333,1.097604748579709,3.6788042521086592,11.067756736575872,5.740478332513267,18.651171521140444,18.209409334485557,73.88479267008948,17.225889195753943,,
M300_000497,M300,7,1692849727.353252888,sequence_mean,0.24380580252100842,0.482521466386554,0.239453,0.158333,0.45123826130109834,1.0350372130882108,12.666935912751836,5.740478332513267,18.651171521140444,18.209409334485557,93.42610586727783,19.209978139521038,,
M300_000497,M300,7,1692849727.353252888,nearest_train_time,0.2421875,0.345313,0.239453,0.158333,2.2710372634230866,7.658923113013774,18.71888031962429,5.740478332513267,18.651171521140444,18.209409334485557,53.89117507780671,11.538028734690824,12.938237190246582,
M300_000497,M300,7,1692849727.353252888,linear_interpolation,0.24255371779660218,0.3201322955439974,0.239453,0.158333,2.1625130260072556,7.269258090435798,16.781842703444525,5.740478332513267,18.651171521140444,18.209409334485557,46.659005651479085,12.016144787937488,12.938237190246582,True
M300_000498,M300,7,1692849727.537143946,global_mean,0.2437988233041585,0.41461553391685013,0.23808599999999996,0.159375,1.097604748579709,3.6788042521086592,11.067756736575872,5.7414386567490014,18.64913992176753,18.32110895578866,73.64009120357333,17.270994813411377,,
M300_000498,M300,7,1692849727.537143946,sequence_mean,0.24380580252100842,0.482521466386554,0.23808599999999996,0.159375,0.45123826130109834,1.0350372130882108,12.666935912751836,5.7414386567490014,18.64913992176753,18.32110895578866,93.16979691172634,19.24090713185077,,
M300_000498,M300,7,1692849727.537143946,nearest_train_time,0.2421875,0.345313,0.23808599999999996,0.159375,2.2710372634230866,7.658923113013774,18.71888031962429,5.7414386567490014,18.64913992176753,18.32110895578866,53.642707985550466,11.531989134234378,12.754346132278442,
M300_000498,M300,7,1692849727.537143946,linear_interpolation,0.24254851274609385,0.32049018868776263,0.23808599999999996,0.159375,2.164055480094326,7.274796396172616,16.809373803031406,5.7414386567490014,18.64913992176753,18.32110895578866,46.52756975451777,12.019097478718479,12.754346132278442,True
M300_000499,M300,7,1692849727.771785975,global_mean,0.2437988233041585,0.41461553391685013,0.2396485,0.160417,1.097604748579709,3.6788042521086592,11.067756736575872,5.74611418280178,18.65083903926598,18.446089645801905,73.27853393814722,17.326576757896188,,
M300_000499,M300,7,1692849727.771785975,sequence_mean,0.24380580252100842,0.482521466386554,0.2396485,0.160417,0.45123826130109834,1.0350372130882108,12.666935912751836,5.74611418280178,18.65083903926598,18.446089645801905,92.82101484080111,19.28084030517037,,
M300_000499,M300,7,1692849727.771785975,nearest_train_time,0.2421875,0.345313,0.2396485,0.160417,2.2710372634230866,7.658923113013774,18.71888031962429,5.74611418280178,18.65083903926598,18.446089645801905,53.28573847479837,11.531382834557174,12.519704103469849,
M300_000499,M300,7,1692849727.771785975,linear_interpolation,0.24254187118546106,0.3209468545761296,0.2396485,0.160417,2.1660236266716164,7.28186318511063,16.844503042776804,5.74611418280178,18.65083903926598,18.446089645801905,46.28596868873436,12.026459994921582,12.519704103469849,True
M300_000500,M300,7,1692849728.227262020,global_mean,0.2437988233041585,0.41461553391685013,0.2396485,0.163021,1.097604748579709,3.6788042521086592,11.067756736575872,5.752654321244354,18.6578290721659,18.622553954549915,72.52929908358061,17.41021631366378,,
M300_000500,M300,7,1692849728.227262020,sequence_mean,0.24380580252100842,0.482521466386554,0.2396485,0.163021,0.45123826130109834,1.0350372130882108,12.666935912751836,5.752654321244354,18.6578290721659,18.622553954549915,92.0715102523241,19.34262628002697,,
M300_000500,M300,7,1692849728.227262020,nearest_train_time,0.2421875,0.345313,0.2396485,0.163021,2.2710372634230866,7.658923113013774,18.71888031962429,5.752654321244354,18.6578290721659,18.622553954549915,52.53629595633403,11.537194997233627,12.064228057861328,
M300_000500,M300,7,1692849728.227262020,linear_interpolation,0.24252897890103503,0.32183331287200184,0.2396485,0.163021,2.1698441000316278,7.295580902678026,16.912694267024698,5.752654321244354,18.6578290721659,18.622553954549915,45.791413795950724,12.035814583869293,12.064228057861328,True
M300_000501,M300,7,1692849728.452497005,global_mean,0.2437988233041585,0.41461553391685013,0.238867,0.165625,1.097604748579709,3.6788042521086592,11.067756736575872,5.754811761351125,18.655409365929703,18.68708242300964,71.8092345270823,17.436811687091403,,
M300_000501,M300,7,1692849728.452497005,sequence_mean,0.24380580252100842,0.482521466386554,0.238867,0.165625,0.45123826130109834,1.0350372130882108,12.666935912751836,5.754811761351125,18.655409365929703,18.68708242300964,91.34496640042435,19.360980622892896,,
M300_000501,M300,7,1692849728.452497005,nearest_train_time,0.2421875,0.345313,0.238867,0.165625,2.2710372634230866,7.658923113013774,18.71888031962429,5.754811761351125,18.655409365929703,18.68708242300964,51.812938909518266,11.535181219608642,11.838993072509766,
M300_000501,M300,7,1692849728.452497005,linear_interpolation,0.24252260360748923,0.32227167054900946,0.238867,0.165625,2.1717333415616156,7.302364376683165,16.946415138940274,5.754811761351125,18.655409365929703,18.68708242300964,45.201513558309685,12.031625163877349,11.838993072509766,True
M300_000502,M300,7,1692849728.686619997,global_mean,0.2437988233041585,0.41461553391685013,0.2404295,0.161979,1.097604748579709,3.6788042521086592,11.067756736575872,5.753224626487413,18.660236639310373,18.703667613713733,72.8053211410868,17.44778632788292,,
M300_000502,M300,7,1692849728.686619997,sequence_mean,0.24380580252100842,0.482521466386554,0.2404295,0.161979,0.45123826130109834,1.0350372130882108,12.666935912751836,5.753224626487413,18.660236639310373,18.703667613713733,92.35263954600501,19.370101803039706,,
M300_000502,M300,7,1692849728.686619997,nearest_train_time,0.2421875,0.345313,0.2404295,0.161979,2.2710372634230866,7.658923113013774,18.71888031962429,5.753224626487413,18.660236639310373,18.703667613713733,52.81745132110786,11.539270321895684,11.604870080947876,
M300_000502,M300,7,1692849728.686619997,linear_interpolation,0.24251597673824551,0.3227273262747616,0.2404295,0.161979,2.1736971345225236,7.309415533610615,16.9814666714481,5.753224626487413,18.660236639310373,18.703667613713733,46.32324162777191,12.025811112971638,11.604870080947876,True
M300_000503,M300,7,1692849728.885812044,global_mean,0.2437988233041585,0.41461553391685013,0.239453,0.163542,1.097604748579709,3.6788042521086592,11.067756736575872,5.763265001653868,18.661459333442057,18.71135592770527,72.38616381489507,17.454883198634,,
M300_000503,M300,7,1692849728.885812044,sequence_mean,0.24380580252100842,0.482521466386554,0.239453,0.163542,0.45123826130109834,1.0350372130882108,12.666935912751836,5.763265001653868,18.661459333442057,18.71135592770527,91.92689022234903,19.376361840456326,,
M300_000503,M300,7,1692849728.885812044,nearest_train_time,0.2421875,0.345313,0.239453,0.163542,2.2710372634230866,7.658923113013774,18.71888031962429,5.763265001653868,18.661459333442057,18.71135592770527,52.392155222051315,11.543461979578678,11.405678033828735,
M300_000503,M300,7,1692849728.885812044,linear_interpolation,0.24251033859206506,0.32311499856695564,0.239453,0.163542,2.175367931300712,7.315414664125592,17.011288546131652,5.763265001653868,18.661459333442057,18.71135592770527,46.01696741682538,12.020647408832184,11.405678033828735,True
M300_000504,M300,7,1692849729.087140083,global_mean,0.2437988233041585,0.41461553391685013,0.23984350000000002,0.165625,1.097604748579709,3.6788042521086592,11.067756736575872,5.7666622031194,18.661849056568602,18.706866553758687,71.7735849357888,17.454160762558182,,
M300_000504,M300,7,1692849729.087140083,sequence_mean,0.24380580252100842,0.482521466386554,0.23984350000000002,0.165625,0.45123826130109834,1.0350372130882108,12.666935912751836,5.7666622031194,18.661849056568602,18.706866553758687,91.31689974107087,19.37624807837909,,
M300_000504,M300,7,1692849729.087140083,nearest_train_time,0.2421875,0.345313,0.23984350000000002,0.165625,2.2710372634230866,7.658923113013774,18.71888031962429,5.7666622031194,18.661849056568602,18.706866553758687,51.78144547284867,11.544865411469683,11.204349994659424,
M300_000504,M300,7,1692849729.087140083,linear_interpolation,0.24250463998646563,0.3235068279775998,0.23984350000000002,0.165625,2.1770566445002,7.321478124995489,17.04143020912085,5.7666622031194,18.661849056568602,18.706866553758687,45.51587400274382,12.010951633828975,11.204349994659424,True
M300_000505,M300,7,1692849729.295325994,global_mean,0.2437988233041585,0.41461553391685013,0.23925800000000003,0.165104,1.097604748579709,3.6788042521086592,11.067756736575872,5.780130941868738,18.659280261585995,18.710114542431,71.94389307656408,17.456985588986395,,
M300_000505,M300,7,1692849729.295325994,sequence_mean,0.24380580252100842,0.482521466386554,0.23925800000000003,0.165104,0.45123826130109834,1.0350372130882108,12.666935912751836,5.780130941868738,18.659280261585995,18.710114542431,91.48292849083553,19.378623485266978,,
M300_000505,M300,7,1692849729.295325994,nearest_train_time,0.2421875,0.345313,0.23925800000000003,0.165104,2.2710372634230866,7.658923113013774,18.71888031962429,5.780130941868738,18.659280261585995,18.710114542431,51.948934364985774,11.546500451613076,10.996164083480835,
M300_000505,M300,7,1692849729.295325994,linear_interpolation,0.2424987472682727,0.3239120043415981,0.23925800000000003,0.165104,2.17880288063107,7.327748126587434,17.072598592818096,5.780130941868738,18.659280261585995,18.710114542431,45.804375337032376,12.002276568068226,10.996164083480835,True
M300_000506,M300,7,1692849729.515731096,global_mean,0.2437988233041585,0.41461553391685013,0.238867,0.164583,1.097604748579709,3.6788042521086592,11.067756736575872,5.780264306793261,18.656870093415368,18.708529997236496,72.10891452113336,17.454259448784242,,
M300_000506,M300,7,1692849729.515731096,sequence_mean,0.24380580252100842,0.482521466386554,0.238867,0.164583,0.45123826130109834,1.0350372130882108,12.666935912751836,5.780264306793261,18.656870093415368,18.708529997236496,91.64480441793998,19.375974084865856,,
M300_000506,M300,7,1692849729.515731096,nearest_train_time,0.2421875,0.345313,0.238867,0.164583,2.2710372634230866,7.658923113013774,18.71888031962429,5.780264306793261,18.656870093415368,18.708529997236496,52.112673300055675,11.544246157927274,10.775758981704712,
M300_000506,M300,7,1692849729.515731096,linear_interpolation,0.24249250868495215,0.3243409619844989,0.238867,0.164583,2.1806516097307997,7.3343861374460255,17.10559636265803,5.780264306793261,18.656870093415368,18.708529997236496,46.094467109313854,11.98854664831811,10.775758981704712,True
M300_000507,M300,7,1692849729.708638906,global_mean,0.2437988233041585,0.41461553391685013,0.23828100000000002,0.165104,1.097604748579709,3.6788042521086592,11.067756736575872,5.778304996847301,18.65592398078184,18.708282118253265,71.98416580798944,17.452813477751953,,
M300_000507,M300,7,1692849729.708638906,sequence_mean,0.24380580252100842,0.482521466386554,0.23828100000000002,0.165104,0.45123826130109834,1.0350372130882108,12.666935912751836,5.778304996847301,18.65592398078184,18.708282118253265,91.51464705160106,19.374497527924948,,
M300_000507,M300,7,1692849729.708638906,nearest_train_time,0.2421875,0.345313,0.23828100000000002,0.165104,2.2710372634230866,7.658923113013774,18.71888031962429,5.778304996847301,18.65592398078184,18.708282118253265,51.98683565744051,11.542749558120132,10.58285117149353,
M300_000507,M300,7,1692849729.708638906,linear_interpolation,0.2424870484145796,0.3247164037455948,0.23828100000000002,0.165104,2.182269695153635,7.340196003590548,17.134477397944323,5.778304996847301,18.65592398078184,18.708282118253265,46.0817288509712,11.977229681461546,10.58285117149353,True
M300_000508,M300,7,1692849729.942131996,global_mean,0.2437988233041585,0.41461553391685013,0.23984350000000002,0.164583,1.097604748579709,3.6788042521086592,11.067756736575872,5.774689672896916,18.655035656565364,18.714746488476536,72.07341316037072,17.45391310665847,,
M300_000508,M300,7,1692849729.942131996,sequence_mean,0.24380580252100842,0.482521466386554,0.23984350000000002,0.164583,0.45123826130109834,1.0350372130882108,12.666935912751836,5.774689672896916,18.655035656565364,18.714746488476536,91.61682961349734,19.3747127163116,,
M300_000508,M300,7,1692849729.942131996,nearest_train_time,0.2421875,0.345313,0.23984350000000002,0.164583,2.2710372634230866,7.658923113013774,18.71888031962429,5.774689672896916,18.655035656565364,18.714746488476536,52.08136111215281,11.540801027893355,10.349358081817627,
M300_000508,M300,7,1692849729.942131996,linear_interpolation,0.2424804393747571,0.3251708335413385,0.23984350000000002,0.164583,2.184228204580101,7.347228189561674,17.169434625205643,5.774689672896916,18.655035656565364,18.714746488476536,46.29361400125015,11.964360075702247,10.349358081817627,True
M300_000509,M300,7,1692849730.195030928,global_mean,0.2437988233041585,0.41461553391685013,0.23847650000000004,0.165625,1.097604748579709,3.6788042521086592,11.067756736575872,5.773257703589384,18.65266183445306,18.7159378920408,71.82567760018935,17.452014681372248,,
M300_000509,M300,7,1692849730.195030928,sequence_mean,0.24380580252100842,0.482521466386554,0.23847650000000004,0.165625,0.45123826130109834,1.0350372130882108,12.666935912751836,5.773257703589384,18.65266183445306,18.7159378920408,91.35791099324396,19.372532441290616,,
M300_000509,M300,7,1692849730.195030928,nearest_train_time,0.2421875,0.345313,0.23847650000000004,0.165625,2.2710372634230866,7.658923113013774,18.71888031962429,5.773257703589384,18.65266183445306,18.7159378920408,51.828565266878066,11.538104165965576,10.096459150314331,
M300_000509,M300,7,1692849730.195030928,linear_interpolation,0.24247328105109245,0.3256630314472653,0.23847650000000004,0.165625,2.1863494876638088,7.354844827470312,17.207297182230246,5.773257703589384,18.65266183445306,18.7159378920408,46.19305093723796,11.949166350170236,10.096459150314331,True
M300_000510,M300,7,1692849730.467247009,global_mean,0.2437988233041585,0.41461553391685013,0.2396485,0.165104,1.097604748579709,3.6788042521086592,11.067756736575872,5.783713864931447,18.6543707128501,18.73001331549996,71.92997950517146,17.462456452392495,,
M300_000510,M300,7,1692849730.467247009,sequence_mean,0.24380580252100842,0.482521466386554,0.2396485,0.165104,0.45123826130109834,1.0350372130882108,12.666935912751836,5.783713864931447,18.6543707128501,18.73001331549996,91.4719694270744,19.38136003047411,,
M300_000510,M300,7,1692849730.467247009,nearest_train_time,0.2421875,0.345313,0.2396485,0.165104,2.2710372634230866,7.658923113013774,18.71888031962429,5.783713864931447,18.6543707128501,18.73001331549996,51.93681009110175,11.542915089834452,9.824243068695068,
M300_000510,M300,7,1692849730.467247009,linear_interpolation,0.24246557595401125,0.3261928248494602,0.2396485,0.165104,2.188632800470311,7.363043246159855,17.24805179061098,5.783713864931447,18.6543707128501,18.73001331549996,46.44400073121116,11.942147787618936,9.824243068695068,True
M300_000511,M300,7,1692849730.963398933,global_mean,0.2437988233041585,0.41461553391685013,0.2390625,0.169271,1.097604748579709,3.6788042521086592,11.067756736575872,5.727638458830957,18.61116000771904,18.736242707999352,70.75279192693154,17.41315989888372,,
M300_000511,M300,7,1692849730.963398933,sequence_mean,0.24380580252100842,0.482521466386554,0.2390625,0.169271,0.45123826130109834,1.0350372130882108,12.666935912751836,5.727638458830957,18.61116000771904,18.736242707999352,90.28965219674215,19.328656872925038,,
M300_000511,M300,7,1692849730.963398933,nearest_train_time,0.2421875,0.345313,0.2390625,0.169271,2.2710372634230866,7.658923113013774,18.71888031962429,5.727638458830957,18.61116000771904,18.736242707999352,50.75686883968726,11.484767575983785,9.328091144561768,
M300_000511,M300,7,1692849730.963398933,linear_interpolation,0.24245153233572198,0.3271584475060224,0.2390625,0.169271,2.192794457766991,7.377986012154689,17.322332770798194,5.727638458830957,18.61116000771904,18.736242707999352,45.54601496183312,11.860795143538953,9.328091144561768,True
M300_000512,M300,7,1692849731.159143925,global_mean,0.2437988233041585,0.41461553391685013,0.2390625,0.167708,1.097604748579709,3.6788042521086592,11.067756736575872,5.704397622677239,18.56664984840427,18.74193363996737,71.20234440048077,17.37134071476701,,
M300_000512,M300,7,1692849731.159143925,sequence_mean,0.24380580252100842,0.482521466386554,0.2390625,0.167708,0.45123826130109834,1.0350372130882108,12.666935912751836,5.704397622677239,18.56664984840427,18.74193363996737,90.73943148688713,19.28363871929936,,
M300_000512,M300,7,1692849731.159143925,nearest_train_time,0.2421875,0.345313,0.2390625,0.167708,2.2710372634230866,7.658923113013774,18.71888031962429,5.704397622677239,18.56664984840427,18.74193363996737,51.20651376590286,11.435339843923716,9.132346153259277,
M300_000512,M300,7,1692849731.159143925,linear_interpolation,0.24244599175872092,0.327539411056331,0.2390625,0.167708,2.1944363410928807,7.383881326588474,17.35163857233486,5.704397622677239,18.56664984840427,18.74193363996737,46.10473263230915,11.802841199720467,9.132346153259277,True
M300_000513,M300,7,1692849731.354298115,global_mean,0.2437988233041585,0.41461553391685013,0.238867,0.16875,1.097604748579709,3.6788042521086592,11.067756736575872,5.6782880143829475,18.517195478528496,18.745742600286306,70.91050324587333,17.32374036671181,,
M300_000513,M300,7,1692849731.354298115,sequence_mean,0.24380580252100842,0.482521466386554,0.238867,0.16875,0.45123826130109834,1.0350372130882108,12.666935912751836,5.6782880143829475,18.517195478528496,18.745742600286306,90.44575036185981,19.232779244911768,,
M300_000513,M300,7,1692849731.354298115,nearest_train_time,0.2421875,0.345313,0.238867,0.16875,2.2710372634230866,7.658923113013774,18.71888031962429,5.6782880143829475,18.517195478528496,18.745742600286306,50.91404893780764,11.380340857186114,8.9371919631958,
M300_000513,M300,7,1692849731.354298115,linear_interpolation,0.24244046790439425,0.3279192247752388,0.238867,0.16875,2.1960732688554283,7.389758847672614,17.380855922546452,5.6782880143829475,18.517195478528496,18.745742600286306,45.92281572333518,11.739189969957652,8.9371919631958,True
M300_000514,M300,7,1692849731.541738987,global_mean,0.2437988233041585,0.41461553391685013,0.240625,0.165625,1.097604748579709,3.6788042521086592,11.067756736575872,5.642821542497036,18.4393107048968,18.747539958603355,71.75068872521248,17.24849607310282,,
M300_000514,M300,7,1692849731.541738987,sequence_mean,0.24380580252100842,0.482521466386554,0.240625,0.165625,0.45123826130109834,1.0350372130882108,12.666935912751836,5.642821542497036,18.4393107048968,18.747539958603355,91.29886955611076,19.152937589458446,,
M300_000514,M300,7,1692849731.541738987,nearest_train_time,0.2421875,0.345313,0.240625,0.165625,2.2710372634230866,7.658923113013774,18.71888031962429,5.642821542497036,18.4393107048968,18.747539958603355,51.76405513501368,11.295419745664265,8.749751091003418,
M300_000514,M300,7,1692849731.541738987,linear_interpolation,0.24243516237612187,0.32828402665174256,0.240625,0.165625,2.19764549831885,7.395404064298411,17.408918479671303,5.642821542497036,18.4393107048968,18.747539958603355,46.86642312335567,11.645987262808195,8.749751091003418,True
M300_000515,M300,7,1692849731.755584002,global_mean,0.2437988233041585,0.41461553391685013,0.23828100000000002,0.169792,1.097604748579709,3.6788042521086592,11.067756736575872,5.610227203947052,18.360542831420165,18.752847959909616,70.63640811673848,17.17491881340028,,
M300_000515,M300,7,1692849731.755584002,sequence_mean,0.24380580252100842,0.482521466386554,0.23828100000000002,0.169792,0.45123826130109834,1.0350372130882108,12.666935912751836,5.610227203947052,18.360542831420165,18.752847959909616,90.1659767543353,19.074240149660895,,
M300_000515,M300,7,1692849731.755584002,nearest_train_time,0.2421875,0.345313,0.23828100000000002,0.169792,2.2710372634230866,7.658923113013774,18.71888031962429,5.610227203947052,18.360542831420165,18.752847959909616,50.639001815193474,11.21053111395118,8.535906076431274,
M300_000515,M300,7,1692849731.755584002,linear_interpolation,0.24242910947657306,0.32870021689714857,0.23828100000000002,0.169792,2.1994392022671057,7.401844502915061,17.440934111412158,5.610227203947052,18.360542831420165,18.752847959909616,45.87631267664247,11.551954890557003,8.535906076431274,True
M300_000516,M300,7,1692849731.939609051,global_mean,0.2437988233041585,0.41461553391685013,0.239453,0.171875,1.097604748579709,3.6788042521086592,11.067756736575872,5.563512332884462,18.24394732191445,18.76082380571704,69.98889969932031,17.066663532330118,,
M300_000516,M300,7,1692849731.939609051,sequence_mean,0.24380580252100842,0.482521466386554,0.239453,0.171875,0.45123826130109834,1.0350372130882108,12.666935912751836,5.563512332884462,18.24394732191445,18.76082380571704,89.52861614655298,18.958306964723235,,
M300_000516,M300,7,1692849731.939609051,nearest_train_time,0.2421875,0.345313,0.239453,0.171875,2.2710372634230866,7.658923113013774,18.71888031962429,5.563512332884462,18.24394732191445,18.76082380571704,49.99427256026386,11.08534567986329,8.35188102722168,
M300_000516,M300,7,1692849731.939609051,linear_interpolation,0.2424239006334324,0.3290583708178497,0.239453,0.171875,2.200982780255144,7.4073868441089,17.468485271388346,5.563512332884462,18.24394732191445,18.76082380571704,45.326274557488865,11.41962288645092,8.35188102722168,True
M300_000517,M300,7,1692849732.139964104,global_mean,0.2437988233041585,0.41461553391685013,0.24082049999999997,0.172396,1.097604748579709,3.6788042521086592,11.067756736575872,5.511256195736014,18.108423376993873,18.769127099613954,69.79671597067784,16.941231733699865,,
M300_000517,M300,7,1692849732.139964104,sequence_mean,0.24380580252100842,0.482521466386554,0.24082049999999997,0.172396,0.45123826130109834,1.0350372130882108,12.666935912751836,5.511256195736014,18.108423376993873,18.769127099613954,89.34555601485967,18.823948413647603,,
M300_000517,M300,7,1692849732.139964104,nearest_train_time,0.2421875,0.345313,0.24082049999999997,0.172396,2.2710372634230866,7.658923113013774,18.71888031962429,5.511256195736014,18.108423376993873,18.769127099613954,49.81116099058475,10.940456993889176,8.151525974273682,
M300_000517,M300,7,1692849732.139964104,linear_interpolation,0.24241822956828263,0.3294483065796051,0.24082049999999997,0.172396,2.2026633321737608,7.413421001241948,17.498481264539908,5.511256195736014,18.108423376993873,18.769127099613954,45.24770540520082,11.266960698979357,8.151525974273682,True
M300_000518,M300,7,1692849732.336999893,global_mean,0.2437988233041585,0.41461553391685013,0.2404295,0.171875,1.097604748579709,3.6788042521086592,11.067756736575872,5.450823078551953,17.95858300609962,18.77584998394093,69.95714717658441,16.80110986219103,,
M300_000518,M300,7,1692849732.336999893,sequence_mean,0.24380580252100842,0.482521466386554,0.2404295,0.171875,0.45123826130109834,1.0350372130882108,12.666935912751836,5.450823078551953,17.95858300609962,18.77584998394093,89.50375092440737,18.674075122538508,,
M300_000518,M300,7,1692849732.336999893,nearest_train_time,0.2421875,0.345313,0.2404295,0.171875,2.2710372634230866,7.658923113013774,18.71888031962429,5.450823078551953,17.95858300609962,18.77584998394093,49.968387751071894,10.77948409182871,7.9544901847839355,
M300_000518,M300,7,1692849732.336999893,linear_interpolation,0.24241265245513982,0.3298317823119975,0.2404295,0.171875,2.2043160425456283,7.419355191057086,17.527980316873176,5.450823078551953,17.95858300609962,18.77584998394093,45.51704227264532,11.09830210339368,7.9544901847839355,True
M300_000519,M300,7,1692849732.543085098,global_mean,0.2437988233041585,0.41461553391685013,0.2404295,0.174479,1.097604748579709,3.6788042521086592,11.067756736575872,5.3852658876911805,17.791340892951215,18.783286573993948,69.20771394668948,16.645633936713224,,
M300_000519,M300,7,1692849732.543085098,sequence_mean,0.24380580252100842,0.482521466386554,0.2404295,0.174479,0.45123826130109834,1.0350372130882108,12.666935912751836,5.3852658876911805,17.791340892951215,18.783286573993948,88.7541163711023,18.507514339884974,,
M300_000519,M300,7,1692849732.543085098,nearest_train_time,0.2421875,0.345313,0.2404295,0.174479,2.2710372634230866,7.658923113013774,18.71888031962429,5.3852658876911805,17.791340892951215,18.783286573993948,49.21871373428606,10.600398962161993,7.7484049797058105,
M300_000519,M300,7,1692849732.543085098,linear_interpolation,0.24240681919759427,0.33023287023189885,0.2404295,0.174479,2.2060446582291195,7.4255619250123335,17.55883419507193,5.3852658876911805,17.791340892951215,18.783286573993948,44.88281209250214,10.911283373933339,7.7484049797058105,True
M300_000520,M300,7,1692849732.791862965,global_mean,0.2437988233041585,0.41461553391685013,0.2390625,0.175,1.097604748579709,3.6788042521086592,11.067756736575872,5.303387632249287,17.57845483773008,18.794319937321276,69.10507394764203,16.449579780713155,,
M300_000520,M300,7,1692849732.791862965,sequence_mean,0.24380580252100842,0.482521466386554,0.2390625,0.175,0.45123826130109834,1.0350372130882108,12.666935912751836,5.303387632249287,17.57845483773008,18.794319937321276,88.64106865841637,18.296799042615433,,
M300_000520,M300,7,1692849732.791862965,nearest_train_time,0.2421875,0.345313,0.2390625,0.175,2.2710372634230866,7.658923113013774,18.71888031962429,5.303387632249287,17.57845483773008,18.794319937321276,49.10882432334066,10.372943147096294,7.499627113342285,
M300_000520,M300,7,1692849732.791862965,linear_interpolation,0.24239977752099465,0.33071704762299026,0.2390625,0.175,2.2081313743586857,7.433054447485683,17.5960797701942,5.303387632249287,17.57845483773008,18.794319937321276,44.919690025733566,10.674527618517779,7.499627113342285,True
M300_000521,M300,7,1692849732.993340969,global_mean,0.2437988233041585,0.41461553391685013,0.2402345,0.178125,1.097604748579709,3.6788042521086592,11.067756736575872,5.234271205724004,17.38895303473487,18.80619960427707,68.1642614102202,16.277705214067655,,
M300_000521,M300,7,1692849732.993340969,sequence_mean,0.24380580252100842,0.482521466386554,0.2402345,0.178125,0.45123826130109834,1.0350372130882108,12.666935912751836,5.234271205724004,17.38895303473487,18.80619960427707,87.70907739058171,18.11128171949793,,
M300_000521,M300,7,1692849732.993340969,nearest_train_time,0.2421875,0.345313,0.2402345,0.178125,2.2710372634230866,7.658923113013774,18.71888031962429,5.234271205724004,17.38895303473487,18.80619960427707,48.173499761071454,10.171620437858678,7.298149108886719,
M300_000521,M300,7,1692849732.993340969,linear_interpolation,0.2423940746706163,0.33110916889963565,0.2402345,0.178125,2.209821345447335,7.439122424908011,17.626243885113773,5.234271205724004,17.38895303473487,18.80619960427707,44.09064650226137,10.466074795297486,7.298149108886719,True
M300_000522,M300,7,1692849733.192229033,global_mean,0.2437988233041585,0.41461553391685013,0.24179699999999998,0.180729,1.097604748579709,3.6788042521086592,11.067756736575872,5.16081535264495,17.19144648932252,18.816179948607,67.37686419481926,16.097802425072405,,
M300_000522,M300,7,1692849733.192229033,sequence_mean,0.24380580252100842,0.482521466386554,0.24179699999999998,0.180729,0.45123826130109834,1.0350372130882108,12.666935912751836,5.16081535264495,17.19144648932252,18.816179948607,86.92992121460334,17.91711135459623,,
M300_000522,M300,7,1692849733.192229033,nearest_train_time,0.2421875,0.345313,0.24179699999999998,0.180729,2.2710372634230866,7.658923113013774,18.71888031962429,5.16081535264495,17.19144648932252,18.816179948607,47.40114074625293,9.961389789714065,7.099261045455933,
M300_000522,M300,7,1692849733.192229033,linear_interpolation,0.2423884451287174,0.33149624957155693,0.24179699999999998,0.180729,2.211489592450196,7.44511240024914,17.656020249127643,5.16081535264495,17.19144648932252,18.816179948607,43.423343677175914,10.24868387374097,7.099261045455933,True
M300_000523,M300,7,1692849733.391638994,global_mean,0.2437988233041585,0.41461553391685013,0.2396485,0.184375,1.097604748579709,3.6788042521086592,11.067756736575872,5.07869939943807,16.97982419246887,18.82174261643165,66.38583895904617,15.902532600122404,,
M300_000523,M300,7,1692849733.391638994,sequence_mean,0.24380580252100842,0.482521466386554,0.2396485,0.184375,0.45123826130109834,1.0350372130882108,12.666935912751836,5.07869939943807,16.97982419246887,18.82174261643165,85.92552176837386,17.70681433692851,,
M300_000523,M300,7,1692849733.391638994,nearest_train_time,0.2421875,0.345313,0.2396485,0.184375,2.2710372634230866,7.658923113013774,18.71888031962429,5.07869939943807,16.97982419246887,18.82174261643165,46.391143137705065,9.735129390773597,6.899851083755493,
M300_000523,M300,7,1692849733.391638994,linear_interpolation,0.24238280081444796,0.3318843459742838,0.2396485,0.184375,2.213162217067325,7.451118093767175,17.685874748714795,5.07869939943807,16.97982419246887,18.82174261643165,42.53456065060625,10.014875888991128,6.899851083755493,True
M300_000524,M300,7,1692849733.594041109,global_mean,0.2437988233041585,0.41461553391685013,0.2402345,0.188542,1.097604748579709,3.6788042521086592,11.067756736575872,5.013430493884262,16.80440383442306,18.823178605441655,65.16669693962686,15.740445483750564,,
M300_000524,M300,7,1692849733.594041109,sequence_mean,0.24380580252100842,0.482521466386554,0.2402345,0.188542,0.45123826130109834,1.0350372130882108,12.666935912751836,5.013430493884262,16.80440383442306,18.823178605441655,84.71050057043281,17.532422698999948,,
M300_000524,M300,7,1692849733.594041109,nearest_train_time,0.2421875,0.345313,0.2402345,0.188542,2.2710372634230866,7.658923113013774,18.71888031962429,5.013430493884262,16.80440383442306,18.823178605441655,45.174954857880266,9.548372447101789,6.697448968887329,
M300_000524,M300,7,1692849733.594041109,linear_interpolation,0.24237707180705348,0.3322782657765585,0.2402345,0.188542,2.2148599394729693,7.4572139029180065,17.716177216070204,5.013430493884262,16.80440383442306,18.823178605441655,41.4287358984226,9.819745864314294,6.697448968887329,True
M300_000525,M300,7,1692849733.791563988,global_mean,0.2437988233041585,0.41461553391685013,0.241211,0.194271,1.097604748579709,3.6788042521086592,11.067756736575872,4.930659994489493,16.58410888770459,18.821685447044516,63.490340098445756,15.535849210865825,,
M300_000525,M300,7,1692849733.791563988,sequence_mean,0.24380580252100842,0.482521466386554,0.241211,0.194271,0.45123826130109834,1.0350372130882108,12.666935912751836,4.930659994489493,16.58410888770459,18.821685447044516,83.04004962901458,17.312417244163044,,
M300_000525,M300,7,1692849733.791563988,nearest_train_time,0.2421875,0.345313,0.241211,0.194271,2.2710372634230866,7.658923113013774,18.71888031962429,4.930659994489493,16.58410888770459,18.821685447044516,43.50656019511907,9.313597751598055,6.4999260902404785,
M300_000525,M300,7,1692849733.791563988,linear_interpolation,0.24237148090681468,0.332662689493435,0.241211,0.194271,2.2165167354848316,7.463162762552889,17.745749192558897,4.930659994489493,16.58410888770459,18.821685447044516,39.866770068136375,9.576840328210388,6.4999260902404785,True
M300_000526,M300,7,1692849733.991141081,global_mean,0.2437988233041585,0.41461553391685013,0.24179699999999998,0.194271,1.097604748579709,3.6788042521086592,11.067756736575872,4.8453662408610585,16.352100388895,18.816156345618666,63.47784601540716,15.319786149784372,,
M300_000526,M300,7,1692849733.991141081,sequence_mean,0.24380580252100842,0.482521466386554,0.24179699999999998,0.194271,0.45123826130109834,1.0350372130882108,12.666935912751836,4.8453662408610585,16.352100388895,18.816156345618666,83.03046830398696,17.080213610034125,,
M300_000526,M300,7,1692849733.991141081,nearest_train_time,0.2421875,0.345313,0.24179699999999998,0.194271,2.2710372634230866,7.658923113013774,18.71888031962429,4.8453662408610585,16.352100388895,18.816156345618666,43.50112980622953,9.066860727903999,6.300348997116089,
M300_000526,M300,7,1692849733.991141081,linear_interpolation,0.24236583186187743,0.333051111171308,0.24179699999999998,0.194271,2.2181907619784345,7.46917348962141,17.775628714090715,4.8453662408610585,16.352100388895,18.816156345618666,39.97105943049984,9.32154166684104,6.300348997116089,True
M300_000527,M300,7,1692849734.192615032,global_mean,0.2437988233041585,0.41461553391685013,0.241406,0.196354,1.097604748579709,3.6788042521086592,11.067756736575872,4.762441560385146,16.11399707624196,18.811948631929695,62.886178381411554,15.100912473840927,,
M300_000527,M300,7,1692849734.192615032,sequence_mean,0.24380580252100842,0.482521466386554,0.241406,0.196354,0.45123826130109834,1.0350372130882108,12.666935912751836,4.762441560385146,16.11399707624196,18.811948631929695,82.43683549977992,16.844069750493574,,
M300_000527,M300,7,1692849734.192615032,nearest_train_time,0.2421875,0.345313,0.241406,0.196354,2.2710372634230866,7.658923113013774,18.71888031962429,4.762441560385146,16.11399707624196,18.811948631929695,42.90439026572604,8.814989098424093,6.098875045776367,
M300_000527,M300,7,1692849734.192615032,linear_interpolation,0.24236012912622287,0.33344322455968306,0.241406,0.196354,2.2198806990700795,7.475241344974753,17.805792222201354,4.762441560385146,16.11399707624196,18.811948631929695,39.48849611949928,9.061184637718771,6.098875045776367,True
M300_000528,M300,7,1692849734.389604092,global_mean,0.2437988233041585,0.41461553391685013,0.240625,0.198437,1.097604748579709,3.6788042521086592,11.067756736575872,4.673447062124542,15.870451274468,18.80392977649184,62.30711427291202,14.875190038203336,,
M300_000528,M300,7,1692849734.389604092,sequence_mean,0.24380580252100842,0.482521466386554,0.240625,0.198437,0.45123826130109834,1.0350372130882108,12.666935912751836,4.673447062124542,15.870451274468,18.80392977649184,81.8527873653041,16.60057984571378,,
M300_000528,M300,7,1692849734.389604092,nearest_train_time,0.2421875,0.345313,0.240625,0.198437,2.2710372634230866,7.658923113013774,18.71888031962429,4.673447062124542,15.870451274468,18.80392977649184,42.31730573752237,8.556167424575449,5.901885986328125,
M300_000528,M300,7,1692849734.389604092,linear_interpolation,0.24235455333577743,0.33382660934495906,0.240625,0.198437,2.2215330174764847,7.481174127406303,17.835284278384616,4.673447062124542,15.870451274468,18.80392977649184,39.014825616261355,8.793755036021725,5.901885986328125,True
M300_000529,M300,7,1692849734.594419003,global_mean,0.2437988233041585,0.41461553391685013,0.24160149999999997,0.203125,1.097604748579709,3.6788042521086592,11.067756736575872,4.5768252684335,15.612979259910393,18.793625081946104,60.932646723312054,14.63620682528793,,
M300_000529,M300,7,1692849734.594419003,sequence_mean,0.24380580252100842,0.482521466386554,0.24160149999999997,0.203125,0.45123826130109834,1.0350372130882108,12.666935912751836,4.5768252684335,15.612979259910393,18.793625081946104,80.48398860729112,16.342373837660432,,
M300_000529,M300,7,1692849734.594419003,nearest_train_time,0.2421875,0.345313,0.24160149999999997,0.203125,2.2710372634230866,7.658923113013774,18.71888031962429,4.5768252684335,15.612979259910393,18.793625081946104,40.95261697160561,8.281862972274315,5.697071075439453,
M300_000529,M300,7,1692849734.594419003,linear_interpolation,0.2423487560340064,0.33422522498814405,0.24160149999999997,0.203125,2.2232509780988434,7.487342603505652,17.86594797552606,4.5768252684335,15.612979259910393,18.793625081946104,37.761226039724,8.510338878435368,5.697071075439453,True
M300_000530,M300,7,1692849734.792850018,global_mean,0.2437988233041585,0.41461553391685013,0.24199200000000004,0.204167,1.097604748579709,3.6788042521086592,11.067756736575872,4.495512581569206,15.396981304484829,18.783977018975435,60.62506062112381,14.436118124996112,,
M300_000530,M300,7,1692849734.792850018,sequence_mean,0.24380580252100842,0.482521466386554,0.24199200000000004,0.204167,0.45123826130109834,1.0350372130882108,12.666935912751836,4.495512581569206,15.396981304484829,18.783977018975435,80.17818809186417,16.125749122357433,,
M300_000530,M300,7,1692849734.792850018,nearest_train_time,0.2421875,0.345313,0.24199200000000004,0.204167,2.2710372634230866,7.658923113013774,18.71888031962429,4.495512581569206,15.396981304484829,18.783977018975435,40.65032528311477,8.051712401464671,5.498640060424805,
M300_000530,M300,7,1692849734.792850018,linear_interpolation,0.24234313942889804,0.3346114161415846,0.24199200000000004,0.204167,2.2249153914395072,7.493318813773627,17.895655912909515,4.495512581569206,15.396981304484829,18.783977018975435,37.56895974337394,8.271191374547096,5.498640060424805,True
M300_000531,M300,7,1692849734.991178989,global_mean,0.2437988233041585,0.41461553391685013,0.240625,0.209375,1.097604748579709,3.6788042521086592,11.067756736575872,4.402292975149085,15.122757812809144,18.779582437910236,59.15951008576222,14.190042037360453,,
M300_000531,M300,7,1692849734.991178989,sequence_mean,0.24380580252100842,0.482521466386554,0.240625,0.209375,0.45123826130109834,1.0350372130882108,12.666935912751836,4.402292975149085,15.122757812809144,18.779582437910236,78.70410273789211,15.856832993670363,,
M300_000531,M300,7,1692849734.991178989,nearest_train_time,0.2421875,0.345313,0.240625,0.209375,2.2710372634230866,7.658923113013774,18.71888031962429,4.402292975149085,15.122757812809144,18.779582437910236,39.1685304194673,7.762394223549751,5.300311088562012,
M300_000531,M300,7,1692849734.991178989,linear_interpolation,0.24233752571212888,0.3349974086962198,0.240625,0.209375,2.22657894885559,7.499291950775401,17.925348572985808,4.402292975149085,15.122757812809144,18.779582437910236,36.20315181856505,7.9737493545877065,5.300311088562012,True
M300_000532,M300,7,1692849735.191569090,global_mean,0.2437988233041585,0.41461553391685013,0.24160149999999997,0.214583,1.097604748579709,3.6788042521086592,11.067756736575872,4.312203737818796,14.847733363499405,18.779398543462023,57.63408098363833,13.94804801807776,,
M300_000532,M300,7,1692849735.191569090,sequence_mean,0.24380580252100842,0.482521466386554,0.24160149999999997,0.214583,0.45123826130109834,1.0350372130882108,12.666935912751836,4.312203737818796,14.847733363499405,18.779398543462023,77.18484588795413,15.590376158588164,,
M300_000532,M300,7,1692849735.191569090,nearest_train_time,0.2421875,0.345313,0.24160149999999997,0.214583,2.2710372634230866,7.658923113013774,18.71888031962429,4.312203737818796,14.847733363499405,18.779398543462023,37.65292970354238,7.473219911731539,5.099920988082886,
M300_000532,M300,7,1692849735.191569090,linear_interpolation,0.24233185365495608,0.3353874126683125,0.24160149999999997,0.214583,2.2282597947483036,7.50532716344614,17.955349813249878,4.312203737818796,14.847733363499405,18.779398543462023,34.79619206550381,7.676770640979518,5.099920988082886,True
M300_000533,M300,7,1692849735.390258074,global_mean,0.2437988233041585,0.41461553391685013,0.24160149999999997,0.21875,1.097604748579709,3.6788042521086592,11.067756736575872,4.220985099746277,14.570180388196153,18.778928370399385,56.43451047714931,13.7054641264743,,
M300_000533,M300,7,1692849735.390258074,sequence_mean,0.24380580252100842,0.482521466386554,0.24160149999999997,0.21875,0.45123826130109834,1.0350372130882108,12.666935912751836,4.220985099746277,14.570180388196153,18.778928370399385,75.98504314182244,15.322125955590467,,
M300_000533,M300,7,1692849735.390258074,nearest_train_time,0.2421875,0.345313,0.24160149999999997,0.21875,2.2710372634230866,7.658923113013774,18.71888031962429,4.220985099746277,14.570180388196153,18.778928370399385,36.452922253545594,7.1813215675490225,4.901232004165649,
M300_000533,M300,7,1692849735.390258074,linear_interpolation,0.24232622974801812,0.33577410588695705,0.24160149999999997,0.21875,2.229926371898303,7.511311143045962,17.98509637223694,4.220985099746277,14.570180388196153,18.778928370399385,33.70753814805609,7.377134885521167,4.901232004165649,True
M300_000534,M300,7,1692849735.593888998,global_mean,0.2437988233041585,0.41461553391685013,0.2421875,0.221875,1.097604748579709,3.6788042521086592,11.067756736575872,4.1252626185824015,14.288953129741234,18.77804290774388,55.52306611979563,13.460701475949227,,
M300_000534,M300,7,1692849735.593888998,sequence_mean,0.24380580252100842,0.482521466386554,0.2421875,0.221875,0.45123826130109834,1.0350372130882108,12.666935912751836,4.1252626185824015,14.288953129741234,18.77804290774388,75.07647048090897,15.050261486361137,,
M300_000534,M300,7,1692849735.593888998,nearest_train_time,0.2421875,0.345313,0.2421875,0.221875,2.2710372634230866,7.658923113013774,18.71888031962429,4.1252626185824015,14.288953129741234,18.77804290774388,35.550143999999996,6.884689528385127,4.697601079940796,
M300_000534,M300,7,1692849735.593888998,linear_interpolation,0.2423204659590805,0.3361704172271815,0.2421875,0.221875,2.2316344013957408,7.517443960640732,18.015582809781794,4.1252626185824015,14.288953129741234,18.77804290774388,32.9172385599176,7.072517914655434,4.697601079940796,True
M300_000535,M300,7,1692849735.792056084,global_mean,0.2437988233041585,0.41461553391685013,0.2421875,0.225521,1.097604748579709,3.6788042521086592,11.067756736575872,4.050801620215016,14.059790483860528,18.780723808350217,54.47328398712812,13.26559866559869,,
M300_000535,M300,7,1692849735.792056084,sequence_mean,0.24380580252100842,0.482521466386554,0.2421875,0.225521,0.45123826130109834,1.0350372130882108,12.666935912751836,4.050801620215016,14.059790483860528,18.780723808350217,74.0265684160019,14.831704439196969,,
M300_000535,M300,7,1692849735.792056084,nearest_train_time,0.2421875,0.345313,0.2421875,0.225521,2.2710372634230866,7.658923113013774,18.71888031962429,4.050801620215016,14.059790483860528,18.780723808350217,34.50009599999999,6.6439814028920505,4.499433994293213,
M300_000535,M300,7,1692849735.792056084,linear_interpolation,0.2423148568245131,0.3365560947150205,0.2421875,0.225521,2.233296600931473,7.523412222063648,18.045251233195565,4.050801620215016,14.059790483860528,18.780723808350217,31.97825686122842,6.824110578325668,4.499433994293213,True
M300_000536,M300,7,1692849735.990756989,global_mean,0.2437988233041585,0.41461553391685013,0.24199200000000004,0.230729,1.097604748579709,3.6788042521086592,11.067756736575872,3.963740170762681,13.770983474656536,18.785764995691054,52.977498126352295,13.024379647648836,,
M300_000536,M300,7,1692849735.990756989,sequence_mean,0.24380580252100842,0.482521466386554,0.24199200000000004,0.230729,0.45123826130109834,1.0350372130882108,12.666935912751836,3.963740170762681,13.770983474656536,18.785764995691054,72.52960850343972,14.55960391589518,,
M300_000536,M300,7,1692849735.990756989,nearest_train_time,0.2421875,0.345313,0.24199200000000004,0.230729,2.2710372634230866,7.658923113013774,18.71888031962429,3.963740170762681,13.770983474656536,18.785764995691054,33.000533560195656,6.34247574349111,4.3007330894470215,
M300_000536,M300,7,1692849735.990756989,linear_interpolation,0.24230923258015233,0.3369428111344601,0.24199200000000004,0.230729,2.2349632780726623,7.5293965606898965,18.07499957691477,3.963740170762681,13.770983474656536,18.785764995691054,30.590547820963316,6.51546347007078,4.3007330894470215,True
M300_000537,M300,7,1692849736.191966057,global_mean,0.2437988233041585,0.41461553391685013,0.241406,0.235417,1.097604748579709,3.6788042521086592,11.067756736575872,3.8810138130702585,13.479464842217116,18.790169535927987,51.64188540490745,12.784207971806097,,
M300_000537,M300,7,1692849736.191966057,sequence_mean,0.24380580252100842,0.482521466386554,0.241406,0.235417,0.45123826130109834,1.0350372130882108,12.666935912751836,3.8810138130702585,13.479464842217116,18.790169535927987,71.18994780992124,14.287096603443796,,
M300_000537,M300,7,1692849736.191966057,nearest_train_time,0.2421875,0.345313,0.241406,0.235417,2.2710372634230866,7.658923113013774,18.71888031962429,3.8810138130702585,13.479464842217116,18.790169535927987,31.655738324025357,6.039520896906677,4.099524021148682,
M300_000537,M300,7,1692849736.191966057,linear_interpolation,0.24230353734203255,0.33733440900117007,0.241406,0.235417,2.2366509933600813,7.535456438476065,18.105123428277164,3.8810138130702585,13.479464842217116,18.790169535927987,29.360306554352636,6.205195658172028,4.099524021148682,True
M300_000538,M300,7,1692849736.392009974,global_mean,0.2437988233041585,0.41461553391685013,0.24257800000000002,0.236979,1.097604748579709,3.6788042521086592,11.067756736575872,3.792869938201325,13.181156096068893,18.79136010457016,51.16791263168425,12.538468566571167,,
M300_000538,M300,7,1692849736.392009974,sequence_mean,0.24380580252100842,0.482521466386554,0.24257800000000002,0.236979,0.45123826130109834,1.0350372130882108,12.666935912751836,3.792869938201325,13.181156096068893,18.79136010457016,70.7225168506071,14.007258042346917,,
M300_000538,M300,7,1692849736.392009974,nearest_train_time,0.2421875,0.345313,0.24257800000000002,0.236979,2.2710372634230866,7.658923113013774,18.71888031962429,3.792869938201325,13.181156096068893,18.79136010457016,31.201633342600505,5.728550002259762,3.899480104446411,
M300_000538,M300,7,1692849736.392009974,linear_interpolation,0.2422978750836181,0.3377237392221756,0.24257800000000002,0.236979,2.2383289355086573,7.5414812250194085,18.135072839919758,3.792869938201325,13.181156096068893,18.79136010457016,29.015282477520312,5.8867005490293165,3.899480104446411,True
M300_000539,M300,7,1692849736.594197989,global_mean,0.2437988233041585,0.41461553391685013,0.24238299999999996,0.245833,1.097604748579709,3.6788042521086592,11.067756736575872,3.7208083363122073,12.944229671853922,18.79239650084557,48.62152984292423,12.34501376100047,,
M300_000539,M300,7,1692849736.594197989,sequence_mean,0.24380580252100842,0.482521466386554,0.24238299999999996,0.245833,0.45123826130109834,1.0350372130882108,12.666935912751836,3.7208083363122073,12.944229671853922,18.79239650084557,68.17503590140285,13.785507640693535,,
M300_000539,M300,7,1692849736.594197989,nearest_train_time,0.2421875,0.345313,0.24238299999999996,0.245833,2.2710372634230866,7.658923113013774,18.71888031962429,3.7208083363122073,12.944229671853922,18.79239650084557,28.650633418448813,5.481031491754642,3.6972920894622803,
M300_000539,M300,7,1692849736.594197989,linear_interpolation,0.24229215213633729,0.3381172423381719,0.24238299999999996,0.245833,2.2400248620725414,7.547570586055638,18.165343253485855,3.7208083363122073,12.944229671853922,18.79239650084557,26.577953373489763,5.631149506178541,3.6972920894622803,True
M300_000540,M300,7,1692849736.793129921,global_mean,0.2437988233041585,0.41461553391685013,0.24238299999999996,0.247917,1.097604748579709,3.6788042521086592,11.067756736575872,3.632284555873885,12.653102985438412,18.7891532153064,48.02148982469808,12.107130257096479,,
M300_000540,M300,7,1692849736.793129921,sequence_mean,0.24380580252100842,0.482521466386554,0.24238299999999996,0.247917,0.45123826130109834,1.0350372130882108,12.666935912751836,3.632284555873885,12.653102985438412,18.7891532153064,67.57492168519593,13.512218637905805,,
M300_000540,M300,7,1692849736.793129921,nearest_train_time,0.2421875,0.345313,0.24238299999999996,0.247917,2.2710372634230866,7.658923113013774,18.71888031962429,3.632284555873885,12.653102985438412,18.7891532153064,28.050449836375883,5.176848951746956,3.4983601570129395,
M300_000540,M300,7,1692849736.793129921,linear_interpolation,0.24228652135272244,0.3385044083890188,0.24238299999999996,0.247917,2.2416934770429795,7.553561882614012,18.195126185314013,3.632284555873885,12.653102985438412,18.7891532153064,26.089278834913134,5.31901599173016,3.4983601570129395,True
M300_000541,M300,7,1692849736.993870020,global_mean,0.2437988233041585,0.41461553391685013,0.24277350000000003,0.25,1.097604748579709,3.6788042521086592,11.067756736575872,3.548029514400146,12.365979801025563,18.78744759227743,47.415812911259536,11.877088340929697,,
M300_000541,M300,7,1692849736.993870020,sequence_mean,0.24380580252100842,0.482521466386554,0.24277350000000003,0.25,0.45123826130109834,1.0350372130882108,12.666935912751836,3.548029514400146,12.365979801025563,18.78744759227743,66.97087515840944,13.245415781152829,,
M300_000541,M300,7,1692849736.993870020,nearest_train_time,0.2421875,0.345313,0.24277350000000003,0.25,2.2710372634230866,7.658923113013774,18.71888031962429,3.548029514400146,12.365979801025563,18.78744759227743,27.453833044277072,4.877683194313779,3.2976200580596924,
M300_000541,M300,7,1692849736.993870020,linear_interpolation,0.24228083938881598,0.33889509353645303,0.24277350000000003,0.25,2.243377258677011,7.559607636300603,18.225179825313845,3.548029514400146,12.365979801025563,18.78744759227743,25.60458266147746,5.011933353105625,3.2976200580596924,True
M300_000542,M300,7,1692849737.191907883,global_mean,0.2437988233041585,0.41461553391685013,0.2410155,0.25625,1.097604748579709,3.6788042521086592,11.067756736575872,3.4607560405858253,12.085969006575628,18.779787566097227,45.65933808630963,11.650764899917501,,
M300_000542,M300,7,1692849737.191907883,sequence_mean,0.24380580252100842,0.482521466386554,0.2410155,0.25625,0.45123826130109834,1.0350372130882108,12.666935912751836,3.4607560405858253,12.085969006575628,18.779787566097227,65.20140767491745,12.982574710123927,,
M300_000542,M300,7,1692849737.191907883,nearest_train_time,0.2421875,0.345313,0.2410155,0.25625,2.2710372634230866,7.658923113013774,18.71888031962429,3.4607560405858253,12.085969006575628,18.779787566097227,25.665931894828056,4.584525690309674,3.0995821952819824,
M300_000542,M300,7,1692849737.191907883,linear_interpolation,0.24227523391191183,0.3392805195276741,0.2410155,0.25625,2.245038374308251,7.565572005877066,18.254828902231175,3.4607560405858253,12.085969006575628,18.779787566097227,23.932352929092893,4.71036517552429,3.0995821952819824,True
M300_000543,M300,7,1692849737.393093109,global_mean,0.2437988233041585,0.41461553391685013,0.243164,0.261979,1.097604748579709,3.6788042521086592,11.067756736575872,3.376548512480004,11.809686765888959,18.77303693269043,43.96202531446111,11.431368161010015,,
M300_000543,M300,7,1692849737.393093109,sequence_mean,0.24380580252100842,0.482521466386554,0.243164,0.261979,0.45123826130109834,1.0350372130882108,12.666935912751836,3.376548512480004,11.809686765888959,18.77303693269043,63.518142830709756,12.725367684943995,,
M300_000543,M300,7,1692849737.393093109,nearest_train_time,0.2421875,0.345313,0.243164,0.261979,2.2710372634230866,7.658923113013774,18.71888031962429,3.376548512480004,11.809686765888959,18.77303693269043,24.01190629748433,4.295803412932199,2.8983969688415527,
M300_000543,M300,7,1692849737.393093109,linear_interpolation,0.24226953934863768,0.339672070992794,0.243164,0.261979,2.2467258896132907,7.571631165610385,18.284949184129278,3.376548512480004,11.809686765888959,18.77303693269043,22.386146806127265,4.413144466306252,2.8983969688415527,True
M300_000544,M300,7,1692849737.593286991,global_mean,0.2437988233041585,0.41461553391685013,0.2433595,0.265104,1.097604748579709,3.6788042521086592,11.067756736575872,3.293120638569026,11.53974454048944,18.76552843660413,43.06064363296867,11.219196111417236,,
M300_000544,M300,7,1692849737.593286991,sequence_mean,0.24380580252100842,0.482521466386554,0.2433595,0.265104,0.45123826130109834,1.0350372130882108,12.666935912751836,3.293120638569026,11.53974454048944,18.76552843660413,62.617168444853064,12.474694475319632,,
M300_000544,M300,7,1692849737.593286991,nearest_train_time,0.2421875,0.345313,0.2433595,0.265104,2.2710372634230866,7.658923113013774,18.71888031962429,3.293120638569026,11.53974454048944,18.76552843660413,23.11772141120486,4.013428138701595,2.6982030868530273,
M300_000544,M300,7,1692849737.593286991,linear_interpolation,0.2422638728454443,0.34006169307980083,0.2433595,0.265104,2.2484050896510284,7.577660468706161,18.31492104770225,3.293120638569026,11.53974454048944,18.76552843660413,21.604208079430855,4.122206664999073,2.6982030868530273,True
M300_000545,M300,7,1692849737.794476986,global_mean,0.2437988233041585,0.41461553391685013,0.24199200000000004,0.271354,1.097604748579709,3.6788042521086592,11.067756736575872,3.209928653509924,11.251592705076295,18.75952408447101,41.282649846578714,10.998741844724124,,
M300_000545,M300,7,1692849737.794476986,sequence_mean,0.24380580252100842,0.482521466386554,0.24199200000000004,0.271354,0.45123826130109834,1.0350372130882108,12.666935912751836,3.209928653509924,11.251592705076295,18.75952408447101,60.8321816162298,12.210979052930586,,
M300_000545,M300,7,1692849737.794476986,nearest_train_time,0.2421875,0.345313,0.24199200000000004,0.271354,2.2710372634230866,7.658923113013774,18.71888031962429,3.209928653509924,11.251592705076295,18.75952408447101,21.30072117224203,3.7135486742105304,2.4970130920410156,
M300_000545,M300,7,1692849737.794476986,linear_interpolation,0.24225817814720102,0.34045325382523883,0.24199200000000004,0.271354,2.2500926449525442,7.583719772050048,18.34504204349321,3.209928653509924,11.251592705076295,18.75952408447101,19.901635030684986,3.813970684004145,2.4970130920410156,True
M300_000546,M300,7,1692849737.993000984,global_mean,0.2437988233041585,0.41461553391685013,0.242969,0.277604,1.097604748579709,3.6788042521086592,11.067756736575872,3.139207970891012,11.020102330663352,18.748744444746734,39.46446795742291,10.819444226420071,,
M300_000546,M300,7,1692849737.993000984,sequence_mean,0.24380580252100842,0.482521466386554,0.242969,0.277604,0.45123826130109834,1.0350372130882108,12.666935912751836,3.139207970891012,11.020102330663352,18.748744444746734,59.01972940087794,11.996462044358523,,
M300_000546,M300,7,1692849737.993000984,nearest_train_time,0.2421875,0.345313,0.242969,0.277604,2.2710372634230866,7.658923113013774,18.71888031962429,3.139207970891012,11.020102330663352,18.748744444746734,19.50942640042827,3.4716189273066993,2.2984890937805176,
M300_000546,M300,7,1692849737.993000984,linear_interpolation,0.24225255891019473,0.3408396259448804,0.242969,0.277604,2.251757838224484,7.5896987827241436,18.374763901787393,3.139207970891012,11.020102330663352,18.748744444746734,18.22017025319771,3.5630180586401625,2.2984890937805176,True
Pham4_000154,Pham4,2,1692847934.119101048,global_mean,0.2437988233041585,0.41461553391685013,0.2904295,0.5375,1.097604748579709,3.6788042521086592,11.067756736575872,-1.0287128090981053,0.35111795950252045,4.450413446813912,50.34906762472534,7.706098535098378,,
Pham4_000154,Pham4,2,1692847934.119101048,sequence_mean,0.24097693769968065,0.44878029073482395,0.2904295,0.5375,0.8937713572578178,2.247711363953231,12.46272227932639,-1.0287128090981053,0.35111795950252045,4.450413446813912,45.77461406457224,8.455182123363908,,
Pham4_000154,Pham4,2,1692847934.119101048,nearest_train_time,0.273047,0.50625,0.2904295,0.5375,-0.6372242108978792,0.5137560418768352,4.461493776710612,-1.0287128090981053,0.35111795950252045,4.450413446813912,16.1001891932238,0.42407221327244743,2.2022480964660645,
Pham4_000154,Pham4,2,1692847934.119101048,linear_interpolation,0.27238352131290267,0.5080395670834622,0.2904295,0.5375,-0.635721044952876,0.49184985133953923,4.604216653425541,-1.0287128090981053,0.35111795950252045,4.450413446813912,16.25020109043475,0.44486337051956226,2.2022480964660645,True
Pham4_000155,Pham4,2,1692847934.316649914,global_mean,0.2437988233041585,0.41461553391685013,0.2876955,0.534896,1.097604748579709,3.6788042521086592,11.067756736575872,-0.9646129587018588,0.3439300601539834,4.451673669858594,48.33762359172505,7.690688063762181,,
Pham4_000155,Pham4,2,1692847934.316649914,sequence_mean,0.24097693769968065,0.44878029073482395,0.2876955,0.534896,0.8937713572578178,2.247711363953231,12.46272227932639,-0.9646129587018588,0.3439300601539834,4.451673669858594,43.61731010781061,8.441260293448863,,
Pham4_000155,Pham4,2,1692847934.316649914,nearest_train_time,0.273047,0.50625,0.2876955,0.534896,-0.6372242108978792,0.5137560418768352,4.461493776710612,-0.9646129587018588,0.3439300601539834,4.451673669858594,13.950873521203194,0.36894537638432773,2.399796962738037,
Pham4_000155,Pham4,2,1692847934.316649914,linear_interpolation,0.2723240051018808,0.5082000971114018,0.2876955,0.534896,-0.6355862060449751,0.48988479430898707,4.6170193628620275,-0.9646129587018588,0.3439300601539834,4.451673669858594,14.088190142539037,0.3961067868403389,2.399796962738037,True
Pham4_000156,Pham4,2,1692847934.517287016,global_mean,0.2437988233041585,0.41461553391685013,0.2859375,0.533854,1.097604748579709,3.6788042521086592,11.067756736575872,-0.8734894062250571,0.3323076334768338,4.4536974993971095,47.1870090948599,7.670073753134937,,
Pham4_000156,Pham4,2,1692847934.517287016,sequence_mean,0.24097693769968065,0.44878029073482395,0.2859375,0.533854,0.8937713572578178,2.247711363953231,12.46272227932639,-0.8734894062250571,0.3323076334768338,4.4536974993971095,42.33923932797049,8.422378522863374,,
Pham4_000156,Pham4,2,1692847934.517287016,nearest_train_time,0.273047,0.50625,0.2859375,0.533854,-0.6372242108978792,0.5137560418768352,4.461493776710612,-0.8734894062250571,0.3323076334768338,4.4536974993971095,12.696843545209209,0.29800259960918507,2.6004340648651123,
Pham4_000156,Pham4,2,1692847934.517287016,linear_interpolation,0.2722635584876615,0.5083631366682365,0.2859375,0.533854,-0.6354492592315324,0.48788901799518325,4.630022214101755,-0.8734894062250571,0.3323076334768338,4.4536974993971095,12.813236309830579,0.3346028747710039,2.6004340648651123,True
Pham4_000157,Pham4,2,1692847934.717302084,global_mean,0.2437988233041585,0.41461553391685013,0.28125,0.531771,1.097604748579709,3.6788042521086592,11.067756736575872,-0.7703480124352875,0.31471342117038503,4.453790561247119,44.33645751525672,7.651856193406889,,
Pham4_000157,Pham4,2,1692847934.717302084,sequence_mean,0.24097693769968065,0.44878029073482395,0.28125,0.531771,0.8937713572578178,2.247711363953231,12.46272227932639,-0.7703480124352875,0.31471342117038503,4.453790561247119,39.08862208748621,8.405281767332175,,
Pham4_000157,Pham4,2,1692847934.717302084,nearest_train_time,0.273047,0.50625,0.28125,0.531771,-0.6372242108978792,0.5137560418768352,4.461493776710612,-0.7703480124352875,0.31471342117038503,4.453790561247119,9.680495649062616,0.23958140771341185,2.8004491329193115,
Pham4_000157,Pham4,2,1692847934.717302084,linear_interpolation,0.27220329927573833,0.5085256707544553,0.28125,0.531771,-0.6353127369935205,0.48589942917539647,4.642984752675332,-0.7703480124352875,0.31471342117038503,4.453790561247119,9.64838055428234,0.2886756259549828,2.8004491329193115,True
Pham4_000158,Pham4,2,1692847934.917056084,global_mean,0.2437988233041585,0.41461553391685013,0.2779295,0.529167,1.097604748579709,3.6788042521086592,11.067756736575872,-0.6465230717110255,0.290818231809002,4.453432768575241,42.1364705772597,7.633460072662044,,
Pham4_000158,Pham4,2,1692847934.917056084,sequence_mean,0.24097693769968065,0.44878029073482395,0.2779295,0.529167,0.8937713572578178,2.247711363953231,12.46272227932639,-0.6465230717110255,0.290818231809002,4.453432768575241,36.624935618660494,8.387529798789037,,
Pham4_000158,Pham4,2,1692847934.917056084,nearest_train_time,0.273047,0.50625,0.2779295,0.529167,-0.6372242108978792,0.5137560418768352,4.461493776710612,-0.6465230717110255,0.290818231809002,4.453432768575241,7.590913467219631,0.2232772174280709,3.0002031326293945,
Pham4_000158,Pham4,2,1692847934.917056084,linear_interpolation,0.2721431187167529,0.5086879926941336,0.2779295,0.529167,-0.6351763929502566,0.483912437253252,4.655930371981206,-0.6465230717110255,0.290818231809002,4.453432768575241,7.384745945175944,0.2800346383578394,3.0002031326293945,True
Pham4_000159,Pham4,2,1692847935.116209030,global_mean,0.2437988233041585,0.41461553391685013,0.2716795,0.53125,1.097604748579709,3.6788042521086592,11.067756736575872,-0.5441427424646956,0.27018861307033504,4.454796238989403,39.834985086163336,7.618742805849684,,
Pham4_000159,Pham4,2,1692847935.116209030,sequence_mean,0.24097693769968065,0.44878029073482395,0.2716795,0.53125,0.8937713572578178,2.247711363953231,12.46272227932639,-0.5441427424646956,0.27018861307033504,4.454796238989403,33.46818107114603,8.372877202965983,,
Pham4_000159,Pham4,2,1692847935.116209030,nearest_train_time,0.273047,0.50625,0.2716795,0.53125,-0.6372242108978792,0.5137560418768352,4.461493776710612,-0.5441427424646956,0.27018861307033504,4.454796238989403,7.276194338910969,0.2608334893233886,3.1993560791015625,
Pham4_000159,Pham4,2,1692847935.116209030,linear_interpolation,0.2720831192390969,0.5088498262124157,0.2716795,0.53125,-0.6350404591617501,0.481931424124675,4.668837038342901,-0.5441427424646956,0.27018861307033504,4.454796238989403,6.458692944827597,0.31450099637650786,3.1993560791015625,True
Pham4_000160,Pham4,2,1692847935.316551924,global_mean,0.2437988233041585,0.41461553391685013,0.2666015,0.527083,1.097604748579709,3.6788042521086592,11.067756736575872,-0.41990271217660324,0.24341622221323078,4.460710641764465,36.82171956266397,7.59985380835464,,
Pham4_000160,Pham4,2,1692847935.316551924,sequence_mean,0.24097693769968065,0.44878029073482395,0.2666015,0.527083,0.8937713572578178,2.247711363953231,12.46272227932639,-0.41990271217660324,0.24341622221323078,4.460710641764465,29.930668228649825,8.353150832086262,,
Pham4_000160,Pham4,2,1692847935.316551924,nearest_train_time,0.273047,0.50625,0.2666015,0.527083,-0.6372242108978792,0.5137560418768352,4.461493776710612,-0.41990271217660324,0.24341622221323078,4.460710641764465,7.77835288669471,0.3468614495768528,3.3996989727020264,
Pham4_000160,Pham4,2,1692847935.316551924,linear_interpolation,0.27202276126206937,0.5090126266926923,0.2666015,0.527083,-0.6349037131632104,0.47993857436036025,4.681820822572268,-0.41990271217660324,0.24341622221323078,4.460710641764465,6.664785904663176,0.3886617623941324,3.3996989727020264,True
Pham4_000161,Pham4,2,1692847935.516894102,global_mean,0.2437988233041585,0.41461553391685013,0.264258,0.528125,1.097604748579709,3.6788042521086592,11.067756736575872,-0.3373437055918014,0.22759636152591511,4.45948886337773,36.2707992659667,7.592043022407901,,
Pham4_000161,Pham4,2,1692847935.516894102,sequence_mean,0.24097693769968065,0.44878029073482395,0.264258,0.528125,0.8937713572578178,2.247711363953231,12.46272227932639,-0.3373437055918014,0.22759636152591511,4.45948886337773,29.014997366710478,8.345552949395529,,
Pham4_000161,Pham4,2,1692847935.516894102,nearest_train_time,0.273047,0.50625,0.264258,0.528125,-0.6372242108978792,0.5137560418768352,4.461493776710612,-0.3373437055918014,0.22759636152591511,4.45948886337773,9.233192947312636,0.41451139887660715,3.600041151046753,
Pham4_000161,Pham4,2,1692847935.516894102,linear_interpolation,0.27196240350052936,0.5091754265917455,0.264258,0.528125,-0.6347669676528753,0.47794573171083354,4.694804560447477,-0.3373437055918014,0.22759636152591511,4.45948886337773,8.049517464952148,0.45443248261370667,3.600041151046753,True
Pham4_000162,Pham4,2,1692847935.715502024,global_mean,0.2437988233041585,0.41461553391685013,0.260742,0.53125,1.097604748579709,3.6788042521086592,11.067756736575872,-0.2981934520636098,0.22210865939451097,4.459527358568807,36.02302588365432,7.587205846025543,,
Pham4_000162,Pham4,2,1692847935.715502024,sequence_mean,0.24097693769968065,0.44878029073482395,0.260742,0.53125,0.8937713572578178,2.247711363953231,12.46272227932639,-0.2981934520636098,0.22210865939451097,4.459527358568807,28.18762856977109,8.341161511625119,,
Pham4_000162,Pham4,2,1692847935.715502024,nearest_train_time,0.273047,0.50625,0.260742,0.53125,-0.6372242108978792,0.5137560418768352,4.461493776710612,-0.2981934520636098,0.22210865939451097,4.459527358568807,11.880531808702852,0.4472179758740027,3.7986490726470947,
Pham4_000162,Pham4,2,1692847935.715502024,linear_interpolation,0.27190256822434866,0.5093368172177977,0.260742,0.53125,-0.6346314058764178,0.475970140050759,4.707675904940707,-0.2981934520636098,0.22210865939451097,4.459527358568807,10.64406611082686,0.4890949286112245,3.7986490726470947,True
Pham4_000163,Pham4,2,1692847935.915663004,global_mean,0.2437988233041585,0.41461553391685013,0.261133,0.524479,1.097604748579709,3.6788042521086592,11.067756736575872,-0.2698573671432125,0.220184738228685,4.463285221310287,34.327235656632745,7.579646797554834,,
Pham4_000163,Pham4,2,1692847935.915663004,sequence_mean,0.24097693769968065,0.44878029073482395,0.261133,0.524479,0.8937713572578178,2.247711363953231,12.46272227932639,-0.2698573671432125,0.220184738228685,4.463285221310287,26.737978439712375,8.334019994662508,,
Pham4_000163,Pham4,2,1692847935.915663004,nearest_train_time,0.273047,0.50625,0.261133,0.524479,-0.6372242108978792,0.5137560418768352,4.461493776710612,-0.2698573671432125,0.220184738228685,4.463285221310287,10.54910506178642,0.4702613289328539,3.998810052871704,
Pham4_000163,Pham4,2,1692847935.915663004,linear_interpolation,0.27184226505297543,0.5094994698735898,0.261133,0.524479,-0.6344947840446291,0.47397909981420777,4.720647899762534,-0.2698573671432125,0.220184738228685,4.463285221310287,9.287488638656056,0.5134272801841125,3.998810052871704,True
Pham4_000164,Pham4,2,1692847936.118107080,global_mean,0.2437988233041585,0.41461553391685013,0.258789,0.524479,1.097604748579709,3.6788042521086592,11.067756736575872,-0.2543633559485936,0.22076899327703714,4.472337680545096,33.67000379087418,7.568710466891861,,
Pham4_000164,Pham4,2,1692847936.118107080,sequence_mean,0.24097693769968065,0.44878029073482395,0.258789,0.524479,0.8937713572578178,2.247711363953231,12.46272227932639,-0.2543633559485936,0.22076899327703714,4.472337680545096,25.73765251468788,8.323037590336433,,
Pham4_000164,Pham4,2,1692847936.118107080,nearest_train_time,0.273047,0.50625,0.258789,0.524479,-0.6372242108978792,0.5137560418768352,4.461493776710612,-0.2543633559485936,0.22076899327703714,4.472337680545096,12.143625884514066,0.48222550238461037,4.20125412940979,
Pham4_000164,Pham4,2,1692847936.118107080,linear_interpolation,0.271781274045501,0.5096639777944713,0.258789,0.524479,-0.6343566038631554,0.4719653491741656,4.733767857056982,-0.2543633559485936,0.22076899327703714,4.472337680545096,10.8520396493101,0.5252049265455249,4.20125412940979,True
Pham4_000165,Pham4,2,1692847936.317332983,global_mean,0.2437988233041585,0.41461553391685013,0.258789,0.5270829999999999,1.097604748579709,3.6788042521086592,11.067756736575872,-0.24810247671608,0.2234285173294701,4.481956359995068,34.375711819867725,7.557996824879326,,
Pham4_000165,Pham4,2,1692847936.317332983,sequence_mean,0.24097693769968065,0.44878029073482395,0.258789,0.5270829999999999,0.8937713572578178,2.247711363953231,12.46272227932639,-0.24810247671608,0.2234285173294701,4.481956359995068,26.375915803129253,8.312293399237648,,
Pham4_000165,Pham4,2,1692847936.317332983,nearest_train_time,0.273047,0.50625,0.258789,0.5270829999999999,-0.6372242108978792,0.5137560418768352,4.461493776710612,-0.24810247671608,0.2234285173294701,4.481956359995068,12.486172417116121,0.4859264479703949,4.400480031967163,
Pham4_000165,Pham4,2,1692847936.317332983,linear_interpolation,0.27172125258811997,0.5098258705975399,0.258789,0.5270829999999999,-0.6342206202777605,0.4699836103372062,4.7466792515428,-0.24810247671608,0.2234285173294701,4.481956359995068,11.106100005039895,0.5291075920689141,4.400480031967163,True
Pham4_000166,Pham4,2,1692847936.520432949,global_mean,0.2437988233041585,0.41461553391685013,0.2589845,0.5244789999999999,1.097604748579709,3.6788042521086592,11.067756736575872,-0.24564300635209224,0.23609677463719336,4.494196421158365,33.72163624138337,7.541103667700052,,
Pham4_000166,Pham4,2,1692847936.520432949,sequence_mean,0.24097693769968065,0.44878029073482395,0.2589845,0.5244789999999999,0.8937713572578178,2.247711363953231,12.46272227932639,-0.24564300635209224,0.23609677463719336,4.494196421158365,25.81776789508992,8.297123760692147,,
Pham4_000166,Pham4,2,1692847936.520432949,nearest_train_time,0.273047,0.50625,0.2589845,0.5244789999999999,-0.6372242108978792,0.5137560418768352,4.461493776710612,-0.24564300635209224,0.23609677463719336,4.494196421158365,12.008413550602905,0.4811444392190981,4.603579998016357,
Pham4_000166,Pham4,2,1692847936.520432949,linear_interpolation,0.2716600639786077,0.5099909115002781,0.2589845,0.5244789999999999,-0.6340819924124957,0.4679633354365121,4.759841715600216,-0.24564300635209224,0.23609677463719336,4.494196421158365,10.59137915046598,0.5246087783936106,4.603579998016357,True
Pham4_000167,Pham4,2,1692847936.717869997,global_mean,0.2437988233041585,0.41461553391685013,0.258594,0.519271,1.097604748579709,3.6788042521086592,11.067756736575872,-0.24368645104616848,0.26462852642294266,4.508474180732024,32.211444005612236,7.515307419889942,,
Pham4_000167,Pham4,2,1692847936.717869997,sequence_mean,0.24097693769968065,0.44878029073482395,0.258594,0.519271,0.8937713572578178,2.247711363953231,12.46272227932639,-0.24368645104616848,0.26462852642294266,4.508474180732024,24.396763415441068,8.27626066651909,,
Pham4_000167,Pham4,2,1692847936.717869997,nearest_train_time,0.273047,0.50625,0.258594,0.519271,-0.6372242108978792,0.5137560418768352,4.461493776710612,-0.24368645104616848,0.26462852642294266,4.508474180732024,11.71625916457638,0.4681278092010207,4.8010170459747314,
Pham4_000167,Pham4,2,1692847936.717869997,linear_interpolation,0.27160058145546506,0.5101513506636263,0.258594,0.519271,-0.6339472298272769,0.4659993906844935,4.7726371783366535,-0.24368645104616848,0.26462852642294266,4.508474180732024,10.328576759842207,0.5124800383739301,4.8010170459747314,True
Pham4_000168,Pham4,2,1692847936.916778088,global_mean,0.2437988233041585,0.41461553391685013,0.258203,0.51875,1.097604748579709,3.6788042521086592,11.067756736575872,-0.2401134706528676,0.299450321364251,4.521739437276467,31.965927549405823,7.487313637482507,,
Pham4_000168,Pham4,2,1692847936.916778088,sequence_mean,0.24097693769968065,0.44878029073482395,0.258203,0.51875,0.8937713572578178,2.247711363953231,12.46272227932639,-0.2401134706528676,0.299450321364251,4.521739437276467,24.10594679107229,8.254733453647503,,
Pham4_000168,Pham4,2,1692847936.916778088,nearest_train_time,0.273047,0.50625,0.258203,0.51875,-0.6372242108978792,0.5137560418768352,4.461493776710612,-0.2401134706528676,0.299450321364251,4.521739437276467,11.95509839511426,0.4552509434140418,4.999925136566162,
Pham4_000168,Pham4,2,1692847936.916778088,linear_interpolation,0.2715406557463633,0.5103129852097648,0.258203,0.51875,-0.6338114631675428,0.46402081318502925,4.785527976124894,-0.2401134706528676,0.299450321364251,4.521739437276467,10.527574154544604,0.5016631831378562,4.999925136566162,True
Pham4_000169,Pham4,2,1692847937.117557049,global_mean,0.2437988233041585,0.41461553391685013,0.258789,0.514583,1.097604748579709,3.6788042521086592,11.067756736575872,-0.2307962277340987,0.36194679559071474,4.535926240847162,31.007047996424564,7.445199941281747,,
Pham4_000169,Pham4,2,1692847937.117557049,sequence_mean,0.24097693769968065,0.44878029073482395,0.258789,0.514583,0.8937713572578178,2.247711363953231,12.46272227932639,-0.2307962277340987,0.36194679559071474,4.535926240847162,23.37264290835541,8.22525718115586,,
Pham4_000169,Pham4,2,1692847937.117557049,nearest_train_time,0.273047,0.50625,0.258789,0.514583,-0.6372242108978792,0.5137560418768352,4.461493776710612,-0.2307962277340987,0.36194679559071474,4.535926240847162,11.210048743424442,0.44019307635851895,5.200704097747803,
Pham4_000169,Pham4,2,1692847937.117557049,linear_interpolation,0.2714801663937898,0.5104761400425736,0.258789,0.514583,-0.633674419526817,0.4620236257715933,4.798540020939311,-0.2307962277340987,0.36194679559071474,4.535926240847162,9.818318406569517,0.4912150311783124,5.200704097747803,True
Pham4_000170,Pham4,2,1692847937.317758083,global_mean,0.2437988233041585,0.41461553391685013,0.2583985,0.504687,1.097604748579709,3.6788042521086592,11.067756736575872,-0.21754266844798553,0.4295167144250662,4.543457064379866,28.26013308906287,7.406346497678692,,
Pham4_000170,Pham4,2,1692847937.317758083,sequence_mean,0.24097693769968065,0.44878029073482395,0.2583985,0.504687,0.8937713572578178,2.247711363953231,12.46272227932639,-0.21754266844798553,0.4295167144250662,4.543457064379866,20.934766152920567,8.200951907672994,,
Pham4_000170,Pham4,2,1692847937.317758083,nearest_train_time,0.273047,0.50625,0.2583985,0.504687,-0.6372242108978792,0.5137560418768352,4.461493776710612,-0.21754266844798553,0.4295167144250662,4.543457064379866,11.259050120815704,0.4358289135523263,5.400905132293701,
Pham4_000170,Pham4,2,1692847937.317758083,linear_interpolation,0.2714198511551166,0.5106388252468761,0.2583985,0.504687,-0.6335377703555602,0.4600321871069107,4.81151461159399,-0.21754266844798553,0.4295167144250662,4.543457064379866,10.146239732879918,0.4958204992762425,5.400905132293701,True
Pham4_000171,Pham4,2,1692847937.517338991,global_mean,0.2437988233041585,0.41461553391685013,0.2603515,0.499479,1.097604748579709,3.6788042521086592,11.067756736575872,-0.1904237478642965,0.540973722767152,4.549685417914049,27.549106744561026,7.347805900653696,,
Pham4_000171,Pham4,2,1692847937.517338991,sequence_mean,0.24097693769968065,0.44878029073482395,0.2603515,0.499479,0.8937713572578178,2.247711363953231,12.46272227932639,-0.1904237478642965,0.540973722767152,4.549685417914049,20.847068454203104,8.167287479443996,,
Pham4_000171,Pham4,2,1692847937.517338991,nearest_train_time,0.273047,0.50625,0.2603515,0.499479,-0.6372242108978792,0.5137560418768352,4.461493776710612,-0.1904237478642965,0.540973722767152,4.549685417914049,9.943238668715518,0.456233735598571,5.6004860401153564,
Pham4_000171,Pham4,2,1692847937.517338991,linear_interpolation,0.27135972274410614,0.5108010065304919,0.2603515,0.499479,-0.6334015444578552,0.45804691696347705,4.8244490131936075,-0.1904237478642965,0.540973722767152,4.549685417914049,9.061338465550989,0.5278268813603885,5.6004860401153564,True
Pham4_000172,Pham4,2,1692847937.717560053,global_mean,0.2437988233041585,0.41461553391685013,0.2591795,0.484896,1.097604748579709,3.6788042521086592,11.067756736575872,-0.1558839096240756,0.6685994898996377,4.553396740052222,23.435459953832524,7.284878358008389,,
Pham4_000172,Pham4,2,1692847937.717560053,sequence_mean,0.24097693769968065,0.44878029073482395,0.2591795,0.484896,0.8937713572578178,2.247711363953231,12.46272227932639,-0.1558839096240756,0.6685994898996377,4.553396740052222,17.424576428560766,8.133437217823998,,
Pham4_000172,Pham4,2,1692847937.717560053,nearest_train_time,0.273047,0.50625,0.2591795,0.484896,-0.6372242108978792,0.5137560418768352,4.461493776710612,-0.1558839096240756,0.6685994898996377,4.553396740052222,12.298354428943068,0.5139174385997382,5.800707101821899,
Pham4_000172,Pham4,2,1692847937.717560053,linear_interpolation,0.2712994014717829,0.5109637080090496,0.2591795,0.484896,-0.6332648816168645,0.4560552790847287,4.837424901764715,-0.1558839096240756,0.6685994898996377,4.553396740052222,11.958385708289148,0.5947601454515005,5.800707101821899,True
Pham4_000173,Pham4,2,1692847937.916877985,global_mean,0.2437988233041585,0.41461553391685013,0.258789,0.468229,1.097604748579709,3.6788042521086592,11.067756736575872,-0.12212880788193092,0.7881011995104963,4.554265169064764,19.260092953108856,7.229763930246769,,
Pham4_000173,Pham4,2,1692847937.916877985,sequence_mean,0.24097693769968065,0.44878029073482395,0.258789,0.468229,0.8937713572578178,2.247711363953231,12.46272227932639,-0.12212880788193092,0.7881011995104963,4.554265169064764,14.781980958978682,8.105936641901613,,
Pham4_000173,Pham4,2,1692847937.916877985,nearest_train_time,0.273047,0.50625,0.258789,0.468229,-0.6372242108978792,0.5137560418768352,4.461493776710612,-0.12212880788193092,0.7881011995104963,4.554265169064764,15.485774272636151,0.5909272975286626,6.000025033950806,
Pham4_000173,Pham4,2,1692847937.916877985,linear_interpolation,0.27123935228834345,0.5111256755961956,0.258789,0.468229,-0.6331288352157866,0.45407262481170546,4.85034226048554,-0.12212880788193092,0.7881011995104963,4.554265169064764,15.62231346753413,0.6784966917492624,6.000025033950806,True
Pham4_000174,Pham4,2,1692847938.116903067,global_mean,0.2437988233041585,0.41461553391685013,0.2583985,0.45625,1.097604748579709,3.6788042521086592,11.067756736575872,-0.07307629692966588,0.9573151780100524,4.555974062562073,16.416419562396637,7.154041548966522,,
Pham4_000174,Pham4,2,1692847938.116903067,sequence_mean,0.24097693769968065,0.44878029073482395,0.2583985,0.45625,0.8937713572578178,2.247711363953231,12.46272227932639,-0.07307629692966588,0.9573151780100524,4.555974062562073,13.55160371088069,8.069484746029964,,
Pham4_000174,Pham4,2,1692847938.116903067,nearest_train_time,0.273047,0.50625,0.2583985,0.45625,-0.6372242108978792,0.5137560418768352,4.461493776710612,-0.07307629692966588,0.9573151780100524,4.555974062562073,18.27357600477542,0.7238329230537295,6.200050115585327,
Pham4_000174,Pham4,2,1692847938.116903067,linear_interpolation,0.2711790900595953,0.511288217819542,0.2583985,0.45625,-0.6329923061429079,0.4520829363848859,4.86330544801733,-0.07307629692966588,0.9573151780100524,4.555974062562073,18.643988857164185,0.8143820576588865,6.200050115585327,True
Pham4_000175,Pham4,2,1692847938.317847013,global_mean,0.2437988233041585,0.41461553391685013,0.2597655,0.438021,1.097604748579709,3.6788042521086592,11.067756736575872,-0.02100740261776468,1.1324700925106335,4.557129981301274,13.993022543614913,7.079786122732795,,
Pham4_000175,Pham4,2,1692847938.317847013,sequence_mean,0.24097693769968065,0.44878029073482395,0.2597655,0.438021,0.8937713572578178,2.247711363953231,12.46272227932639,-0.02100740261776468,1.1324700925106335,4.557129981301274,14.758577328846572,8.036104333297475,,
Pham4_000175,Pham4,2,1692847938.317847013,nearest_train_time,0.273047,0.50625,0.2597655,0.438021,-0.6372242108978792,0.5137560418768352,4.461493776710612,-0.02100740261776468,1.1324700925106335,4.557129981301274,22.139659673065616,0.8784512023368859,6.400994062423706,
Pham4_000175,Pham4,2,1692847938.317847013,linear_interpolation,0.27111855100123833,0.5114515067212148,0.2597655,0.438021,-0.6328551498896108,0.4500841078270038,4.876328185190879,-0.02100740261776468,1.1324700925106335,4.557129981301274,22.87489380822668,0.9705131587467681,6.400994062423706,True
Pham4_000176,Pham4,2,1692847938.528264999,global_mean,0.2437988233041585,0.41461553391685013,0.2609375,0.410938,1.097604748579709,3.6788042521086592,11.067756736575872,0.02683682075441607,1.2875452388957491,4.55763325636437,13.205046746658422,7.017575888519651,,
Pham4_000176,Pham4,2,1692847938.528264999,sequence_mean,0.24097693769968065,0.44878029073482395,0.2609375,0.410938,0.8937713572578178,2.247711363953231,12.46272227932639,0.02683682075441607,1.2875452388957491,4.55763325636437,18.809016600233427,8.010238881534365,,
Pham4_000176,Pham4,2,1692847938.528264999,nearest_train_time,0.273047,0.50625,0.2609375,0.410938,-0.6372242108978792,0.5137560418768352,4.461493776710612,0.02683682075441607,1.2875452388957491,4.55763325636437,28.98251852462017,1.0241921571318449,6.611412048339844,
Pham4_000176,Pham4,2,1692847938.528264999,linear_interpolation,0.2710551576672805,0.5116224943142876,0.2609375,0.410938,-0.6327115270384194,0.4479910391580606,4.889964914091089,0.02683682075441607,1.2875452388957491,4.55763325636437,30.02019841178551,1.118167969538047,6.611412048339844,True
Pham4_000177,Pham4,2,1692847938.717164993,global_mean,0.2437988233041585,0.41461553391685013,0.258203,0.4,1.097604748579709,3.6788042521086592,11.067756736575872,0.08951671830825103,1.4844548009487006,4.557409105093385,11.836167024365427,6.9437768738153025,,
Pham4_000177,Pham4,2,1692847938.717164993,sequence_mean,0.24097693769968065,0.44878029073482395,0.258203,0.4,0.8937713572578178,2.247711363953231,12.46272227932639,0.08951671830825103,1.4844548009487006,4.557409105093385,19.297392931104756,7.982691431337134,,
Pham4_000177,Pham4,2,1692847938.717164993,nearest_train_time,0.273047,0.50625,0.258203,0.4,-0.6372242108978792,0.5137560418768352,4.461493776710612,0.08951671830825103,1.4844548009487006,4.557409105093385,32.65462260747876,1.2163914704016237,6.800312042236328,
Pham4_000177,Pham4,2,1692847938.717164993,linear_interpolation,0.27099824713111326,0.5117759961888884,0.258203,0.4,-0.6325825915028218,0.44611201414474316,4.9022071090479615,0.08951671830825103,1.4844548009487006,4.557409105093385,33.657938744881946,1.3109038178556414,6.800312042236328,True
Pham4_000178,Pham4,2,1692847938.918447971,global_mean,0.2437988233041585,0.41461553391685013,0.2589845,0.384375,1.097604748579709,3.6788042521086592,11.067756736575872,0.154496548359494,1.6823644476403423,4.554526648453348,14.5556752294581,6.877309877489354,,
Pham4_000178,Pham4,2,1692847938.918447971,sequence_mean,0.24097693769968065,0.44878029073482395,0.2589845,0.384375,0.8937713572578178,2.247711363953231,12.46272227932639,0.154496548359494,1.6823644476403423,4.554526648453348,23.136956090796357,7.962769776592541,,
Pham4_000178,Pham4,2,1692847938.918447971,nearest_train_time,0.273047,0.50625,0.2589845,0.384375,-0.6372242108978792,0.5137560418768352,4.461493776710612,0.154496548359494,1.6823644476403423,4.554526648453348,36.72397037358568,1.4146103639818626,7.0015950202941895,
Pham4_000178,Pham4,2,1692847938.918447971,linear_interpolation,0.2709376059316811,0.5119395605904522,0.2589845,0.384375,-0.6324452038404549,0.44410981317732007,4.915251818092444,0.154496548359494,1.6823644476403423,4.554526648453348,37.86814465769136,1.5108522459644533,7.0015950202941895,True
Pham4_000179,Pham4,2,1692847939.118443966,global_mean,0.2437988233041585,0.41461553391685013,0.2578125,0.366667,1.097604748579709,3.6788042521086592,11.067756736575872,0.20939654488735937,1.8462246730805454,4.551095695582746,17.507851854924784,6.827454346224137,,
Pham4_000179,Pham4,2,1692847939.118443966,sequence_mean,0.24097693769968065,0.44878029073482395,0.2578125,0.366667,0.8937713572578178,2.247711363953231,12.46272227932639,0.20939654488735937,1.8462246730805454,4.551095695582746,26.952458923565114,7.9513140830528215,,
Pham4_000179,Pham4,2,1692847939.118443966,nearest_train_time,0.273047,0.50625,0.2578125,0.366667,-0.6372242108978792,0.5137560418768352,4.461493776710612,0.20939654488735937,1.8462246730805454,4.551095695582746,41.86794153070379,1.5812235329433424,7.2015910148620605,
Pham4_000179,Pham4,2,1692847939.118443966,linear_interpolation,0.2708773524660913,0.5121020791773804,0.2578125,0.366667,-0.6323086946212375,0.44212041408521496,4.928213120555139,0.20939654488735937,1.8462246730805454,4.551095695582746,43.070359502538224,1.6799386990491223,7.2015910148620605,True
Pham4_000180,Pham4,2,1692847939.316224098,global_mean,0.2437988233041585,0.41461553391685013,0.258203,0.345833,1.097604748579709,3.6788042521086592,11.067756736575872,0.2798249406839848,2.0479979225417573,4.545649294356935,22.688939921946634,6.772457352143687,,
Pham4_000180,Pham4,2,1692847939.316224098,sequence_mean,0.24097693769968065,0.44878029073482395,0.258203,0.345833,0.8937713572578178,2.247711363953231,12.46272227932639,0.2798249406839848,2.0479979225417573,4.545649294356935,32.46652502083428,7.943353215767094,,
Pham4_000180,Pham4,2,1692847939.316224098,nearest_train_time,0.273047,0.50625,0.258203,0.345833,-0.6372242108978792,0.5137560418768352,4.461493776710612,0.2798249406839848,2.0479979225417573,4.545649294356935,47.58585134308389,1.789401979979226,7.399371147155762,
Pham4_000180,Pham4,2,1692847939.316224098,linear_interpolation,0.2708177665807777,0.512262797134219,0.258203,0.345833,-0.6321736978604551,0.44015305660652315,4.941030817836074,0.2798249406839848,2.0479979225417573,4.545649294356935,48.90108133572257,1.8902997589614954,7.399371147155762,True
Pham4_000181,Pham4,2,1692847939.516405106,global_mean,0.2437988233041585,0.41461553391685013,0.257031,0.329167,1.097604748579709,3.6788042521086592,11.067756736575872,0.35171101900370627,2.246669533758908,4.539340295821263,26.62487952191502,6.725145985868158,,
Pham4_000181,Pham4,2,1692847939.516405106,sequence_mean,0.24097693769968065,0.44878029073482395,0.257031,0.329167,0.8937713572578178,2.247711363953231,12.46272227932639,0.35171101900370627,2.246669533758908,4.539340295821263,36.588591285279065,7.941902325781397,,
Pham4_000181,Pham4,2,1692847939.516405106,nearest_train_time,0.273047,0.50625,0.257031,0.329167,-0.6372242108978792,0.5137560418768352,4.461493776710612,0.35171101900370627,2.246669533758908,4.539340295821263,52.46224635766333,1.9967579071647783,7.599552154541016,
Pham4_000181,Pham4,2,1692847939.516405106,linear_interpolation,0.27075745737575446,0.5124254660642663,0.257031,0.329167,-0.6320370623589325,0.43816181715590624,4.954004110574328,0.35171101900370627,2.246669533758908,4.539340295821263,53.82095877453601,2.100096790117741,7.599552154541016,True
Pham4_000182,Pham4,2,1692847939.716439009,global_mean,0.2437988233041585,0.41461553391685013,0.2558595,0.313021,1.097604748579709,3.6788042521086592,11.067756736575872,0.41286958356615355,2.4119071276666126,4.532897817635885,30.690357537717023,6.691656869608241,,
Pham4_000182,Pham4,2,1692847939.716439009,sequence_mean,0.24097693769968065,0.44878029073482395,0.2558595,0.313021,0.8937713572578178,2.247711363953231,12.46272227932639,0.41286958356615355,2.4119071276666126,4.532897817635885,40.73508256255696,7.946089777871021,,
Pham4_000182,Pham4,2,1692847939.716439009,nearest_train_time,0.273047,0.50625,0.2558595,0.313021,-0.6372242108978792,0.5137560418768352,4.461493776710612,0.41286958356615355,2.4119071276666126,4.532897817635885,57.19403078645798,2.1704315374407086,7.799586057662964,
Pham4_000182,Pham4,2,1692847939.716439009,linear_interpolation,0.27069719248932717,0.5125880154560346,0.2558595,0.313021,-0.6319005272648613,0.4361720409800339,4.966967869807401,0.41286958356615355,2.4119071276666126,4.532897817635885,58.59406210683258,2.2767280310661735,7.799586057662964,True
Pham4_000183,Pham4,2,1692847939.916764021,global_mean,0.2437988233041585,0.41461553391685013,0.2560545,0.294792,1.097604748579709,3.6788042521086592,11.067756736575872,0.49031240094202144,2.617174778655002,4.524874604759234,35.769761886187524,6.656212716346301,,
Pham4_000183,Pham4,2,1692847939.916764021,sequence_mean,0.24097693769968065,0.44878029073482395,0.2560545,0.294792,0.8937713572578178,2.247711363953231,12.46272227932639,0.49031240094202144,2.617174778655002,4.524874604759234,45.835435780558484,7.956676947624915,,
Pham4_000183,Pham4,2,1692847939.916764021,nearest_train_time,0.273047,0.50625,0.2560545,0.294792,-0.6372242108978792,0.5137560418768352,4.461493776710612,0.49031240094202144,2.617174778655002,4.524874604759234,62.28247804372281,2.387409961157277,7.999911069869995,
Pham4_000183,Pham4,2,1692847939.916764021,linear_interpolation,0.27063683989948717,0.5127508014057263,0.2560545,0.294792,-0.6317637934714412,0.43417936908542065,4.979950495182816,0.49031240094202144,2.617174778655002,4.524874604759234,63.7633422767276,2.496320894900349,7.999911069869995,True
Pham4_000184,Pham4,2,1692847940.118165970,global_mean,0.2437988233041585,0.41461553391685013,0.253906,0.278125,1.097604748579709,3.6788042521086592,11.067756736575872,0.5738660049992366,2.833682387680941,4.518233256284518,40.06834769661759,6.624559687718784,,
Pham4_000184,Pham4,2,1692847940.118165970,sequence_mean,0.24097693769968065,0.44878029073482395,0.253906,0.278125,0.8937713572578178,2.247711363953231,12.46272227932639,0.5738660049992366,2.833682387680941,4.518233256284518,50.141723233580066,7.9724906592786295,,
Pham4_000184,Pham4,2,1692847940.118165970,nearest_train_time,0.273047,0.50625,0.253906,0.278125,-0.6372242108978792,0.5137560418768352,4.461493776710612,0.5738660049992366,2.833682387680941,4.518233256284518,67.32450124050636,2.617635790086167,8.201313018798828,
Pham4_000184,Pham4,2,1692847940.118165970,linear_interpolation,0.2705761628573008,0.5129144624841154,0.253906,0.278125,-0.6316263246043445,0.4321759846915834,4.993002914468928,0.5738660049992366,2.833682387680941,4.518233256284518,68.82068943672921,2.7287086668723894,8.201313018798828,True
Pham4_000185,Pham4,2,1692847940.316526890,global_mean,0.2437988233041585,0.41461553391685013,0.253125,0.264062,1.097604748579709,3.6788042521086592,11.067756736575872,0.6407154935250408,3.005245936888972,4.513610550609543,43.9470200181027,6.604487930369997,,
Pham4_000185,Pham4,2,1692847940.316526890,sequence_mean,0.24097693769968065,0.44878029073482395,0.253125,0.264062,0.8937713572578178,2.247711363953231,12.46272227932639,0.6407154935250408,3.005245936888972,4.513610550609543,54.01076791778488,7.989134695008355,,
Pham4_000185,Pham4,2,1692847940.316526890,nearest_train_time,0.273047,0.50625,0.253125,0.264062,-0.6372242108978792,0.5137560418768352,4.461493776710612,0.6407154935250408,3.005245936888972,4.513610550609543,71.40851157691183,2.8006013538541614,8.39967393875122,
Pham4_000185,Pham4,2,1692847940.316526890,linear_interpolation,0.27051640199613686,0.5130756523943538,0.253125,0.264062,-0.6314909314212738,0.430202850004986,5.005858251326231,0.6407154935250408,3.005245936888972,4.513610550609543,72.9491162597524,2.914045964950546,8.39967393875122,True
Pham4_000186,Pham4,2,1692847940.516061068,global_mean,0.2437988233041585,0.41461553391685013,0.2527345,0.245312,1.097604748579709,3.6788042521086592,11.067756736575872,0.7285748098498932,3.2291195348857435,4.510230871639622,49.23998472537306,6.583277672245846,,
Pham4_000186,Pham4,2,1692847940.516061068,sequence_mean,0.24097693769968065,0.44878029073482395,0.2527345,0.245312,0.8937713572578178,2.247711363953231,12.46272227932639,0.7285748098498932,3.2291195348857435,4.510230871639622,59.29051129123716,8.014522536407299,,
Pham4_000186,Pham4,2,1692847940.516061068,nearest_train_time,0.273047,0.50625,0.2527345,0.245312,-0.6372242108978792,0.5137560418768352,4.461493776710612,0.7285748098498932,3.2291195348857435,4.510230871639622,76.75222565646378,3.03989821682622,8.599208116531372,
Pham4_000186,Pham4,2,1692847940.516061068,linear_interpolation,0.27045628766364316,0.5132377957047076,0.2527345,0.245312,-0.6313547374196149,0.4282180446943724,5.018789624454186,0.7285748098498932,3.2291195348857435,4.510230871639622,78.35376507665494,3.154851745543235,8.599208116531372,True
Pham4_000187,Pham4,2,1692847940.716342926,global_mean,0.2437988233041585,0.41461553391685013,0.2515625,0.23125,1.097604748579709,3.6788042521086592,11.067756736575872,0.8180837331361961,3.4565148918134163,4.507247330661898,53.14481015405325,6.570222844231446,,
Pham4_000187,Pham4,2,1692847940.716342926,sequence_mean,0.24097693769968065,0.44878029073482395,0.2515625,0.23125,0.8937713572578178,2.247711363953231,12.46272227932639,0.8180837331361961,3.4565148918134163,4.507247330661898,63.17400414657517,8.047143359244988,,
Pham4_000187,Pham4,2,1692847940.716342926,nearest_train_time,0.273047,0.50625,0.2515625,0.23125,-0.6372242108978792,0.5137560418768352,4.461493776710612,0.8180837331361961,3.4565148918134163,4.507247330661898,80.9005140157293,3.283267312989902,8.799489974975586,
Pham4_000187,Pham4,2,1692847940.716342926,linear_interpolation,0.2703959480748824,0.5134005465872541,0.2515625,0.23125,-0.6312180330812172,0.42622580205863886,5.03176945312873,0.8180837331361961,3.4565148918134163,4.507247330661898,82.53661619567127,3.3997427893893475,8.799489974975586,True
Pham4_000188,Pham4,2,1692847940.915441036,global_mean,0.2437988233041585,0.41461553391685013,0.25,0.217188,1.097604748579709,3.6788042521086592,11.067756736575872,0.9090287036874731,3.6873993638228093,4.5035497658035135,57.05823410775789,6.5669207362194495,,
Pham4_000188,Pham4,2,1692847940.915441036,sequence_mean,0.24097693769968065,0.44878029073482395,0.25,0.217188,0.8937713572578178,2.247711363953231,12.46272227932639,0.9090287036874731,3.6873993638228093,4.5035497658035135,67.05759796245349,8.088347261561328,,
Pham4_000188,Pham4,2,1692847940.915441036,nearest_train_time,0.273047,0.50625,0.25,0.217188,-0.6372242108978792,0.5137560418768352,4.461493776710612,0.9090287036874731,3.6873993638228093,4.5035497658035135,85.11070392394808,3.5305351884685354,8.99858808517456,
Pham4_000188,Pham4,2,1692847940.915441036,linear_interpolation,0.27033596511793473,0.5135623355450757,0.25,0.217188,-0.6310821367217443,0.42424533439714646,5.044672565671636,0.9090287036874731,3.6873993638228093,4.5035497658035135,86.77290276697555,3.6486887377577224,8.99858808517456,True
Pham4_000189,Pham4,2,1692847941.118850946,global_mean,0.2437988233041585,0.41461553391685013,0.24960949999999998,0.200521,1.097604748579709,3.6788042521086592,11.067756736575872,0.9839299819854166,3.8786083614129474,4.5007493676855015,61.82050564674821,6.571029555382898,,
Pham4_000189,Pham4,2,1692847941.118850946,sequence_mean,0.24097693769968065,0.44878029073482395,0.24960949999999998,0.200521,0.8937713572578178,2.247711363953231,12.46272227932639,0.9839299819854166,3.8786083614129474,4.5007493676855015,71.8053966179431,8.127789751195536,,
Pham4_000189,Pham4,2,1692847941.118850946,nearest_train_time,0.273047,0.50625,0.24960949999999998,0.200521,-0.6372242108978792,0.5137560418768352,4.461493776710612,0.9839299819854166,3.8786083614129474,4.5007493676855015,89.87098556932767,3.7352259705154967,9.201997995376587,
Pham4_000189,Pham4,2,1692847941.118850946,linear_interpolation,0.2702746831305056,0.5137276283112865,0.24960949999999998,0.200521,-0.6309432973010711,0.4222219764216257,5.05785511653089,0.9839299819854166,3.8786083614129474,4.5007493676855015,91.5890672795603,3.8554882136901223,9.201997995376587,True
Pham4_000190,Pham4,2,1692847941.318203926,global_mean,0.2437988233041585,0.41461553391685013,0.2484375,0.191146,1.097604748579709,3.6788042521086592,11.067756736575872,1.083557124972818,4.13383721551509,4.498083651567755,64.45774875135537,6.585427607786415,,
Pham4_000190,Pham4,2,1692847941.318203926,sequence_mean,0.24097693769968065,0.44878029073482395,0.2484375,0.191146,0.8937713572578178,2.247711363953231,12.46272227932639,1.083557124972818,4.13383721551509,4.498083651567755,74.41957456323613,8.187121462171065,,
Pham4_000190,Pham4,2,1692847941.318203926,nearest_train_time,0.273047,0.50625,0.2484375,0.191146,-0.6372242108978792,0.5137560418768352,4.461493776710612,1.083557124972818,4.13383721551509,4.498083651567755,92.69718127759612,4.00841800821136,9.401350975036621,
Pham4_000190,Pham4,2,1692847941.318203926,linear_interpolation,0.27021462338817864,0.5138896243783792,0.2484375,0.191146,-0.6308072269779588,0.42023897352398754,5.070774746605463,1.083557124972818,4.13383721551509,4.498083651567755,94.44285530609156,4.1301128464600705,9.401350975036621,True
Pham4_000191,Pham4,2,1692847941.519474983,global_mean,0.2437988233041585,0.41461553391685013,0.2464845,0.175,1.097604748579709,3.6788042521086592,11.067756736575872,1.1806636769899985,4.38301560778655,4.494167748018769,69.04009113208377,6.6117232707920826,,
Pham4_000191,Pham4,2,1692847941.519474983,sequence_mean,0.24097693769968065,0.44878029073482395,0.2464845,0.175,0.8937713572578178,2.247711363953231,12.46272227932639,1.1806636769899985,4.38301560778655,4.494167748018769,78.9620953909301,8.25467702186325,,
Pham4_000191,Pham4,2,1692847941.519474983,nearest_train_time,0.273047,0.50625,0.2464845,0.175,-0.6372242108978792,0.5137560418768352,4.461493776710612,1.1806636769899985,4.38301560778655,4.494167748018769,97.55675271348467,4.275155383107651,9.602622032165527,
Pham4_000191,Pham4,2,1692847941.519474983,linear_interpolation,0.27015398578020483,0.5140531790928864,0.2464845,0.175,-0.6306698474523383,0.4182368911363655,5.0838186830806436,1.1806636769899985,4.38301560778655,4.494167748018769,99.324941104351,4.3986461137479935,9.602622032165527,True
Pham4_000192,Pham4,2,1692847941.719527006,global_mean,0.2437988233041585,0.41461553391685013,0.2472655,0.1625,1.097604748579709,3.6788042521086592,11.067756736575872,1.2583545838015386,4.58476862759608,4.4913640004461834,72.6580694203877,6.6404482814788555,,
Pham4_000192,Pham4,2,1692847941.719527006,sequence_mean,0.24097693769968065,0.44878029073482395,0.2472655,0.1625,0.8937713572578178,2.247711363953231,12.46272227932639,1.2583545838015386,4.58476862759608,4.4913640004461834,82.59005529844801,8.31488486949127,,
Pham4_000192,Pham4,2,1692847941.719527006,nearest_train_time,0.273047,0.50625,0.2472655,0.1625,-0.6372242108978792,0.5137560418768352,4.461493776710612,1.2583545838015386,4.58476862759608,4.4913640004461834,100.96062402361063,4.490796663206274,9.802674055099487,
Pham4_000192,Pham4,2,1692847941.719527006,linear_interpolation,0.27009371543476085,0.5142157432089808,0.2472655,0.1625,-0.6305332999904125,0.41624693471919566,5.096783616619056,1.2583545838015386,4.58476862759608,4.4913640004461834,102.80017048185213,4.616384240200128,9.802674055099487,True
Pham4_000193,Pham4,2,1692847941.916750908,global_mean,0.2437988233041585,0.41461553391685013,0.24589849999999996,0.151562,1.097604748579709,3.6788042521086592,11.067756736575872,1.3557267034067497,4.83665814163442,4.486732919355675,75.77657753915318,6.687086589530089,,
Pham4_000193,Pham4,2,1692847941.916750908,sequence_mean,0.24097693769968065,0.44878029073482395,0.24589849999999996,0.151562,0.8937713572578178,2.247711363953231,12.46272227932639,1.3557267034067497,4.83665814163442,4.486732919355675,85.68227787258739,8.39836022267844,,
Pham4_000193,Pham4,2,1692847941.916750908,nearest_train_time,0.273047,0.50625,0.24589849999999996,0.151562,-0.6372242108978792,0.5137560418768352,4.461493776710612,1.3557267034067497,4.83665814163442,4.486732919355675,104.25630158807208,4.760249250326883,9.999897956848145,
Pham4_000193,Pham4,2,1692847941.916750908,linear_interpolation,0.27003429712689336,0.5143760091677562,0.24589849999999996,0.151562,-0.6303986828902207,0.4142851101740192,5.109565265816382,1.3557267034067497,4.83665814163442,4.486732919355675,106.12184063425772,4.887739499122196,9.999897956848145,True
Pham4_000194,Pham4,2,1692847942.119837999,global_mean,0.2437988233041585,0.41461553391685013,0.2453125,0.141667,1.097604748579709,3.6788042521086592,11.067756736575872,1.4525927607569618,5.091109888889836,4.482384158452207,78.61777308107526,6.7444611121405815,,
Pham4_000194,Pham4,2,1692847942.119837999,sequence_mean,0.24097693769968065,0.44878029073482395,0.2453125,0.141667,0.8937713572578178,2.247711363953231,12.46272227932639,1.4525927607569618,5.091109888889836,4.482384158452207,88.51128023359527,8.490170378508203,,
Pham4_000194,Pham4,2,1692847942.119837999,nearest_train_time,0.273047,0.50625,0.2453125,0.141667,-0.6372242108978792,0.5137560418768352,4.461493776710612,1.4525927607569618,5.091109888889836,4.482384158452207,107.13857349068277,5.031892250816847,10.202985048294067,
Pham4_000194,Pham4,2,1692847942.119837999,linear_interpolation,0.26997311239615607,0.514541039608473,0.2453125,0.141667,-0.6302600638126421,0.4122649633395101,5.1227268954989515,1.4525927607569618,5.091109888889836,4.482384158452207,109.04504633014285,5.161385913400986,10.202985048294067,True
Pham4_000195,Pham4,2,1692847942.321347952,global_mean,0.2437988233041585,0.41461553391685013,0.24453149999999998,0.131771,1.097604748579709,3.6788042521086592,11.067756736575872,1.5300288442012022,5.29253314429889,4.477279518108092,81.46116921076023,6.798933850472909,,
Pham4_000195,Pham4,2,1692847942.321347952,sequence_mean,0.24097693769968065,0.44878029073482395,0.24453149999999998,0.131771,0.8937713572578178,2.247711363953231,12.46272227932639,1.5300288442012022,5.29253314429889,4.477279518108092,91.33947977386956,8.56989261055543,,
Pham4_000195,Pham4,2,1692847942.321347952,nearest_train_time,0.273047,0.50625,0.24453149999999998,0.131771,-0.6372242108978792,0.5137560418768352,4.461493776710612,1.5300288442012022,5.29253314429889,4.477279518108092,110.05097883077424,5.247279827596494,10.404495000839233,
Pham4_000195,Pham4,2,1692847942.321347952,linear_interpolation,0.2699124028153571,0.5147047884515954,0.24453149999999998,0.131771,-0.6301225212266224,0.4102605046126757,5.135786314262935,1.5300288442012022,5.29253314429889,4.477279518108092,111.99430735035736,5.379263076887986,10.404495000839233,True
Pham4_000448,Pham4,6,1692848003.417942047,global_mean,0.2437988233041585,0.41461553391685013,0.251758,0.55,1.097604748579709,3.6788042521086592,11.067756736575872,-0.37922034318726605,-0.04527745120071458,8.12914075510112,39.466963324132074,4.968426387818883,,
Pham4_000448,Pham4,6,1692848003.417942047,sequence_mean,0.24097693769968065,0.44878029073482395,0.251758,0.55,0.8937713572578178,2.247711363953231,12.46272227932639,-0.37922034318726605,-0.04527745120071458,8.12914075510112,30.30433831840087,5.065395779495397,,
Pham4_000448,Pham4,6,1692848003.417942047,nearest_train_time,0.2533205,0.573438,0.251758,0.55,-0.5393936277796267,-0.4013486084565976,8.116793042725108,-0.37922034318726605,-0.04527745120071458,8.12914075510112,6.855978706263307,0.3906336085484323,2.299417018890381,
Pham4_000448,Pham4,6,1692848003.417942047,linear_interpolation,0.25167065778938136,0.5388120402379457,0.251758,0.55,-0.09781169092288261,0.765098490416089,8.4889147656009,-0.37922034318726605,-0.04527745120071458,8.12914075510112,3.222830564092304,0.930235096602828,2.299417018890381,True
Pham4_000449,Pham4,6,1692848003.618865013,global_mean,0.2437988233041585,0.41461553391685013,0.251367,0.542708,1.097604748579709,3.6788042521086592,11.067756736575872,-0.2928975818184465,0.08270371387402875,8.110299140345818,37.345710921341556,4.859217143268342,,
Pham4_000449,Pham4,6,1692848003.618865013,sequence_mean,0.24097693769968065,0.44878029073482395,0.251367,0.542708,0.8937713572578178,2.247711363953231,12.46272227932639,-0.2928975818184465,0.08270371387402875,8.110299140345818,28.203543339997243,5.003901325626171,,
Pham4_000449,Pham4,6,1692848003.618865013,nearest_train_time,0.2533205,0.573438,0.251367,0.542708,-0.5393936277796267,-0.4013486084565976,8.116793042725108,-0.2928975818184465,0.08270371387402875,8.110299140345818,8.976503335962404,0.5432394703961417,2.500339984893799,
Pham4_000449,Pham4,6,1692848003.618865013,linear_interpolation,0.2515264946438223,0.5357864252760001,0.251367,0.542708,-0.059226279160728146,0.8670225906841995,8.521430746677957,-0.2928975818184465,0.08270371387402875,8.110299140345818,1.9971734341331921,0.9158534685918747,2.500339984893799,True
Pham4_000450,Pham4,6,1692848003.821403980,global_mean,0.2437988233041585,0.41461553391685013,0.24980450000000004,0.535417,1.097604748579709,3.6788042521086592,11.067756736575872,-0.18634168184869782,0.2502445925852079,8.096236611221956,35.09523006904687,4.715238236876771,,
Pham4_000450,Pham4,6,1692848003.821403980,sequence_mean,0.24097693769968065,0.44878029073482395,0.24980450000000004,0.535417,0.8937713572578178,2.247711363953231,12.46272227932639,-0.18634168184869782,0.2502445925852079,8.096236611221956,25.8560151272791,4.921657725779876,,
Pham4_000450,Pham4,6,1692848003.821403980,nearest_train_time,0.2533205,0.573438,0.24980450000000004,0.535417,-0.5393936277796267,-0.4013486084565976,8.116793042725108,-0.18634168184869782,0.2502445925852079,8.096236611221956,11.278080797957056,0.741378407458476,2.702878952026367,
Pham4_000450,Pham4,6,1692848003.821403980,linear_interpolation,0.2513811720100742,0.5327364756285174,0.24980450000000004,0.535417,-0.02033052921167222,0.9697664551853247,8.55420825018414,-0.18634168184869782,0.2502445925852079,8.096236611221956,1.4360398483605599,0.8689127894404153,2.702878952026367,True
Pham4_000451,Pham4,6,1692848004.019196987,global_mean,0.2437988233041585,0.41461553391685013,0.24941399999999997,0.524479,1.097604748579709,3.6788042521086592,11.067756736575872,-0.0879953176313204,0.4113123008946822,8.085883895662677,31.9332083130216,4.579707065700102,,
Pham4_000451,Pham4,6,1692848004.019196987,sequence_mean,0.24097693769968065,0.44878029073482395,0.24941399999999997,0.524479,0.8937713572578178,2.247711363953231,12.46272227932639,-0.0879953176313204,0.4113123008946822,8.085883895662677,22.74378151440801,4.84695178018486,,
Pham4_000451,Pham4,6,1692848004.019196987,nearest_train_time,0.2533205,0.573438,0.24941399999999997,0.524479,-0.5393936277796267,-0.4013486084565976,8.116793042725108,-0.0879953176313204,0.4113123008946822,8.085883895662677,14.415844285844932,0.9301255632249458,2.90067195892334,
Pham4_000451,Pham4,6,1692848004.019196987,linear_interpolation,0.25123925462446606,0.529757993412475,0.24941399999999997,0.524479,0.017653802627548842,1.0701027913857126,8.58621770035982,-0.0879953176313204,0.4113123008946822,8.085883895662677,2.067968859417236,0.8339667637835476,2.90067195892334,True
Pham4_000452,Pham4,6,1692848004.220772982,global_mean,0.2437988233041585,0.41461553391685013,0.24707050000000003,0.507292,1.097604748579709,3.6788042521086592,11.067756736575872,0.01521051503541071,0.5803999083871112,8.085428854786999,26.80883044621328,4.434632605808266,,
Pham4_000452,Pham4,6,1692848004.220772982,sequence_mean,0.24097693769968065,0.44878029073482395,0.24707050000000003,0.507292,0.8937713572578178,2.247711363953231,12.46272227932639,0.01521051503541071,0.5803999083871112,8.085428854786999,17.489133714183584,4.765762726769385,,
Pham4_000452,Pham4,6,1692848004.220772982,nearest_train_time,0.2533205,0.573438,0.24707050000000003,0.507292,-0.5393936277796267,-0.4013486084565976,8.116793042725108,0.01521051503541071,0.5803999083871112,8.085428854786999,19.64546585862255,1.128006922779041,3.102247953414917,
Pham4_000452,Pham4,6,1692848004.220772982,linear_interpolation,0.25109462292798496,0.5267225447674834,0.24707050000000003,0.507292,0.05636462251804841,1.1723581596140218,8.618839363044044,0.01521051503541071,0.5803999083871112,8.085428854786999,6.392693853899555,0.7978941045510702,3.102247953414917,True
Pham4_000453,Pham4,6,1692848004.419709921,global_mean,0.2437988233041585,0.41461553391685013,0.245508,0.495833,1.097604748579709,3.6788042521086592,11.067756736575872,0.1510238682634697,0.819252456475855,8.089804522546133,23.42743320635689,4.235711418868344,,
Pham4_000453,Pham4,6,1692848004.419709921,sequence_mean,0.24097693769968065,0.44878029073482395,0.245508,0.495833,0.8937713572578178,2.247711363953231,12.46272227932639,0.1510238682634697,0.819252456475855,8.089804522546133,13.99084998773523,4.6598903839385475,,
Pham4_000453,Pham4,6,1692848004.419709921,nearest_train_time,0.2533205,0.573438,0.245508,0.495833,-0.5393936277796267,-0.4013486084565976,8.116793042725108,0.1510238682634697,0.819252456475855,8.089804522546133,23.141590871364045,1.4025946166936858,3.301184892654419,
Pham4_000453,Pham4,6,1692848004.419709921,linear_interpolation,0.25095188476569763,0.5237268365524432,0.245508,0.495833,0.09456863606584914,1.2732747892328231,8.65103393930632,0.1510238682634697,0.819252456475855,8.089804522546133,9.056261377422189,0.7240869630932083,3.301184892654419,True
Pham4_000454,Pham4,6,1692848004.667428017,global_mean,0.2437988233041585,0.41461553391685013,0.24453149999999998,0.482292,1.097604748579709,3.6788042521086592,11.067756736575872,0.2992971614006781,1.093425218412225,8.108226969461798,19.49894299009237,4.010024463025007,,
Pham4_000454,Pham4,6,1692848004.667428017,sequence_mean,0.24097693769968065,0.44878029073482395,0.24453149999999998,0.482292,0.8937713572578178,2.247711363953231,12.46272227932639,0.2992971614006781,1.093425218412225,8.108226969461798,10.030023014659715,4.543941623630374,,
Pham4_000454,Pham4,6,1692848004.667428017,nearest_train_time,0.2533205,0.573438,0.24453149999999998,0.482292,-0.5393936277796267,-0.4013486084565976,8.116793042725108,0.2992971614006781,1.093425218412225,8.108226969461798,27.104001033142843,1.7140082878910183,3.548902988433838,
Pham4_000454,Pham4,6,1692848004.667428017,linear_interpolation,0.2507741459008491,0.5199965532909362,0.24453149999999998,0.482292,0.1421406230652003,1.398937099195027,8.691122920048677,0.2992971614006781,1.093425218412225,8.108226969461798,11.870205021660455,0.676611687788215,3.548902988433838,True
Pham4_000455,Pham4,6,1692848004.867132902,global_mean,0.2437988233041585,0.41461553391685013,0.243164,0.461458,1.097604748579709,3.6788042521086592,11.067756736575872,0.42972368291784346,1.3215166640786755,8.135969269524695,13.49943715483141,3.8207653215695148,,
Pham4_000455,Pham4,6,1692848004.867132902,sequence_mean,0.24097693769968065,0.44878029073482395,0.243164,0.461458,0.8937713572578178,2.247711363953231,12.46272227932639,0.42972368291784346,1.3215166640786755,8.135969269524695,4.019003357782455,4.449041298298329,,
Pham4_000455,Pham4,6,1692848004.867132902,nearest_train_time,0.2533205,0.573438,0.243164,0.461458,-0.5393936277796267,-0.4013486084565976,8.116793042725108,0.42972368291784346,1.3215166640786755,8.135969269524695,33.180129223595024,1.9768208914506662,3.748607873916626,
Pham4_000455,Pham4,6,1692848004.867132902,linear_interpolation,0.2506308567336256,0.5169892808944095,0.243164,0.461458,0.1804921136416246,1.5002432921945514,8.723441775411603,0.42972368291784346,1.3215166640786755,8.135969269524695,16.990036818582006,0.6627092332951154,3.748607873916626,True
Pham4_000456,Pham4,6,1692848005.068960905,global_mean,0.2437988233041585,0.41461553391685013,0.240625,0.449479,1.097604748579709,3.6788042521086592,11.067756736575872,0.5381217504232343,1.505485122962913,8.154517261206196,10.332308917094998,3.6774041800146424,,
Pham4_000456,Pham4,6,1692848005.068960905,sequence_mean,0.24097693769968065,0.44878029073482395,0.240625,0.449479,0.8937713572578178,2.247711363953231,12.46272227932639,0.5381217504232343,1.505485122962913,8.154517261206196,0.33696958592042947,4.386116381699446,,
Pham4_000456,Pham4,6,1692848005.068960905,nearest_train_time,0.2533205,0.573438,0.240625,0.449479,-0.5393936277796267,-0.4013486084565976,8.116793042725108,0.5381217504232343,1.505485122962913,8.154517261206196,37.00768861814528,2.1905427149916337,3.9504358768463135,
Pham4_000456,Pham4,6,1692848005.068960905,linear_interpolation,0.2504860442199395,0.5139500373596846,0.240625,0.449479,0.2192513294399958,1.602626499135504,8.756104221395855,0.5381217504232343,1.505485122962913,8.154517261206196,20.052744237935265,0.6877657035742379,3.9504358768463135,True
Pham4_000457,Pham4,6,1692848005.268306017,global_mean,0.2437988233041585,0.41461553391685013,0.241211,0.436458,1.097604748579709,3.6788042521086592,11.067756736575872,0.6626082116173582,1.7220574742987118,8.166670209090244,6.597119026567267,3.5262420477893275,,
Pham4_000457,Pham4,6,1692848005.268306017,sequence_mean,0.24097693769968065,0.44878029073482395,0.241211,0.436458,0.8937713572578178,2.247711363953231,12.46272227932639,0.6626082116173582,1.7220574742987118,8.166670209090244,3.553369540319068,4.334260236971426,,
Pham4_000457,Pham4,6,1692848005.268306017,nearest_train_time,0.2533205,0.573438,0.241211,0.436458,-0.5393936277796267,-0.4013486084565976,8.116793042725108,0.6626082116173582,1.7220574742987118,8.166670209090244,40.531632358774,2.440522392013767,4.149780988693237,
Pham4_000457,Pham4,6,1692848005.268306017,linear_interpolation,0.2503430131919425,0.5109481826439598,0.241211,0.436458,0.25753372879127495,1.7037501863475368,8.788364853485609,0.6626082116173582,1.7220574742987118,8.166670209090244,22.570471853648343,0.7422430358708835,4.149780988693237,True
Pham4_000458,Pham4,6,1692848005.474370956,global_mean,0.2437988233041585,0.41461553391685013,0.23925800000000003,0.426563,1.097604748579709,3.6788042521086592,11.067756736575872,0.7904408554029676,1.9511275912400414,8.18350599975719,4.8991033874202214,3.376109982601388,,
Pham4_000458,Pham4,6,1692848005.474370956,sequence_mean,0.24097693769968065,0.44878029073482395,0.23925800000000003,0.426563,0.8937713572578178,2.247711363953231,12.46272227932639,0.7904408554029676,1.9511275912400414,8.18350599975719,6.533345480506431,4.290726173292866,,
Pham4_000458,Pham4,6,1692848005.474370956,nearest_train_time,0.2533205,0.573438,0.23925800000000003,0.426563,-0.5393936277796267,-0.4013486084565976,8.116793042725108,0.7904408554029676,1.9511275912400414,8.18350599975719,43.656958208285644,2.7031564219328157,4.355845928192139,
Pham4_000458,Pham4,6,1692848005.474370956,linear_interpolation,0.2501951606569213,0.5078451368524217,0.23925800000000003,0.426563,0.2971066093756343,1.8082827043219667,8.82171297593607,0.7904408554029676,1.9511275912400414,8.18350599975719,24.87064254783421,0.8192017361220524,4.355845928192139,True
Pham4_000459,Pham4,6,1692848005.669240952,global_mean,0.2437988233041585,0.41461553391685013,0.23808599999999996,0.409375,1.097604748579709,3.6788042521086592,11.067756736575872,0.9119840241645722,2.175577421046686,8.202523697733456,4.639785541486888,3.240942197236965,,
Pham4_000459,Pham4,6,1692848005.669240952,sequence_mean,0.24097693769968065,0.44878029073482395,0.23808599999999996,0.409375,0.8937713572578178,2.247711363953231,12.46272227932639,0.9119840241645722,2.175577421046686,8.202523697733456,11.563865991761357,4.260848150493227,,
Pham4_000459,Pham4,6,1692848005.669240952,nearest_train_time,0.2533205,0.573438,0.23808599999999996,0.409375,-0.5393936277796267,-0.4013486084565976,8.116793042725108,0.9119840241645722,2.175577421046686,8.202523697733456,48.67718515310795,2.9587826204881584,4.550715923309326,
Pham4_000459,Pham4,6,1692848005.669240952,linear_interpolation,0.2500553405456122,0.5049106710489915,0.23808599999999996,0.409375,0.3345296036268629,1.9071362565895185,8.85324938613225,0.9119840241645722,2.175577421046686,8.202523697733456,29.00924740852931,0.9104714098288564,4.550715923309326,True
Pham4_000460,Pham4,6,1692848005.867953062,global_mean,0.2437988233041585,0.41461553391685013,0.23671899999999998,0.39375,1.097604748579709,3.6788042521086592,11.067756736575872,1.0345926844019193,2.407783802271755,8.227147977891066,8.104051409266809,3.112639012807682,,
Pham4_000460,Pham4,6,1692848005.867953062,sequence_mean,0.24097693769968065,0.44878029073482395,0.23671899999999998,0.39375,0.8937713572578178,2.247711363953231,12.46272227932639,1.0345926844019193,2.407783802271755,8.227147977891066,16.1825700299333,4.240936629409499,,
Pham4_000460,Pham4,6,1692848005.867953062,nearest_train_time,0.2533205,0.573438,0.23671899999999998,0.39375,-0.5393936277796267,-0.4013486084565976,8.116793042725108,1.0345926844019193,2.407783802271755,8.227147977891066,53.29764234957341,3.2219304808848426,4.749428033828735,
Pham4_000460,Pham4,6,1692848005.867953062,linear_interpolation,0.24991276369895815,0.5019183484356717,0.23671899999999998,0.39375,0.3726904408822103,2.007938835209244,8.885407577671796,1.0345926844019193,2.407783802271755,8.227147977891066,32.7589854878722,1.0155275862157218,4.749428033828735,True
Pham4_000461,Pham4,6,1692848006.068413973,global_mean,0.2437988233041585,0.41461553391685013,0.236133,0.382812,1.097604748579709,3.6788042521086592,11.067756736575872,1.1432077288387934,2.6424814090085,8.245297456693736,10.888335544320086,3.007045236362847,,
Pham4_000461,Pham4,6,1692848006.068413973,sequence_mean,0.24097693769968065,0.44878029073482395,0.236133,0.382812,0.8937713572578178,2.247711363953231,12.46272227932639,1.1432077288387934,2.6424814090085,8.245297456693736,19.359660317414782,4.24319856081453,,
Pham4_000461,Pham4,6,1692848006.068413973,nearest_train_time,0.2533205,0.573438,0.236133,0.382812,-0.5393936277796267,-0.4013486084565976,8.116793042725108,1.1432077288387934,2.6424814090085,8.245297456693736,56.46487069393628,3.4803106017890335,4.9498889446258545,
Pham4_000461,Pham4,6,1692848006.068413973,linear_interpolation,0.24976893208011947,0.49889969136994483,0.236133,0.382812,0.4111871191822498,2.1096285443466987,8.9178487829348,1.1432077288387934,2.6424814090085,8.245297456693736,35.03503421051766,1.1278792642693813,4.9498889446258545,True
Pham4_000462,Pham4,6,1692848006.269521952,global_mean,0.2437988233041585,0.41461553391685013,0.2351565,0.371875,1.097604748579709,3.6788042521086592,11.067756736575872,1.2411294738798422,2.893930683582088,8.257714284322534,13.984706969962936,2.9211238331864786,,
Pham4_000462,Pham4,6,1692848006.269521952,sequence_mean,0.24097693769968065,0.44878029073482395,0.2351565,0.371875,0.8937713572578178,2.247711363953231,12.46272227932639,1.2411294738798422,2.893930683582088,8.257714284322534,22.595303108395687,4.268530110973933,,
Pham4_000462,Pham4,6,1692848006.269521952,nearest_train_time,0.2533205,0.573438,0.2351565,0.371875,-0.5393936277796267,-0.4013486084565976,8.116793042725108,1.2411294738798422,2.893930683582088,8.257714284322534,59.70276693104801,3.7481978235433884,5.150996923446655,
Pham4_000462,Pham4,6,1692848006.269521952,linear_interpolation,0.2496246361870192,0.49587129037731525,0.2351565,0.371875,0.44980806095813036,2.211646497822956,8.950394705204689,1.2411294738798422,2.893930683582088,8.257714284322534,37.39968857396999,1.253597803986149,5.150996923446655,True
Pham4_000463,Pham4,6,1692848006.479579926,global_mean,0.2437988233041585,0.41461553391685013,0.23496100000000003,0.355208,1.097604748579709,3.6788042521086592,11.067756736575872,1.3249914577871966,3.143966970111709,8.257764943983291,18.406520264636328,2.8694615362774525,,
Pham4_000463,Pham4,6,1692848006.479579926,sequence_mean,0.24097693769968065,0.44878029073482395,0.23496100000000003,0.355208,0.8937713572578178,2.247711363953231,12.46272227932639,1.3249914577871966,3.143966970111709,8.257764943983291,27.342009874962073,4.3209826519817005,,
Pham4_000463,Pham4,6,1692848006.479579926,nearest_train_time,0.2533205,0.573438,0.23496100000000003,0.355208,-0.5393936277796267,-0.4013486084565976,8.116793042725108,1.3249914577871966,3.143966970111709,8.257764943983291,64.4124628877581,4.008125169685632,5.36105489730835,
Pham4_000463,Pham4,6,1692848006.479579926,linear_interpolation,0.24947391863160975,0.4927081151503424,0.23496100000000003,0.355208,0.49014776714801156,2.3182046002433196,8.984389032677717,1.3249914577871966,3.143966970111709,8.257764943983291,41.13871890106495,1.380880170601967,5.36105489730835,True
Pham4_000464,Pham4,6,1692848006.718657970,global_mean,0.2437988233041585,0.41461553391685013,0.23496100000000003,0.341146,1.097604748579709,3.6788042521086592,11.067756736575872,1.4130468739084752,3.4549550921649406,8.24789579220746,22.221212601834733,2.8462656106578925,,
Pham4_000464,Pham4,6,1692848006.718657970,sequence_mean,0.24097693769968065,0.44878029073482395,0.23496100000000003,0.341146,0.8937713572578178,2.247711363953231,12.46272227932639,1.4130468739084752,3.4549550921649406,8.24789579220746,31.3410994732057,4.414957168310766,,
Pham4_000464,Pham4,6,1692848006.718657970,nearest_train_time,0.2533205,0.573438,0.23496100000000003,0.341146,-0.5393936277796267,-0.4013486084565976,8.116793042725108,1.4130468739084752,3.4549550921649406,8.24789579220746,68.3698438788508,4.324383201681055,5.600132942199707,
Pham4_000464,Pham4,6,1692848006.718657970,linear_interpolation,0.24930237904272545,0.48910793880373366,0.23496100000000003,0.341146,0.5360605116635735,2.439483989574034,9.023079767431728,1.4130468739084752,3.4549550921649406,8.24789579220746,44.013443184357115,1.549579567239203,5.600132942199707,True
Pham4_000465,Pham4,6,1692848006.921996117,global_mean,0.2437988233041585,0.41461553391685013,0.2351565,0.329167,1.097604748579709,3.6788042521086592,11.067756736575872,1.475849748994752,3.7343539872983946,8.229302258659915,25.488535437692033,2.8640842998452003,,
Pham4_000465,Pham4,6,1692848006.921996117,sequence_mean,0.24097693769968065,0.44878029073482395,0.2351565,0.329167,0.8937713572578178,2.247711363953231,12.46272227932639,1.475849748994752,3.7343539872983946,8.229302258659915,34.73743963237096,4.524463130035804,,
Pham4_000465,Pham4,6,1692848006.921996117,nearest_train_time,0.2533205,0.573438,0.2351565,0.329167,-0.5393936277796267,-0.4013486084565976,8.116793042725108,1.475849748994752,3.7343539872983946,8.229302258659915,71.71980489658772,4.601945257370827,5.803471088409424,
Pham4_000465,Pham4,6,1692848006.921996117,linear_interpolation,0.2491564829943403,0.48604595465257433,0.2351565,0.329167,0.5751097366203743,2.5426332612320004,9.05598660454405,1.475849748994752,3.7343539872983946,8.229302258659915,46.44287393196901,1.707318911790731,5.803471088409424,True
Pham4_000466,Pham4,6,1692848007.119298935,global_mean,0.2437988233041585,0.41461553391685013,0.2351565,0.315104,1.097604748579709,3.6788042521086592,11.067756736575872,1.5279963921813267,4.020010784699938,8.204849020381632,29.417860774428238,2.915115684875916,,
Pham4_000466,Pham4,6,1692848007.119298935,sequence_mean,0.24097693769968065,0.44878029073482395,0.2351565,0.315104,0.8937713572578178,2.247711363953231,12.46272227932639,1.5279963921813267,4.020010784699938,8.204849020381632,38.75741457404423,4.6554023801321085,,
Pham4_000466,Pham4,6,1692848007.119298935,nearest_train_time,0.2533205,0.573438,0.2351565,0.315104,-0.5393936277796267,-0.4013486084565976,8.116793042725108,1.5279963921813267,4.020010784699938,8.204849020381632,75.69669563751887,4.881626187377392,6.000773906707764,
Pham4_000466,Pham4,6,1692848007.119298935,linear_interpolation,0.24901491732128997,0.4830748539817465,0.2351565,0.315104,0.6129999322376611,2.6427209348087413,9.087916725992338,1.5279963921813267,4.020010784699938,8.204849020381632,49.532598659772226,1.8745544604026079,6.000773906707764,True
Pham4_000467,Pham4,6,1692848007.321510077,global_mean,0.2437988233041585,0.41461553391685013,0.236328,0.303125,1.097604748579709,3.6788042521086592,11.067756736575872,1.5757423594239033,4.305114706146018,8.182749145788422,32.61786975394275,2.990677040176936,,
Pham4_000467,Pham4,6,1692848007.321510077,sequence_mean,0.24097693769968065,0.44878029073482395,0.236328,0.303125,0.8937713572578178,2.247711363953231,12.46272227932639,1.5757423594239033,4.305114706146018,8.182749145788422,42.10039270262317,4.797516334945435,,
Pham4_000467,Pham4,6,1692848007.321510077,nearest_train_time,0.2533205,0.573438,0.236328,0.303125,-0.5393936277796267,-0.4013486084565976,8.116793042725108,1.5757423594239033,4.305114706146018,8.182749145788422,78.93639011810924,5.160324348681485,6.202985048294067,
Pham4_000467,Pham4,6,1692848007.321510077,linear_interpolation,0.2488698299038682,0.4800298409221384,0.236328,0.303125,0.6518327262989937,2.74529850013306,9.120641176482874,1.5757423594239033,4.305114706146018,8.182749145788422,51.85110498876688,2.041146018285273,6.202985048294067,True
Pham4_000468,Pham4,6,1692848007.520948887,global_mean,0.2437988233041585,0.41461553391685013,0.2371095,0.2875,1.097604748579709,3.6788042521086592,11.067756736575872,1.6173759554495934,4.547512843633971,8.171625891038802,36.96798354849718,3.0679619617837712,,
Pham4_000468,Pham4,6,1692848007.520948887,sequence_mean,0.24097693769968065,0.44878029073482395,0.2371095,0.2875,0.8937713572578178,2.247711363953231,12.46272227932639,1.6173759554495934,4.547512843633971,8.171625891038802,46.54359223056459,4.92201164911673,,
Pham4_000468,Pham4,6,1692848007.520948887,nearest_train_time,0.2533205,0.573438,0.2371095,0.2875,-0.5393936277796267,-0.4013486084565976,8.116793042725108,1.6173759554495934,4.547512843633971,8.171625891038802,83.28595266924093,5.398693485315212,6.402423858642578,
Pham4_000468,Pham4,6,1692848007.520948887,linear_interpolation,0.2487267316467685,0.4770265752398429,0.2371095,0.2875,0.6901331195876366,2.8464697186734456,9.1529169720891,1.6173759554495934,4.547512843633971,8.171625891038802,55.308027779540645,2.1716950005425844,6.402423858642578,True
Pham4_000469,Pham4,6,1692848007.749839067,global_mean,0.2437988233041585,0.41461553391685013,0.23808599999999996,0.273958,1.097604748579709,3.6788042521086592,11.067756736575872,1.682672734791841,4.918670741674536,8.168107100182384,40.746272732225364,3.20741975336494,,
Pham4_000469,Pham4,6,1692848007.749839067,sequence_mean,0.24097693769968065,0.44878029073482395,0.23808599999999996,0.273958,0.8937713572578178,2.247711363953231,12.46272227932639,1.682672734791841,4.918670741674536,8.168107100182384,50.39774910357281,5.118604196247896,,
Pham4_000469,Pham4,6,1692848007.749839067,nearest_train_time,0.2533205,0.573438,0.23808599999999996,0.273958,-0.5393936277796267,-0.4013486084565976,8.116793042725108,1.682672734791841,4.918670741674536,8.168107100182384,87.04019845144437,5.765658499940315,6.631314039230347,
Pham4_000469,Pham4,6,1692848007.749839067,linear_interpolation,0.24856250189704177,0.4735798136833916,0.23808599999999996,0.273958,0.7340893782571541,2.9625810133684323,9.189958973452896,1.682672734791841,4.918670741674536,8.168107100182384,58.051373073766555,2.402140433110794,6.631314039230347,True
Pham4_000470,Pham4,6,1692848007.979727983,global_mean,0.2437988233041585,0.41461553391685013,0.23847650000000004,0.261458,1.097604748579709,3.6788042521086592,11.067756736575872,1.7438246761972966,5.231080176590243,8.181814412525798,44.29835797994779,3.3400335085622688,,
Pham4_000470,Pham4,6,1692848007.979727983,sequence_mean,0.24097693769968065,0.44878029073482395,0.23847650000000004,0.261458,0.8937713572578178,2.247711363953231,12.46272227932639,1.7438246761972966,5.231080176590243,8.181814412525798,53.98298659186721,5.2867052387371105,,
Pham4_000470,Pham4,6,1692848007.979727983,nearest_train_time,0.2533205,0.573438,0.23847650000000004,0.261458,-0.5393936277796267,-0.4013486084565976,8.116793042725108,1.7438246761972966,5.231080176590243,8.181814412525798,90.57058024377709,6.077957520480893,6.861202955245972,
Pham4_000470,Pham4,6,1692848007.979727983,linear_interpolation,0.24839755555008508,0.47011801258759006,0.23847650000000004,0.261458,0.7782374349002528,3.079198946064613,9.227162603240357,1.7438246761972966,5.231080176590243,8.181814412525798,60.57519043344136,2.579865188469029,6.861202955245972,True
Pham4_000471,Pham4,6,1692848008.219871044,global_mean,0.2437988233041585,0.41461553391685013,0.238672,0.248438,1.097604748579709,3.6788042521086592,11.067756736575872,1.827674792321223,5.6135113884677175,8.209368280787034,48.02082280905662,3.527956708412718,,
Pham4_000471,Pham4,6,1692848008.219871044,sequence_mean,0.24097693769968065,0.44878029073482395,0.238672,0.248438,0.8937713572578178,2.247711363953231,12.46272227932639,1.827674792321223,5.6135113884677175,8.209368280787034,57.72572808814959,5.503799203090142,,
Pham4_000471,Pham4,6,1692848008.219871044,nearest_train_time,0.2533205,0.573438,0.238672,0.248438,-0.5393936277796267,-0.4013486084565976,8.116793042725108,1.827674792321223,5.6135113884677175,8.209368280787034,94.27366323635836,6.464528123748966,7.101346015930176,
Pham4_000471,Pham4,6,1692848008.219871044,linear_interpolation,0.24822525180750638,0.4665017986133191,0.238672,0.248438,0.8243547059252405,3.2010185960664517,9.266025692773194,1.827674792321223,5.6135113884677175,8.209368280787034,63.22948871689703,2.818385629302525,7.101346015930176,True
Pham4_000472,Pham4,6,1692848008.417610884,global_mean,0.2437988233041585,0.41461553391685013,0.238672,0.236458,1.097604748579709,3.6788042521086592,11.067756736575872,1.8868732431124233,5.8663292306928305,8.230364817344695,51.46022296005203,3.6686514132184866,,
Pham4_000472,Pham4,6,1692848008.417610884,sequence_mean,0.24097693769968065,0.44878029073482395,0.238672,0.236458,0.8937713572578178,2.247711363953231,12.46272227932639,1.8868732431124233,5.8663292306928305,8.230364817344695,61.17443693922401,5.656279369618086,,
Pham4_000472,Pham4,6,1692848008.417610884,nearest_train_time,0.2533205,0.573438,0.238672,0.236458,-0.5393936277796267,-0.4013486084565976,8.116793042725108,1.8868732431124233,5.8663292306928305,8.230364817344695,97.70011598795523,6.7218639507314775,7.299085855484009,
Pham4_000472,Pham4,6,1692848008.417610884,linear_interpolation,0.24808337256970972,0.46352411702207374,0.238672,0.236458,0.8623288274641252,3.301327961563983,9.298026538714339,1.8868732431124233,5.8663292306928305,8.230364817344695,65.7932710168129,2.961220073136528,7.299085855484009,True
Pham4_000473,Pham4,6,1692848008.617786884,global_mean,0.2437988233041585,0.41461553391685013,0.23847650000000004,0.227083,1.097604748579709,3.6788042521086592,11.067756736575872,1.961613981289266,6.166941935368644,8.245179389807577,54.163825946170476,3.860606683353702,,
Pham4_000473,Pham4,6,1692848008.617786884,sequence_mean,0.24097693769968065,0.44878029073482395,0.23847650000000004,0.227083,0.8937713572578178,2.247711363953231,12.46272227932639,1.961613981289266,6.166941935368644,8.245179389807577,63.87769150543855,5.8556232944534825,,
Pham4_000473,Pham4,6,1692848008.617786884,nearest_train_time,0.2533205,0.573438,0.23847650000000004,0.227083,-0.5393936277796267,-0.4013486084565976,8.116793042725108,1.961613981289266,6.166941935368644,8.245179389807577,100.39957548562873,7.029506581748236,7.499261856079102,
Pham4_000473,Pham4,6,1692848008.617786884,linear_interpolation,0.247939745375242,0.4605097502999907,0.23847650000000004,0.227083,0.9007707913744705,3.4028731415986857,9.330421636083749,1.961613981289266,6.166941935368644,8.245179389807577,67.61861540582055,3.15328642901086,7.499261856079102,True
Pham4_000474,Pham4,6,1692848008.821734905,global_mean,0.2437988233041585,0.41461553391685013,0.238672,0.216667,1.097604748579709,3.6788042521086592,11.067756736575872,2.0268562359840603,6.412479730843646,8.252911734686935,57.14498640207154,4.032349480704679,,
Pham4_000474,Pham4,6,1692848008.821734905,sequence_mean,0.24097693769968065,0.44878029073482395,0.238672,0.216667,0.8937713572578178,2.247711363953231,12.46272227932639,2.0268562359840603,6.412479730843646,8.252911734686935,66.87206150450093,6.029235582891639,,
Pham4_000474,Pham4,6,1692848008.821734905,nearest_train_time,0.2533205,0.573438,0.238672,0.216667,-0.5393936277796267,-0.4013486084565976,8.116793042725108,2.0268562359840603,6.412479730843646,8.252911734686935,103.36409407528618,7.282336390130551,7.70320987701416,
Pham4_000474,Pham4,6,1692848008.821734905,linear_interpolation,0.24779341173895655,0.45743858230026185,0.238672,0.216667,0.9399371371754869,3.5063317901979403,9.363427171097179,2.0268562359840603,6.412479730843646,8.252911734686935,69.69516715703955,3.295502012558869,7.70320987701416,True
Pham4_000475,Pham4,6,1692848009.018889904,global_mean,0.2437988233041585,0.41461553391685013,0.2390625,0.206771,1.097604748579709,3.6788042521086592,11.067756736575872,2.1142919425822315,6.718333496064364,8.254543262379999,59.96964472852685,4.264570426984162,,
Pham4_000475,Pham4,6,1692848009.018889904,sequence_mean,0.24097693769968065,0.44878029073482395,0.2390625,0.206771,0.8937713572578178,2.247711363953231,12.46272227932639,2.1142919425822315,6.718333496064364,8.254543262379999,69.71418181400902,6.259784611789008,,
Pham4_000475,Pham4,6,1692848009.018889904,nearest_train_time,0.2533205,0.573438,0.2390625,0.206771,-0.5393936277796267,-0.4013486084565976,8.116793042725108,2.1142919425822315,6.718333496064364,8.254543262379999,106.16631258939886,7.599400996052106,7.900364875793457,
Pham4_000475,Pham4,6,1692848009.018889904,linear_interpolation,0.2476519521270861,0.4544697075817847,0.2390625,0.206771,0.977798945410673,3.6063444779640483,9.39533337045841,2.1142919425822315,6.718333496064364,8.254543262379999,71.64158365517386,3.5039255203395108,7.900364875793457,True
Pham4_000476,Pham4,6,1692848009.220462084,global_mean,0.2437988233041585,0.41461553391685013,0.2396485,0.198437,1.097604748579709,3.6788042521086592,11.067756736575872,2.202277579133143,7.012775631322487,8.256714221748938,62.340957062486346,4.498625038847361,,
Pham4_000476,Pham4,6,1692848009.220462084,sequence_mean,0.24097693769968065,0.44878029073482395,0.2396485,0.198437,0.8937713572578178,2.247711363953231,12.46272227932639,2.202277579133143,7.012775631322487,8.256714221748938,72.10608586071979,6.489108550891425,,
Pham4_000476,Pham4,6,1692848009.220462084,nearest_train_time,0.2533205,0.573438,0.2396485,0.198437,-0.5393936277796267,-0.4013486084565976,8.116793042725108,2.202277579133143,7.012775631322487,8.256714221748938,108.50951213645817,7.906046874768308,8.101937055587769,
Pham4_000476,Pham4,6,1692848009.220462084,linear_interpolation,0.24750732316766771,0.45143431638072473,0.2396485,0.198437,1.01650903272357,3.7085979110746634,9.427954415798451,2.202277579133143,7.012775631322487,8.256714221748938,73.11277621576669,3.700735203279683,8.101937055587769,True
Pham4_000477,Pham4,6,1692848009.423245907,global_mean,0.2437988233041585,0.41461553391685013,0.2390625,0.191146,1.097604748579709,3.6788042521086592,11.067756736575872,2.2949928611513046,7.299075503907265,8.26462981695592,64.46193699213671,4.732612677604756,,
Pham4_000477,Pham4,6,1692848009.423245907,sequence_mean,0.24097693769968065,0.44878029073482395,0.2390625,0.191146,0.8937713572578178,2.247711363953231,12.46272227932639,2.2949928611513046,7.299075503907265,8.26462981695592,74.21324159192461,6.715927463872644,,
Pham4_000477,Pham4,6,1692848009.423245907,nearest_train_time,0.2533205,0.573438,0.2390625,0.191146,-0.5393936277796267,-0.4013486084565976,8.116793042725108,2.2949928611513046,7.299075503907265,8.26462981695592,110.6432862528493,8.206834590189079,8.304720878601074,
Pham4_000477,Pham4,6,1692848009.423245907,linear_interpolation,0.2473618248487071,0.4483806795508805,0.2390625,0.191146,1.0554518049974928,3.8114659859427573,9.46077154508432,2.2949928611513046,7.299075503907265,8.26462981695592,74.35727491813913,3.8898119766201464,8.304720878601074,True
Pham4_000478,Pham4,6,1692848009.619133949,global_mean,0.2437988233041585,0.41461553391685013,0.2390625,0.183854,1.097604748579709,3.6788042521086592,11.067756736575872,2.365690040419186,7.515733204663551,8.277856885951524,66.55879227558589,4.91056058621084,,
Pham4_000478,Pham4,6,1692848009.619133949,sequence_mean,0.24097693769968065,0.44878029073482395,0.2390625,0.183854,0.8937713572578178,2.247711363953231,12.46272227932639,2.365690040419186,7.515733204663551,8.277856885951524,76.31293674737705,6.887067379132211,,
Pham4_000478,Pham4,6,1692848009.619133949,nearest_train_time,0.2533205,0.573438,0.2390625,0.183854,-0.5393936277796267,-0.4013486084565976,8.116793042725108,2.365690040419186,7.515733204663551,8.277856885951524,112.73326367340566,8.43478731898251,8.500608921051025,
Pham4_000478,Pham4,6,1692848009.619133949,linear_interpolation,0.2472212742837881,0.44543088339819625,0.2390625,0.183854,1.0930703058964155,3.9108359727448287,9.492472709009085,2.365690040419186,7.515733204663551,8.277856885951524,75.59427889148073,4.011251256031448,8.500608921051025,True
Pham4_000479,Pham4,6,1692848009.820518017,global_mean,0.2437988233041585,0.41461553391685013,0.238867,0.173437,1.097604748579709,3.6788042521086592,11.067756736575872,2.4529115294534636,7.789147970641356,8.283812372404428,69.56261162219867,5.146078912877796,,
Pham4_000479,Pham4,6,1692848009.820518017,sequence_mean,0.24097693769968065,0.44878029073482395,0.238867,0.173437,0.8937713572578178,2.247711363953231,12.46272227932639,2.4529115294534636,7.789147970641356,8.283812372404428,79.31542235834128,7.113488999968158,,
Pham4_000479,Pham4,6,1692848009.820518017,nearest_train_time,0.2533205,0.573438,0.238867,0.173437,-0.5393936277796267,-0.4013486084565976,8.116793042725108,2.4529115294534636,7.789147970641356,8.283812372404428,115.73384444044831,8.721583561642092,8.701992988586426,
Pham4_000479,Pham4,6,1692848009.820518017,linear_interpolation,0.24707678029577446,0.44239832490101483,0.238867,0.173437,1.1317442679762844,4.012993980364171,9.52506331156415,2.4529115294534636,7.789147970641356,8.283812372404428,77.71704770183368,4.188737970445311,8.701992988586426,True
Pham4_000480,Pham4,6,1692848010.020509005,global_mean,0.2437988233041585,0.41461553391685013,0.238867,0.169792,1.097604748579709,3.6788042521086592,11.067756736575872,2.523026146861885,8.007921902593356,8.28358058745498,70.61083747237977,5.34085410994838,,
Pham4_000480,Pham4,6,1692848010.020509005,sequence_mean,0.24097693769968065,0.44878029073482395,0.238867,0.169792,0.8937713572578178,2.247711363953231,12.46272227932639,2.523026146861885,8.007921902593356,8.28358058745498,80.36496611533893,7.300665853170271,,
Pham4_000480,Pham4,6,1692848010.020509005,nearest_train_time,0.2533205,0.573438,0.238867,0.169792,-0.5393936277796267,-0.4013486084565976,8.116793042725108,2.523026146861885,8.007921902593356,8.28358058745498,116.77880823884635,8.951092865634159,8.901983976364136,
Pham4_000480,Pham4,6,1692848010.020509005,linear_interpolation,0.246933285848848,0.4393867442096158,0.238867,0.169792,1.1701507018729034,4.114445307190726,9.557428467740731,2.523026146861885,8.007921902593356,8.28358058745498,77.8900301182332,4.314176675880427,8.901983976364136,True
Pham4_000481,Pham4,6,1692848010.218780994,global_mean,0.2437988233041585,0.41461553391685013,0.23847650000000004,0.160938,1.097604748579709,3.6788042521086592,11.067756736575872,2.6079831391769135,8.268662127709607,8.282715927702002,73.17338628798024,5.577139993589176,,
Pham4_000481,Pham4,6,1692848010.218780994,sequence_mean,0.24097693769968065,0.44878029073482395,0.23847650000000004,0.160938,0.8937713572578178,2.247711363953231,12.46272227932639,2.6079831391769135,8.268662127709607,8.282715927702002,82.92081893266118,7.5274712375716835,,
Pham4_000481,Pham4,6,1692848010.218780994,nearest_train_time,0.2533205,0.573438,0.23847650000000004,0.160938,-0.5393936277796267,-0.4013486084565976,8.116793042725108,2.6079831391769135,8.268662127709607,8.282715927702002,119.3457346436682,9.22510688730348,9.100255966186523,
Pham4_000481,Pham4,6,1692848010.218780994,linear_interpolation,0.2467910247908037,0.43640104918990796,0.23847650000000004,0.160938,1.2082270179873507,4.215024621606536,9.58951543319527,2.6079831391769135,8.268662127709607,8.282715927702002,79.58993046337757,4.483192966764941,9.100255966186523,True
Pham4_000482,Pham4,6,1692848010.417617083,global_mean,0.2437988233041585,0.41461553391685013,0.23925800000000003,0.15625,1.097604748579709,3.6788042521086592,11.067756736575872,2.680096085998362,8.474433706464428,8.270419085630552,74.49095011299406,5.772992173031761,,
Pham4_000482,Pham4,6,1692848010.417617083,sequence_mean,0.24097693769968065,0.44878029073482395,0.23925800000000003,0.15625,0.8937713572578178,2.247711363953231,12.46272227932639,2.680096085998362,8.474433706464428,8.270419085630552,84.25906616497737,7.716115164712774,,
Pham4_000482,Pham4,6,1692848010.417617083,nearest_train_time,0.2533205,0.573438,0.23925800000000003,0.15625,-0.5393936277796267,-0.4013486084565976,8.116793042725108,2.680096085998362,8.474433706464428,8.270419085630552,120.63456015263924,9.442892919018298,9.299092054367065,
Pham4_000482,Pham4,6,1692848010.417617083,linear_interpolation,0.24664835898961168,0.4334068596488102,0.23925800000000003,0.15625,1.246411664014783,4.315890091551309,9.621693688420732,2.680096085998362,8.474433706464428,8.270419085630552,80.02271382341742,4.60161700613152,9.299092054367065,True
Pham4_000483,Pham4,6,1692848010.669254065,global_mean,0.2437988233041585,0.41461553391685013,0.238672,0.149479,1.097604748579709,3.6788042521086592,11.067756736575872,2.794672669694724,8.783917246276136,8.255970527357393,76.4607686462837,6.070284993181661,,
Pham4_000483,Pham4,6,1692848010.669254065,sequence_mean,0.24097693769968065,0.44878029073482395,0.238672,0.149479,0.8937713572578178,2.247711363953231,12.46272227932639,2.794672669694724,8.783917246276136,8.255970527357393,86.21694629422531,8.002010587248128,,
Pham4_000483,Pham4,6,1692848010.669254065,nearest_train_time,0.2533205,0.573438,0.238672,0.149479,-0.5393936277796267,-0.4013486084565976,8.116793042725108,2.794672669694724,8.783917246276136,8.255970527357393,122.61737424377985,9.772639217238194,9.550729036331177,
Pham4_000483,Pham4,6,1692848010.669254065,linear_interpolation,0.24646780830603127,0.4296175635182898,0.238672,0.149479,1.2947362371425055,4.443540372109274,9.662416874558119,2.794672669694724,8.783917246276136,8.255970527357393,80.90175284362651,4.802787944418767,9.550729036331177,True
Pham4_000484,Pham4,6,1692848010.869682074,global_mean,0.2437988233041585,0.41461553391685013,0.2376955,0.140625,1.097604748579709,3.6788042521086592,11.067756736575872,2.8970065186846528,9.034328154198196,8.242363592517181,79.04836973754279,6.31682906327241,,
Pham4_000484,Pham4,6,1692848010.869682074,sequence_mean,0.24097693769968065,0.44878029073482395,0.2376955,0.140625,0.8937713572578178,2.247711363953231,12.46272227932639,2.8970065186846528,9.034328154198196,8.242363592517181,88.78449803060639,8.23908647939428,,
Pham4_000484,Pham4,6,1692848010.869682074,nearest_train_time,0.2533205,0.573438,0.2376955,0.140625,-0.5393936277796267,-0.4013486084565976,8.116793042725108,2.8970065186846528,9.034328154198196,8.242363592517181,125.226428517389,10.04273916314162,9.75115704536438,
Pham4_000484,Pham4,6,1692848010.869682074,linear_interpolation,0.24632400029435847,0.42659940190647333,0.2376955,0.140625,1.3332265969607227,4.5452133908566195,9.694852755227556,2.8970065186846528,9.034328154198196,8.242363592517181,82.62678742433015,4.970642188875527,9.75115704536438,True
Pham4_000485,Pham4,6,1692848011.069128990,global_mean,0.2437988233041585,0.41461553391685013,0.238672,0.139583,1.097604748579709,3.6788042521086592,11.067756736575872,3.0005751209613623,9.286578214475188,8.227853286853405,79.30717105127137,6.567608138044164,,
Pham4_000485,Pham4,6,1692848011.069128990,sequence_mean,0.24097693769968065,0.44878029073482395,0.238672,0.139583,0.8937713572578178,2.247711363953231,12.46272227932639,3.0005751209613623,9.286578214475188,8.227853286853405,89.06641272587557,8.480470742921144,,
Pham4_000485,Pham4,6,1692848011.069128990,nearest_train_time,0.2533205,0.573438,0.238672,0.139583,-0.5393936277796267,-0.4013486084565976,8.116793042725108,3.0005751209613623,9.286578214475188,8.227853286853405,125.45567367026453,10.315020079785102,9.95060396194458,
Pham4_000485,Pham4,6,1692848011.069128990,linear_interpolation,0.2461808962210006,0.42359601415582326,0.238672,0.139583,1.3715285469767708,4.646388721522104,9.72712986269017,3.0005751209613623,9.286578214475188,8.227853286853405,81.99878510201273,5.1413015396469355,9.95060396194458,True
Pham4_000486,Pham4,6,1692848011.268868923,global_mean,0.2437988233041585,0.41461553391685013,0.2376955,0.131771,1.097604748579709,3.6788042521086592,11.067756736575872,3.0900422680565685,9.495055827562513,8.214912071132504,81.5939748651355,6.77770701219352,,
Pham4_000486,Pham4,6,1692848011.268868923,sequence_mean,0.24097693769968065,0.44878029073482395,0.2376955,0.131771,0.8937713572578178,2.247711363953231,12.46272227932639,3.0900422680565685,9.495055827562513,8.214912071132504,91.33345124817569,8.682827837327254,,
Pham4_000486,Pham4,6,1692848011.268868923,nearest_train_time,0.2533205,0.573438,0.2376955,0.131771,-0.5393936277796267,-0.4013486084565976,8.116793042725108,3.0900422680565685,9.495055827562513,8.214912071132504,127.76487945601177,10.541406596227025,10.150343894958496,
Pham4_000486,Pham4,6,1692848011.268868923,linear_interpolation,0.24603758190701347,0.4205882139931747,0.2376955,0.131771,1.409886768109919,4.7477126934154406,9.75945438990277,3.0900422680565685,9.495055827562513,8.214912071132504,83.42572494661064,5.267428244580704,10.150343894958496,True
