epoch,lr-AdamW/dino_head,lr-AdamW/new_modules,lr-AdamW/radar,lr-AdamW/swin_last_two,step,system/peak_allocated_gib,system/peak_reserved_gib,train/both_modalities_missing,train/loss_F_epoch,train/loss_F_step,train/loss_R_epoch,train/loss_R_step,train/loss_V_epoch,train/loss_V_step,train/loss_cls_R_epoch,train/loss_cls_R_step,train/loss_epoch,train/loss_reg_R_epoch,train/loss_reg_R_step,train/loss_step,train/lr_factor,train/stage_index,train/vision_supervised,val/both_modalities_missing,val/final_3d_count,val/final_3d_mean_error,val/final_3d_median_error,val/final_3d_p90_error,val/final_3d_success_05m,val/final_3d_success_1m,val/final_3d_success_2m,val/loss,val/loss_F,val/loss_R,val/loss_V,val/n_gt2d,val/n_gt3d,val/n_no_output_2d,val/n_no_output_3d,val/n_output_2d,val/n_output_3d,val/n_success_05m,val/n_success_1m,val/n_success_2m,val/output_coverage_2d,val/output_coverage_3d,val/vision_supervised,val/vision_top1_iou_mean,val/vision_top1_iou_mean_given_output
,0.0,1.6666666666666667e-06,0.0,0.0,19,,,,,,,,,,,,,,,,,,,,,,,,,,,,,,,,,,,,,,,,,,,,
,0.0,1.6666666666666667e-06,0.0,0.0,19,,,,,,,,,,,,,,,,,,,,,,,,,,,,,,,,,,,,,,,,,,,,
0,,,,,19,,,,,0.47772976756095886,,0.0227349866181612,,17.796045303344727,,0.00015037806588225067,,,0.011292303912341595,18.296510696411133,,,,,,,,,,,,,,,,,,,,,,,,,,,,,
,0.0,3.3333333333333333e-06,0.0,0.0,39,,,,,,,,,,,,,,,,,,,,,,,,,,,,,,,,,,,,,,,,,,,,
,0.0,3.3333333333333333e-06,0.0,0.0,39,,,,,,,,,,,,,,,,,,,,,,,,,,,,,,,,,,,,,,,,,,,,
0,,,,,39,,,,,0.4314732253551483,,0.020300041884183884,,21.144447326660156,,0.000257152016274631,,,0.010021445341408253,21.596220016479492,,,,,,,,,,,,,,,,,,,,,,,,,,,,,
,0.0,5e-06,0.0,0.0,59,,,,,,,,,,,,,,,,,,,,,,,,,,,,,,,,,,,,,,,,,,,,
,0.0,5e-06,0.0,0.0,59,,,,,,,,,,,,,,,,,,,,,,,,,,,,,,,,,,,,,,,,,,,,
0,,,,,59,,,,,0.3566209673881531,,0.19796746969223022,,13.509086608886719,,0.148157998919487,,,0.02490473911166191,14.063674926757812,,,,,,,,,,,,,,,,,,,,,,,,,,,,,
,0.0,6.666666666666667e-06,0.0,0.0,79,,,,,,,,,,,,,,,,,,,,,,,,,,,,,,,,,,,,,,,,,,,,
,0.0,6.666666666666667e-06,0.0,0.0,79,,,,,,,,,,,,,,,,,,,,,,,,,,,,,,,,,,,,,,,,,,,,
0,,,,,79,,,,,0.2709091901779175,,0.009234539233148098,,18.05010986328125,,0.0006224065436981618,,,0.004306066315621138,18.33025360107422,,,,,,,,,,,,,,,,,,,,,,,,,,,,,
,0.0,8.333333333333334e-06,0.0,0.0,99,,,,,,,,,,,,,,,,,,,,,,,,,,,,,,,,,,,,,,,,,,,,
,0.0,8.333333333333334e-06,0.0,0.0,99,,,,,,,,,,,,,,,,,,,,,,,,,,,,,,,,,,,,,,,,,,,,
0,,,,,99,,,,,0.20580093562602997,,0.02288246527314186,,33.073020935058594,,0.00022230113972909749,,,0.011330081149935722,33.30170440673828,,,,,,,,,,,,,,,,,,,,,,,,,,,,,
,0.0,1e-05,0.0,0.0,119,,,,,,,,,,,,,,,,,,,,,,,,,,,,,,,,,,,,,,,,,,,,
,0.0,1e-05,0.0,0.0,119,,,,,,,,,,,,,,,,,,,,,,,,,,,,,,,,,,,,,,,,,,,,
0,,,,,119,,,,,0.14801400899887085,,0.05601026862859726,,25.132827758789062,,0.00026761405752040446,,,0.027871329337358475,25.33685302734375,,,,,,,,,,,,,,,,,,,,,,,,,,,,,
,0.0,1.1666666666666668e-05,0.0,0.0,139,,,,,,,,,,,,,,,,,,,,,,,,,,,,,,,,,,,,,,,,,,,,
,0.0,1.1666666666666668e-05,0.0,0.0,139,,,,,,,,,,,,,,,,,,,,,,,,,,,,,,,,,,,,,,,,,,,,
0,,,,,139,,,,,0.10327807813882828,,0.061729565262794495,,15.920324325561523,,5.6329259678022936e-05,,,0.030836617574095726,16.085330963134766,,,,,,,,,,,,,,,,,,,,,,,,,,,,,
,0.0,1.3333333333333333e-05,0.0,0.0,159,,,,,,,,,,,,,,,,,,,,,,,,,,,,,,,,,,,,,,,,,,,,
,0.0,1.3333333333333333e-05,0.0,0.0,159,,,,,,,,,,,,,,,,,,,,,,,,,,,,,,,,,,,,,,,,,,,,
0,,,,,159,,,,,0.06701914966106415,,0.039774563163518906,,19.006546020507812,,8.130364585667849e-05,,,0.019846629351377487,19.113338470458984,,,,,,,,,,,,,,,,,,,,,,,,,,,,,
,0.0,1.5e-05,0.0,0.0,179,,,,,,,,,,,,,,,,,,,,,,,,,,,,,,,,,,,,,,,,,,,,
,0.0,1.5e-05,0.0,0.0,179,,,,,,,,,,,,,,,,,,,,,,,,,,,,,,,,,,,,,,,,,,,,
0,,,,,179,,,,,0.05079629272222519,,0.039203010499477386,,18.28738784790039,,6.550568650709465e-05,,,0.019568752497434616,18.37738800048828,,,,,,,,,,,,,,,,,,,,,,,,,,,,,
,0.0,1.6666666666666667e-05,0.0,0.0,199,,,,,,,,,,,,,,,,,,,,,,,,,,,,,,,,,,,,,,,,,,,,
,0.0,1.6666666666666667e-05,0.0,0.0,199,,,,,,,,,,,,,,,,,,,,,,,,,,,,,,,,,,,,,,,,,,,,
0,,,,,199,,,,,0.0466875396668911,,0.03433923423290253,,15.155442237854004,,8.122139115585014e-05,,,0.01712900586426258,15.236468315124512,,,,,,,,,,,,,,,,,,,,,,,,,,,,,
,0.0,1.8333333333333333e-05,0.0,0.0,219,,,,,,,,,,,,,,,,,,,,,,,,,,,,,,,,,,,,,,,,,,,,
,0.0,1.8333333333333333e-05,0.0,0.0,219,,,,,,,,,,,,,,,,,,,,,,,,,,,,,,,,,,,,,,,,,,,,
0,,,,,219,,,,,0.060058075934648514,,0.2219972014427185,,15.017900466918945,,0.21425896883010864,,,0.0038691170047968626,15.299955368041992,,,,,,,,,,,,,,,,,,,,,,,,,,,,,
,0.0,2e-05,0.0,0.0,239,,,,,,,,,,,,,,,,,,,,,,,,,,,,,,,,,,,,,,,,,,,,
,0.0,2e-05,0.0,0.0,239,,,,,,,,,,,,,,,,,,,,,,,,,,,,,,,,,,,,,,,,,,,,
0,,,,,239,,,,,0.04983869194984436,,0.009920576587319374,,13.930105209350586,,0.0002393184113316238,,,0.004840628709644079,13.989864349365234,,,,,,,,,,,,,,,,,,,,,,,,,,,,,
,0.0,2.1666666666666667e-05,0.0,0.0,259,,,,,,,,,,,,,,,,,,,,,,,,,,,,,,,,,,,,,,,,,,,,
,0.0,2.1666666666666667e-05,0.0,0.0,259,,,,,,,,,,,,,,,,,,,,,,,,,,,,,,,,,,,,,,,,,,,,
0,,,,,259,,,,,0.03728920966386795,,0.012722771614789963,,33.73589324951172,,0.0001311015075771138,,,0.006295834667980671,33.78590393066406,,,,,,,,,,,,,,,,,,,,,,,,,,,,,
,0.0,2.3333333333333336e-05,0.0,0.0,279,,,,,,,,,,,,,,,,,,,,,,,,,,,,,,,,,,,,,,,,,,,,
,0.0,2.3333333333333336e-05,0.0,0.0,279,,,,,,,,,,,,,,,,,,,,,,,,,,,,,,,,,,,,,,,,,,,,
0,,,,,279,,,,,0.028375092893838882,,0.014658314175903797,,20.76259994506836,,0.00021872439538128674,,,0.007219795137643814,20.805633544921875,,,,,,,,,,,,,,,,,,,,,,,,,,,,,
,0.0,2.5e-05,0.0,0.0,299,,,,,,,,,,,,,,,,,,,,,,,,,,,,,,,,,,,,,,,,,,,,
,0.0,2.5e-05,0.0,0.0,299,,,,,,,,,,,,,,,,,,,,,,,,,,,,,,,,,,,,,,,,,,,,
0,,,,,299,,,,,0.06049492955207825,,0.07286445796489716,,26.50749969482422,,7.664910663152114e-05,,,0.036393903195858,26.640859603881836,,,,,,,,,,,,,,,,,,,,,,,,,,,,,
,0.0,2.6666666666666667e-05,0.0,0.0,319,,,,,,,,,,,,,,,,,,,,,,,,,,,,,,,,,,,,,,,,,,,,
,0.0,2.6666666666666667e-05,0.0,0.0,319,,,,,,,,,,,,,,,,,,,,,,,,,,,,,,,,,,,,,,,,,,,,
0,,,,,319,,,,,0.036178044974803925,,0.049700379371643066,,19.093791961669922,,3.4708100429270416e-05,,,0.024832833558321,19.179670333862305,,,,,,,,,,,,,,,,,,,,,,,,,,,,,
,0.0,2.8333333333333335e-05,0.0,0.0,339,,,,,,,,,,,,,,,,,,,,,,,,,,,,,,,,,,,,,,,,,,,,
,0.0,2.8333333333333335e-05,0.0,0.0,339,,,,,,,,,,,,,,,,,,,,,,,,,,,,,,,,,,,,,,,,,,,,
0,,,,,339,,,,,0.01916014403104782,,0.016692398115992546,,28.830060958862305,,0.00026476115453988314,,,0.00821381900459528,28.86591339111328,,,,,,,,,,,,,,,,,,,,,,,,,,,,,
,0.0,3e-05,0.0,0.0,359,,,,,,,,,,,,,,,,,,,,,,,,,,,,,,,,,,,,,,,,,,,,
,0.0,3e-05,0.0,0.0,359,,,,,,,,,,,,,,,,,,,,,,,,,,,,,,,,,,,,,,,,,,,,
0,,,,,359,,,,,0.0801394134759903,,0.07474542409181595,,19.486125946044922,,0.00013618788216263056,,,0.03730462118983269,19.641010284423828,,,,,,,,,,,,,,,,,,,,,,,,,,,,,
,0.0,3.1666666666666666e-05,0.0,0.0,379,,,,,,,,,,,,,,,,,,,,,,,,,,,,,,,,,,,,,,,,,,,,
,0.0,3.1666666666666666e-05,0.0,0.0,379,,,,,,,,,,,,,,,,,,,,,,,,,,,,,,,,,,,,,,,,,,,,
0,,,,,379,,,,,0.0468631237745285,,0.029721342027187347,,18.737327575683594,,3.011788612639066e-05,,,0.014845612458884716,18.813913345336914,,,,,,,,,,,,,,,,,,,,,,,,,,,,,
,0.0,3.3333333333333335e-05,0.0,0.0,399,,,,,,,,,,,,,,,,,,,,,,,,,,,,,,,,,,,,,,,,,,,,
,0.0,3.3333333333333335e-05,0.0,0.0,399,,,,,,,,,,,,,,,,,,,,,,,,,,,,,,,,,,,,,,,,,,,,
0,,,,,399,,,,,0.03566388785839081,,0.014315750449895859,,26.986766815185547,,0.00015768600860610604,,,0.007079032249748707,27.036746978759766,,,,,,,,,,,,,,,,,,,,,,,,,,,,,
,0.0,3.5e-05,0.0,0.0,419,,,,,,,,,,,,,,,,,,,,,,,,,,,,,,,,,,,,,,,,,,,,
,0.0,3.5e-05,0.0,0.0,419,,,,,,,,,,,,,,,,,,,,,,,,,,,,,,,,,,,,,,,,,,,,
0,,,,,419,,,,,0.019633885473012924,,0.020104428753256798,,18.07243537902832,,0.00010443084465805441,,,0.009999998845160007,18.11217498779297,,,,,,,,,,,,,,,,,,,,,,,,,,,,,
,0.0,3.6666666666666666e-05,0.0,0.0,439,,,,,,,,,,,,,,,,,,,,,,,,,,,,,,,,,,,,,,,,,,,,
,0.0,3.6666666666666666e-05,0.0,0.0,439,,,,,,,,,,,,,,,,,,,,,,,,,,,,,,,,,,,,,,,,,,,,
0,,,,,439,,,,,0.023425988852977753,,0.02572089433670044,,25.7301082611084,,0.00018261538934893906,,,0.012769139371812344,25.779254913330078,,,,,,,,,,,,,,,,,,,,,,,,,,,,,
,0.0,3.8333333333333334e-05,0.0,0.0,459,,,,,,,,,,,,,,,,,,,,,,,,,,,,,,,,,,,,,,,,,,,,
,0.0,3.8333333333333334e-05,0.0,0.0,459,,,,,,,,,,,,,,,,,,,,,,,,,,,,,,,,,,,,,,,,,,,,
0,,,,,459,,,,,0.018923932686448097,,0.03293208032846451,,13.815839767456055,,2.8763184673152864e-05,,,0.016451656818389893,13.867695808410645,,,,,,,,,,,,,,,,,,,,,,,,,,,,,
,0.0,4e-05,0.0,0.0,479,,,,,,,,,,,,,,,,,,,,,,,,,,,,,,,,,,,,,,,,,,,,
,0.0,4e-05,0.0,0.0,479,,,,,,,,,,,,,,,,,,,,,,,,,,,,,,,,,,,,,,,,,,,,
0,,,,,479,,,,,0.07572708278894424,,0.39306268095970154,,35.23291015625,,0.20599068701267242,,,0.09353599697351456,35.701698303222656,,,,,,,,,,,,,,,,,,,,,,,,,,,,,
,0.0,4.166666666666667e-05,0.0,0.0,499,,,,,,,,,,,,,,,,,,,,,,,,,,,,,,,,,,,,,,,,,,,,
,0.0,4.166666666666667e-05,0.0,0.0,499,,,,,,,,,,,,,,,,,,,,,,,,,,,,,,,,,,,,,,,,,,,,
0,,,,,499,,,,,0.09011366218328476,,-0.0,,16.913562774658203,,-0.0,,,-0.0,17.003677368164062,,,,,,,,,,,,,,,,,,,,,,,,,,,,,
,0.0,4.3333333333333334e-05,0.0,0.0,519,,,,,,,,,,,,,,,,,,,,,,,,,,,,,,,,,,,,,,,,,,,,
,0.0,4.3333333333333334e-05,0.0,0.0,519,,,,,,,,,,,,,,,,,,,,,,,,,,,,,,,,,,,,,,,,,,,,
0,,,,,519,,,,,0.022932246327400208,,0.041502293199300766,,22.755403518676758,,0.00024717760970816016,,,0.02062755823135376,22.81983757019043,,,,,,,,,,,,,,,,,,,,,,,,,,,,,
,0.0,4.5e-05,0.0,0.0,539,,,,,,,,,,,,,,,,,,,,,,,,,,,,,,,,,,,,,,,,,,,,
,0.0,4.5e-05,0.0,0.0,539,,,,,,,,,,,,,,,,,,,,,,,,,,,,,,,,,,,,,,,,,,,,
0,,,,,539,,,,,0.04135364294052124,,0.02044585905969143,,27.732025146484375,,8.299951150547713e-05,,,0.010181430727243423,27.793825149536133,,,,,,,,,,,,,,,,,,,,,,,,,,,,,
,0.0,4.666666666666667e-05,0.0,0.0,559,,,,,,,,,,,,,,,,,,,,,,,,,,,,,,,,,,,,,,,,,,,,
,0.0,4.666666666666667e-05,0.0,0.0,559,,,,,,,,,,,,,,,,,,,,,,,,,,,,,,,,,,,,,,,,,,,,
0,,,,,559,,,,,0.0421769879758358,,0.046823736280202866,,17.96476173400879,,0.00023045991838444024,,,0.02329663746058941,18.053762435913086,,,,,,,,,,,,,,,,,,,,,,,,,,,,,
,0.0,4.8333333333333334e-05,0.0,0.0,579,,,,,,,,,,,,,,,,,,,,,,,,,,,,,,,,,,,,,,,,,,,,
,0.0,4.8333333333333334e-05,0.0,0.0,579,,,,,,,,,,,,,,,,,,,,,,,,,,,,,,,,,,,,,,,,,,,,
0,,,,,579,,,,,0.013259446248412132,,-0.0,,17.519933700561523,,-0.0,,,-0.0,17.533193588256836,,,,,,,,,,,,,,,,,,,,,,,,,,,,,
,0.0,5e-05,0.0,0.0,599,,,,,,,,,,,,,,,,,,,,,,,,,,,,,,,,,,,,,,,,,,,,
,0.0,5e-05,0.0,0.0,599,,,,,,,,,,,,,,,,,,,,,,,,,,,,,,,,,,,,,,,,,,,,
0,,,,,599,,,,,0.061005380004644394,,0.08364598453044891,,21.9446964263916,,0.00032718636794015765,,,0.0416593998670578,22.08934783935547,,,,,,,,,,,,,,,,,,,,,,,,,,,,,
,0.0,5.166666666666667e-05,0.0,0.0,619,,,,,,,,,,,,,,,,,,,,,,,,,,,,,,,,,,,,,,,,,,,,
,0.0,5.166666666666667e-05,0.0,0.0,619,,,,,,,,,,,,,,,,,,,,,,,,,,,,,,,,,,,,,,,,,,,,
0,,,,,619,,,,,0.05192398279905319,,0.08456543833017349,,14.913352966308594,,1.7531654521008022e-05,,,0.042273953557014465,15.04984188079834,,,,,,,,,,,,,,,,,,,,,,,,,,,,,
,0.0,5.333333333333333e-05,0.0,0.0,639,,,,,,,,,,,,,,,,,,,,,,,,,,,,,,,,,,,,,,,,,,,,
,0.0,5.333333333333333e-05,0.0,0.0,639,,,,,,,,,,,,,,,,,,,,,,,,,,,,,,,,,,,,,,,,,,,,
0,,,,,639,,,,,0.018502432852983475,,0.03555075824260712,,15.489301681518555,,0.00011778196494560689,,,0.017716487869620323,15.543354988098145,,,,,,,,,,,,,,,,,,,,,,,,,,,,,
,0.0,5.500000000000001e-05,0.0,0.0,659,,,,,,,,,,,,,,,,,,,,,,,,,,,,,,,,,,,,,,,,,,,,
,0.0,5.500000000000001e-05,0.0,0.0,659,,,,,,,,,,,,,,,,,,,,,,,,,,,,,,,,,,,,,,,,,,,,
0,,,,,659,,,,,0.012664621695876122,,0.031083177775144577,,20.029848098754883,,9.78366588242352e-05,,,0.015492670238018036,20.073596954345703,,,,,,,,,,,,,,,,,,,,,,,,,,,,,
,0.0,5.666666666666667e-05,0.0,0.0,679,,,,,,,,,,,,,,,,,,,,,,,,,,,,,,,,,,,,,,,,,,,,
,0.0,5.666666666666667e-05,0.0,0.0,679,,,,,,,,,,,,,,,,,,,,,,,,,,,,,,,,,,,,,,,,,,,,
0,,,,,679,,,,,0.03066018968820572,,0.0189523883163929,,12.85492992401123,,0.00017288266099058092,,,0.009389752522110939,12.904542922973633,,,,,,,,,,,,,,,,,,,,,,,,,,,,,
,0.0,5.833333333333334e-05,0.0,0.0,699,,,,,,,,,,,,,,,,,,,,,,,,,,,,,,,,,,,,,,,,,,,,
,0.0,5.833333333333334e-05,0.0,0.0,699,,,,,,,,,,,,,,,,,,,,,,,,,,,,,,,,,,,,,,,,,,,,
0,,,,,699,,,,,0.025334561243653297,,0.031102053821086884,,14.591134071350098,,0.00048014227650128305,,,0.015310955233871937,14.647570610046387,,,,,,,,,,,,,,,,,,,,,,,,,,,,,
,0.0,6e-05,0.0,0.0,719,,,,,,,,,,,,,,,,,,,,,,,,,,,,,,,,,,,,,,,,,,,,
,0.0,6e-05,0.0,0.0,719,,,,,,,,,,,,,,,,,,,,,,,,,,,,,,,,,,,,,,,,,,,,
0,,,,,719,,,,,0.030473653227090836,,0.0628577172756195,,19.504589080810547,,0.00013863100321032107,,,0.03135954588651657,19.59792137145996,,,,,,,,,,,,,,,,,,,,,,,,,,,,,
,0.0,6.166666666666667e-05,0.0,0.0,739,,,,,,,,,,,,,,,,,,,,,,,,,,,,,,,,,,,,,,,,,,,,
,0.0,6.166666666666667e-05,0.0,0.0,739,,,,,,,,,,,,,,,,,,,,,,,,,,,,,,,,,,,,,,,,,,,,
0,,,,,739,,,,,0.021717889234423637,,0.05160369351506233,,18.271209716796875,,9.362454147776589e-05,,,0.025755034759640694,18.34453010559082,,,,,,,,,,,,,,,,,,,,,,,,,,,,,
,0.0,6.333333333333333e-05,0.0,0.0,759,,,,,,,,,,,,,,,,,,,,,,,,,,,,,,,,,,,,,,,,,,,,
,0.0,6.333333333333333e-05,0.0,0.0,759,,,,,,,,,,,,,,,,,,,,,,,,,,,,,,,,,,,,,,,,,,,,
0,,,,,759,,,,,0.033242788165807724,,0.07174185663461685,,14.452478408813477,,0.0013200436951592565,,,0.035210903733968735,14.557463645935059,,,,,,,,,,,,,,,,,,,,,,,,,,,,,
,0.0,6.500000000000001e-05,0.0,0.0,779,,,,,,,,,,,,,,,,,,,,,,,,,,,,,,,,,,,,,,,,,,,,
,0.0,6.500000000000001e-05,0.0,0.0,779,,,,,,,,,,,,,,,,,,,,,,,,,,,,,,,,,,,,,,,,,,,,
0,,,,,779,,,,,0.033879563212394714,,0.05584115535020828,,17.966768264770508,,0.0002888313611038029,,,0.027776161208748817,18.056489944458008,,,,,,,,,,,,,,,,,,,,,,,,,,,,,
,0.0,6.666666666666667e-05,0.0,0.0,799,,,,,,,,,,,,,,,,,,,,,,,,,,,,,,,,,,,,,,,,,,,,
,0.0,6.666666666666667e-05,0.0,0.0,799,,,,,,,,,,,,,,,,,,,,,,,,,,,,,,,,,,,,,,,,,,,,
0,,,,,799,,,,,0.04648716747760773,,0.028809763491153717,,14.51019287109375,,0.00012142388732172549,,,0.01434416975826025,14.585489273071289,,,,,,,,,,,,,,,,,,,,,,,,,,,,,
,0.0,6.833333333333333e-05,0.0,0.0,819,,,,,,,,,,,,,,,,,,,,,,,,,,,,,,,,,,,,,,,,,,,,
,0.0,6.833333333333333e-05,0.0,0.0,819,,,,,,,,,,,,,,,,,,,,,,,,,,,,,,,,,,,,,,,,,,,,
0,,,,,819,,,,,0.023182163015007973,,0.022546840831637383,,15.154094696044922,,6.714525807183236e-05,,,0.011239848099648952,15.199823379516602,,,,,,,,,,,,,,,,,,,,,,,,,,,,,
,0.0,7e-05,0.0,0.0,839,,,,,,,,,,,,,,,,,,,,,,,,,,,,,,,,,,,,,,,,,,,,
,0.0,7e-05,0.0,0.0,839,,,,,,,,,,,,,,,,,,,,,,,,,,,,,,,,,,,,,,,,,,,,
0,,,,,839,,,,,0.032452020794153214,,0.02181532420217991,,16.02777862548828,,0.00012797095405403525,,,0.010843676514923573,16.082046508789062,,,,,,,,,,,,,,,,,,,,,,,,,,,,,
,0.0,7.166666666666667e-05,0.0,0.0,859,,,,,,,,,,,,,,,,,,,,,,,,,,,,,,,,,,,,,,,,,,,,
,0.0,7.166666666666667e-05,0.0,0.0,859,,,,,,,,,,,,,,,,,,,,,,,,,,,,,,,,,,,,,,,,,,,,
0,,,,,859,,,,,0.02222885750234127,,0.034263476729393005,,15.127018928527832,,0.0001061191942426376,,,0.01707867719233036,15.183511734008789,,,,,,,,,,,,,,,,,,,,,,,,,,,,,
,0.0,7.333333333333333e-05,0.0,0.0,879,,,,,,,,,,,,,,,,,,,,,,,,,,,,,,,,,,,,,,,,,,,,
,0.0,7.333333333333333e-05,0.0,0.0,879,,,,,,,,,,,,,,,,,,,,,,,,,,,,,,,,,,,,,,,,,,,,
0,,,,,879,,,,,0.016087904572486877,,-0.0,,15.61397933959961,,-0.0,,,-0.0,15.630066871643066,,,,,,,,,,,,,,,,,,,,,,,,,,,,,
,0.0,7.500000000000001e-05,0.0,0.0,899,,,,,,,,,,,,,,,,,,,,,,,,,,,,,,,,,,,,,,,,,,,,
,0.0,7.500000000000001e-05,0.0,0.0,899,,,,,,,,,,,,,,,,,,,,,,,,,,,,,,,,,,,,,,,,,,,,
0,,,,,899,,,,,0.021810630336403847,,0.018925735726952553,,19.021095275878906,,6.626379035878927e-05,,,0.00942973606288433,19.061832427978516,,,,,,,,,,,,,,,,,,,,,,,,,,,,,
,0.0,7.666666666666667e-05,0.0,0.0,919,,,,,,,,,,,,,,,,,,,,,,,,,,,,,,,,,,,,,,,,,,,,
,0.0,7.666666666666667e-05,0.0,0.0,919,,,,,,,,,,,,,,,,,,,,,,,,,,,,,,,,,,,,,,,,,,,,
0,,,,,919,,,,,0.02123870700597763,,0.03220374882221222,,17.48255157470703,,0.01335071586072445,,,0.00942651554942131,17.535993576049805,,,,,,,,,,,,,,,,,,,,,,,,,,,,,
,0.0,7.833333333333333e-05,0.0,0.0,939,,,,,,,,,,,,,,,,,,,,,,,,,,,,,,,,,,,,,,,,,,,,
,0.0,7.833333333333333e-05,0.0,0.0,939,,,,,,,,,,,,,,,,,,,,,,,,,,,,,,,,,,,,,,,,,,,,
0,,,,,939,,,,,0.008931193500757217,,0.009414030238986015,,12.477307319641113,,0.0019082501530647278,,,0.003752890508621931,12.495652198791504,,,,,,,,,,,,,,,,,,,,,,,,,,,,,
,0.0,8e-05,0.0,0.0,959,,,,,,,,,,,,,,,,,,,,,,,,,,,,,,,,,,,,,,,,,,,,
,0.0,8e-05,0.0,0.0,959,,,,,,,,,,,,,,,,,,,,,,,,,,,,,,,,,,,,,,,,,,,,
0,,,,,959,,,,,0.02924531139433384,,0.06217239052057266,,12.915640830993652,,3.193468364770524e-05,,,0.031070226803421974,13.007058143615723,,,,,,,,,,,,,,,,,,,,,,,,,,,,,
,0.0,8.166666666666667e-05,0.0,0.0,979,,,,,,,,,,,,,,,,,,,,,,,,,,,,,,,,,,,,,,,,,,,,
,0.0,8.166666666666667e-05,0.0,0.0,979,,,,,,,,,,,,,,,,,,,,,,,,,,,,,,,,,,,,,,,,,,,,
0,,,,,979,,,,,0.021583031862974167,,0.05439470708370209,,12.375723838806152,,5.4019572417018935e-05,,,0.027170343324542046,12.451701164245605,,,,,,,,,,,,,,,,,,,,,,,,,,,,,
,0.0,8.333333333333334e-05,0.0,0.0,999,,,,,,,,,,,,,,,,,,,,,,,,,,,,,,,,,,,,,,,,,,,,
,0.0,8.333333333333334e-05,0.0,0.0,999,,,,,,,,,,,,,,,,,,,,,,,,,,,,,,,,,,,,,,,,,,,,
0,,,,,999,,,,,0.014719510450959206,,0.011343918740749359,,16.950927734375,,0.0001320185256190598,,,0.005605950485914946,16.97698974609375,,,,,,,,,,,,,,,,,,,,,,,,,,,,,
,0.0,8.5e-05,0.0,0.0,1019,,,,,,,,,,,,,,,,,,,,,,,,,,,,,,,,,,,,,,,,,,,,
,0.0,8.5e-05,0.0,0.0,1019,,,,,,,,,,,,,,,,,,,,,,,,,,,,,,,,,,,,,,,,,,,,
0,,,,,1019,,,,,0.028284600004553795,,0.011141261085867882,,14.702820777893066,,2.3780388801242225e-05,,,0.005558740347623825,14.742246627807617,,,,,,,,,,,,,,,,,,,,,,,,,,,,,
,0.0,8.666666666666667e-05,0.0,0.0,1039,,,,,,,,,,,,,,,,,,,,,,,,,,,,,,,,,,,,,,,,,,,,
,0.0,8.666666666666667e-05,0.0,0.0,1039,,,,,,,,,,,,,,,,,,,,,,,,,,,,,,,,,,,,,,,,,,,,
0,,,,,1039,,,,,0.02413945458829403,,0.02468733862042427,,20.176504135131836,,0.0013192776823416352,,,0.011684030294418335,20.225330352783203,,,,,,,,,,,,,,,,,,,,,,,,,,,,,
,0.0,8.833333333333333e-05,0.0,0.0,1059,,,,,,,,,,,,,,,,,,,,,,,,,,,,,,,,,,,,,,,,,,,,
,0.0,8.833333333333333e-05,0.0,0.0,1059,,,,,,,,,,,,,,,,,,,,,,,,,,,,,,,,,,,,,,,,,,,,
0,,,,,1059,,,,,0.018098700791597366,,0.03702031075954437,,13.576398849487305,,3.999927139375359e-05,,,0.018490154296159744,13.631518363952637,,,,,,,,,,,,,,,,,,,,,,,,,,,,,
,0.0,9e-05,0.0,0.0,1079,,,,,,,,,,,,,,,,,,,,,,,,,,,,,,,,,,,,,,,,,,,,
,0.0,9e-05,0.0,0.0,1079,,,,,,,,,,,,,,,,,,,,,,,,,,,,,,,,,,,,,,,,,,,,
0,,,,,1079,,,,,0.01435142382979393,,0.018802177160978317,,11.35658073425293,,0.0023432010784745216,,,0.00822948757559061,11.389735221862793,,,,,,,,,,,,,,,,,,,,,,,,,,,,,
,0.0,9.166666666666667e-05,0.0,0.0,1099,,,,,,,,,,,,,,,,,,,,,,,,,,,,,,,,,,,,,,,,,,,,
,0.0,9.166666666666667e-05,0.0,0.0,1099,,,,,,,,,,,,,,,,,,,,,,,,,,,,,,,,,,,,,,,,,,,,
0,,,,,1099,,,,,0.024814030155539513,,0.05427692085504532,,18.617647171020508,,8.731109119253233e-05,,,0.027094805613160133,18.696739196777344,,,,,,,,,,,,,,,,,,,,,,,,,,,,,
,0.0,9.333333333333334e-05,0.0,0.0,1119,,,,,,,,,,,,,,,,,,,,,,,,,,,,,,,,,,,,,,,,,,,,
,0.0,9.333333333333334e-05,0.0,0.0,1119,,,,,,,,,,,,,,,,,,,,,,,,,,,,,,,,,,,,,,,,,,,,
0,,,,,1119,,,,,0.042661163955926895,,0.08990520238876343,,17.150615692138672,,0.0007765466580167413,,,0.04456432908773422,17.28318214416504,,,,,,,,,,,,,,,,,,,,,,,,,,,,,
,0.0,9.5e-05,0.0,0.0,1139,,,,,,,,,,,,,,,,,,,,,,,,,,,,,,,,,,,,,,,,,,,,
,0.0,9.5e-05,0.0,0.0,1139,,,,,,,,,,,,,,,,,,,,,,,,,,,,,,,,,,,,,,,,,,,,
0,,,,,1139,,,,,0.024446234107017517,,0.03890608623623848,,14.291622161865234,,0.010014720261096954,,,0.014445682987570763,14.354974746704102,,,,,,,,,,,,,,,,,,,,,,,,,,,,,
,0.0,9.666666666666667e-05,0.0,0.0,1159,,,,,,,,,,,,,,,,,,,,,,,,,,,,,,,,,,,,,,,,,,,,
,0.0,9.666666666666667e-05,0.0,0.0,1159,,,,,,,,,,,,,,,,,,,,,,,,,,,,,,,,,,,,,,,,,,,,
0,,,,,1159,,,,,0.0187823586165905,,0.08441302180290222,,17.14864730834961,,3.788706089835614e-05,,,0.04218756780028343,17.251842498779297,,,,,,,,,,,,,,,,,,,,,,,,,,,,,
,0.0,9.833333333333333e-05,0.0,0.0,1179,,,,,,,,,,,,,,,,,,,,,,,,,,,,,,,,,,,,,,,,,,,,
,0.0,9.833333333333333e-05,0.0,0.0,1179,,,,,,,,,,,,,,,,,,,,,,,,,,,,,,,,,,,,,,,,,,,,
0,,,,,1179,,,,,0.01877378672361374,,0.022961189970374107,,13.130860328674316,,0.007400989066809416,,,0.007780100218951702,13.172595977783203,,,,,,,,,,,,,,,,,,,,,,,,,,,,,
,0.0,0.0001,0.0,0.0,1199,,,,,,,,,,,,,,,,,,,,,,,,,,,,,,,,,,,,,,,,,,,,
,0.0,0.0001,0.0,0.0,1199,,,,,,,,,,,,,,,,,,,,,,,,,,,,,,,,,,,,,,,,,,,,
0,,,,,1199,,,,,0.03134841471910477,,0.06098165363073349,,17.443397521972656,,7.685319724259898e-05,,,0.03045240044593811,17.535728454589844,,,,,,,,,,,,,,,,,,,,,,,,,,,,,
,0.0,9.999981204020135e-05,0.0,0.0,1219,,,,,,,,,,,,,,,,,,,,,,,,,,,,,,,,,,,,,,,,,,,,
,0.0,9.999981204020135e-05,0.0,0.0,1219,,,,,,,,,,,,,,,,,,,,,,,,,,,,,,,,,,,,,,,,,,,,
0,,,,,1219,,,,,0.023770947009325027,,0.099984310567379,,19.033445358276367,,0.00012267925194464624,,,0.049930814653635025,19.157201766967773,,,,,,,,,,,,,,,,,,,,,,,,,,,,,
,0.0,9.99992481622328e-05,0.0,0.0,1239,,,,,,,,,,,,,,,,,,,,,,,,,,,,,,,,,,,,,,,,,,,,
,0.0,9.99992481622328e-05,0.0,0.0,1239,,,,,,,,,,,,,,,,,,,,,,,,,,,,,,,,,,,,,,,,,,,,
0,,,,,1239,,,,,0.10753501206636429,,0.5282434821128845,,16.17010498046875,,0.011874133720993996,,,0.25818467140197754,16.805883407592773,,,,,,,,,,,,,,,,,,,,,,,,,,,,,
,0.0,9.999830837037665e-05,0.0,0.0,1259,,,,,,,,,,,,,,,,,,,,,,,,,,,,,,,,,,,,,,,,,,,,
,0.0,9.999830837037665e-05,0.0,0.0,1259,,,,,,,,,,,,,,,,,,,,,,,,,,,,,,,,,,,,,,,,,,,,
0,,,,,1259,,,,,0.016294017434120178,,0.6383452415466309,,15.341970443725586,,0.48805978894233704,,,0.07514271140098572,15.996610641479492,,,,,,,,,,,,,,,,,,,,,,,,,,,,,
,0.0,9.999699267176999e-05,0.0,0.0,1279,,,,,,,,,,,,,,,,,,,,,,,,,,,,,,,,,,,,,,,,,,,,
,0.0,9.999699267176999e-05,0.0,0.0,1279,,,,,,,,,,,,,,,,,,,,,,,,,,,,,,,,,,,,,,,,,,,,
0,,,,,1279,,,,,0.09632064402103424,,0.05571984499692917,,14.863104820251465,,0.001029446953907609,,,0.0273451991379261,15.015145301818848,,,,,,,,,,,,,,,,,,,,,,,,,,,,,
,0.0,9.999530107640466e-05,0.0,0.0,1299,,,,,,,,,,,,,,,,,,,,,,,,,,,,,,,,,,,,,,,,,,,,
,0.0,9.999530107640466e-05,0.0,0.0,1299,,,,,,,,,,,,,,,,,,,,,,,,,,,,,,,,,,,,,,,,,,,,
0,,,,,1299,,,,,0.11134983599185944,,0.06506191939115524,,16.39899444580078,,3.610766725614667e-05,,,0.03251290321350098,16.57540512084961,,,,,,,,,,,,,,,,,,,,,,,,,,,,,
,0.0,9.999323359712723e-05,0.0,0.0,1319,,,,,,,,,,,,,,,,,,,,,,,,,,,,,,,,,,,,,,,,,,,,
,0.0,9.999323359712723e-05,0.0,0.0,1319,,,,,,,,,,,,,,,,,,,,,,,,,,,,,,,,,,,,,,,,,,,,
0,,,,,1319,,,,,0.035901349037885666,,0.06148149073123932,,19.444751739501953,,0.00016715805395506322,,,0.030657166615128517,19.54213523864746,,,,,,,,,,,,,,,,,,,,,,,,,,,,,
,0.0,9.99907902496388e-05,0.0,0.0,1339,,,,,,,,,,,,,,,,,,,,,,,,,,,,,,,,,,,,,,,,,,,,
,0.0,9.99907902496388e-05,0.0,0.0,1339,,,,,,,,,,,,,,,,,,,,,,,,,,,,,,,,,,,,,,,,,,,,
0,,,,,1339,,,,,0.02476060763001442,,0.048708513379096985,,21.536975860595703,,0.00011640993761830032,,,0.024296050891280174,21.610445022583008,,,,,,,,,,,,,,,,,,,,,,,,,,,,,
,0.0,9.9987971052495e-05,0.0,0.0,1359,,,,,,,,,,,,,,,,,,,,,,,,,,,,,,,,,,,,,,,,,,,,
,0.0,9.9987971052495e-05,0.0,0.0,1359,,,,,,,,,,,,,,,,,,,,,,,,,,,,,,,,,,,,,,,,,,,,
0,,,,,1359,,,,,0.03171762079000473,,0.10525190085172653,,28.04425811767578,,2.5675122742541134e-05,,,0.052613113075494766,28.18122673034668,,,,,,,,,,,,,,,,,,,,,,,,,,,,,
,0.0,9.998477602710573e-05,0.0,0.0,1379,,,,,,,,,,,,,,,,,,,,,,,,,,,,,,,,,,,,,,,,,,,,
,0.0,9.998477602710573e-05,0.0,0.0,1379,,,,,,,,,,,,,,,,,,,,,,,,,,,,,,,,,,,,,,,,,,,,
0,,,,,1379,,,,,0.08240372687578201,,0.09266616404056549,,17.615013122558594,,3.909659790224396e-05,,,0.046313535422086716,17.790082931518555,,,,,,,,,,,,,,,,,,,,,,,,,,,,,
,0.0,9.99812051977351e-05,0.0,0.0,1399,,,,,,,,,,,,,,,,,,,,,,,,,,,,,,,,,,,,,,,,,,,,
,0.0,9.99812051977351e-05,0.0,0.0,1399,,,,,,,,,,,,,,,,,,,,,,,,,,,,,,,,,,,,,,,,,,,,
0,,,,,1399,,,,,0.013315409421920776,,0.037184469401836395,,16.911895751953125,,0.00010887531971093267,,,0.018537797033786774,16.96239471435547,,,,,,,,,,,,,,,,,,,,,,,,,,,,,
,0.0,9.997725859150118e-05,0.0,0.0,1419,,,,,,,,,,,,,,,,,,,,,,,,,,,,,,,,,,,,,,,,,,,,
,0.0,9.997725859150118e-05,0.0,0.0,1419,,,,,,,,,,,,,,,,,,,,,,,,,,,,,,,,,,,,,,,,,,,,
0,,,,,1419,,,,,0.0654410719871521,,0.2946316599845886,,11.196006774902344,,4.344696571934037e-05,,,0.14729410409927368,11.556079864501953,,,,,,,,,,,,,,,,,,,,,,,,,,,,,
,0.0,9.997293623837585e-05,0.0,0.0,1439,,,,,,,,,,,,,,,,,,,,,,,,,,,,,,,,,,,,,,,,,,,,
,0.0,9.997293623837585e-05,0.0,0.0,1439,,,,,,,,,,,,,,,,,,,,,,,,,,,,,,,,,,,,,,,,,,,,
0,,,,,1439,,,,,0.03705161437392235,,0.15697979927062988,,24.677654266357422,,0.03403737023472786,,,0.06147121638059616,24.871686935424805,,,,,,,,,,,,,,,,,,,,,,,,,,,,,
,0.0,9.996823817118446e-05,0.0,0.0,1459,,,,,,,,,,,,,,,,,,,,,,,,,,,,,,,,,,,,,,,,,,,,
,0.0,9.996823817118446e-05,0.0,0.0,1459,,,,,,,,,,,,,,,,,,,,,,,,,,,,,,,,,,,,,,,,,,,,
0,,,,,1459,,,,,0.06710773706436157,,0.011686410754919052,,13.202616691589355,,0.00015429376799147576,,,0.005766058340668678,13.281411170959473,,,,,,,,,,,,,,,,,,,,,,,,,,,,,
,0.0,9.996316442560574e-05,0.0,0.0,1479,,,,,,,,,,,,,,,,,,,,,,,,,,,,,,,,,,,,,,,,,,,,
,0.0,9.996316442560574e-05,0.0,0.0,1479,,,,,,,,,,,,,,,,,,,,,,,,,,,,,,,,,,,,,,,,,,,,
0,,,,,1479,,,,,0.026483239606022835,,0.1071465015411377,,13.391593933105469,,0.0060203056782484055,,,0.05056309700012207,13.525223731994629,,,,,,,,,,,,,,,,,,,,,,,,,,,,,
,0.0,9.995771504017139e-05,0.0,0.0,1499,,,,,,,,,,,,,,,,,,,,,,,,,,,,,,,,,,,,,,,,,,,,
,0.0,9.995771504017139e-05,0.0,0.0,1499,,,,,,,,,,,,,,,,,,,,,,,,,,,,,,,,,,,,,,,,,,,,
0,,,,,1499,,,,,0.01603037863969803,,0.02689485438168049,,12.07533073425293,,1.5711842934251763e-05,,,0.013439571484923363,12.118255615234375,,,,,,,,,,,,,,,,,,,,,,,,,,,,,
,0.0,9.995189005626592e-05,0.0,0.0,1519,,,,,,,,,,,,,,,,,,,,,,,,,,,,,,,,,,,,,,,,,,,,
,0.0,9.995189005626592e-05,0.0,0.0,1519,,,,,,,,,,,,,,,,,,,,,,,,,,,,,,,,,,,,,,,,,,,,
0,,,,,1519,,,,,0.02995479106903076,,0.02764415554702282,,29.79224395751953,,5.199183942750096e-05,,,0.013796081766486168,29.849842071533203,,,,,,,,,,,,,,,,,,,,,,,,,,,,,
,0.0,9.994568951812617e-05,0.0,0.0,1539,,,,,,,,,,,,,,,,,,,,,,,,,,,,,,,,,,,,,,,,,,,,
,0.0,9.994568951812617e-05,0.0,0.0,1539,,,,,,,,,,,,,,,,,,,,,,,,,,,,,,,,,,,,,,,,,,,,
0,,,,,1539,,,,,0.021004606038331985,,0.024582499638199806,,16.469682693481445,,0.0001621351984795183,,,0.012210181914269924,16.515268325805664,,,,,,,,,,,,,,,,,,,,,,,,,,,,,
,0.0,9.993911347284109e-05,0.0,0.0,1559,,,,,,,,,,,,,,,,,,,,,,,,,,,,,,,,,,,,,,,,,,,,
,0.0,9.993911347284109e-05,0.0,0.0,1559,,,,,,,,,,,,,,,,,,,,,,,,,,,,,,,,,,,,,,,,,,,,
0,,,,,1559,,,,,0.039507411420345306,,0.6530274152755737,,17.418495178222656,,7.792721589794382e-05,,,0.32647472620010376,18.11102867126465,,,,,,,,,,,,,,,,,,,,,,,,,,,,,
,0.0,9.99321619703514e-05,0.0,0.0,1579,,,,,,,,,,,,,,,,,,,,,,,,,,,,,,,,,,,,,,,,,,,,
,0.0,9.99321619703514e-05,0.0,0.0,1579,,,,,,,,,,,,,,,,,,,,,,,,,,,,,,,,,,,,,,,,,,,,
0,,,,,1579,,,,,0.027913879603147507,,0.050677165389060974,,19.915828704833984,,5.4723994253436103e-05,,,0.025311220437288284,19.99441909790039,,,,,,,,,,,,,,,,,,,,,,,,,,,,,
,0.0,9.992483506344915e-05,0.0,0.0,1599,,,,,,,,,,,,,,,,,,,,,,,,,,,,,,,,,,,,,,,,,,,,
,0.0,9.992483506344915e-05,0.0,0.0,1599,,,,,,,,,,,,,,,,,,,,,,,,,,,,,,,,,,,,,,,,,,,,
0,,,,,1599,,,,,2.0671727657318115,,0.010527681559324265,,13.44643497467041,,0.00039624900091439486,,,0.0050657158717513084,15.52413558959961,,,,,,,,,,,,,,,,,,,,,,,,,,,,,
,0.0,9.991713280777732e-05,0.0,0.0,1619,,,,,,,,,,,,,,,,,,,,,,,,,,,,,,,,,,,,,,,,,,,,
,0.0,9.991713280777732e-05,0.0,0.0,1619,,,,,,,,,,,,,,,,,,,,,,,,,,,,,,,,,,,,,,,,,,,,
0,,,,,1619,,,,,0.030283432453870773,,0.07986853271722794,,27.805925369262695,,0.00011089142208220437,,,0.03987881913781166,27.91607666015625,,,,,,,,,,,,,,,,,,,,,,,,,,,,,
,0.0,9.990905526182941e-05,0.0,0.0,1639,,,,,,,,,,,,,,,,,,,,,,,,,,,,,,,,,,,,,,,,,,,,
,0.0,9.990905526182941e-05,0.0,0.0,1639,,,,,,,,,,,,,,,,,,,,,,,,,,,,,,,,,,,,,,,,,,,,
0,,,,,1639,,,,,0.01966114342212677,,0.03462732210755348,,35.422969818115234,,4.780192830367014e-05,,,0.01728975959122181,35.477256774902344,,,,,,,,,,,,,,,,,,,,,,,,,,,,,
,0.0,9.990060248694902e-05,0.0,0.0,1659,,,,,,,,,,,,,,,,,,,,,,,,,,,,,,,,,,,,,,,,,,,,
,0.0,9.990060248694902e-05,0.0,0.0,1659,,,,,,,,,,,,,,,,,,,,,,,,,,,,,,,,,,,,,,,,,,,,
0,,,,,1659,,,,,0.031855933368206024,,0.06716521084308624,,13.728862762451172,,0.00011514200014062226,,,0.03352503478527069,13.82788372039795,,,,,,,,,,,,,,,,,,,,,,,,,,,,,
,0.0,9.989177454732935e-05,0.0,0.0,1679,,,,,,,,,,,,,,,,,,,,,,,,,,,,,,,,,,,,,,,,,,,,
,0.0,9.989177454732935e-05,0.0,0.0,1679,,,,,,,,,,,,,,,,,,,,,,,,,,,,,,,,,,,,,,,,,,,,
0,,,,,1679,,,,,0.029372747987508774,,0.033956777304410934,,17.45817756652832,,8.3197868661955e-05,,,0.016936790198087692,17.521507263183594,,,,,,,,,,,,,,,,,,,,,,,,,,,,,
,0.0,9.988257151001274e-05,0.0,0.0,1699,,,,,,,,,,,,,,,,,,,,,,,,,,,,,,,,,,,,,,,,,,,,
,0.0,9.988257151001274e-05,0.0,0.0,1699,,,,,,,,,,,,,,,,,,,,,,,,,,,,,,,,,,,,,,,,,,,,
0,,,,,1699,,,,,0.012347276322543621,,-0.0,,21.02050018310547,,-0.0,,,-0.0,21.032848358154297,,,,,,,,,,,,,,,,,,,,,,,,,,,,,
,0.0,9.987299344489014e-05,0.0,0.0,1719,,,,,,,,,,,,,,,,,,,,,,,,,,,,,,,,,,,,,,,,,,,,
,0.0,9.987299344489014e-05,0.0,0.0,1719,,,,,,,,,,,,,,,,,,,,,,,,,,,,,,,,,,,,,,,,,,,,
0,,,,,1719,,,,,0.01718328334391117,,0.04399694502353668,,13.904631614685059,,2.122960358974524e-05,,,0.021987859159708023,13.965811729431152,,,,,,,,,,,,,,,,,,,,,,,,,,,,,
,0.0,9.986304042470058e-05,0.0,0.0,1739,,,,,,,,,,,,,,,,,,,,,,,,,,,,,,,,,,,,,,,,,,,,
,0.0,9.986304042470058e-05,0.0,0.0,1739,,,,,,,,,,,,,,,,,,,,,,,,,,,,,,,,,,,,,,,,,,,,
0,,,,,1739,,,,,0.02087472565472126,,0.03194320946931839,,14.116592407226562,,0.0002197364519815892,,,0.015861736610531807,14.169410705566406,,,,,,,,,,,,,,,,,,,,,,,,,,,,,
,0.0,9.985271252503067e-05,0.0,0.0,1759,,,,,,,,,,,,,,,,,,,,,,,,,,,,,,,,,,,,,,,,,,,,
,0.0,9.985271252503067e-05,0.0,0.0,1759,,,,,,,,,,,,,,,,,,,,,,,,,,,,,,,,,,,,,,,,,,,,
0,,,,,1759,,,,,2.143544912338257,,0.028994224965572357,,16.415666580200195,,0.0001860281772678718,,,0.014404098503291607,18.588205337524414,,,,,,,,,,,,,,,,,,,,,,,,,,,,,
,0.0,9.98420098243139e-05,0.0,0.0,1779,,,,,,,,,,,,,,,,,,,,,,,,,,,,,,,,,,,,,,,,,,,,
,0.0,9.98420098243139e-05,0.0,0.0,1779,,,,,,,,,,,,,,,,,,,,,,,,,,,,,,,,,,,,,,,,,,,,
0,,,,,1779,,,,,0.015734292566776276,,0.009581430815160275,,15.459672927856445,,5.214366683503613e-05,,,0.004764643497765064,15.484989166259766,,,,,,,,,,,,,,,,,,,,,,,,,,,,,
,0.0,9.983093240383015e-05,0.0,0.0,1799,,,,,,,,,,,,,,,,,,,,,,,,,,,,,,,,,,,,,,,,,,,,
,0.0,9.983093240383015e-05,0.0,0.0,1799,,,,,,,,,,,,,,,,,,,,,,,,,,,,,,,,,,,,,,,,,,,,
0,,,,,1799,,,,,0.02339117042720318,,0.04657131806015968,,19.003368377685547,,6.431623478420079e-05,,,0.02325350046157837,19.073331832885742,,,,,,,,,,,,,,,,,,,,,,,,,,,,,
,0.0,9.981948034770513e-05,0.0,0.0,1819,,,,,,,,,,,,,,,,,,,,,,,,,,,,,,,,,,,,,,,,,,,,
,0.0,9.981948034770513e-05,0.0,0.0,1819,,,,,,,,,,,,,,,,,,,,,,,,,,,,,,,,,,,,,,,,,,,,
0,,,,,1819,,,,,1.8021825551986694,,0.0576416477560997,,14.273417472839355,,2.6570993213681504e-05,,,0.028807539492845535,16.133241653442383,,,,,,,,,,,,,,,,,,,,,,,,,,,,,
,0.0,9.980765374290957e-05,0.0,0.0,1839,,,,,,,,,,,,,,,,,,,,,,,,,,,,,,,,,,,,,,,,,,,,
,0.0,9.980765374290957e-05,0.0,0.0,1839,,,,,,,,,,,,,,,,,,,,,,,,,,,,,,,,,,,,,,,,,,,,
0,,,,,1839,,,,,0.02945064939558506,,0.015337929129600525,,15.56448745727539,,0.00020221468003001064,,,0.007567857392132282,15.609275817871094,,,,,,,,,,,,,,,,,,,,,,,,,,,,,
,0.0,9.979545267925864e-05,0.0,0.0,1859,,,,,,,,,,,,,,,,,,,,,,,,,,,,,,,,,,,,,,,,,,,,
,0.0,9.979545267925864e-05,0.0,0.0,1859,,,,,,,,,,,,,,,,,,,,,,,,,,,,,,,,,,,,,,,,,,,,
0,,,,,1859,,,,,0.07244347035884857,,0.3572046756744385,,14.674650192260742,,0.0019882533233612776,,,0.1776082068681717,15.104297637939453,,,,,,,,,,,,,,,,,,,,,,,,,,,,,
,0.0,9.978287724941134e-05,0.0,0.0,1879,,,,,,,,,,,,,,,,,,,,,,,,,,,,,,,,,,,,,,,,,,,,
,0.0,9.978287724941134e-05,0.0,0.0,1879,,,,,,,,,,,,,,,,,,,,,,,,,,,,,,,,,,,,,,,,,,,,
0,,,,,1879,,,,,1.6644729375839233,,0.05455378070473671,,18.307510375976562,,0.0009078099392354488,,,0.026822984218597412,20.02653694152832,,,,,,,,,,,,,,,,,,,,,,,,,,,,,
,0.0,9.976992754886969e-05,0.0,0.0,1899,,,,,,,,,,,,,,,,,,,,,,,,,,,,,,,,,,,,,,,,,,,,
,0.0,9.976992754886969e-05,0.0,0.0,1899,,,,,,,,,,,,,,,,,,,,,,,,,,,,,,,,,,,,,,,,,,,,
0,,,,,1899,,,,,0.0506107360124588,,0.08182147890329361,,35.41829299926758,,4.069070564582944e-05,,,0.040890395641326904,35.550724029541016,,,,,,,,,,,,,,,,,,,,,,,,,,,,,
,0.0,9.975660367597806e-05,0.0,0.0,1919,,,,,,,,,,,,,,,,,,,,,,,,,,,,,,,,,,,,,,,,,,,,
,0.0,9.975660367597806e-05,0.0,0.0,1919,,,,,,,,,,,,,,,,,,,,,,,,,,,,,,,,,,,,,,,,,,,,
0,,,,,1919,,,,,0.01972486451268196,,0.034306153655052185,,13.698345184326172,,0.0003388311597518623,,,0.01698366180062294,13.752376556396484,,,,,,,,,,,,,,,,,,,,,,,,,,,,,
,0.0,9.974290573192243e-05,0.0,0.0,1939,,,,,,,,,,,,,,,,,,,,,,,,,,,,,,,,,,,,,,,,,,,,
,0.0,9.974290573192243e-05,0.0,0.0,1939,,,,,,,,,,,,,,,,,,,,,,,,,,,,,,,,,,,,,,,,,,,,
0,,,,,1939,,,,,0.01350917387753725,,0.023652303963899612,,13.546232223510742,,7.015823211986572e-05,,,0.01179107278585434,13.583393096923828,,,,,,,,,,,,,,,,,,,,,,,,,,,,,
,0.0,9.972883382072952e-05,0.0,0.0,1959,,,,,,,,,,,,,,,,,,,,,,,,,,,,,,,,,,,,,,,,,,,,
,0.0,9.972883382072952e-05,0.0,0.0,1959,,,,,,,,,,,,,,,,,,,,,,,,,,,,,,,,,,,,,,,,,,,,
0,,,,,1959,,,,,1.7750165462493896,,0.04404930770397186,,15.075967788696289,,9.959277122106869e-06,,,0.022019675001502037,16.89503288269043,,,,,,,,,,,,,,,,,,,,,,,,,,,,,
,0.0,9.971438804926622e-05,0.0,0.0,1979,,,,,,,,,,,,,,,,,,,,,,,,,,,,,,,,,,,,,,,,,,,,
,0.0,9.971438804926622e-05,0.0,0.0,1979,,,,,,,,,,,,,,,,,,,,,,,,,,,,,,,,,,,,,,,,,,,,
0,,,,,1979,,,,,1.8746883869171143,,0.04835616424679756,,27.726715087890625,,8.92721873242408e-05,,,0.02413344755768776,29.649761199951172,,,,,,,,,,,,,,,,,,,,,,,,,,,,,
,0.0,9.96995685272385e-05,0.0,0.0,1999,,,,,,,,,,,,,,,,,,,,,,,,,,,,,,,,,,,,,,,,,,,,
,0.0,9.96995685272385e-05,0.0,0.0,1999,,,,,,,,,,,,,,,,,,,,,,,,,,,,,,,,,,,,,,,,,,,,
0,,,,,1999,,,,,0.015005217865109444,,0.020675471052527428,,14.446416854858398,,0.0006770881591364741,,,0.009999191388487816,14.482097625732422,,,,,,,,,,,,,,,,,,,,,,,,,,,,,
0,,,,,1999,,,,,,,,,,,,,,,,,,,0.0,4800.0,4.172278881072998,0.3716495633125305,1.2716865539550781,0.6418750286102295,0.8395833373069763,0.9454166889190674,0.2152489423751831,0.06539882719516754,0.1342339962720871,0.01561632938683033,5.0,4800.0,0.0,0.0,5.0,4800.0,3081.0,4030.0,4538.0,1.0,1.0,5.0,0.03367547318339348,0.03367547318339348
0,,,,,1999,11.019298553466797,18.587890625,1.0,0.23322343826293945,,0.09097383171319962,,18.22433853149414,,0.03577074408531189,,18.548526763916016,0.027601467445492744,,,0.0008333333535119891,1.0,7830.0,,,,,,,,,,,,,,,,,,,,,,,,,,
,9.968437536719082e-06,9.968437536719082e-05,1.9936875073438164e-05,0.0,2019,,,,,,,,,,,,,,,,,,,,,,,,,,,,,,,,,,,,,,,,,,,,
,9.968437536719082e-06,9.968437536719082e-05,1.9936875073438164e-05,0.0,2019,,,,,,,,,,,,,,,,,,,,,,,,,,,,,,,,,,,,,,,,,,,,
1,,,,,2019,,,,,1.5612820386886597,,0.028332525864243507,,12.974969863891602,,0.003439792897552252,,,0.012446366250514984,14.564584732055664,,,,,,,,,,,,,,,,,,,,,,,,,,,,,
,9.96688086845051e-06,9.96688086845051e-05,1.993376173690102e-05,0.0,2039,,,,,,,,,,,,,,,,,,,,,,,,,,,,,,,,,,,,,,,,,,,,
,9.96688086845051e-06,9.96688086845051e-05,1.993376173690102e-05,0.0,2039,,,,,,,,,,,,,,,,,,,,,,,,,,,,,,,,,,,,,,,,,,,,
1,,,,,2039,,,,,1.681483268737793,,0.005354849621653557,,17.634071350097656,,0.00014259721501730382,,,0.002606126246973872,19.320907592773438,,,,,,,,,,,,,,,,,,,,,,,,,,,,,
,9.965286859739996e-06,9.965286859739995e-05,1.9930573719479992e-05,0.0,2059,,,,,,,,,,,,,,,,,,,,,,,,,,,,,,,,,,,,,,,,,,,,
,9.965286859739996e-06,9.965286859739995e-05,1.9930573719479992e-05,0.0,2059,,,,,,,,,,,,,,,,,,,,,,,,,,,,,,,,,,,,,,,,,,,,
1,,,,,2059,,,,,1.4363377094268799,,0.01547286007553339,,11.572846412658691,,0.00013131041487213224,,,0.007670774590224028,13.024656295776367,,,,,,,,,,,,,,,,,,,,,,,,,,,,,
,9.963655522692977e-06,9.963655522692976e-05,1.9927311045385955e-05,0.0,2079,,,,,,,,,,,,,,,,,,,,,,,,,,,,,,,,,,,,,,,,,,,,
,9.963655522692977e-06,9.963655522692976e-05,1.9927311045385955e-05,0.0,2079,,,,,,,,,,,,,,,,,,,,,,,,,,,,,,,,,,,,,,,,,,,,
1,,,,,2079,,,,,0.03714873269200325,,0.04845894128084183,,15.527711868286133,,8.430606249021366e-05,,,0.024187317118048668,15.613319396972656,,,,,,,,,,,,,,,,,,,,,,,,,,,,,
,9.961986869698374e-06,9.961986869698373e-05,1.9923973739396748e-05,0.0,2099,,,,,,,,,,,,,,,,,,,,,,,,,,,,,,,,,,,,,,,,,,,,
,9.961986869698374e-06,9.961986869698373e-05,1.9923973739396748e-05,0.0,2099,,,,,,,,,,,,,,,,,,,,,,,,,,,,,,,,,,,,,,,,,,,,
1,,,,,2099,,,,,1.7956503629684448,,0.019264446571469307,,11.428855895996094,,8.820176299195737e-05,,,0.009588122367858887,13.243770599365234,,,,,,,,,,,,,,,,,,,,,,,,,,,,,
,9.960280913428498e-06,9.960280913428496e-05,1.9920561826856995e-05,0.0,2119,,,,,,,,,,,,,,,,,,,,,,,,,,,,,,,,,,,,,,,,,,,,
,9.960280913428498e-06,9.960280913428496e-05,1.9920561826856995e-05,0.0,2119,,,,,,,,,,,,,,,,,,,,,,,,,,,,,,,,,,,,,,,,,,,,
1,,,,,2119,,,,,0.023282770067453384,,0.016645271331071854,,38.52928161621094,,0.005972361657768488,,,0.0053364550694823265,38.56920623779297,,,,,,,,,,,,,,,,,,,,,,,,,,,,,
,9.958537666838949e-06,9.958537666838948e-05,1.9917075333677897e-05,0.0,2139,,,,,,,,,,,,,,,,,,,,,,,,,,,,,,,,,,,,,,,,,,,,
,9.958537666838949e-06,9.958537666838948e-05,1.9917075333677897e-05,0.0,2139,,,,,,,,,,,,,,,,,,,,,,,,,,,,,,,,,,,,,,,,,,,,
1,,,,,2139,,,,,1.4258564710617065,,0.005634354427456856,,14.038397789001465,,0.00011290849943179637,,,0.002760722767561674,15.469888687133789,,,,,,,,,,,,,,,,,,,,,,,,,,,,,
,9.956757143168528e-06,9.956757143168529e-05,1.9913514286337055e-05,0.0,2159,,,,,,,,,,,,,,,,,,,,,,,,,,,,,,,,,,,,,,,,,,,,
,9.956757143168528e-06,9.956757143168529e-05,1.9913514286337055e-05,0.0,2159,,,,,,,,,,,,,,,,,,,,,,,,,,,,,,,,,,,,,,,,,,,,
1,,,,,2159,,,,,1.860522985458374,,0.03889378532767296,,11.679098129272461,,3.0478988264803775e-05,,,0.01943165436387062,13.57851505279541,,,,,,,,,,,,,,,,,,,,,,,,,,,,,
,9.954939355939132e-06,9.954939355939131e-05,1.9909878711878263e-05,0.0,2179,,,,,,,,,,,,,,,,,,,,,,,,,,,,,,,,,,,,,,,,,,,,
,9.954939355939132e-06,9.954939355939131e-05,1.9909878711878263e-05,0.0,2179,,,,,,,,,,,,,,,,,,,,,,,,,,,,,,,,,,,,,,,,,,,,
1,,,,,2179,,,,,1.630536675453186,,0.04456523060798645,,9.403446197509766,,0.0004206622834317386,,,0.022072285413742065,11.078548431396484,,,,,,,,,,,,,,,,,,,,,,,,,,,,,
,9.953084318955641e-06,9.953084318955642e-05,1.9906168637911282e-05,0.0,2199,,,,,,,,,,,,,,,,,,,,,,,,,,,,,,,,,,,,,,,,,,,,
,9.953084318955641e-06,9.953084318955642e-05,1.9906168637911282e-05,0.0,2199,,,,,,,,,,,,,,,,,,,,,,,,,,,,,,,,,,,,,,,,,,,,
1,,,,,2199,,,,,1.4952142238616943,,0.02776833064854145,,8.058050155639648,,2.7171290639671497e-05,,,0.01387058012187481,9.581032752990723,,,,,,,,,,,,,,,,,,,,,,,,,,,,,
,9.951192046305835e-06,9.951192046305834e-05,1.990238409261167e-05,0.0,2219,,,,,,,,,,,,,,,,,,,,,,,,,,,,,,,,,,,,,,,,,,,,
,9.951192046305835e-06,9.951192046305834e-05,1.990238409261167e-05,0.0,2219,,,,,,,,,,,,,,,,,,,,,,,,,,,,,,,,,,,,,,,,,,,,
1,,,,,2219,,,,,1.399111032485962,,0.03757145628333092,,11.106035232543945,,2.310630179636064e-06,,,0.018784573301672935,12.542717933654785,,,,,,,,,,,,,,,,,,,,,,,,,,,,,
,9.949262552360259e-06,9.949262552360259e-05,1.9898525104720517e-05,0.0,2239,,,,,,,,,,,,,,,,,,,,,,,,,,,,,,,,,,,,,,,,,,,,
,9.949262552360259e-06,9.949262552360259e-05,1.9898525104720517e-05,0.0,2239,,,,,,,,,,,,,,,,,,,,,,,,,,,,,,,,,,,,,,,,,,,,
1,,,,,2239,,,,,1.6403487920761108,,0.17577426135540009,,10.36349105834961,,0.0005234318086877465,,,0.0876254141330719,12.179614067077637,,,,,,,,,,,,,,,,,,,,,,,,,,,,,
,9.947295851772142e-06,9.947295851772142e-05,1.9894591703544285e-05,0.0,2259,,,,,,,,,,,,,,,,,,,,,,,,,,,,,,,,,,,,,,,,,,,,
,9.947295851772142e-06,9.947295851772142e-05,1.9894591703544285e-05,0.0,2259,,,,,,,,,,,,,,,,,,,,,,,,,,,,,,,,,,,,,,,,,,,,
1,,,,,2259,,,,,1.236345887184143,,0.0458376482129097,,26.049915313720703,,2.7100390070700087e-05,,,0.022905273362994194,27.33209800720215,,,,,,,,,,,,,,,,,,,,,,,,,,,,,
,9.94529195947727e-06,9.94529195947727e-05,1.989058391895454e-05,0.0,2279,,,,,,,,,,,,,,,,,,,,,,,,,,,,,,,,,,,,,,,,,,,,
,9.94529195947727e-06,9.94529195947727e-05,1.989058391895454e-05,0.0,2279,,,,,,,,,,,,,,,,,,,,,,,,,,,,,,,,,,,,,,,,,,,,
1,,,,,2279,,,,,1.73470139503479,,0.03014349564909935,,10.147600173950195,,2.2194237317307852e-05,,,0.015060651116073132,11.912445068359375,,,,,,,,,,,,,,,,,,,,,,,,,,,,,
,9.943250890693867e-06,9.943250890693866e-05,1.9886501781387734e-05,0.0,2299,,,,,,,,,,,,,,,,,,,,,,,,,,,,,,,,,,,,,,,,,,,,
,9.943250890693867e-06,9.943250890693866e-05,1.9886501781387734e-05,0.0,2299,,,,,,,,,,,,,,,,,,,,,,,,,,,,,,,,,,,,,,,,,,,,
1,,,,,2299,,,,,1.7463667392730713,,0.028825988993048668,,9.197097778320312,,0.00015461439033970237,,,0.014335688203573227,10.9722900390625,,,,,,,,,,,,,,,,,,,,,,,,,,,,,
,9.941172660922496e-06,9.941172660922496e-05,1.9882345321844992e-05,0.0,2319,,,,,,,,,,,,,,,,,,,,,,,,,,,,,,,,,,,,,,,,,,,,
,9.941172660922496e-06,9.941172660922496e-05,1.9882345321844992e-05,0.0,2319,,,,,,,,,,,,,,,,,,,,,,,,,,,,,,,,,,,,,,,,,,,,
1,,,,,2319,,,,,1.6982358694076538,,0.02805360034108162,,11.2545166015625,,4.2610030504874885e-05,,,0.014005495235323906,12.980805397033691,,,,,,,,,,,,,,,,,,,,,,,,,,,,,
,9.939057285945933e-06,9.939057285945933e-05,1.9878114571891865e-05,0.0,2339,,,,,,,,,,,,,,,,,,,,,,,,,,,,,,,,,,,,,,,,,,,,
,9.939057285945933e-06,9.939057285945933e-05,1.9878114571891865e-05,0.0,2339,,,,,,,,,,,,,,,,,,,,,,,,,,,,,,,,,,,,,,,,,,,,
1,,,,,2339,,,,,1.4578197002410889,,0.07251700758934021,,11.953258514404297,,0.005217751022428274,,,0.03364962711930275,13.483595848083496,,,,,,,,,,,,,,,,,,,,,,,,,,,,,
,9.936904781829043e-06,9.936904781829041e-05,1.9873809563658086e-05,0.0,2359,,,,,,,,,,,,,,,,,,,,,,,,,,,,,,,,,,,,,,,,,,,,
,9.936904781829043e-06,9.936904781829041e-05,1.9873809563658086e-05,0.0,2359,,,,,,,,,,,,,,,,,,,,,,,,,,,,,,,,,,,,,,,,,,,,
1,,,,,2359,,,,,1.7820513248443604,,0.07287675887346268,,8.695725440979004,,1.2144875654485077e-05,,,0.036432307213544846,10.550653457641602,,,,,,,,,,,,,,,,,,,,,,,,,,,,,
,9.934715164918661e-06,9.93471516491866e-05,1.9869430329837322e-05,0.0,2379,,,,,,,,,,,,,,,,,,,,,,,,,,,,,,,,,,,,,,,,,,,,
,9.934715164918661e-06,9.93471516491866e-05,1.9869430329837322e-05,0.0,2379,,,,,,,,,,,,,,,,,,,,,,,,,,,,,,,,,,,,,,,,,,,,
1,,,,,2379,,,,,1.8563666343688965,,0.03535190224647522,,8.769097328186035,,6.044217570888577e-06,,,0.017672929912805557,10.660816192626953,,,,,,,,,,,,,,,,,,,,,,,,,,,,,
,9.932488451843475e-06,9.932488451843476e-05,1.986497690368695e-05,0.0,2399,,,,,,,,,,,,,,,,,,,,,,,,,,,,,,,,,,,,,,,,,,,,
,9.932488451843475e-06,9.932488451843476e-05,1.986497690368695e-05,0.0,2399,,,,,,,,,,,,,,,,,,,,,,,,,,,,,,,,,,,,,,,,,,,,
1,,,,,2399,,,,,1.2457122802734375,,0.03599031642079353,,7.840184211730957,,2.965631392726209e-05,,,0.01798032969236374,9.12188720703125,,,,,,,,,,,,,,,,,,,,,,,,,,,,,
,9.930224659513894e-06,9.930224659513894e-05,1.9860449319027788e-05,0.0,2419,,,,,,,,,,,,,,,,,,,,,,,,,,,,,,,,,,,,,,,,,,,,
,9.930224659513894e-06,9.930224659513894e-05,1.9860449319027788e-05,0.0,2419,,,,,,,,,,,,,,,,,,,,,,,,,,,,,,,,,,,,,,,,,,,,
1,,,,,2419,,,,,1.711308479309082,,0.009095319546759129,,9.534440994262695,,1.9154827896272764e-05,,,0.004538082517683506,11.254844665527344,,,,,,,,,,,,,,,,,,,,,,,,,,,,,
,9.927923805121911e-06,9.92792380512191e-05,1.9855847610243822e-05,0.0,2439,,,,,,,,,,,,,,,,,,,,,,,,,,,,,,,,,,,,,,,,,,,,
,9.927923805121911e-06,9.92792380512191e-05,1.9855847610243822e-05,0.0,2439,,,,,,,,,,,,,,,,,,,,,,,,,,,,,,,,,,,,,,,,,,,,
1,,,,,2439,,,,,1.6146150827407837,,0.023653430864214897,,8.119425773620605,,0.00045211584074422717,,,0.011600657366216183,9.757694244384766,,,,,,,,,,,,,,,,,,,,,,,,,,,,,
,9.925585906140988e-06,9.925585906140987e-05,1.9851171812281975e-05,0.0,2459,,,,,,,,,,,,,,,,,,,,,,,,,,,,,,,,,,,,,,,,,,,,
,9.925585906140988e-06,9.925585906140987e-05,1.9851171812281975e-05,0.0,2459,,,,,,,,,,,,,,,,,,,,,,,,,,,,,,,,,,,,,,,,,,,,
1,,,,,2459,,,,,1.7544965744018555,,0.02493915520608425,,8.409780502319336,,6.0880764067405835e-05,,,0.012439137324690819,10.189216613769531,,,,,,,,,,,,,,,,,,,,,,,,,,,,,
,9.923210980325912e-06,9.923210980325911e-05,1.9846421960651823e-05,0.0,2479,,,,,,,,,,,,,,,,,,,,,,,,,,,,,,,,,,,,,,,,,,,,
,9.923210980325912e-06,9.923210980325911e-05,1.9846421960651823e-05,0.0,2479,,,,,,,,,,,,,,,,,,,,,,,,,,,,,,,,,,,,,,,,,,,,
1,,,,,2479,,,,,1.5654033422470093,,0.014241226948797703,,7.640922546386719,,9.033322385221254e-06,,,0.007116096559911966,9.220566749572754,,,,,,,,,,,,,,,,,,,,,,,,,,,,,
,9.920799045712666e-06,9.920799045712665e-05,1.9841598091425332e-05,0.0,2499,,,,,,,,,,,,,,,,,,,,,,,,,,,,,,,,,,,,,,,,,,,,
,9.920799045712666e-06,9.920799045712665e-05,1.9841598091425332e-05,0.0,2499,,,,,,,,,,,,,,,,,,,,,,,,,,,,,,,,,,,,,,,,,,,,
1,,,,,2499,,,,,1.738913893699646,,0.034095171838998795,,8.507122039794922,,0.0006747313891537488,,,0.016710219904780388,10.280130386352539,,,,,,,,,,,,,,,,,,,,,,,,,,,,,
,9.918350120618293e-06,9.918350120618292e-05,1.9836700241236585e-05,0.0,2519,,,,,,,,,,,,,,,,,,,,,,,,,,,,,,,,,,,,,,,,,,,,
,9.918350120618293e-06,9.918350120618292e-05,1.9836700241236585e-05,0.0,2519,,,,,,,,,,,,,,,,,,,,,,,,,,,,,,,,,,,,,,,,,,,,
1,,,,,2519,,,,,1.6677942276000977,,0.09168469160795212,,8.898843765258789,,0.008794166147708893,,,0.04144526273012161,10.65832233428955,,,,,,,,,,,,,,,,,,,,,,,,,,,,,
,9.91586422364075e-06,9.915864223640749e-05,1.98317284472815e-05,0.0,2539,,,,,,,,,,,,,,,,,,,,,,,,,,,,,,,,,,,,,,,,,,,,
,9.91586422364075e-06,9.915864223640749e-05,1.98317284472815e-05,0.0,2539,,,,,,,,,,,,,,,,,,,,,,,,,,,,,,,,,,,,,,,,,,,,
1,,,,,2539,,,,,1.3463026285171509,,0.004023583140224218,,10.187223434448242,,5.744501322624274e-06,,,0.002008919371291995,11.53754997253418,,,,,,,,,,,,,,,,,,,,,,,,,,,,,
,9.91334137365877e-06,9.91334137365877e-05,1.982668274731754e-05,0.0,2559,,,,,,,,,,,,,,,,,,,,,,,,,,,,,,,,,,,,,,,,,,,,
,9.91334137365877e-06,9.91334137365877e-05,1.982668274731754e-05,0.0,2559,,,,,,,,,,,,,,,,,,,,,,,,,,,,,,,,,,,,,,,,,,,,
1,,,,,2559,,,,,1.5454493761062622,,0.05997539684176445,,7.430335998535156,,0.0007821604376658797,,,0.029596619307994843,9.035760879516602,,,,,,,,,,,,,,,,,,,,,,,,,,,,,
,9.910781589831726e-06,9.910781589831726e-05,1.9821563179663453e-05,0.0,2579,,,,,,,,,,,,,,,,,,,,,,,,,,,,,,,,,,,,,,,,,,,,
,9.910781589831726e-06,9.910781589831726e-05,1.9821563179663453e-05,0.0,2579,,,,,,,,,,,,,,,,,,,,,,,,,,,,,,,,,,,,,,,,,,,,
1,,,,,2579,,,,,1.5465391874313354,,0.12483014166355133,,6.853099822998047,,3.611028887462453e-06,,,0.06241326406598091,8.524469375610352,,,,,,,,,,,,,,,,,,,,,,,,,,,,,
,9.90818489159947e-06,9.908184891599469e-05,1.981636978319894e-05,0.0,2599,,,,,,,,,,,,,,,,,,,,,,,,,,,,,,,,,,,,,,,,,,,,
,9.90818489159947e-06,9.908184891599469e-05,1.981636978319894e-05,0.0,2599,,,,,,,,,,,,,,,,,,,,,,,,,,,,,,,,,,,,,,,,,,,,
1,,,,,2599,,,,,1.5048550367355347,,0.014532198198139668,,7.042900085449219,,6.310892786132172e-06,,,0.007262943312525749,8.562287330627441,,,,,,,,,,,,,,,,,,,,,,,,,,,,,
,9.905551298682201e-06,9.905551298682201e-05,1.9811102597364402e-05,0.0,2619,,,,,,,,,,,,,,,,,,,,,,,,,,,,,,,,,,,,,,,,,,,,
,9.905551298682201e-06,9.905551298682201e-05,1.9811102597364402e-05,0.0,2619,,,,,,,,,,,,,,,,,,,,,,,,,,,,,,,,,,,,,,,,,,,,
1,,,,,2619,,,,,1.923956274986267,,0.06004255264997482,,11.896449089050293,,8.77812817634549e-06,,,0.030016887933015823,13.880447387695312,,,,,,,,,,,,,,,,,,,,,,,,,,,,,
,9.902880831080306e-06,9.902880831080307e-05,1.9805761662160613e-05,0.0,2639,,,,,,,,,,,,,,,,,,,,,,,,,,,,,,,,,,,,,,,,,,,,
,9.902880831080306e-06,9.902880831080307e-05,1.9805761662160613e-05,0.0,2639,,,,,,,,,,,,,,,,,,,,,,,,,,,,,,,,,,,,,,,,,,,,
1,,,,,2639,,,,,1.5525686740875244,,0.060289714485406876,,5.72157096862793,,4.684026862378232e-06,,,0.030142515897750854,7.334429740905762,,,,,,,,,,,,,,,,,,,,,,,,,,,,,
,9.900173509074215e-06,9.900173509074214e-05,1.980034701814843e-05,0.0,2659,,,,,,,,,,,,,,,,,,,,,,,,,,,,,,,,,,,,,,,,,,,,
,9.900173509074215e-06,9.900173509074214e-05,1.980034701814843e-05,0.0,2659,,,,,,,,,,,,,,,,,,,,,,,,,,,,,,,,,,,,,,,,,,,,
1,,,,,2659,,,,,1.3271069526672363,,0.023757318034768105,,6.740117073059082,,3.4338463592575863e-06,,,0.011876942589879036,8.090981483459473,,,,,,,,,,,,,,,,,,,,,,,,,,,,,
,9.897429353224234e-06,9.897429353224234e-05,1.9794858706448467e-05,0.0,2679,,,,,,,,,,,,,,,,,,,,,,,,,,,,,,,,,,,,,,,,,,,,
,9.897429353224234e-06,9.897429353224234e-05,1.9794858706448467e-05,0.0,2679,,,,,,,,,,,,,,,,,,,,,,,,,,,,,,,,,,,,,,,,,,,,
1,,,,,2679,,,,,1.6294665336608887,,0.14496414363384247,,6.611088275909424,,0.034966446459293365,,,0.05499884486198425,8.385519027709961,,,,,,,,,,,,,,,,,,,,,,,,,,,,,
,9.894648384370405e-06,9.894648384370405e-05,1.978929676874081e-05,0.0,2699,,,,,,,,,,,,,,,,,,,,,,,,,,,,,,,,,,,,,,,,,,,,
,9.894648384370405e-06,9.894648384370405e-05,1.978929676874081e-05,0.0,2699,,,,,,,,,,,,,,,,,,,,,,,,,,,,,,,,,,,,,,,,,,,,
1,,,,,2699,,,,,1.7674821615219116,,0.016033124178647995,,6.864153861999512,,8.483262718073092e-06,,,0.008012320846319199,8.647668838500977,,,,,,,,,,,,,,,,,,,,,,,,,,,,,
,9.891830623632339e-06,9.891830623632339e-05,1.9783661247264677e-05,0.0,2719,,,,,,,,,,,,,,,,,,,,,,,,,,,,,,,,,,,,,,,,,,,,
,9.891830623632339e-06,9.891830623632339e-05,1.9783661247264677e-05,0.0,2719,,,,,,,,,,,,,,,,,,,,,,,,,,,,,,,,,,,,,,,,,,,,
1,,,,,2719,,,,,1.368387222290039,,0.021485082805156708,,6.211459159851074,,7.577370524813887e-06,,,0.010738752782344818,7.6013312339782715,,,,,,,,,,,,,,,,,,,,,,,,,,,,,
,9.888976092409052e-06,9.888976092409052e-05,1.9777952184818105e-05,0.0,2739,,,,,,,,,,,,,,,,,,,,,,,,,,,,,,,,,,,,,,,,,,,,
,9.888976092409052e-06,9.888976092409052e-05,1.9777952184818105e-05,0.0,2739,,,,,,,,,,,,,,,,,,,,,,,,,,,,,,,,,,,,,,,,,,,,
1,,,,,2739,,,,,1.73658287525177,,0.04147454351186752,,6.165779113769531,,0.0011743762297555804,,,0.020150084048509598,7.943836212158203,,,,,,,,,,,,,,,,,,,,,,,,,,,,,
,9.886084812378818e-06,9.886084812378817e-05,1.9772169624757636e-05,0.0,2759,,,,,,,,,,,,,,,,,,,,,,,,,,,,,,,,,,,,,,,,,,,,
,9.886084812378818e-06,9.886084812378817e-05,1.9772169624757636e-05,0.0,2759,,,,,,,,,,,,,,,,,,,,,,,,,,,,,,,,,,,,,,,,,,,,
1,,,,,2759,,,,,1.4151301383972168,,0.007173627614974976,,7.786228179931641,,2.2451862605521455e-05,,,0.0035755878780037165,9.208532333374023,,,,,,,,,,,,,,,,,,,,,,,,,,,,,
,9.883156805498978e-06,9.883156805498978e-05,1.9766313610997956e-05,0.0,2779,,,,,,,,,,,,,,,,,,,,,,,,,,,,,,,,,,,,,,,,,,,,
,9.883156805498978e-06,9.883156805498978e-05,1.9766313610997956e-05,0.0,2779,,,,,,,,,,,,,,,,,,,,,,,,,,,,,,,,,,,,,,,,,,,,
1,,,,,2779,,,,,1.3675411939620972,,0.012571115978062153,,5.94144868850708,,1.10696601041127e-05,,,0.006280023138970137,7.321561336517334,,,,,,,,,,,,,,,,,,,,,,,,,,,,,
,9.880192094005807e-06,9.880192094005806e-05,1.9760384188011615e-05,0.0,2799,,,,,,,,,,,,,,,,,,,,,,,,,,,,,,,,,,,,,,,,,,,,
,9.880192094005807e-06,9.880192094005806e-05,1.9760384188011615e-05,0.0,2799,,,,,,,,,,,,,,,,,,,,,,,,,,,,,,,,,,,,,,,,,,,,
1,,,,,2799,,,,,1.349068522453308,,0.09198027849197388,,21.206867218017578,,2.2148306015878916e-05,,,0.04597906395792961,22.64791488647461,,,,,,,,,,,,,,,,,,,,,,,,,,,,,
,9.877190700414312e-06,9.877190700414313e-05,1.9754381400828625e-05,0.0,2819,,,,,,,,,,,,,,,,,,,,,,,,,,,,,,,,,,,,,,,,,,,,
,9.877190700414312e-06,9.877190700414313e-05,1.9754381400828625e-05,0.0,2819,,,,,,,,,,,,,,,,,,,,,,,,,,,,,,,,,,,,,,,,,,,,
1,,,,,2819,,,,,1.6604266166687012,,0.029447447508573532,,7.449731826782227,,2.707894964260049e-06,,,0.014722369611263275,9.139606475830078,,,,,,,,,,,,,,,,,,,,,,,,,,,,,
,9.874152647518085e-06,9.874152647518084e-05,1.974830529503617e-05,0.0,2839,,,,,,,,,,,,,,,,,,,,,,,,,,,,,,,,,,,,,,,,,,,,
,9.874152647518085e-06,9.874152647518084e-05,1.974830529503617e-05,0.0,2839,,,,,,,,,,,,,,,,,,,,,,,,,,,,,,,,,,,,,,,,,,,,
1,,,,,2839,,,,,1.927262544631958,,0.022142158821225166,,8.70174789428711,,7.904722224338911e-06,,,0.011067126877605915,10.651152610778809,,,,,,,,,,,,,,,,,,,,,,,,,,,,,
,9.871077958389118e-06,9.871077958389117e-05,1.9742155916778235e-05,0.0,2859,,,,,,,,,,,,,,,,,,,,,,,,,,,,,,,,,,,,,,,,,,,,
,9.871077958389118e-06,9.871077958389117e-05,1.9742155916778235e-05,0.0,2859,,,,,,,,,,,,,,,,,,,,,,,,,,,,,,,,,,,,,,,,,,,,
1,,,,,2859,,,,,1.7784167528152466,,0.10364003479480743,,8.01567268371582,,0.00019680516561493278,,,0.051721613854169846,9.89772891998291,,,,,,,,,,,,,,,,,,,,,,,,,,,,,
,9.86796665637763e-06,9.86796665637763e-05,1.973593331275526e-05,0.0,2879,,,,,,,,,,,,,,,,,,,,,,,,,,,,,,,,,,,,,,,,,,,,
,9.86796665637763e-06,9.86796665637763e-05,1.973593331275526e-05,0.0,2879,,,,,,,,,,,,,,,,,,,,,,,,,,,,,,,,,,,,,,,,,,,,
1,,,,,2879,,,,,1.4201979637145996,,0.022978078573942184,,4.610074520111084,,1.5140762116061524e-05,,,0.011481469497084618,6.053250789642334,,,,,,,,,,,,,,,,,,,,,,,,,,,,,
,9.864818765111892e-06,9.864818765111892e-05,1.9729637530223783e-05,0.0,2899,,,,,,,,,,,,,,,,,,,,,,,,,,,,,,,,,,,,,,,,,,,,
,9.864818765111892e-06,9.864818765111892e-05,1.9729637530223783e-05,0.0,2899,,,,,,,,,,,,,,,,,,,,,,,,,,,,,,,,,,,,,,,,,,,,
1,,,,,2899,,,,,1.6613306999206543,,0.008920041844248772,,9.30817985534668,,2.6497968065086752e-05,,,0.004446771927177906,10.978429794311523,,,,,,,,,,,,,,,,,,,,,,,,,,,,,
,9.861634308498048e-06,9.861634308498046e-05,1.9723268616996096e-05,0.0,2919,,,,,,,,,,,,,,,,,,,,,,,,,,,,,,,,,,,,,,,,,,,,
,9.861634308498048e-06,9.861634308498046e-05,1.9723268616996096e-05,0.0,2919,,,,,,,,,,,,,,,,,,,,,,,,,,,,,,,,,,,,,,,,,,,,
1,,,,,2919,,,,,1.6263387203216553,,0.022413525730371475,,5.898406982421875,,0.00019099237397313118,,,0.011111266911029816,7.547159194946289,,,,,,,,,,,,,,,,,,,,,,,,,,,,,
,9.858413310719926e-06,9.858413310719924e-05,1.9716826621439852e-05,0.0,2939,,,,,,,,,,,,,,,,,,,,,,,,,,,,,,,,,,,,,,,,,,,,
,9.858413310719926e-06,9.858413310719924e-05,1.9716826621439852e-05,0.0,2939,,,,,,,,,,,,,,,,,,,,,,,,,,,,,,,,,,,,,,,,,,,,
1,,,,,2939,,,,,1.4198001623153687,,0.042230091989040375,,5.234572887420654,,4.099348734598607e-05,,,0.02109454944729805,6.696603298187256,,,,,,,,,,,,,,,,,,,,,,,,,,,,,
,9.855155796238865e-06,9.855155796238864e-05,1.971031159247773e-05,0.0,2959,,,,,,,,,,,,,,,,,,,,,,,,,,,,,,,,,,,,,,,,,,,,
,9.855155796238865e-06,9.855155796238864e-05,1.971031159247773e-05,0.0,2959,,,,,,,,,,,,,,,,,,,,,,,,,,,,,,,,,,,,,,,,,,,,
1,,,,,2959,,,,,1.3681827783584595,,0.13364942371845245,,4.7665629386901855,,0.0027781419921666384,,,0.06543564051389694,6.268394947052002,,,,,,,,,,,,,,,,,,,,,,,,,,,,,
,9.851861789793521e-06,9.851861789793522e-05,1.9703723579587043e-05,0.0,2979,,,,,,,,,,,,,,,,,,,,,,,,,,,,,,,,,,,,,,,,,,,,
,9.851861789793521e-06,9.851861789793522e-05,1.9703723579587043e-05,0.0,2979,,,,,,,,,,,,,,,,,,,,,,,,,,,,,,,,,,,,,,,,,,,,
1,,,,,2979,,,,,1.2893661260604858,,0.09374765306711197,,4.644267559051514,,0.0002176601265091449,,,0.04676499590277672,6.027381420135498,,,,,,,,,,,,,,,,,,,,,,,,,,,,,
,9.848531316399686e-06,9.848531316399687e-05,1.9697062632799373e-05,0.0,2999,,,,,,,,,,,,,,,,,,,,,,,,,,,,,,,,,,,,,,,,,,,,
,9.848531316399686e-06,9.848531316399687e-05,1.9697062632799373e-05,0.0,2999,,,,,,,,,,,,,,,,,,,,,,,,,,,,,,,,,,,,,,,,,,,,
1,,,,,2999,,,,,1.7723970413208008,,0.07086580991744995,,7.5371198654174805,,0.00017634007963351905,,,0.03534473478794098,9.380382537841797,,,,,,,,,,,,,,,,,,,,,,,,,,,,,
,9.84516440135009e-06,9.84516440135009e-05,1.969032880270018e-05,0.0,3019,,,,,,,,,,,,,,,,,,,,,,,,,,,,,,,,,,,,,,,,,,,,
,9.84516440135009e-06,9.84516440135009e-05,1.969032880270018e-05,0.0,3019,,,,,,,,,,,,,,,,,,,,,,,,,,,,,,,,,,,,,,,,,,,,
1,,,,,3019,,,,,1.772033452987671,,0.02571749873459339,,6.315061569213867,,0.000404736609198153,,,0.01265638042241335,8.112812995910645,,,,,,,,,,,,,,,,,,,,,,,,,,,,,
,9.841761070214215e-06,9.841761070214214e-05,1.968352214042843e-05,0.0,3039,,,,,,,,,,,,,,,,,,,,,,,,,,,,,,,,,,,,,,,,,,,,
,9.841761070214215e-06,9.841761070214214e-05,1.968352214042843e-05,0.0,3039,,,,,,,,,,,,,,,,,,,,,,,,,,,,,,,,,,,,,,,,,,,,
1,,,,,3039,,,,,1.4395194053649902,,0.02641901932656765,,10.075098991394043,,2.75958427664591e-06,,,0.013208129443228245,11.541036605834961,,,,,,,,,,,,,,,,,,,,,,,,,,,,,
,9.838321348838096e-06,9.838321348838097e-05,1.9676642697676192e-05,0.0,3059,,,,,,,,,,,,,,,,,,,,,,,,,,,,,,,,,,,,,,,,,,,,
,9.838321348838096e-06,9.838321348838097e-05,1.9676642697676192e-05,0.0,3059,,,,,,,,,,,,,,,,,,,,,,,,,,,,,,,,,,,,,,,,,,,,
1,,,,,3059,,,,,1.3027198314666748,,0.15564587712287903,,6.258710861206055,,5.68231480428949e-05,,,0.07779452204704285,7.717076301574707,,,,,,,,,,,,,,,,,,,,,,,,,,,,,
,9.834845263344137e-06,9.834845263344136e-05,1.9669690526688273e-05,0.0,3079,,,,,,,,,,,,,,,,,,,,,,,,,,,,,,,,,,,,,,,,,,,,
,9.834845263344137e-06,9.834845263344136e-05,1.9669690526688273e-05,0.0,3079,,,,,,,,,,,,,,,,,,,,,,,,,,,,,,,,,,,,,,,,,,,,
1,,,,,3079,,,,,1.3606250286102295,,0.049614034593105316,,4.602725028991699,,4.870081738772569e-06,,,0.024804582819342613,6.012964248657227,,,,,,,,,,,,,,,,,,,,,,,,,,,,,
,9.831332840130889e-06,9.831332840130888e-05,1.9662665680261777e-05,0.0,3099,,,,,,,,,,,,,,,,,,,,,,,,,,,,,,,,,,,,,,,,,,,,
,9.831332840130889e-06,9.831332840130888e-05,1.9662665680261777e-05,0.0,3099,,,,,,,,,,,,,,,,,,,,,,,,,,,,,,,,,,,,,,,,,,,,
1,,,,,3099,,,,,1.213256597518921,,0.0483701154589653,,3.9672749042510986,,3.5011318686883897e-05,,,0.024167552590370178,5.2289018630981445,,,,,,,,,,,,,,,,,,,,,,,,,,,,,
,9.827784105872876e-06,9.827784105872876e-05,1.9655568211745753e-05,0.0,3119,,,,,,,,,,,,,,,,,,,,,,,,,,,,,,,,,,,,,,,,,,,,
,9.827784105872876e-06,9.827784105872876e-05,1.9655568211745753e-05,0.0,3119,,,,,,,,,,,,,,,,,,,,,,,,,,,,,,,,,,,,,,,,,,,,
1,,,,,3119,,,,,1.3670294284820557,,0.07036265730857849,,3.9474050998687744,,2.7485928058013087e-06,,,0.03517995402216911,5.384797096252441,,,,,,,,,,,,,,,,,,,,,,,,,,,,,
,9.824199087520378e-06,9.824199087520377e-05,1.9648398175040755e-05,0.0,3139,,,,,,,,,,,,,,,,,,,,,,,,,,,,,,,,,,,,,,,,,,,,
,9.824199087520378e-06,9.824199087520377e-05,1.9648398175040755e-05,0.0,3139,,,,,,,,,,,,,,,,,,,,,,,,,,,,,,,,,,,,,,,,,,,,
1,,,,,3139,,,,,1.232154369354248,,0.0586189329624176,,5.449407577514648,,0.004917559213936329,,,0.026850689202547073,6.740180969238281,,,,,,,,,,,,,,,,,,,,,,,,,,,,,
,9.82057781229922e-06,9.82057781229922e-05,1.964115562459844e-05,0.0,3159,,,,,,,,,,,,,,,,,,,,,,,,,,,,,,,,,,,,,,,,,,,,
,9.82057781229922e-06,9.82057781229922e-05,1.964115562459844e-05,0.0,3159,,,,,,,,,,,,,,,,,,,,,,,,,,,,,,,,,,,,,,,,,,,,
1,,,,,3159,,,,,1.8766796588897705,,0.013754512183368206,,6.343768119812012,,5.7674304116517305e-05,,,0.006848419085144997,8.23420238494873,,,,,,,,,,,,,,,,,,,,,,,,,,,,,
,9.816920307710587e-06,9.816920307710586e-05,1.9633840615421174e-05,0.0,3179,,,,,,,,,,,,,,,,,,,,,,,,,,,,,,,,,,,,,,,,,,,,
,9.816920307710587e-06,9.816920307710586e-05,1.9633840615421174e-05,0.0,3179,,,,,,,,,,,,,,,,,,,,,,,,,,,,,,,,,,,,,,,,,,,,
1,,,,,3179,,,,,1.2672256231307983,,0.030858226120471954,,7.34567928314209,,1.892126238089986e-05,,,0.015419652685523033,8.643762588500977,,,,,,,,,,,,,,,,,,,,,,,,,,,,,
,9.81322660153079e-06,9.81322660153079e-05,1.962645320306158e-05,0.0,3199,,,,,,,,,,,,,,,,,,,,,,,,,,,,,,,,,,,,,,,,,,,,
,9.81322660153079e-06,9.81322660153079e-05,1.962645320306158e-05,0.0,3199,,,,,,,,,,,,,,,,,,,,,,,,,,,,,,,,,,,,,,,,,,,,
1,,,,,3199,,,,,1.4398196935653687,,0.022014394402503967,,4.360124588012695,,6.064796616556123e-05,,,0.010976873338222504,5.821959018707275,,,,,,,,,,,,,,,,,,,,,,,,,,,,,
,9.809496721811077e-06,9.809496721811075e-05,1.9618993443622153e-05,0.0,3219,,,,,,,,,,,,,,,,,,,,,,,,,,,,,,,,,,,,,,,,,,,,
,9.809496721811077e-06,9.809496721811075e-05,1.9618993443622153e-05,0.0,3219,,,,,,,,,,,,,,,,,,,,,,,,,,,,,,,,,,,,,,,,,,,,
1,,,,,3219,,,,,1.248573660850525,,0.04358741641044617,,3.7787833213806152,,4.900840576738119e-05,,,0.0217692032456398,5.070944309234619,,,,,,,,,,,,,,,,,,,,,,,,,,,,,
,9.8057306968774e-06,9.8057306968774e-05,1.96114613937548e-05,0.0,3239,,,,,,,,,,,,,,,,,,,,,,,,,,,,,,,,,,,,,,,,,,,,
,9.8057306968774e-06,9.8057306968774e-05,1.96114613937548e-05,0.0,3239,,,,,,,,,,,,,,,,,,,,,,,,,,,,,,,,,,,,,,,,,,,,
1,,,,,3239,,,,,1.9320577383041382,,0.025456296280026436,,6.613436698913574,,1.06255647551734e-05,,,0.012722834944725037,8.570950508117676,,,,,,,,,,,,,,,,,,,,,,,,,,,,,
,9.801928555330218e-06,9.801928555330218e-05,1.9603857110660436e-05,0.0,3259,,,,,,,,,,,,,,,,,,,,,,,,,,,,,,,,,,,,,,,,,,,,
,9.801928555330218e-06,9.801928555330218e-05,1.9603857110660436e-05,0.0,3259,,,,,,,,,,,,,,,,,,,,,,,,,,,,,,,,,,,,,,,,,,,,
1,,,,,3259,,,,,1.7430061101913452,,0.0270408745855093,,10.002020835876465,,0.0002972085203509778,,,0.01337183266878128,11.772067070007324,,,,,,,,,,,,,,,,,,,,,,,,,,,,,
,9.798090326044269e-06,9.798090326044269e-05,1.9596180652088537e-05,0.0,3279,,,,,,,,,,,,,,,,,,,,,,,,,,,,,,,,,,,,,,,,,,,,
,9.798090326044269e-06,9.798090326044269e-05,1.9596180652088537e-05,0.0,3279,,,,,,,,,,,,,,,,,,,,,,,,,,,,,,,,,,,,,,,,,,,,
1,,,,,3279,,,,,1.1438930034637451,,0.037896815687417984,,4.529358863830566,,9.859004421741702e-06,,,0.018943477421998978,5.711148262023926,,,,,,,,,,,,,,,,,,,,,,,,,,,,,
,9.794216038168352e-06,9.794216038168352e-05,1.9588432076336704e-05,0.0,3299,,,,,,,,,,,,,,,,,,,,,,,,,,,,,,,,,,,,,,,,,,,,
,9.794216038168352e-06,9.794216038168352e-05,1.9588432076336704e-05,0.0,3299,,,,,,,,,,,,,,,,,,,,,,,,,,,,,,,,,,,,,,,,,,,,
1,,,,,3299,,,,,1.6729910373687744,,0.02151288278400898,,5.558559417724609,,9.562025297782384e-06,,,0.010751660913228989,7.253063201904297,,,,,,,,,,,,,,,,,,,,,,,,,,,,,
,9.790305721125108e-06,9.790305721125108e-05,1.9580611442250217e-05,0.0,3319,,,,,,,,,,,,,,,,,,,,,,,,,,,,,,,,,,,,,,,,,,,,
,9.790305721125108e-06,9.790305721125108e-05,1.9580611442250217e-05,0.0,3319,,,,,,,,,,,,,,,,,,,,,,,,,,,,,,,,,,,,,,,,,,,,
1,,,,,3319,,,,,1.953373670578003,,0.027539346367120743,,7.182403564453125,,8.986631655716337e-06,,,0.013765179552137852,9.16331672668457,,,,,,,,,,,,,,,,,,,,,,,,,,,,,
,9.7863594046108e-06,9.786359404610798e-05,1.95727188092216e-05,0.0,3339,,,,,,,,,,,,,,,,,,,,,,,,,,,,,,,,,,,,,,,,,,,,
,9.7863594046108e-06,9.786359404610798e-05,1.95727188092216e-05,0.0,3339,,,,,,,,,,,,,,,,,,,,,,,,,,,,,,,,,,,,,,,,,,,,
1,,,,,3339,,,,,1.1200716495513916,,0.021426472812891006,,4.154298305511475,,4.5800377847626805e-05,,,0.010690336115658283,5.2957963943481445,,,,,,,,,,,,,,,,,,,,,,,,,,,,,
,9.782377118595072e-06,9.782377118595071e-05,1.9564754237190144e-05,0.0,3359,,,,,,,,,,,,,,,,,,,,,,,,,,,,,,,,,,,,,,,,,,,,
,9.782377118595072e-06,9.782377118595071e-05,1.9564754237190144e-05,0.0,3359,,,,,,,,,,,,,,,,,,,,,,,,,,,,,,,,,,,,,,,,,,,,
1,,,,,3359,,,,,1.4862004518508911,,0.054742466658353806,,4.540345668792725,,1.9969627828686498e-05,,,0.027361247688531876,6.0812883377075195,,,,,,,,,,,,,,,,,,,,,,,,,,,,,
,9.778358893320743e-06,9.778358893320743e-05,1.9556717786641485e-05,0.0,3379,,,,,,,,,,,,,,,,,,,,,,,,,,,,,,,,,,,,,,,,,,,,
,9.778358893320743e-06,9.778358893320743e-05,1.9556717786641485e-05,0.0,3379,,,,,,,,,,,,,,,,,,,,,,,,,,,,,,,,,,,,,,,,,,,,
1,,,,,3379,,,,,1.6142841577529907,,0.1844700574874878,,7.114522933959961,,5.672391489497386e-05,,,0.09220666438341141,8.913277626037598,,,,,,,,,,,,,,,,,,,,,,,,,,,,,
,9.774304759303563e-06,9.774304759303562e-05,1.9548609518607126e-05,0.0,3399,,,,,,,,,,,,,,,,,,,,,,,,,,,,,,,,,,,,,,,,,,,,
,9.774304759303563e-06,9.774304759303562e-05,1.9548609518607126e-05,0.0,3399,,,,,,,,,,,,,,,,,,,,,,,,,,,,,,,,,,,,,,,,,,,,
1,,,,,3399,,,,,1.788381814956665,,0.01397056132555008,,6.895773887634277,,5.680441972799599e-05,,,0.006956878583878279,8.698125839233398,,,,,,,,,,,,,,,,,,,,,,,,,,,,,
,9.770214747331984e-06,9.770214747331983e-05,1.9540429494663968e-05,0.0,3419,,,,,,,,,,,,,,,,,,,,,,,,,,,,,,,,,,,,,,,,,,,,
,9.770214747331984e-06,9.770214747331983e-05,1.9540429494663968e-05,0.0,3419,,,,,,,,,,,,,,,,,,,,,,,,,,,,,,,,,,,,,,,,,,,,
1,,,,,3419,,,,,1.3933584690093994,,0.011891033500432968,,4.6688737869262695,,9.046168997883797e-05,,,0.005900286138057709,6.074123382568359,,,,,,,,,,,,,,,,,,,,,,,,,,,,,
,9.766088888466931e-06,9.76608888846693e-05,1.9532177776933862e-05,0.0,3439,,,,,,,,,,,,,,,,,,,,,,,,,,,,,,,,,,,,,,,,,,,,
,9.766088888466931e-06,9.76608888846693e-05,1.9532177776933862e-05,0.0,3439,,,,,,,,,,,,,,,,,,,,,,,,,,,,,,,,,,,,,,,,,,,,
1,,,,,3439,,,,,1.2658720016479492,,0.05816323682665825,,5.521595001220703,,0.0015526202041655779,,,0.028305307030677795,6.845630168914795,,,,,,,,,,,,,,,,,,,,,,,,,,,,,
,9.761927214041554e-06,9.761927214041554e-05,1.9523854428083108e-05,0.0,3459,,,,,,,,,,,,,,,,,,,,,,,,,,,,,,,,,,,,,,,,,,,,
,9.761927214041554e-06,9.761927214041554e-05,1.9523854428083108e-05,0.0,3459,,,,,,,,,,,,,,,,,,,,,,,,,,,,,,,,,,,,,,,,,,,,
1,,,,,3459,,,,,1.4385775327682495,,0.014315553940832615,,5.7529401779174805,,8.269029422081076e-06,,,0.007153642363846302,7.205833435058594,,,,,,,,,,,,,,,,,,,,,,,,,,,,,
,9.757729755661012e-06,9.757729755661012e-05,1.9515459511322024e-05,0.0,3479,,,,,,,,,,,,,,,,,,,,,,,,,,,,,,,,,,,,,,,,,,,,
,9.757729755661012e-06,9.757729755661012e-05,1.9515459511322024e-05,0.0,3479,,,,,,,,,,,,,,,,,,,,,,,,,,,,,,,,,,,,,,,,,,,,
1,,,,,3479,,,,,1.4933068752288818,,0.06591631472110748,,5.753382682800293,,5.411100573837757e-06,,,0.03295545279979706,7.312605857849121,,,,,,,,,,,,,,,,,,,,,,,,,,,,,
,9.753496545202204e-06,9.753496545202203e-05,1.9506993090404408e-05,0.0,3499,,,,,,,,,,,,,,,,,,,,,,,,,,,,,,,,,,,,,,,,,,,,
,9.753496545202204e-06,9.753496545202203e-05,1.9506993090404408e-05,0.0,3499,,,,,,,,,,,,,,,,,,,,,,,,,,,,,,,,,,,,,,,,,,,,
1,,,,,3499,,,,,1.5130763053894043,,0.029261335730552673,,4.824582576751709,,3.878629286191426e-06,,,0.014628728851675987,6.366919994354248,,,,,,,,,,,,,,,,,,,,,,,,,,,,,
,9.749227614813554e-06,9.749227614813553e-05,1.949845522962711e-05,0.0,3519,,,,,,,,,,,,,,,,,,,,,,,,,,,,,,,,,,,,,,,,,,,,
,9.749227614813554e-06,9.749227614813553e-05,1.949845522962711e-05,0.0,3519,,,,,,,,,,,,,,,,,,,,,,,,,,,,,,,,,,,,,,,,,,,,
1,,,,,3519,,,,,1.508023738861084,,0.013042187318205833,,5.1530256271362305,,9.120642062043771e-06,,,0.006516532972455025,6.674091339111328,,,,,,,,,,,,,,,,,,,,,,,,,,,,,
,9.744922996914747e-06,9.744922996914747e-05,1.9489845993829494e-05,0.0,3539,,,,,,,,,,,,,,,,,,,,,,,,,,,,,,,,,,,,,,,,,,,,
,9.744922996914747e-06,9.744922996914747e-05,1.9489845993829494e-05,0.0,3539,,,,,,,,,,,,,,,,,,,,,,,,,,,,,,,,,,,,,,,,,,,,
1,,,,,3539,,,,,1.1419951915740967,,0.02787514589726925,,5.325617790222168,,4.154762336838758e-06,,,0.013935495167970657,6.495488166809082,,,,,,,,,,,,,,,,,,,,,,,,,,,,,
,9.740582724196499e-06,9.740582724196499e-05,1.9481165448392998e-05,0.0,3559,,,,,,,,,,,,,,,,,,,,,,,,,,,,,,,,,,,,,,,,,,,,
,9.740582724196499e-06,9.740582724196499e-05,1.9481165448392998e-05,0.0,3559,,,,,,,,,,,,,,,,,,,,,,,,,,,,,,,,,,,,,,,,,,,,
1,,,,,3559,,,,,1.2992719411849976,,0.01407732255756855,,4.34771728515625,,0.001280704396776855,,,0.006398309022188187,5.66106653213501,,,,,,,,,,,,,,,,,,,,,,,,,,,,,
,9.736206829620294e-06,9.736206829620293e-05,1.947241365924059e-05,0.0,3579,,,,,,,,,,,,,,,,,,,,,,,,,,,,,,,,,,,,,,,,,,,,
,9.736206829620294e-06,9.736206829620293e-05,1.947241365924059e-05,0.0,3579,,,,,,,,,,,,,,,,,,,,,,,,,,,,,,,,,,,,,,,,,,,,
1,,,,,3579,,,,,1.2046376466751099,,0.024906417354941368,,4.614370346069336,,4.139519205637043e-06,,,0.012451139278709888,5.84391450881958,,,,,,,,,,,,,,,,,,,,,,,,,,,,,
,9.73179534641814e-06,9.73179534641814e-05,1.946359069283628e-05,0.0,3599,,,,,,,,,,,,,,,,,,,,,,,,,,,,,,,,,,,,,,,,,,,,
,9.73179534641814e-06,9.73179534641814e-05,1.946359069283628e-05,0.0,3599,,,,,,,,,,,,,,,,,,,,,,,,,,,,,,,,,,,,,,,,,,,,
1,,,,,3599,,,,,1.48728346824646,,0.03732648491859436,,5.750714302062988,,2.3227825295180082e-05,,,0.018651627004146576,7.275323867797852,,,,,,,,,,,,,,,,,,,,,,,,,,,,,
,9.727348308092328e-06,9.727348308092327e-05,1.9454696616184656e-05,0.0,3619,,,,,,,,,,,,,,,,,,,,,,,,,,,,,,,,,,,,,,,,,,,,
,9.727348308092328e-06,9.727348308092327e-05,1.9454696616184656e-05,0.0,3619,,,,,,,,,,,,,,,,,,,,,,,,,,,,,,,,,,,,,,,,,,,,
1,,,,,3619,,,,,1.4991976022720337,,0.11780595034360886,,7.056478500366211,,0.008172856643795967,,,0.05481655150651932,8.673481941223145,,,,,,,,,,,,,,,,,,,,,,,,,,,,,
,9.722865748415148e-06,9.722865748415149e-05,1.9445731496830296e-05,0.0,3639,,,,,,,,,,,,,,,,,,,,,,,,,,,,,,,,,,,,,,,,,,,,
,9.722865748415148e-06,9.722865748415149e-05,1.9445731496830296e-05,0.0,3639,,,,,,,,,,,,,,,,,,,,,,,,,,,,,,,,,,,,,,,,,,,,
1,,,,,3639,,,,,1.1103239059448242,,0.012226035818457603,,4.659731864929199,,4.88999139633961e-05,,,0.006088567897677422,5.782281875610352,,,,,,,,,,,,,,,,,,,,,,,,,,,,,
,9.718347701428668e-06,9.718347701428668e-05,1.9436695402857336e-05,0.0,3659,,,,,,,,,,,,,,,,,,,,,,,,,,,,,,,,,,,,,,,,,,,,
,9.718347701428668e-06,9.718347701428668e-05,1.9436695402857336e-05,0.0,3659,,,,,,,,,,,,,,,,,,,,,,,,,,,,,,,,,,,,,,,,,,,,
1,,,,,3659,,,,,1.464145302772522,,0.06596177816390991,,6.581529140472412,,2.719674739637412e-05,,,0.03296729177236557,8.1116361618042,,,,,,,,,,,,,,,,,,,,,,,,,,,,,
,9.71379420144445e-06,9.713794201444449e-05,1.94275884028889e-05,0.0,3679,,,,,,,,,,,,,,,,,,,,,,,,,,,,,,,,,,,,,,,,,,,,
,9.71379420144445e-06,9.713794201444449e-05,1.94275884028889e-05,0.0,3679,,,,,,,,,,,,,,,,,,,,,,,,,,,,,,,,,,,,,,,,,,,,
1,,,,,3679,,,,,1.0634771585464478,,0.018872616812586784,,6.203185558319092,,3.1419469451066107e-05,,,0.009420597925782204,7.2855353355407715,,,,,,,,,,,,,,,,,,,,,,,,,,,,,
,9.709205283043299e-06,9.709205283043298e-05,1.9418410566086597e-05,0.0,3699,,,,,,,,,,,,,,,,,,,,,,,,,,,,,,,,,,,,,,,,,,,,
,9.709205283043299e-06,9.709205283043298e-05,1.9418410566086597e-05,0.0,3699,,,,,,,,,,,,,,,,,,,,,,,,,,,,,,,,,,,,,,,,,,,,
1,,,,,3699,,,,,1.439595341682434,,0.018028980121016502,,5.075312614440918,,2.430267704767175e-05,,,0.009002339094877243,6.532937049865723,,,,,,,,,,,,,,,,,,,,,,,,,,,,,
,9.704580981074999e-06,9.704580981074998e-05,1.9409161962149997e-05,0.0,3719,,,,,,,,,,,,,,,,,,,,,,,,,,,,,,,,,,,,,,,,,,,,
,9.704580981074999e-06,9.704580981074998e-05,1.9409161962149997e-05,0.0,3719,,,,,,,,,,,,,,,,,,,,,,,,,,,,,,,,,,,,,,,,,,,,
1,,,,,3719,,,,,1.5161441564559937,,0.2082599252462387,,8.201979637145996,,0.16666139662265778,,,0.020799268037080765,9.926383018493652,,,,,,,,,,,,,,,,,,,,,,,,,,,,,
,9.699921330658052e-06,9.699921330658051e-05,1.9399842661316103e-05,0.0,3739,,,,,,,,,,,,,,,,,,,,,,,,,,,,,,,,,,,,,,,,,,,,
,9.699921330658052e-06,9.699921330658051e-05,1.9399842661316103e-05,0.0,3739,,,,,,,,,,,,,,,,,,,,,,,,,,,,,,,,,,,,,,,,,,,,
1,,,,,3739,,,,,1.3456597328186035,,0.046154774725437164,,3.6336255073547363,,4.80504531878978e-05,,,0.0230533629655838,5.025440216064453,,,,,,,,,,,,,,,,,,,,,,,,,,,,,
,9.695226367179404e-06,9.695226367179404e-05,1.9390452734358807e-05,0.0,3759,,,,,,,,,,,,,,,,,,,,,,,,,,,,,,,,,,,,,,,,,,,,
,9.695226367179404e-06,9.695226367179404e-05,1.9390452734358807e-05,0.0,3759,,,,,,,,,,,,,,,,,,,,,,,,,,,,,,,,,,,,,,,,,,,,
1,,,,,3759,,,,,1.1875263452529907,,0.02417425997555256,,5.654966354370117,,0.00012159468315076083,,,0.012026332318782806,6.866666793823242,,,,,,,,,,,,,,,,,,,,,,,,,,,,,
,9.690496126294182e-06,9.690496126294182e-05,1.9380992252588363e-05,0.0,3779,,,,,,,,,,,,,,,,,,,,,,,,,,,,,,,,,,,,,,,,,,,,
,9.690496126294182e-06,9.690496126294182e-05,1.9380992252588363e-05,0.0,3779,,,,,,,,,,,,,,,,,,,,,,,,,,,,,,,,,,,,,,,,,,,,
1,,,,,3779,,,,,1.6202481985092163,,0.02012670412659645,,6.253976821899414,,3.611270585679449e-06,,,0.010061546228826046,7.894351959228516,,,,,,,,,,,,,,,,,,,,,,,,,,,,,
,9.685730643925422e-06,9.685730643925422e-05,1.9371461287850844e-05,0.0,3799,,,,,,,,,,,,,,,,,,,,,,,,,,,,,,,,,,,,,,,,,,,,
,9.685730643925422e-06,9.685730643925422e-05,1.9371461287850844e-05,0.0,3799,,,,,,,,,,,,,,,,,,,,,,,,,,,,,,,,,,,,,,,,,,,,
1,,,,,3799,,,,,1.4887593984603882,,0.0797383040189743,,4.629296779632568,,2.1466591988428263e-06,,,0.039868079125881195,6.197794437408447,,,,,,,,,,,,,,,,,,,,,,,,,,,,,
,9.680929956263795e-06,9.680929956263795e-05,1.936185991252759e-05,0.0,3819,,,,,,,,,,,,,,,,,,,,,,,,,,,,,,,,,,,,,,,,,,,,
,9.680929956263795e-06,9.680929956263795e-05,1.936185991252759e-05,0.0,3819,,,,,,,,,,,,,,,,,,,,,,,,,,,,,,,,,,,,,,,,,,,,
1,,,,,3819,,,,,1.0241711139678955,,0.04721829295158386,,4.234051704406738,,5.309592233970761e-05,,,0.023582598194479942,5.305440902709961,,,,,,,,,,,,,,,,,,,,,,,,,,,,,
,9.676094099767333e-06,9.676094099767333e-05,1.9352188199534665e-05,0.0,3839,,,,,,,,,,,,,,,,,,,,,,,,,,,,,,,,,,,,,,,,,,,,
,9.676094099767333e-06,9.676094099767333e-05,1.9352188199534665e-05,0.0,3839,,,,,,,,,,,,,,,,,,,,,,,,,,,,,,,,,,,,,,,,,,,,
1,,,,,3839,,,,,1.276853322982788,,0.014665215276181698,,4.6246232986450195,,4.3073537199234124e-06,,,0.007330453488975763,5.916141510009766,,,,,,,,,,,,,,,,,,,,,,,,,,,,,
,9.67122311116115e-06,9.671223111161149e-05,1.93424462223223e-05,0.0,3859,,,,,,,,,,,,,,,,,,,,,,,,,,,,,,,,,,,,,,,,,,,,
,9.67122311116115e-06,9.671223111161149e-05,1.93424462223223e-05,0.0,3859,,,,,,,,,,,,,,,,,,,,,,,,,,,,,,,,,,,,,,,,,,,,
1,,,,,3859,,,,,1.194300651550293,,0.10401660948991776,,5.483895778656006,,0.0011648163199424744,,,0.05142589658498764,6.78221321105957,,,,,,,,,,,,,,,,,,,,,,,,,,,,,
,9.666317027437168e-06,9.666317027437169e-05,1.9332634054874336e-05,0.0,3879,,,,,,,,,,,,,,,,,,,,,,,,,,,,,,,,,,,,,,,,,,,,
,9.666317027437168e-06,9.666317027437169e-05,1.9332634054874336e-05,0.0,3879,,,,,,,,,,,,,,,,,,,,,,,,,,,,,,,,,,,,,,,,,,,,
1,,,,,3879,,,,,1.4942357540130615,,0.00993154477328062,,6.928847789764404,,1.5955986327753635e-06,,,0.004964974708855152,8.433014869689941,,,,,,,,,,,,,,,,,,,,,,,,,,,,,
,9.661375885853831e-06,9.661375885853832e-05,1.9322751771707663e-05,0.0,3899,,,,,,,,,,,,,,,,,,,,,,,,,,,,,,,,,,,,,,,,,,,,
,9.661375885853831e-06,9.661375885853832e-05,1.9322751771707663e-05,0.0,3899,,,,,,,,,,,,,,,,,,,,,,,,,,,,,,,,,,,,,,,,,,,,
1,,,,,3899,,,,,1.07359778881073,,0.06143917143344879,,3.8277320861816406,,5.033840352552943e-06,,,0.030717069283127785,4.962769031524658,,,,,,,,,,,,,,,,,,,,,,,,,,,,,
,9.656399723935828e-06,9.656399723935827e-05,1.9312799447871656e-05,0.0,3919,,,,,,,,,,,,,,,,,,,,,,,,,,,,,,,,,,,,,,,,,,,,
,9.656399723935828e-06,9.656399723935827e-05,1.9312799447871656e-05,0.0,3919,,,,,,,,,,,,,,,,,,,,,,,,,,,,,,,,,,,,,,,,,,,,
1,,,,,3919,,,,,1.7724472284317017,,0.02340344712138176,,5.728889465332031,,1.2313619663473219e-05,,,0.011695566587150097,7.524740219116211,,,,,,,,,,,,,,,,,,,,,,,,,,,,,
,9.651388579473797e-06,9.651388579473796e-05,1.9302777158947594e-05,0.0,3939,,,,,,,,,,,,,,,,,,,,,,,,,,,,,,,,,,,,,,,,,,,,
,9.651388579473797e-06,9.651388579473796e-05,1.9302777158947594e-05,0.0,3939,,,,,,,,,,,,,,,,,,,,,,,,,,,,,,,,,,,,,,,,,,,,
1,,,,,3939,,,,,1.3288755416870117,,0.022588014602661133,,4.9716715812683105,,2.439035779389087e-05,,,0.011281812563538551,6.3231353759765625,,,,,,,,,,,,,,,,,,,,,,,,,,,,,
,9.646342490524052e-06,9.646342490524051e-05,1.9292684981048103e-05,0.0,3959,,,,,,,,,,,,,,,,,,,,,,,,,,,,,,,,,,,,,,,,,,,,
,9.646342490524052e-06,9.646342490524051e-05,1.9292684981048103e-05,0.0,3959,,,,,,,,,,,,,,,,,,,,,,,,,,,,,,,,,,,,,,,,,,,,
1,,,,,3959,,,,,1.2650607824325562,,0.07133202254772186,,7.316544532775879,,5.546311876969412e-05,,,0.03563828021287918,8.652936935424805,,,,,,,,,,,,,,,,,,,,,,,,,,,,,
,9.64126149540828e-06,9.64126149540828e-05,1.928252299081656e-05,0.0,3979,,,,,,,,,,,,,,,,,,,,,,,,,,,,,,,,,,,,,,,,,,,,
,9.64126149540828e-06,9.64126149540828e-05,1.928252299081656e-05,0.0,3979,,,,,,,,,,,,,,,,,,,,,,,,,,,,,,,,,,,,,,,,,,,,
1,,,,,3979,,,,,1.4994851350784302,,0.13386887311935425,,5.390873908996582,,8.213955879909918e-06,,,0.06693033128976822,7.024227619171143,,,,,,,,,,,,,,,,,,,,,,,,,,,,,
,9.636145632713268e-06,9.636145632713268e-05,1.9272291265426536e-05,0.0,3999,,,,,,,,,,,,,,,,,,,,,,,,,,,,,,,,,,,,,,,,,,,,
,9.636145632713268e-06,9.636145632713268e-05,1.9272291265426536e-05,0.0,3999,,,,,,,,,,,,,,,,,,,,,,,,,,,,,,,,,,,,,,,,,,,,
1,,,,,3999,,,,,1.887201189994812,,0.050867512822151184,,5.718090534210205,,0.0029243524186313152,,,0.02397157996892929,7.656159400939941,,,,,,,,,,,,,,,,,,,,,,,,,,,,,
1,,,,,3999,,,,,,,,,,,,,,,,,,,0.0,4800.0,25.2900333404541,24.97699546813965,47.14378356933594,0.10833333432674408,0.14541666209697723,0.16895833611488342,0.19887953996658325,0.06655564904212952,0.12632478773593903,0.005998868960887194,5.0,4800.0,0.0,0.0,5.0,4800.0,520.0,698.0,811.0,1.0,1.0,5.0,0.7356212139129639,0.7356212139129639
1,,,,,3999,12.695074081420898,19.41796875,1.0,1.4742248058319092,,0.045122645795345306,,7.461925506591797,,0.002429132116958499,,8.981266021728516,0.021346747875213623,,,0.9969881772994995,2.0,7830.0,,,,,,,,,,,,,,,,,,,,,,,,,,
,9.63099494129059e-06,9.630994941290591e-05,1.926198988258118e-05,0.0,4019,,,,,,,,,,,,,,,,,,,,,,,,,,,,,,,,,,,,,,,,,,,,
,9.63099494129059e-06,9.630994941290591e-05,1.926198988258118e-05,0.0,4019,,,,,,,,,,,,,,,,,,,,,,,,,,,,,,,,,,,,,,,,,,,,
2,,,,,4019,,,,,1.2293692827224731,,0.007132763043045998,,3.860651731491089,,0.00031322170980274677,,,0.0034097707830369473,5.097153663635254,,,,,,,,,,,,,,,,,,,,,,,,,,,,,
,9.625809460256324e-06,9.625809460256324e-05,1.925161892051265e-05,0.0,4039,,,,,,,,,,,,,,,,,,,,,,,,,,,,,,,,,,,,,,,,,,,,
,9.625809460256324e-06,9.625809460256324e-05,1.925161892051265e-05,0.0,4039,,,,,,,,,,,,,,,,,,,,,,,,,,,,,,,,,,,,,,,,,,,,
2,,,,,4039,,,,,1.2064789533615112,,0.007306776009500027,,5.684807777404785,,6.453104288084432e-05,,,0.00362112233415246,6.898593425750732,,,,,,,,,,,,,,,,,,,,,,,,,,,,,
,9.62058922899075e-06,9.62058922899075e-05,1.92411784579815e-05,0.0,4059,,,,,,,,,,,,,,,,,,,,,,,,,,,,,,,,,,,,,,,,,,,,
,9.62058922899075e-06,9.62058922899075e-05,1.92411784579815e-05,0.0,4059,,,,,,,,,,,,,,,,,,,,,,,,,,,,,,,,,,,,,,,,,,,,
2,,,,,4059,,,,,1.0603240728378296,,0.06124600023031235,,3.3289668560028076,,0.00010181480320170522,,,0.030572092160582542,4.450536727905273,,,,,,,,,,,,,,,,,,,,,,,,,,,,,
,9.615334287138056e-06,9.615334287138055e-05,1.923066857427611e-05,0.0,4079,,,,,,,,,,,,,,,,,,,,,,,,,,,,,,,,,,,,,,,,,,,,
,9.615334287138056e-06,9.615334287138055e-05,1.923066857427611e-05,0.0,4079,,,,,,,,,,,,,,,,,,,,,,,,,,,,,,,,,,,,,,,,,,,,
2,,,,,4079,,,,,1.276328682899475,,0.050329722464084625,,3.724867582321167,,0.0001507565175415948,,,0.025089483708143234,5.051526069641113,,,,,,,,,,,,,,,,,,,,,,,,,,,,,
,9.610044674606031e-06,9.61004467460603e-05,1.9220089349212063e-05,0.0,4099,,,,,,,,,,,,,,,,,,,,,,,,,,,,,,,,,,,,,,,,,,,,
,9.610044674606031e-06,9.61004467460603e-05,1.9220089349212063e-05,0.0,4099,,,,,,,,,,,,,,,,,,,,,,,,,,,,,,,,,,,,,,,,,,,,
2,,,,,4099,,,,,1.076321005821228,,0.014972393400967121,,3.5979461669921875,,6.731839221174596e-06,,,0.007482830435037613,4.689239501953125,,,,,,,,,,,,,,,,,,,,,,,,,,,,,
,9.604720431565768e-06,9.604720431565766e-05,1.9209440863131536e-05,0.0,4119,,,,,,,,,,,,,,,,,,,,,,,,,,,,,,,,,,,,,,,,,,,,
,9.604720431565768e-06,9.604720431565766e-05,1.9209440863131536e-05,0.0,4119,,,,,,,,,,,,,,,,,,,,,,,,,,,,,,,,,,,,,,,,,,,,
2,,,,,4119,,,,,1.2552965879440308,,0.019355878233909607,,4.4329986572265625,,1.3150913218851201e-05,,,0.009671363979578018,5.707651138305664,,,,,,,,,,,,,,,,,,,,,,,,,,,,,
,9.59936159845135e-06,9.59936159845135e-05,1.91987231969027e-05,0.0,4139,,,,,,,,,,,,,,,,,,,,,,,,,,,,,,,,,,,,,,,,,,,,
,9.59936159845135e-06,9.59936159845135e-05,1.91987231969027e-05,0.0,4139,,,,,,,,,,,,,,,,,,,,,,,,,,,,,,,,,,,,,,,,,,,,
2,,,,,4139,,,,,1.3021687269210815,,0.02306879311800003,,3.8372669219970703,,6.370919436449185e-06,,,0.01153121143579483,5.16250467300415,,,,,,,,,,,,,,,,,,,,,,,,,,,,,
,9.59396821595956e-06,9.593968215959559e-05,1.918793643191912e-05,0.0,4159,,,,,,,,,,,,,,,,,,,,,,,,,,,,,,,,,,,,,,,,,,,,
,9.59396821595956e-06,9.593968215959559e-05,1.918793643191912e-05,0.0,4159,,,,,,,,,,,,,,,,,,,,,,,,,,,,,,,,,,,,,,,,,,,,
2,,,,,4159,,,,,1.255678415298462,,0.015739481896162033,,4.07888126373291,,6.797480637033004e-06,,,0.007866342552006245,5.350298881530762,,,,,,,,,,,,,,,,,,,,,,,,,,,,,
,9.588540325049547e-06,9.588540325049546e-05,1.9177080650099093e-05,0.0,4179,,,,,,,,,,,,,,,,,,,,,,,,,,,,,,,,,,,,,,,,,,,,
,9.588540325049547e-06,9.588540325049546e-05,1.9177080650099093e-05,0.0,4179,,,,,,,,,,,,,,,,,,,,,,,,,,,,,,,,,,,,,,,,,,,,
2,,,,,4179,,,,,0.7889582514762878,,0.019937023520469666,,3.331970453262329,,1.4075221770326607e-06,,,0.009967807680368423,4.140865802764893,,,,,,,,,,,,,,,,,,,,,,,,,,,,,
,9.583077966942535e-06,9.583077966942534e-05,1.916615593388507e-05,0.0,4199,,,,,,,,,,,,,,,,,,,,,,,,,,,,,,,,,,,,,,,,,,,,
,9.583077966942535e-06,9.583077966942534e-05,1.916615593388507e-05,0.0,4199,,,,,,,,,,,,,,,,,,,,,,,,,,,,,,,,,,,,,,,,,,,,
2,,,,,4199,,,,,1.054486870765686,,0.0388905368745327,,5.310802459716797,,8.195442205760628e-06,,,0.01944117061793804,6.404179573059082,,,,,,,,,,,,,,,,,,,,,,,,,,,,,
,9.577581183121506e-06,9.577581183121504e-05,1.915516236624301e-05,0.0,4219,,,,,,,,,,,,,,,,,,,,,,,,,,,,,,,,,,,,,,,,,,,,
,9.577581183121506e-06,9.577581183121504e-05,1.915516236624301e-05,0.0,4219,,,,,,,,,,,,,,,,,,,,,,,,,,,,,,,,,,,,,,,,,,,,
2,,,,,4219,,,,,1.134102463722229,,0.11684376746416092,,4.0966620445251465,,3.3267224353039637e-06,,,0.05842021852731705,5.3476080894470215,,,,,,,,,,,,,,,,,,,,,,,,,,,,,
,9.572050015330875e-06,9.572050015330874e-05,1.914410003066175e-05,0.0,4239,,,,,,,,,,,,,,,,,,,,,,,,,,,,,,,,,,,,,,,,,,,,
,9.572050015330875e-06,9.572050015330874e-05,1.914410003066175e-05,0.0,4239,,,,,,,,,,,,,,,,,,,,,,,,,,,,,,,,,,,,,,,,,,,,
2,,,,,4239,,,,,1.2407928705215454,,0.07378937304019928,,3.8529064655303955,,0.00010289943747920915,,,0.03684323653578758,5.1674885749816895,,,,,,,,,,,,,,,,,,,,,,,,,,,,,
,9.566484505576187e-06,9.566484505576188e-05,1.9132969011152374e-05,0.0,4259,,,,,,,,,,,,,,,,,,,,,,,,,,,,,,,,,,,,,,,,,,,,
,9.566484505576187e-06,9.566484505576188e-05,1.9132969011152374e-05,0.0,4259,,,,,,,,,,,,,,,,,,,,,,,,,,,,,,,,,,,,,,,,,,,,
2,,,,,4259,,,,,1.191938877105713,,0.006173351313918829,,3.298546314239502,,6.011081040924182e-06,,,0.0030836702790111303,4.4966583251953125,,,,,,,,,,,,,,,,,,,,,,,,,,,,,
,9.560884696123794e-06,9.560884696123793e-05,1.9121769392247587e-05,0.0,4279,,,,,,,,,,,,,,,,,,,,,,,,,,,,,,,,,,,,,,,,,,,,
,9.560884696123794e-06,9.560884696123793e-05,1.9121769392247587e-05,0.0,4279,,,,,,,,,,,,,,,,,,,,,,,,,,,,,,,,,,,,,,,,,,,,
2,,,,,4279,,,,,1.116632342338562,,0.015423675999045372,,5.859418869018555,,5.693326784239616e-06,,,0.007708991412073374,6.9914751052856445,,,,,,,,,,,,,,,,,,,,,,,,,,,,,
,9.555250629500517e-06,9.555250629500517e-05,1.9110501259001034e-05,0.0,4299,,,,,,,,,,,,,,,,,,,,,,,,,,,,,,,,,,,,,,,,,,,,
,9.555250629500517e-06,9.555250629500517e-05,1.9110501259001034e-05,0.0,4299,,,,,,,,,,,,,,,,,,,,,,,,,,,,,,,,,,,,,,,,,,,,
2,,,,,4299,,,,,1.3894165754318237,,0.018286636099219322,,5.237265586853027,,7.519609880546341e-06,,,0.009139558300375938,6.6449689865112305,,,,,,,,,,,,,,,,,,,,,,,,,,,,,
,9.549582348493354e-06,9.549582348493354e-05,1.909916469698671e-05,0.0,4319,,,,,,,,,,,,,,,,,,,,,,,,,,,,,,,,,,,,,,,,,,,,
,9.549582348493354e-06,9.549582348493354e-05,1.909916469698671e-05,0.0,4319,,,,,,,,,,,,,,,,,,,,,,,,,,,,,,,,,,,,,,,,,,,,
2,,,,,4319,,,,,1.3461734056472778,,0.00943874754011631,,6.027551651000977,,1.2782281828549458e-06,,,0.004718734882771969,7.3831634521484375,,,,,,,,,,,,,,,,,,,,,,,,,,,,,
,9.543879896149131e-06,9.54387989614913e-05,1.9087759792298263e-05,0.0,4339,,,,,,,,,,,,,,,,,,,,,,,,,,,,,,,,,,,,,,,,,,,,
,9.543879896149131e-06,9.54387989614913e-05,1.9087759792298263e-05,0.0,4339,,,,,,,,,,,,,,,,,,,,,,,,,,,,,,,,,,,,,,,,,,,,
2,,,,,4339,,,,,1.9010509252548218,,0.04716150090098381,,7.491598129272461,,7.584955892525613e-05,,,0.023542825132608414,9.439810752868652,,,,,,,,,,,,,,,,,,,,,,,,,,,,,
,9.538143315774181e-06,9.538143315774181e-05,1.9076286631548362e-05,0.0,4359,,,,,,,,,,,,,,,,,,,,,,,,,,,,,,,,,,,,,,,,,,,,
,9.538143315774181e-06,9.538143315774181e-05,1.9076286631548362e-05,0.0,4359,,,,,,,,,,,,,,,,,,,,,,,,,,,,,,,,,,,,,,,,,,,,
2,,,,,4359,,,,,0.9473448991775513,,0.08563089370727539,,3.588007926940918,,0.05820236727595329,,,0.013714266009628773,4.620983600616455,,,,,,,,,,,,,,,,,,,,,,,,,,,,,
,9.532372650934019e-06,9.532372650934019e-05,1.9064745301868038e-05,0.0,4379,,,,,,,,,,,,,,,,,,,,,,,,,,,,,,,,,,,,,,,,,,,,
,9.532372650934019e-06,9.532372650934019e-05,1.9064745301868038e-05,0.0,4379,,,,,,,,,,,,,,,,,,,,,,,,,,,,,,,,,,,,,,,,,,,,
2,,,,,4379,,,,,1.5040982961654663,,0.010686324909329414,,5.612584114074707,,6.942845357116312e-05,,,0.00530844833701849,7.127368927001953,,,,,,,,,,,,,,,,,,,,,,,,,,,,,
,9.52656794545301e-06,9.526567945453009e-05,1.905313589090602e-05,0.0,4399,,,,,,,,,,,,,,,,,,,,,,,,,,,,,,,,,,,,,,,,,,,,
,9.52656794545301e-06,9.526567945453009e-05,1.905313589090602e-05,0.0,4399,,,,,,,,,,,,,,,,,,,,,,,,,,,,,,,,,,,,,,,,,,,,
2,,,,,4399,,,,,1.025912880897522,,0.021266059949994087,,3.8635733127593994,,7.0693126872356515e-06,,,0.010629495605826378,4.910752296447754,,,,,,,,,,,,,,,,,,,,,,,,,,,,,
,9.520729243414033e-06,9.520729243414031e-05,1.9041458486828065e-05,0.0,4419,,,,,,,,,,,,,,,,,,,,,,,,,,,,,,,,,,,,,,,,,,,,
,9.520729243414033e-06,9.520729243414031e-05,1.9041458486828065e-05,0.0,4419,,,,,,,,,,,,,,,,,,,,,,,,,,,,,,,,,,,,,,,,,,,,
2,,,,,4419,,,,,1.6178289651870728,,0.04422720894217491,,5.042913436889648,,2.730058668021229e-06,,,0.02211224101483822,6.70496940612793,,,,,,,,,,,,,,,,,,,,,,,,,,,,,
,9.514856589158148e-06,9.514856589158147e-05,1.9029713178316296e-05,0.0,4439,,,,,,,,,,,,,,,,,,,,,,,,,,,,,,,,,,,,,,,,,,,,
,9.514856589158148e-06,9.514856589158147e-05,1.9029713178316296e-05,0.0,4439,,,,,,,,,,,,,,,,,,,,,,,,,,,,,,,,,,,,,,,,,,,,
2,,,,,4439,,,,,1.881805658340454,,0.01511169783771038,,10.865533828735352,,0.0003298282390460372,,,0.007390934973955154,12.762451171875,,,,,,,,,,,,,,,,,,,,,,,,,,,,,
,9.508950027284261e-06,9.508950027284261e-05,1.9017900054568522e-05,0.0,4459,,,,,,,,,,,,,,,,,,,,,,,,,,,,,,,,,,,,,,,,,,,,
,9.508950027284261e-06,9.508950027284261e-05,1.9017900054568522e-05,0.0,4459,,,,,,,,,,,,,,,,,,,,,,,,,,,,,,,,,,,,,,,,,,,,
2,,,,,4459,,,,,1.1439557075500488,,0.034523431211709976,,3.986964225769043,,7.663114956812933e-06,,,0.01725788414478302,5.165443420410156,,,,,,,,,,,,,,,,,,,,,,,,,,,,,
,9.503009602648785e-06,9.503009602648784e-05,1.900601920529757e-05,0.0,4479,,,,,,,,,,,,,,,,,,,,,,,,,,,,,,,,,,,,,,,,,,,,
,9.503009602648785e-06,9.503009602648784e-05,1.900601920529757e-05,0.0,4479,,,,,,,,,,,,,,,,,,,,,,,,,,,,,,,,,,,,,,,,,,,,
2,,,,,4479,,,,,1.514875888824463,,0.022387603297829628,,5.912163257598877,,2.046186818915885e-05,,,0.011183570139110088,7.449426651000977,,,,,,,,,,,,,,,,,,,,,,,,,,,,,
,9.497035360365297e-06,9.497035360365296e-05,1.8994070720730594e-05,0.0,4499,,,,,,,,,,,,,,,,,,,,,,,,,,,,,,,,,,,,,,,,,,,,
,9.497035360365297e-06,9.497035360365296e-05,1.8994070720730594e-05,0.0,4499,,,,,,,,,,,,,,,,,,,,,,,,,,,,,,,,,,,,,,,,,,,,
2,,,,,4499,,,,,1.0928211212158203,,0.008579077199101448,,4.8172760009765625,,1.545265877211932e-05,,,0.004281812347471714,5.918676376342773,,,,,,,,,,,,,,,,,,,,,,,,,,,,,
,9.49102734580419e-06,9.491027345804191e-05,1.898205469160838e-05,0.0,4519,,,,,,,,,,,,,,,,,,,,,,,,,,,,,,,,,,,,,,,,,,,,
,9.49102734580419e-06,9.491027345804191e-05,1.898205469160838e-05,0.0,4519,,,,,,,,,,,,,,,,,,,,,,,,,,,,,,,,,,,,,,,,,,,,
2,,,,,4519,,,,,1.2400153875350952,,0.0507332906126976,,5.1279425621032715,,1.6233188944170251e-06,,,0.025365833193063736,6.418691158294678,,,,,,,,,,,,,,,,,,,,,,,,,,,,,
,9.48498560459235e-06,9.48498560459235e-05,1.89699712091847e-05,0.0,4539,,,,,,,,,,,,,,,,,,,,,,,,,,,,,,,,,,,,,,,,,,,,
,9.48498560459235e-06,9.48498560459235e-05,1.89699712091847e-05,0.0,4539,,,,,,,,,,,,,,,,,,,,,,,,,,,,,,,,,,,,,,,,,,,,
2,,,,,4539,,,,,1.3683483600616455,,0.008901983499526978,,6.275251388549805,,8.018660082598217e-06,,,0.004446982406079769,7.652502059936523,,,,,,,,,,,,,,,,,,,,,,,,,,,,,
,9.47891018261278e-06,9.47891018261278e-05,1.895782036522556e-05,0.0,4559,,,,,,,,,,,,,,,,,,,,,,,,,,,,,,,,,,,,,,,,,,,,
,9.47891018261278e-06,9.47891018261278e-05,1.895782036522556e-05,0.0,4559,,,,,,,,,,,,,,,,,,,,,,,,,,,,,,,,,,,,,,,,,,,,
2,,,,,4559,,,,,1.9172974824905396,,0.016314208507537842,,6.934908390045166,,8.186268132703844e-06,,,0.008153011091053486,8.86851978302002,,,,,,,,,,,,,,,,,,,,,,,,,,,,,
,9.472801126004272e-06,9.472801126004272e-05,1.8945602252008544e-05,0.0,4579,,,,,,,,,,,,,,,,,,,,,,,,,,,,,,,,,,,,,,,,,,,,
,9.472801126004272e-06,9.472801126004272e-05,1.8945602252008544e-05,0.0,4579,,,,,,,,,,,,,,,,,,,,,,,,,,,,,,,,,,,,,,,,,,,,
2,,,,,4579,,,,,0.9693148732185364,,0.1156221255660057,,3.401515483856201,,0.0068377284333109856,,,0.054392196238040924,4.486452579498291,,,,,,,,,,,,,,,,,,,,,,,,,,,,,
,9.466658481161052e-06,9.466658481161052e-05,1.8933316962322105e-05,0.0,4599,,,,,,,,,,,,,,,,,,,,,,,,,,,,,,,,,,,,,,,,,,,,
,9.466658481161052e-06,9.466658481161052e-05,1.8933316962322105e-05,0.0,4599,,,,,,,,,,,,,,,,,,,,,,,,,,,,,,,,,,,,,,,,,,,,
2,,,,,4599,,,,,1.3621916770935059,,0.02441110834479332,,6.942559242248535,,2.373787538090255e-05,,,0.01219368539750576,8.32916259765625,,,,,,,,,,,,,,,,,,,,,,,,,,,,,
,9.460482294732422e-06,9.460482294732421e-05,1.8920964589464843e-05,0.0,4619,,,,,,,,,,,,,,,,,,,,,,,,,,,,,,,,,,,,,,,,,,,,
,9.460482294732422e-06,9.460482294732421e-05,1.8920964589464843e-05,0.0,4619,,,,,,,,,,,,,,,,,,,,,,,,,,,,,,,,,,,,,,,,,,,,
2,,,,,4619,,,,,0.9026166796684265,,0.056605204939842224,,4.012638092041016,,2.93936682282947e-06,,,0.02830113284289837,4.971859931945801,,,,,,,,,,,,,,,,,,,,,,,,,,,,,
,9.454272613622416e-06,9.454272613622415e-05,1.890854522724483e-05,0.0,4639,,,,,,,,,,,,,,,,,,,,,,,,,,,,,,,,,,,,,,,,,,,,
,9.454272613622416e-06,9.454272613622415e-05,1.890854522724483e-05,0.0,4639,,,,,,,,,,,,,,,,,,,,,,,,,,,,,,,,,,,,,,,,,,,,
2,,,,,4639,,,,,1.02798593044281,,0.05217054858803749,,4.221962928771973,,5.6468079492333345e-06,,,0.02608245238661766,5.302119731903076,,,,,,,,,,,,,,,,,,,,,,,,,,,,,
,9.448029484989428e-06,9.448029484989427e-05,1.8896058969978857e-05,0.0,4659,,,,,,,,,,,,,,,,,,,,,,,,,,,,,,,,,,,,,,,,,,,,
,9.448029484989428e-06,9.448029484989427e-05,1.8896058969978857e-05,0.0,4659,,,,,,,,,,,,,,,,,,,,,,,,,,,,,,,,,,,,,,,,,,,,
2,,,,,4659,,,,,1.048202395439148,,0.03003786876797676,,3.5742709636688232,,2.0933032374159666e-06,,,0.015017888508737087,4.652511119842529,,,,,,,,,,,,,,,,,,,,,,,,,,,,,
,9.44175295624588e-06,9.441752956245879e-05,1.888350591249176e-05,0.0,4679,,,,,,,,,,,,,,,,,,,,,,,,,,,,,,,,,,,,,,,,,,,,
,9.44175295624588e-06,9.441752956245879e-05,1.888350591249176e-05,0.0,4679,,,,,,,,,,,,,,,,,,,,,,,,,,,,,,,,,,,,,,,,,,,,
2,,,,,4679,,,,,1.017118215560913,,0.03551618754863739,,4.562560081481934,,4.210009592497954e-06,,,0.017755988985300064,5.615194320678711,,,,,,,,,,,,,,,,,,,,,,,,,,,,,
,9.435443075057826e-06,9.435443075057826e-05,1.8870886150115652e-05,0.0,4699,,,,,,,,,,,,,,,,,,,,,,,,,,,,,,,,,,,,,,,,,,,,
,9.435443075057826e-06,9.435443075057826e-05,1.8870886150115652e-05,0.0,4699,,,,,,,,,,,,,,,,,,,,,,,,,,,,,,,,,,,,,,,,,,,,
2,,,,,4699,,,,,1.1482194662094116,,0.061119310557842255,,4.554131507873535,,0.00026409898418933153,,,0.030427604913711548,5.76347017288208,,,,,,,,,,,,,,,,,,,,,,,,,,,,,
,9.429099889344628e-06,9.429099889344628e-05,1.8858199778689256e-05,0.0,4719,,,,,,,,,,,,,,,,,,,,,,,,,,,,,,,,,,,,,,,,,,,,
,9.429099889344628e-06,9.429099889344628e-05,1.8858199778689256e-05,0.0,4719,,,,,,,,,,,,,,,,,,,,,,,,,,,,,,,,,,,,,,,,,,,,
2,,,,,4719,,,,,0.814710259437561,,0.005309798754751682,,2.707395076751709,,6.256389042391675e-06,,,0.0026517712976783514,3.5274152755737305,,,,,,,,,,,,,,,,,,,,,,,,,,,,,
,9.42272344727856e-06,9.422723447278559e-05,1.884544689455712e-05,0.0,4739,,,,,,,,,,,,,,,,,,,,,,,,,,,,,,,,,,,,,,,,,,,,
,9.42272344727856e-06,9.422723447278559e-05,1.884544689455712e-05,0.0,4739,,,,,,,,,,,,,,,,,,,,,,,,,,,,,,,,,,,,,,,,,,,,
2,,,,,4739,,,,,1.2252663373947144,,0.02164243534207344,,5.7074127197265625,,3.8270631193881854e-05,,,0.010802081786096096,6.954321384429932,,,,,,,,,,,,,,,,,,,,,,,,,,,,,
,9.416313797284462e-06,9.41631379728446e-05,1.8832627594568923e-05,0.0,4759,,,,,,,,,,,,,,,,,,,,,,,,,,,,,,,,,,,,,,,,,,,,
,9.416313797284462e-06,9.41631379728446e-05,1.8832627594568923e-05,0.0,4759,,,,,,,,,,,,,,,,,,,,,,,,,,,,,,,,,,,,,,,,,,,,
2,,,,,4759,,,,,1.8674947023391724,,0.24496763944625854,,8.422653198242188,,5.475383659359068e-06,,,0.1224810853600502,10.535115242004395,,,,,,,,,,,,,,,,,,,,,,,,,,,,,
,9.409870988039363e-06,9.409870988039364e-05,1.8819741976078726e-05,0.0,4779,,,,,,,,,,,,,,,,,,,,,,,,,,,,,,,,,,,,,,,,,,,,
,9.409870988039363e-06,9.409870988039364e-05,1.8819741976078726e-05,0.0,4779,,,,,,,,,,,,,,,,,,,,,,,,,,,,,,,,,,,,,,,,,,,,
2,,,,,4779,,,,,1.1925736665725708,,0.04916601628065109,,9.657085418701172,,0.0001541617966722697,,,0.02450592815876007,10.898824691772461,,,,,,,,,,,,,,,,,,,,,,,,,,,,,
,9.403395068472121e-06,9.403395068472121e-05,1.8806790136944242e-05,0.0,4799,,,,,,,,,,,,,,,,,,,,,,,,,,,,,,,,,,,,,,,,,,,,
,9.403395068472121e-06,9.403395068472121e-05,1.8806790136944242e-05,0.0,4799,,,,,,,,,,,,,,,,,,,,,,,,,,,,,,,,,,,,,,,,,,,,
2,,,,,4799,,,,,1.1847351789474487,,0.02783086523413658,,3.6371822357177734,,2.384847539360635e-05,,,0.013903507962822914,4.849748134613037,,,,,,,,,,,,,,,,,,,,,,,,,,,,,
,9.39688608776304e-06,9.396886087763039e-05,1.879377217552608e-05,0.0,4819,,,,,,,,,,,,,,,,,,,,,,,,,,,,,,,,,,,,,,,,,,,,
,9.39688608776304e-06,9.396886087763039e-05,1.879377217552608e-05,0.0,4819,,,,,,,,,,,,,,,,,,,,,,,,,,,,,,,,,,,,,,,,,,,,
2,,,,,4819,,,,,1.4837315082550049,,0.04112507030367851,,6.5429229736328125,,0.00018247963453177363,,,0.020471295341849327,8.067779541015625,,,,,,,,,,,,,,,,,,,,,,,,,,,,,
,9.390344095343498e-06,9.390344095343498e-05,1.8780688190686996e-05,0.0,4839,,,,,,,,,,,,,,,,,,,,,,,,,,,,,,,,,,,,,,,,,,,,
,9.390344095343498e-06,9.390344095343498e-05,1.8780688190686996e-05,0.0,4839,,,,,,,,,,,,,,,,,,,,,,,,,,,,,,,,,,,,,,,,,,,,
2,,,,,4839,,,,,1.1966568231582642,,0.014874973334372044,,3.8560218811035156,,1.2423663065419532e-05,,,0.0074312747456133366,5.067553520202637,,,,,,,,,,,,,,,,,,,,,,,,,,,,,
,9.383769140895584e-06,9.383769140895583e-05,1.876753828179117e-05,0.0,4859,,,,,,,,,,,,,,,,,,,,,,,,,,,,,,,,,,,,,,,,,,,,
,9.383769140895584e-06,9.383769140895583e-05,1.876753828179117e-05,0.0,4859,,,,,,,,,,,,,,,,,,,,,,,,,,,,,,,,,,,,,,,,,,,,
2,,,,,4859,,,,,0.9721565842628479,,0.02052139677107334,,4.2667317390441895,,6.875367398606613e-05,,,0.010226321406662464,5.259409427642822,,,,,,,,,,,,,,,,,,,,,,,,,,,,,
,9.377161274351702e-06,9.377161274351703e-05,1.8754322548703404e-05,0.0,4879,,,,,,,,,,,,,,,,,,,,,,,,,,,,,,,,,,,,,,,,,,,,
,9.377161274351702e-06,9.377161274351703e-05,1.8754322548703404e-05,0.0,4879,,,,,,,,,,,,,,,,,,,,,,,,,,,,,,,,,,,,,,,,,,,,
2,,,,,4879,,,,,1.603218913078308,,0.016861936077475548,,6.523017883300781,,4.3293723138049245e-05,,,0.008409321308135986,8.143098831176758,,,,,,,,,,,,,,,,,,,,,,,,,,,,,
,9.370520545894209e-06,9.370520545894208e-05,1.8741041091788418e-05,0.0,4899,,,,,,,,,,,,,,,,,,,,,,,,,,,,,,,,,,,,,,,,,,,,
,9.370520545894209e-06,9.370520545894208e-05,1.8741041091788418e-05,0.0,4899,,,,,,,,,,,,,,,,,,,,,,,,,,,,,,,,,,,,,,,,,,,,
2,,,,,4899,,,,,1.443785548210144,,0.0943785160779953,,5.092682361602783,,0.06942782551050186,,,0.012475347146391869,6.6308465003967285,,,,,,,,,,,,,,,,,,,,,,,,,,,,,
,9.363847005955023e-06,9.363847005955022e-05,1.8727694011910046e-05,0.0,4919,,,,,,,,,,,,,,,,,,,,,,,,,,,,,,,,,,,,,,,,,,,,
,9.363847005955023e-06,9.363847005955022e-05,1.8727694011910046e-05,0.0,4919,,,,,,,,,,,,,,,,,,,,,,,,,,,,,,,,,,,,,,,,,,,,
2,,,,,4919,,,,,1.1963579654693604,,0.04710596799850464,,6.248024940490723,,3.8132868212414905e-05,,,0.02353391796350479,7.491488456726074,,,,,,,,,,,,,,,,,,,,,,,,,,,,,
,9.357140705215244e-06,9.357140705215244e-05,1.8714281410430488e-05,0.0,4939,,,,,,,,,,,,,,,,,,,,,,,,,,,,,,,,,,,,,,,,,,,,
,9.357140705215244e-06,9.357140705215244e-05,1.8714281410430488e-05,0.0,4939,,,,,,,,,,,,,,,,,,,,,,,,,,,,,,,,,,,,,,,,,,,,
2,,,,,4939,,,,,1.2236567735671997,,-0.0,,4.622127056121826,,-0.0,,,-0.0,5.845783710479736,,,,,,,,,,,,,,,,,,,,,,,,,,,,,
,9.35040169460477e-06,9.350401694604769e-05,1.870080338920954e-05,0.0,4959,,,,,,,,,,,,,,,,,,,,,,,,,,,,,,,,,,,,,,,,,,,,
,9.35040169460477e-06,9.350401694604769e-05,1.870080338920954e-05,0.0,4959,,,,,,,,,,,,,,,,,,,,,,,,,,,,,,,,,,,,,,,,,,,,
2,,,,,4959,,,,,0.9623333811759949,,0.01571662165224552,,2.9137086868286133,,2.5561162146914285e-06,,,0.007857032120227814,3.891758680343628,,,,,,,,,,,,,,,,,,,,,,,,,,,,,
,9.343630025301903e-06,9.343630025301901e-05,1.8687260050603805e-05,0.0,4979,,,,,,,,,,,,,,,,,,,,,,,,,,,,,,,,,,,,,,,,,,,,
,9.343630025301903e-06,9.343630025301901e-05,1.8687260050603805e-05,0.0,4979,,,,,,,,,,,,,,,,,,,,,,,,,,,,,,,,,,,,,,,,,,,,
2,,,,,4979,,,,,1.3923699855804443,,0.00836271047592163,,7.013052940368652,,4.488565173232928e-05,,,0.004158912226557732,8.413785934448242,,,,,,,,,,,,,,,,,,,,,,,,,,,,,
,9.336825748732973e-06,9.336825748732972e-05,1.8673651497465946e-05,0.0,4999,,,,,,,,,,,,,,,,,,,,,,,,,,,,,,,,,,,,,,,,,,,,
,9.336825748732973e-06,9.336825748732972e-05,1.8673651497465946e-05,0.0,4999,,,,,,,,,,,,,,,,,,,,,,,,,,,,,,,,,,,,,,,,,,,,
2,,,,,4999,,,,,1.142807960510254,,0.028375137597322464,,4.947596549987793,,1.094112576538464e-05,,,0.01418209820985794,6.11877965927124,,,,,,,,,,,,,,,,,,,,,,,,,,,,,
,9.329988916571937e-06,9.329988916571937e-05,1.8659977833143875e-05,0.0,5019,,,,,,,,,,,,,,,,,,,,,,,,,,,,,,,,,,,,,,,,,,,,
,9.329988916571937e-06,9.329988916571937e-05,1.8659977833143875e-05,0.0,5019,,,,,,,,,,,,,,,,,,,,,,,,,,,,,,,,,,,,,,,,,,,,
2,,,,,5019,,,,,1.3941928148269653,,0.01914752647280693,,4.919119834899902,,7.881235069362447e-05,,,0.009534357115626335,6.332459926605225,,,,,,,,,,,,,,,,,,,,,,,,,,,,,
,9.323119580739993e-06,9.323119580739992e-05,1.8646239161479985e-05,0.0,5039,,,,,,,,,,,,,,,,,,,,,,,,,,,,,,,,,,,,,,,,,,,,
,9.323119580739993e-06,9.323119580739992e-05,1.8646239161479985e-05,0.0,5039,,,,,,,,,,,,,,,,,,,,,,,,,,,,,,,,,,,,,,,,,,,,
2,,,,,5039,,,,,1.618665099143982,,0.05129289627075195,,6.177717208862305,,0.0014748561661690474,,,0.024909019470214844,7.847675323486328,,,,,,,,,,,,,,,,,,,,,,,,,,,,,
,9.316217793405176e-06,9.316217793405177e-05,1.8632435586810352e-05,0.0,5059,,,,,,,,,,,,,,,,,,,,,,,,,,,,,,,,,,,,,,,,,,,,
,9.316217793405176e-06,9.316217793405177e-05,1.8632435586810352e-05,0.0,5059,,,,,,,,,,,,,,,,,,,,,,,,,,,,,,,,,,,,,,,,,,,,
2,,,,,5059,,,,,0.8178492784500122,,0.04179651662707329,,3.890524387359619,,8.330988202942535e-05,,,0.020856603980064392,4.7501702308654785,,,,,,,,,,,,,,,,,,,,,,,,,,,,,
,9.309283606981976e-06,9.309283606981976e-05,1.8618567213963953e-05,0.0,5079,,,,,,,,,,,,,,,,,,,,,,,,,,,,,,,,,,,,,,,,,,,,
,9.309283606981976e-06,9.309283606981976e-05,1.8618567213963953e-05,0.0,5079,,,,,,,,,,,,,,,,,,,,,,,,,,,,,,,,,,,,,,,,,,,,
2,,,,,5079,,,,,0.9707620739936829,,0.025769878178834915,,9.265810012817383,,0.00036575645208358765,,,0.012702060863375664,10.26234245300293,,,,,,,,,,,,,,,,,,,,,,,,,,,,,
,9.302317074130932e-06,9.302317074130932e-05,1.8604634148261863e-05,0.0,5099,,,,,,,,,,,,,,,,,,,,,,,,,,,,,,,,,,,,,,,,,,,,
,9.302317074130932e-06,9.302317074130932e-05,1.8604634148261863e-05,0.0,5099,,,,,,,,,,,,,,,,,,,,,,,,,,,,,,,,,,,,,,,,,,,,
2,,,,,5099,,,,,1.1829910278320312,,0.03142782300710678,,3.696209669113159,,1.6142908862093464e-05,,,0.015705838799476624,4.910628318786621,,,,,,,,,,,,,,,,,,,,,,,,,,,,,
,9.295318247758228e-06,9.295318247758227e-05,1.8590636495516456e-05,0.0,5119,,,,,,,,,,,,,,,,,,,,,,,,,,,,,,,,,,,,,,,,,,,,
,9.295318247758228e-06,9.295318247758227e-05,1.8590636495516456e-05,0.0,5119,,,,,,,,,,,,,,,,,,,,,,,,,,,,,,,,,,,,,,,,,,,,
2,,,,,5119,,,,,0.8462271690368652,,0.009795631282031536,,2.9196341037750244,,8.77819456945872e-06,,,0.004893426783382893,3.7756569385528564,,,,,,,,,,,,,,,,,,,,,,,,,,,,,
,9.288287181015296e-06,9.288287181015296e-05,1.8576574362030592e-05,0.0,5139,,,,,,,,,,,,,,,,,,,,,,,,,,,,,,,,,,,,,,,,,,,,
,9.288287181015296e-06,9.288287181015296e-05,1.8576574362030592e-05,0.0,5139,,,,,,,,,,,,,,,,,,,,,,,,,,,,,,,,,,,,,,,,,,,,
2,,,,,5139,,,,,0.9030762910842896,,-0.0,,3.6579465866088867,,-0.0,,,-0.0,4.561022758483887,,,,,,,,,,,,,,,,,,,,,,,,,,,,,
,9.281223927298418e-06,9.281223927298418e-05,1.8562447854596835e-05,0.0,5159,,,,,,,,,,,,,,,,,,,,,,,,,,,,,,,,,,,,,,,,,,,,
,9.281223927298418e-06,9.281223927298418e-05,1.8562447854596835e-05,0.0,5159,,,,,,,,,,,,,,,,,,,,,,,,,,,,,,,,,,,,,,,,,,,,
2,,,,,5159,,,,,1.1771739721298218,,0.04349394515156746,,4.3689165115356445,,2.6461726520210505e-05,,,0.021733742207288742,5.5895843505859375,,,,,,,,,,,,,,,,,,,,,,,,,,,,,
,9.27412854024831e-06,9.274128540248309e-05,1.854825708049662e-05,0.0,5179,,,,,,,,,,,,,,,,,,,,,,,,,,,,,,,,,,,,,,,,,,,,
,9.27412854024831e-06,9.274128540248309e-05,1.854825708049662e-05,0.0,5179,,,,,,,,,,,,,,,,,,,,,,,,,,,,,,,,,,,,,,,,,,,,
2,,,,,5179,,,,,1.2445341348648071,,0.03380386158823967,,4.840131759643555,,0.00016927660908550024,,,0.01681729219853878,6.118469715118408,,,,,,,,,,,,,,,,,,,,,,,,,,,,,
,9.26700107374972e-06,9.267001073749719e-05,1.853400214749944e-05,0.0,5199,,,,,,,,,,,,,,,,,,,,,,,,,,,,,,,,,,,,,,,,,,,,
,9.26700107374972e-06,9.267001073749719e-05,1.853400214749944e-05,0.0,5199,,,,,,,,,,,,,,,,,,,,,,,,,,,,,,,,,,,,,,,,,,,,
2,,,,,5199,,,,,1.0760408639907837,,0.018909569829702377,,3.016601085662842,,4.236365839460632e-06,,,0.009452666155993938,4.111551284790039,,,,,,,,,,,,,,,,,,,,,,,,,,,,,
,9.259841581931018e-06,9.259841581931017e-05,1.8519683163862036e-05,0.0,5219,,,,,,,,,,,,,,,,,,,,,,,,,,,,,,,,,,,,,,,,,,,,
,9.259841581931018e-06,9.259841581931017e-05,1.8519683163862036e-05,0.0,5219,,,,,,,,,,,,,,,,,,,,,,,,,,,,,,,,,,,,,,,,,,,,
2,,,,,5219,,,,,0.843126654624939,,0.007737401872873306,,2.499866008758545,,3.511105751385912e-05,,,0.0038511452730745077,3.3507299423217773,,,,,,,,,,,,,,,,,,,,,,,,,,,,,
,9.252650119163785e-06,9.252650119163785e-05,1.850530023832757e-05,0.0,5239,,,,,,,,,,,,,,,,,,,,,,,,,,,,,,,,,,,,,,,,,,,,
,9.252650119163785e-06,9.252650119163785e-05,1.850530023832757e-05,0.0,5239,,,,,,,,,,,,,,,,,,,,,,,,,,,,,,,,,,,,,,,,,,,,
2,,,,,5239,,,,,1.5916788578033447,,0.04677831381559372,,8.033090591430664,,0.00046944955829530954,,,0.023154431954026222,9.671547889709473,,,,,,,,,,,,,,,,,,,,,,,,,,,,,
,9.245426740062402e-06,9.245426740062402e-05,1.8490853480124804e-05,0.0,5259,,,,,,,,,,,,,,,,,,,,,,,,,,,,,,,,,,,,,,,,,,,,
,9.245426740062402e-06,9.245426740062402e-05,1.8490853480124804e-05,0.0,5259,,,,,,,,,,,,,,,,,,,,,,,,,,,,,,,,,,,,,,,,,,,,
2,,,,,5259,,,,,0.9377449750900269,,0.02660323679447174,,2.689098358154297,,2.6097062800545245e-05,,,0.013288568705320358,3.653446674346924,,,,,,,,,,,,,,,,,,,,,,,,,,,,,
,9.23817149948363e-06,9.23817149948363e-05,1.847634299896726e-05,0.0,5279,,,,,,,,,,,,,,,,,,,,,,,,,,,,,,,,,,,,,,,,,,,,
,9.23817149948363e-06,9.23817149948363e-05,1.847634299896726e-05,0.0,5279,,,,,,,,,,,,,,,,,,,,,,,,,,,,,,,,,,,,,,,,,,,,
2,,,,,5279,,,,,1.230071783065796,,0.056837063282728195,,5.203531265258789,,7.773561264912132e-06,,,0.028414644300937653,6.490440368652344,,,,,,,,,,,,,,,,,,,,,,,,,,,,,
,9.230884452526201e-06,9.230884452526202e-05,1.8461768905052403e-05,0.0,5299,,,,,,,,,,,,,,,,,,,,,,,,,,,,,,,,,,,,,,,,,,,,
,9.230884452526201e-06,9.230884452526202e-05,1.8461768905052403e-05,0.0,5299,,,,,,,,,,,,,,,,,,,,,,,,,,,,,,,,,,,,,,,,,,,,
2,,,,,5299,,,,,1.2799359560012817,,0.01400909386575222,,5.541675567626953,,0.0003401811118237674,,,0.006834456231445074,6.835620403289795,,,,,,,,,,,,,,,,,,,,,,,,,,,,,
,9.223565654530394e-06,9.223565654530392e-05,1.8447131309060787e-05,0.0,5319,,,,,,,,,,,,,,,,,,,,,,,,,,,,,,,,,,,,,,,,,,,,
,9.223565654530394e-06,9.223565654530392e-05,1.8447131309060787e-05,0.0,5319,,,,,,,,,,,,,,,,,,,,,,,,,,,,,,,,,,,,,,,,,,,,
2,,,,,5319,,,,,1.5415582656860352,,0.05582702159881592,,4.549916744232178,,0.00348853156901896,,,0.026169244199991226,6.147302150726318,,,,,,,,,,,,,,,,,,,,,,,,,,,,,
,9.21621516107761e-06,9.216215161077609e-05,1.843243032215522e-05,0.0,5339,,,,,,,,,,,,,,,,,,,,,,,,,,,,,,,,,,,,,,,,,,,,
,9.21621516107761e-06,9.216215161077609e-05,1.843243032215522e-05,0.0,5339,,,,,,,,,,,,,,,,,,,,,,,,,,,,,,,,,,,,,,,,,,,,
2,,,,,5339,,,,,1.3223527669906616,,0.017282461747527122,,6.866788387298584,,3.1917525120661594e-06,,,0.00863963458687067,8.20642375946045,,,,,,,,,,,,,,,,,,,,,,,,,,,,,
,9.208833027989966e-06,9.208833027989965e-05,1.841766605597993e-05,0.0,5359,,,,,,,,,,,,,,,,,,,,,,,,,,,,,,,,,,,,,,,,,,,,
,9.208833027989966e-06,9.208833027989965e-05,1.841766605597993e-05,0.0,5359,,,,,,,,,,,,,,,,,,,,,,,,,,,,,,,,,,,,,,,,,,,,
2,,,,,5359,,,,,1.3123780488967896,,0.014563496224582195,,4.345041275024414,,0.00011077381350332871,,,0.007226360961794853,5.671982765197754,,,,,,,,,,,,,,,,,,,,,,,,,,,,,
,9.20141931132985e-06,9.20141931132985e-05,1.84028386226597e-05,0.0,5379,,,,,,,,,,,,,,,,,,,,,,,,,,,,,,,,,,,,,,,,,,,,
,9.20141931132985e-06,9.20141931132985e-05,1.84028386226597e-05,0.0,5379,,,,,,,,,,,,,,,,,,,,,,,,,,,,,,,,,,,,,,,,,,,,
2,,,,,5379,,,,,0.9457287192344666,,0.02636542171239853,,3.578050136566162,,6.0727779782610014e-05,,,0.01315234787762165,4.550144195556641,,,,,,,,,,,,,,,,,,,,,,,,,,,,,
,9.193974067399517e-06,9.193974067399516e-05,1.8387948134799034e-05,0.0,5399,,,,,,,,,,,,,,,,,,,,,,,,,,,,,,,,,,,,,,,,,,,,
,9.193974067399517e-06,9.193974067399516e-05,1.8387948134799034e-05,0.0,5399,,,,,,,,,,,,,,,,,,,,,,,,,,,,,,,,,,,,,,,,,,,,
2,,,,,5399,,,,,1.7366043329238892,,0.039468660950660706,,7.1754937171936035,,7.792460382916033e-05,,,0.01969536766409874,8.951566696166992,,,,,,,,,,,,,,,,,,,,,,,,,,,,,
,9.186497352740645e-06,9.186497352740645e-05,1.837299470548129e-05,0.0,5419,,,,,,,,,,,,,,,,,,,,,,,,,,,,,,,,,,,,,,,,,,,,
,9.186497352740645e-06,9.186497352740645e-05,1.837299470548129e-05,0.0,5419,,,,,,,,,,,,,,,,,,,,,,,,,,,,,,,,,,,,,,,,,,,,
2,,,,,5419,,,,,0.9214169979095459,,0.03557490184903145,,3.3168632984161377,,4.7292578528868034e-06,,,0.0177850853651762,4.273855209350586,,,,,,,,,,,,,,,,,,,,,,,,,,,,,
,9.178989224133911e-06,9.178989224133912e-05,1.8357978448267822e-05,0.0,5439,,,,,,,,,,,,,,,,,,,,,,,,,,,,,,,,,,,,,,,,,,,,
,9.178989224133911e-06,9.178989224133912e-05,1.8357978448267822e-05,0.0,5439,,,,,,,,,,,,,,,,,,,,,,,,,,,,,,,,,,,,,,,,,,,,
2,,,,,5439,,,,,1.451185703277588,,0.03190324828028679,,4.664539813995361,,0.006205936428159475,,,0.012848656624555588,6.1476287841796875,,,,,,,,,,,,,,,,,,,,,,,,,,,,,
,9.171449738598563e-06,9.171449738598563e-05,1.8342899477197126e-05,0.0,5459,,,,,,,,,,,,,,,,,,,,,,,,,,,,,,,,,,,,,,,,,,,,
,9.171449738598563e-06,9.171449738598563e-05,1.8342899477197126e-05,0.0,5459,,,,,,,,,,,,,,,,,,,,,,,,,,,,,,,,,,,,,,,,,,,,
2,,,,,5459,,,,,0.7154299020767212,,0.013149207457900047,,2.6643729209899902,,1.713726123853121e-05,,,0.006566034629940987,3.3929519653320312,,,,,,,,,,,,,,,,,,,,,,,,,,,,,
,9.16387895339198e-06,9.163878953391979e-05,1.832775790678396e-05,0.0,5479,,,,,,,,,,,,,,,,,,,,,,,,,,,,,,,,,,,,,,,,,,,,
,9.16387895339198e-06,9.163878953391979e-05,1.832775790678396e-05,0.0,5479,,,,,,,,,,,,,,,,,,,,,,,,,,,,,,,,,,,,,,,,,,,,
2,,,,,5479,,,,,1.1844011545181274,,0.013844299130141735,,3.64387583732605,,0.00029005028773099184,,,0.0067771244794130325,4.842121124267578,,,,,,,,,,,,,,,,,,,,,,,,,,,,,
,9.156276926009244e-06,9.156276926009244e-05,1.8312553852018488e-05,0.0,5499,,,,,,,,,,,,,,,,,,,,,,,,,,,,,,,,,,,,,,,,,,,,
,9.156276926009244e-06,9.156276926009244e-05,1.8312553852018488e-05,0.0,5499,,,,,,,,,,,,,,,,,,,,,,,,,,,,,,,,,,,,,,,,,,,,
2,,,,,5499,,,,,1.1375032663345337,,0.08105681836605072,,21.243743896484375,,1.7619770460441941e-06,,,0.04052753001451492,22.462303161621094,,,,,,,,,,,,,,,,,,,,,,,,,,,,,
,9.1486437141827e-06,9.1486437141827e-05,1.82972874283654e-05,0.0,5519,,,,,,,,,,,,,,,,,,,,,,,,,,,,,,,,,,,,,,,,,,,,
,9.1486437141827e-06,9.1486437141827e-05,1.82972874283654e-05,0.0,5519,,,,,,,,,,,,,,,,,,,,,,,,,,,,,,,,,,,,,,,,,,,,
2,,,,,5519,,,,,0.7914851307868958,,0.02465386502444744,,3.570816993713379,,0.00026422447990626097,,,0.012194820679724216,4.386956214904785,,,,,,,,,,,,,,,,,,,,,,,,,,,,,
,9.14097937588152e-06,9.140979375881519e-05,1.828195875176304e-05,0.0,5539,,,,,,,,,,,,,,,,,,,,,,,,,,,,,,,,,,,,,,,,,,,,
,9.14097937588152e-06,9.140979375881519e-05,1.828195875176304e-05,0.0,5539,,,,,,,,,,,,,,,,,,,,,,,,,,,,,,,,,,,,,,,,,,,,
2,,,,,5539,,,,,1.042331576347351,,0.027556797489523888,,3.669942855834961,,3.113945422228426e-05,,,0.013762828893959522,4.739831447601318,,,,,,,,,,,,,,,,,,,,,,,,,,,,,
,9.133283969311253e-06,9.133283969311254e-05,1.8266567938622507e-05,0.0,5559,,,,,,,,,,,,,,,,,,,,,,,,,,,,,,,,,,,,,,,,,,,,
,9.133283969311253e-06,9.133283969311254e-05,1.8266567938622507e-05,0.0,5559,,,,,,,,,,,,,,,,,,,,,,,,,,,,,,,,,,,,,,,,,,,,
2,,,,,5559,,,,,1.072818636894226,,0.12390507012605667,,4.6015753746032715,,0.11735836416482925,,,0.003273352049291134,5.798299312591553,,,,,,,,,,,,,,,,,,,,,,,,,,,,,
,9.125557552913403e-06,9.125557552913403e-05,1.8251115105826805e-05,0.0,5579,,,,,,,,,,,,,,,,,,,,,,,,,,,,,,,,,,,,,,,,,,,,
,9.125557552913403e-06,9.125557552913403e-05,1.8251115105826805e-05,0.0,5579,,,,,,,,,,,,,,,,,,,,,,,,,,,,,,,,,,,,,,,,,,,,
2,,,,,5579,,,,,1.0020638704299927,,0.016576800495386124,,3.72752046585083,,3.173609002260491e-05,,,0.008272532373666763,4.746160984039307,,,,,,,,,,,,,,,,,,,,,,,,,,,,,
,9.117800185364964e-06,9.117800185364963e-05,1.8235600370729928e-05,0.0,5599,,,,,,,,,,,,,,,,,,,,,,,,,,,,,,,,,,,,,,,,,,,,
,9.117800185364964e-06,9.117800185364963e-05,1.8235600370729928e-05,0.0,5599,,,,,,,,,,,,,,,,,,,,,,,,,,,,,,,,,,,,,,,,,,,,
2,,,,,5599,,,,,0.7666419148445129,,0.008012156002223492,,2.3879852294921875,,2.4004043552849907e-06,,,0.004004877991974354,3.1626391410827637,,,,,,,,,,,,,,,,,,,,,,,,,,,,,
,9.110011925577988e-06,9.110011925577988e-05,1.8220023851155976e-05,0.0,5619,,,,,,,,,,,,,,,,,,,,,,,,,,,,,,,,,,,,,,,,,,,,
,9.110011925577988e-06,9.110011925577988e-05,1.8220023851155976e-05,0.0,5619,,,,,,,,,,,,,,,,,,,,,,,,,,,,,,,,,,,,,,,,,,,,
2,,,,,5619,,,,,0.8374767303466797,,0.011956006288528442,,3.239809513092041,,3.206535620847717e-05,,,0.005961970426142216,4.089241981506348,,,,,,,,,,,,,,,,,,,,,,,,,,,,,
,9.10219283269913e-06,9.10219283269913e-05,1.820438566539826e-05,0.0,5639,,,,,,,,,,,,,,,,,,,,,,,,,,,,,,,,,,,,,,,,,,,,
,9.10219283269913e-06,9.10219283269913e-05,1.820438566539826e-05,0.0,5639,,,,,,,,,,,,,,,,,,,,,,,,,,,,,,,,,,,,,,,,,,,,
2,,,,,5639,,,,,1.21493661403656,,0.03942064195871353,,7.210768222808838,,4.061756953888107e-06,,,0.019708290696144104,8.46512508392334,,,,,,,,,,,,,,,,,,,,,,,,,,,,,
,9.0943429661092e-06,9.094342966109201e-05,1.81886859322184e-05,0.0,5659,,,,,,,,,,,,,,,,,,,,,,,,,,,,,,,,,,,,,,,,,,,,
,9.0943429661092e-06,9.094342966109201e-05,1.81886859322184e-05,0.0,5659,,,,,,,,,,,,,,,,,,,,,,,,,,,,,,,,,,,,,,,,,,,,
2,,,,,5659,,,,,1.1885297298431396,,0.07876333594322205,,4.416187286376953,,0.004974959418177605,,,0.036894187331199646,5.683480262756348,,,,,,,,,,,,,,,,,,,,,,,,,,,,,
,9.086462385422722e-06,9.086462385422722e-05,1.8172924770845443e-05,0.0,5679,,,,,,,,,,,,,,,,,,,,,,,,,,,,,,,,,,,,,,,,,,,,
,9.086462385422722e-06,9.086462385422722e-05,1.8172924770845443e-05,0.0,5679,,,,,,,,,,,,,,,,,,,,,,,,,,,,,,,,,,,,,,,,,,,,
2,,,,,5679,,,,,1.1003339290618896,,0.075444795191288,,4.253404140472412,,0.00040134775917977095,,,0.03752172365784645,5.429183006286621,,,,,,,,,,,,,,,,,,,,,,,,,,,,,
,9.078551150487466e-06,9.078551150487465e-05,1.815710230097493e-05,0.0,5699,,,,,,,,,,,,,,,,,,,,,,,,,,,,,,,,,,,,,,,,,,,,
,9.078551150487466e-06,9.078551150487465e-05,1.815710230097493e-05,0.0,5699,,,,,,,,,,,,,,,,,,,,,,,,,,,,,,,,,,,,,,,,,,,,
2,,,,,5699,,,,,1.2566518783569336,,0.015523555688560009,,4.781430244445801,,3.2378535252064466e-05,,,0.007745588663965464,6.053605556488037,,,,,,,,,,,,,,,,,,,,,,,,,,,,,
,9.070609321384003e-06,9.070609321384003e-05,1.8141218642768005e-05,0.0,5719,,,,,,,,,,,,,,,,,,,,,,,,,,,,,,,,,,,,,,,,,,,,
,9.070609321384003e-06,9.070609321384003e-05,1.8141218642768005e-05,0.0,5719,,,,,,,,,,,,,,,,,,,,,,,,,,,,,,,,,,,,,,,,,,,,
2,,,,,5719,,,,,1.3323290348052979,,0.024415917694568634,,3.6042447090148926,,4.462758079171181e-05,,,0.01218564435839653,4.960989952087402,,,,,,,,,,,,,,,,,,,,,,,,,,,,,
,9.062636958425244e-06,9.062636958425244e-05,1.812527391685049e-05,0.0,5739,,,,,,,,,,,,,,,,,,,,,,,,,,,,,,,,,,,,,,,,,,,,
,9.062636958425244e-06,9.062636958425244e-05,1.812527391685049e-05,0.0,5739,,,,,,,,,,,,,,,,,,,,,,,,,,,,,,,,,,,,,,,,,,,,
2,,,,,5739,,,,,1.1337041854858398,,0.035475295037031174,,4.134766578674316,,4.367598648968851e-06,,,0.017735464498400688,5.303946018218994,,,,,,,,,,,,,,,,,,,,,,,,,,,,,
,9.054634122155991e-06,9.05463412215599e-05,1.8109268244311982e-05,0.0,5759,,,,,,,,,,,,,,,,,,,,,,,,,,,,,,,,,,,,,,,,,,,,
,9.054634122155991e-06,9.05463412215599e-05,1.8109268244311982e-05,0.0,5759,,,,,,,,,,,,,,,,,,,,,,,,,,,,,,,,,,,,,,,,,,,,
2,,,,,5759,,,,,0.9049564599990845,,0.062218405306339264,,3.9105494022369385,,0.0001724639005260542,,,0.031022971495985985,4.8777241706848145,,,,,,,,,,,,,,,,,,,,,,,,,,,,,
,9.04660087335246e-06,9.046600873352462e-05,1.809320174670492e-05,0.0,5779,,,,,,,,,,,,,,,,,,,,,,,,,,,,,,,,,,,,,,,,,,,,
,9.04660087335246e-06,9.046600873352462e-05,1.809320174670492e-05,0.0,5779,,,,,,,,,,,,,,,,,,,,,,,,,,,,,,,,,,,,,,,,,,,,
2,,,,,5779,,,,,0.8228617310523987,,0.030666302889585495,,2.635530948638916,,1.7522233974887058e-06,,,0.015332275070250034,3.4890589714050293,,,,,,,,,,,,,,,,,,,,,,,,,,,,,
,9.038537273021844e-06,9.038537273021843e-05,1.8077074546043688e-05,0.0,5799,,,,,,,,,,,,,,,,,,,,,,,,,,,,,,,,,,,,,,,,,,,,
,9.038537273021844e-06,9.038537273021843e-05,1.8077074546043688e-05,0.0,5799,,,,,,,,,,,,,,,,,,,,,,,,,,,,,,,,,,,,,,,,,,,,
2,,,,,5799,,,,,1.6224119663238525,,0.01746196858584881,,7.093763828277588,,0.00016439059982076287,,,0.008648788556456566,8.733637809753418,,,,,,,,,,,,,,,,,,,,,,,,,,,,,
,9.03044338240182e-06,9.030443382401818e-05,1.806088676480364e-05,0.0,5819,,,,,,,,,,,,,,,,,,,,,,,,,,,,,,,,,,,,,,,,,,,,
,9.03044338240182e-06,9.030443382401818e-05,1.806088676480364e-05,0.0,5819,,,,,,,,,,,,,,,,,,,,,,,,,,,,,,,,,,,,,,,,,,,,
2,,,,,5819,,,,,0.9968183040618896,,0.016213679686188698,,3.624988555908203,,0.00030545686604455113,,,0.007954111322760582,4.6380205154418945,,,,,,,,,,,,,,,,,,,,,,,,,,,,,
,9.022319262960108e-06,9.022319262960108e-05,1.8044638525920216e-05,0.0,5839,,,,,,,,,,,,,,,,,,,,,,,,,,,,,,,,,,,,,,,,,,,,
,9.022319262960108e-06,9.022319262960108e-05,1.8044638525920216e-05,0.0,5839,,,,,,,,,,,,,,,,,,,,,,,,,,,,,,,,,,,,,,,,,,,,
2,,,,,5839,,,,,1.3616474866867065,,0.18750546872615814,,3.9207520484924316,,0.001191138057038188,,,0.09315717220306396,5.469904899597168,,,,,,,,,,,,,,,,,,,,,,,,,,,,,
,9.014164976393998e-06,9.014164976393999e-05,1.8028329952787997e-05,0.0,5859,,,,,,,,,,,,,,,,,,,,,,,,,,,,,,,,,,,,,,,,,,,,
,9.014164976393998e-06,9.014164976393999e-05,1.8028329952787997e-05,0.0,5859,,,,,,,,,,,,,,,,,,,,,,,,,,,,,,,,,,,,,,,,,,,,
2,,,,,5859,,,,,1.008476972579956,,0.033952631056308746,,3.421043872833252,,4.286789589968976e-06,,,0.01697417162358761,4.463473320007324,,,,,,,,,,,,,,,,,,,,,,,,,,,,,
,9.005980584629877e-06,9.005980584629877e-05,1.8011961169259754e-05,0.0,5879,,,,,,,,,,,,,,,,,,,,,,,,,,,,,,,,,,,,,,,,,,,,
,9.005980584629877e-06,9.005980584629877e-05,1.8011961169259754e-05,0.0,5879,,,,,,,,,,,,,,,,,,,,,,,,,,,,,,,,,,,,,,,,,,,,
2,,,,,5879,,,,,0.7833653688430786,,0.005430942866951227,,2.866436719894409,,2.348635098314844e-05,,,0.0027037281543016434,3.6552329063415527,,,,,,,,,,,,,,,,,,,,,,,,,,,,,
,8.99776614982276e-06,8.99776614982276e-05,1.799553229964552e-05,0.0,5899,,,,,,,,,,,,,,,,,,,,,,,,,,,,,,,,,,,,,,,,,,,,
,8.99776614982276e-06,8.99776614982276e-05,1.799553229964552e-05,0.0,5899,,,,,,,,,,,,,,,,,,,,,,,,,,,,,,,,,,,,,,,,,,,,
2,,,,,5899,,,,,1.0857347249984741,,0.028102613985538483,,4.047384738922119,,4.235419964970788e-06,,,0.014049189165234566,5.161221981048584,,,,,,,,,,,,,,,,,,,,,,,,,,,,,
,8.989521734355817e-06,8.989521734355816e-05,1.7979043468711634e-05,0.0,5919,,,,,,,,,,,,,,,,,,,,,,,,,,,,,,,,,,,,,,,,,,,,
,8.989521734355817e-06,8.989521734355816e-05,1.7979043468711634e-05,0.0,5919,,,,,,,,,,,,,,,,,,,,,,,,,,,,,,,,,,,,,,,,,,,,
2,,,,,5919,,,,,1.2148983478546143,,0.04824581742286682,,3.659287452697754,,0.0005671650869771838,,,0.023839326575398445,4.922431945800781,,,,,,,,,,,,,,,,,,,,,,,,,,,,,
,8.981247400839902e-06,8.981247400839902e-05,1.7962494801679805e-05,0.0,5939,,,,,,,,,,,,,,,,,,,,,,,,,,,,,,,,,,,,,,,,,,,,
,8.981247400839902e-06,8.981247400839902e-05,1.7962494801679805e-05,0.0,5939,,,,,,,,,,,,,,,,,,,,,,,,,,,,,,,,,,,,,,,,,,,,
2,,,,,5939,,,,,1.329383373260498,,0.019222203642129898,,4.59773063659668,,0.00016180887178052217,,,0.009530197829008102,5.946336269378662,,,,,,,,,,,,,,,,,,,,,,,,,,,,,
,8.972943212113084e-06,8.972943212113082e-05,1.7945886424226167e-05,0.0,5959,,,,,,,,,,,,,,,,,,,,,,,,,,,,,,,,,,,,,,,,,,,,
,8.972943212113084e-06,8.972943212113082e-05,1.7945886424226167e-05,0.0,5959,,,,,,,,,,,,,,,,,,,,,,,,,,,,,,,,,,,,,,,,,,,,
2,,,,,5959,,,,,1.3444410562515259,,0.025628728792071342,,4.887743949890137,,1.88225192232494e-06,,,0.012813422828912735,6.257813453674316,,,,,,,,,,,,,,,,,,,,,,,,,,,,,
,8.96460923124015e-06,8.96460923124015e-05,1.79292184624803e-05,0.0,5979,,,,,,,,,,,,,,,,,,,,,,,,,,,,,,,,,,,,,,,,,,,,
,8.96460923124015e-06,8.96460923124015e-05,1.79292184624803e-05,0.0,5979,,,,,,,,,,,,,,,,,,,,,,,,,,,,,,,,,,,,,,,,,,,,
2,,,,,5979,,,,,1.2566648721694946,,0.047856077551841736,,4.655884742736816,,0.0004836781299673021,,,0.023686200380325317,5.960405349731445,,,,,,,,,,,,,,,,,,,,,,,,,,,,,
,8.956245521512148e-06,8.956245521512149e-05,1.7912491043024297e-05,0.0,5999,,,,,,,,,,,,,,,,,,,,,,,,,,,,,,,,,,,,,,,,,,,,
,8.956245521512148e-06,8.956245521512149e-05,1.7912491043024297e-05,0.0,5999,,,,,,,,,,,,,,,,,,,,,,,,,,,,,,,,,,,,,,,,,,,,
2,,,,,5999,,,,,1.1191411018371582,,0.03411208838224411,,3.6092512607574463,,1.75562672666274e-05,,,0.01704726740717888,4.762504577636719,,,,,,,,,,,,,,,,,,,,,,,,,,,,,
2,,,,,5999,,,,,,,,,,,,,,,,,,,0.0,4800.0,26.58738136291504,25.999374389648438,47.31902313232422,0.08270833641290665,0.11083333194255829,0.1341666728258133,0.18753698468208313,0.06609749794006348,0.11640875786542892,0.005030651111155748,5.0,4800.0,0.0,0.0,5.0,4800.0,397.0,532.0,644.0,1.0,1.0,5.0,0.7853158712387085,0.7853158712387085
2,,,,,5999,12.859172821044922,19.41796875,1.0,1.1953842639923096,,0.03785350173711777,,4.764385223388672,,0.0013241557171568274,,5.997625350952148,0.018264681100845337,,,0.9635888934135437,2.0,7830.0,,,,,,,,,,,,,,,,,,,,,,,,,,
,8.947852146445896e-06,8.947852146445896e-05,1.7895704292891792e-05,0.0,6019,,,,,,,,,,,,,,,,,,,,,,,,,,,,,,,,,,,,,,,,,,,,
,8.947852146445896e-06,8.947852146445896e-05,1.7895704292891792e-05,0.0,6019,,,,,,,,,,,,,,,,,,,,,,,,,,,,,,,,,,,,,,,,,,,,
3,,,,,6019,,,,,1.5737727880477905,,0.01457294262945652,,6.072412490844727,,9.928410690918099e-06,,,0.0072815073654055595,7.6607584953308105,,,,,,,,,,,,,,,,,,,,,,,,,,,,,
,8.939429169783496e-06,8.939429169783496e-05,1.7878858339566992e-05,0.0,6039,,,,,,,,,,,,,,,,,,,,,,,,,,,,,,,,,,,,,,,,,,,,
,8.939429169783496e-06,8.939429169783496e-05,1.7878858339566992e-05,0.0,6039,,,,,,,,,,,,,,,,,,,,,,,,,,,,,,,,,,,,,,,,,,,,
3,,,,,6039,,,,,1.440201997756958,,-0.0,,4.453742027282715,,-0.0,,,-0.0,5.893943786621094,,,,,,,,,,,,,,,,,,,,,,,,,,,,,
,8.930976655491858e-06,8.930976655491858e-05,1.7861953310983716e-05,0.0,6059,,,,,,,,,,,,,,,,,,,,,,,,,,,,,,,,,,,,,,,,,,,,
,8.930976655491858e-06,8.930976655491858e-05,1.7861953310983716e-05,0.0,6059,,,,,,,,,,,,,,,,,,,,,,,,,,,,,,,,,,,,,,,,,,,,
3,,,,,6059,,,,,1.448110580444336,,0.020367588847875595,,4.514212131500244,,7.188326708273962e-05,,,0.010147851891815662,5.982690334320068,,,,,,,,,,,,,,,,,,,,,,,,,,,,,
,8.922494667762208e-06,8.922494667762209e-05,1.7844989335524417e-05,0.0,6079,,,,,,,,,,,,,,,,,,,,,,,,,,,,,,,,,,,,,,,,,,,,
,8.922494667762208e-06,8.922494667762209e-05,1.7844989335524417e-05,0.0,6079,,,,,,,,,,,,,,,,,,,,,,,,,,,,,,,,,,,,,,,,,,,,
3,,,,,6079,,,,,0.8595354557037354,,0.009196413680911064,,3.153669834136963,,3.2481700600328622e-06,,,0.004596582613885403,4.022401809692383,,,,,,,,,,,,,,,,,,,,,,,,,,,,,
,8.91398327100961e-06,8.91398327100961e-05,1.782796654201922e-05,0.0,6099,,,,,,,,,,,,,,,,,,,,,,,,,,,,,,,,,,,,,,,,,,,,
,8.91398327100961e-06,8.91398327100961e-05,1.782796654201922e-05,0.0,6099,,,,,,,,,,,,,,,,,,,,,,,,,,,,,,,,,,,,,,,,,,,,
3,,,,,6099,,,,,0.5908551216125488,,0.02309562638401985,,2.4459195137023926,,2.947711664091912e-06,,,0.011546339839696884,3.0598702430725098,,,,,,,,,,,,,,,,,,,,,,,,,,,,,
,8.905442529872457e-06,8.905442529872457e-05,1.7810885059744915e-05,0.0,6119,,,,,,,,,,,,,,,,,,,,,,,,,,,,,,,,,,,,,,,,,,,,
,8.905442529872457e-06,8.905442529872457e-05,1.7810885059744915e-05,0.0,6119,,,,,,,,,,,,,,,,,,,,,,,,,,,,,,,,,,,,,,,,,,,,
3,,,,,6119,,,,,1.194639801979065,,0.03433174639940262,,4.501482009887695,,1.3686262718692888e-05,,,0.017159029841423035,5.7304534912109375,,,,,,,,,,,,,,,,,,,,,,,,,,,,,
,8.896872509212006e-06,8.896872509212006e-05,1.7793745018424012e-05,0.0,6139,,,,,,,,,,,,,,,,,,,,,,,,,,,,,,,,,,,,,,,,,,,,
,8.896872509212006e-06,8.896872509212006e-05,1.7793745018424012e-05,0.0,6139,,,,,,,,,,,,,,,,,,,,,,,,,,,,,,,,,,,,,,,,,,,,
3,,,,,6139,,,,,0.6405252814292908,,0.016344919800758362,,2.9934773445129395,,8.696587428858038e-06,,,0.008168111555278301,3.6503477096557617,,,,,,,,,,,,,,,,,,,,,,,,,,,,,
,8.888273274111866e-06,8.888273274111867e-05,1.7776546548223733e-05,0.0,6159,,,,,,,,,,,,,,,,,,,,,,,,,,,,,,,,,,,,,,,,,,,,
,8.888273274111866e-06,8.888273274111867e-05,1.7776546548223733e-05,0.0,6159,,,,,,,,,,,,,,,,,,,,,,,,,,,,,,,,,,,,,,,,,,,,
3,,,,,6159,,,,,1.0612068176269531,,0.08231858164072037,,4.834143161773682,,1.0334538274037186e-05,,,0.04115412011742592,5.977668762207031,,,,,,,,,,,,,,,,,,,,,,,,,,,,,
,8.879644889877513e-06,8.879644889877513e-05,1.7759289779755026e-05,0.0,6179,,,,,,,,,,,,,,,,,,,,,,,,,,,,,,,,,,,,,,,,,,,,
,8.879644889877513e-06,8.879644889877513e-05,1.7759289779755026e-05,0.0,6179,,,,,,,,,,,,,,,,,,,,,,,,,,,,,,,,,,,,,,,,,,,,
3,,,,,6179,,,,,0.9922282695770264,,0.008646316826343536,,4.347709655761719,,6.139265224192059e-06,,,0.004320088773965836,5.348584175109863,,,,,,,,,,,,,,,,,,,,,,,,,,,,,
,8.87098742203579e-06,8.87098742203579e-05,1.774197484407158e-05,0.0,6199,,,,,,,,,,,,,,,,,,,,,,,,,,,,,,,,,,,,,,,,,,,,
,8.87098742203579e-06,8.87098742203579e-05,1.774197484407158e-05,0.0,6199,,,,,,,,,,,,,,,,,,,,,,,,,,,,,,,,,,,,,,,,,,,,
3,,,,,6199,,,,,0.7671270966529846,,0.03535633534193039,,3.5466039180755615,,1.2838614793508896e-06,,,0.01767752505838871,4.349087238311768,,,,,,,,,,,,,,,,,,,,,,,,,,,,,
,8.862300936334408e-06,8.862300936334407e-05,1.7724601872668815e-05,0.0,6219,,,,,,,,,,,,,,,,,,,,,,,,,,,,,,,,,,,,,,,,,,,,
,8.862300936334408e-06,8.862300936334407e-05,1.7724601872668815e-05,0.0,6219,,,,,,,,,,,,,,,,,,,,,,,,,,,,,,,,,,,,,,,,,,,,
3,,,,,6219,,,,,2.0357706546783447,,0.037605561316013336,,7.108382701873779,,0.0011237874859943986,,,0.01824088767170906,9.181758880615234,,,,,,,,,,,,,,,,,,,,,,,,,,,,,
,8.853585498741454e-06,8.853585498741453e-05,1.770717099748291e-05,0.0,6239,,,,,,,,,,,,,,,,,,,,,,,,,,,,,,,,,,,,,,,,,,,,
,8.853585498741454e-06,8.853585498741453e-05,1.770717099748291e-05,0.0,6239,,,,,,,,,,,,,,,,,,,,,,,,,,,,,,,,,,,,,,,,,,,,
3,,,,,6239,,,,,1.4203773736953735,,0.027176370844244957,,4.6581525802612305,,3.258684273532708e-07,,,0.01358802244067192,6.105706214904785,,,,,,,,,,,,,,,,,,,,,,,,,,,,,
,8.844841175444882e-06,8.84484117544488e-05,1.7689682350889763e-05,0.0,6259,,,,,,,,,,,,,,,,,,,,,,,,,,,,,,,,,,,,,,,,,,,,
,8.844841175444882e-06,8.84484117544488e-05,1.7689682350889763e-05,0.0,6259,,,,,,,,,,,,,,,,,,,,,,,,,,,,,,,,,,,,,,,,,,,,
3,,,,,6259,,,,,1.028363823890686,,0.022310979664325714,,3.5609371662139893,,1.3353175745578483e-05,,,0.011148813180625439,4.611611843109131,,,,,,,,,,,,,,,,,,,,,,,,,,,,,
,8.836068032852016e-06,8.836068032852016e-05,1.7672136065704032e-05,0.0,6279,,,,,,,,,,,,,,,,,,,,,,,,,,,,,,,,,,,,,,,,,,,,
,8.836068032852016e-06,8.836068032852016e-05,1.7672136065704032e-05,0.0,6279,,,,,,,,,,,,,,,,,,,,,,,,,,,,,,,,,,,,,,,,,,,,
3,,,,,6279,,,,,1.4748510122299194,,0.004273062106221914,,5.751543045043945,,7.6282431109575555e-06,,,0.0021327168215066195,7.2306671142578125,,,,,,,,,,,,,,,,,,,,,,,,,,,,,
,8.827266137589043e-06,8.827266137589043e-05,1.7654532275178087e-05,0.0,6299,,,,,,,,,,,,,,,,,,,,,,,,,,,,,,,,,,,,,,,,,,,,
,8.827266137589043e-06,8.827266137589043e-05,1.7654532275178087e-05,0.0,6299,,,,,,,,,,,,,,,,,,,,,,,,,,,,,,,,,,,,,,,,,,,,
3,,,,,6299,,,,,1.6189645528793335,,0.02493426203727722,,6.47829532623291,,2.0870784283033572e-06,,,0.012466087006032467,8.122194290161133,,,,,,,,,,,,,,,,,,,,,,,,,,,,,
,8.818435556500507e-06,8.818435556500506e-05,1.7636871113001013e-05,0.0,6319,,,,,,,,,,,,,,,,,,,,,,,,,,,,,,,,,,,,,,,,,,,,
,8.818435556500507e-06,8.818435556500506e-05,1.7636871113001013e-05,0.0,6319,,,,,,,,,,,,,,,,,,,,,,,,,,,,,,,,,,,,,,,,,,,,
3,,,,,6319,,,,,0.9938249588012695,,0.03452332317829132,,3.3070735931396484,,0.003551782574504614,,,0.015485771000385284,4.335421562194824,,,,,,,,,,,,,,,,,,,,,,,,,,,,,
,8.8095763566488e-06,8.809576356648798e-05,1.76191527132976e-05,0.0,6339,,,,,,,,,,,,,,,,,,,,,,,,,,,,,,,,,,,,,,,,,,,,
,8.8095763566488e-06,8.809576356648798e-05,1.76191527132976e-05,0.0,6339,,,,,,,,,,,,,,,,,,,,,,,,,,,,,,,,,,,,,,,,,,,,
3,,,,,6339,,,,,1.1531964540481567,,0.040164511650800705,,4.277036190032959,,5.8140638429904357e-05,,,0.020053185522556305,5.470396995544434,,,,,,,,,,,,,,,,,,,,,,,,,,,,,
,8.800688605313658e-06,8.800688605313658e-05,1.7601377210627317e-05,0.0,6359,,,,,,,,,,,,,,,,,,,,,,,,,,,,,,,,,,,,,,,,,,,,
,8.800688605313658e-06,8.800688605313658e-05,1.7601377210627317e-05,0.0,6359,,,,,,,,,,,,,,,,,,,,,,,,,,,,,,,,,,,,,,,,,,,,
3,,,,,6359,,,,,1.0965431928634644,,0.024681324139237404,,4.172138690948486,,5.1049246394541115e-06,,,0.012338109314441681,5.293363094329834,,,,,,,,,,,,,,,,,,,,,,,,,,,,,
,8.791772369991643e-06,8.791772369991643e-05,1.7583544739983286e-05,0.0,6379,,,,,,,,,,,,,,,,,,,,,,,,,,,,,,,,,,,,,,,,,,,,
,8.791772369991643e-06,8.791772369991643e-05,1.7583544739983286e-05,0.0,6379,,,,,,,,,,,,,,,,,,,,,,,,,,,,,,,,,,,,,,,,,,,,
3,,,,,6379,,,,,1.197641372680664,,0.010224428027868271,,2.989262104034424,,4.880038613919169e-05,,,0.005087813828140497,4.197127819061279,,,,,,,,,,,,,,,,,,,,,,,,,,,,,
,8.782827718395636e-06,8.782827718395637e-05,1.7565655436791273e-05,0.0,6399,,,,,,,,,,,,,,,,,,,,,,,,,,,,,,,,,,,,,,,,,,,,
,8.782827718395636e-06,8.782827718395637e-05,1.7565655436791273e-05,0.0,6399,,,,,,,,,,,,,,,,,,,,,,,,,,,,,,,,,,,,,,,,,,,,
3,,,,,6399,,,,,0.8268225193023682,,0.011918296106159687,,2.70351243019104,,4.703696049546124e-06,,,0.005956795997917652,3.542253255844116,,,,,,,,,,,,,,,,,,,,,,,,,,,,,
,8.773854718454323e-06,8.773854718454323e-05,1.7547709436908647e-05,0.0,6419,,,,,,,,,,,,,,,,,,,,,,,,,,,,,,,,,,,,,,,,,,,,
,8.773854718454323e-06,8.773854718454323e-05,1.7547709436908647e-05,0.0,6419,,,,,,,,,,,,,,,,,,,,,,,,,,,,,,,,,,,,,,,,,,,,
3,,,,,6419,,,,,0.8156145215034485,,0.020875826478004456,,2.1378490924835205,,0.0012085710186511278,,,0.009833628311753273,2.974339485168457,,,,,,,,,,,,,,,,,,,,,,,,,,,,,
,8.76485343831167e-06,8.764853438311671e-05,1.752970687662334e-05,0.0,6439,,,,,,,,,,,,,,,,,,,,,,,,,,,,,,,,,,,,,,,,,,,,
,8.76485343831167e-06,8.764853438311671e-05,1.752970687662334e-05,0.0,6439,,,,,,,,,,,,,,,,,,,,,,,,,,,,,,,,,,,,,,,,,,,,
3,,,,,6439,,,,,0.90961092710495,,0.04681669920682907,,4.055087089538574,,1.0230760381091386e-05,,,0.023403234779834747,5.011514663696289,,,,,,,,,,,,,,,,,,,,,,,,,,,,,
,8.755823946326421e-06,8.755823946326422e-05,1.7511647892652843e-05,0.0,6459,,,,,,,,,,,,,,,,,,,,,,,,,,,,,,,,,,,,,,,,,,,,
,8.755823946326421e-06,8.755823946326422e-05,1.7511647892652843e-05,0.0,6459,,,,,,,,,,,,,,,,,,,,,,,,,,,,,,,,,,,,,,,,,,,,
3,,,,,6459,,,,,0.6566067934036255,,0.011853308416903019,,2.805250883102417,,2.1888477022002917e-06,,,0.005925559438765049,3.4737110137939453,,,,,,,,,,,,,,,,,,,,,,,,,,,,,
,8.746766311071563e-06,8.746766311071562e-05,1.7493532622143127e-05,0.0,6479,,,,,,,,,,,,,,,,,,,,,,,,,,,,,,,,,,,,,,,,,,,,
,8.746766311071563e-06,8.746766311071562e-05,1.7493532622143127e-05,0.0,6479,,,,,,,,,,,,,,,,,,,,,,,,,,,,,,,,,,,,,,,,,,,,
3,,,,,6479,,,,,1.154090404510498,,0.1349223405122757,,2.979811668395996,,0.003277190960943699,,,0.06582257151603699,4.268824577331543,,,,,,,,,,,,,,,,,,,,,,,,,,,,,
,8.737680601333814e-06,8.737680601333813e-05,1.7475361202667627e-05,0.0,6499,,,,,,,,,,,,,,,,,,,,,,,,,,,,,,,,,,,,,,,,,,,,
,8.737680601333814e-06,8.737680601333813e-05,1.7475361202667627e-05,0.0,6499,,,,,,,,,,,,,,,,,,,,,,,,,,,,,,,,,,,,,,,,,,,,
3,,,,,6499,,,,,0.6257538199424744,,0.011541936546564102,,2.393124580383301,,0.00010935206955764443,,,0.005716292187571526,3.0304203033447266,,,,,,,,,,,,,,,,,,,,,,,,,,,,,
,8.728566886113103e-06,8.728566886113102e-05,1.7457133772226205e-05,0.0,6519,,,,,,,,,,,,,,,,,,,,,,,,,,,,,,,,,,,,,,,,,,,,
,8.728566886113103e-06,8.728566886113102e-05,1.7457133772226205e-05,0.0,6519,,,,,,,,,,,,,,,,,,,,,,,,,,,,,,,,,,,,,,,,,,,,
3,,,,,6519,,,,,1.1025302410125732,,0.018846822902560234,,3.350572109222412,,3.8640846469206735e-06,,,0.00942147895693779,4.471949100494385,,,,,,,,,,,,,,,,,,,,,,,,,,,,,
,8.719425234622036e-06,8.719425234622037e-05,1.7438850469244072e-05,0.0,6539,,,,,,,,,,,,,,,,,,,,,,,,,,,,,,,,,,,,,,,,,,,,
,8.719425234622036e-06,8.719425234622037e-05,1.7438850469244072e-05,0.0,6539,,,,,,,,,,,,,,,,,,,,,,,,,,,,,,,,,,,,,,,,,,,,
3,,,,,6539,,,,,0.9095430374145508,,0.031013261526823044,,3.448420286178589,,3.462392669462133e-06,,,0.015504900366067886,4.388976573944092,,,,,,,,,,,,,,,,,,,,,,,,,,,,,
,8.710255716285382e-06,8.710255716285382e-05,1.7420511432570765e-05,0.0,6559,,,,,,,,,,,,,,,,,,,,,,,,,,,,,,,,,,,,,,,,,,,,
,8.710255716285382e-06,8.710255716285382e-05,1.7420511432570765e-05,0.0,6559,,,,,,,,,,,,,,,,,,,,,,,,,,,,,,,,,,,,,,,,,,,,
3,,,,,6559,,,,,1.2139924764633179,,0.007765262387692928,,8.253515243530273,,0.00010950602882076055,,,0.003827878274023533,9.475272178649902,,,,,,,,,,,,,,,,,,,,,,,,,,,,,
,8.701058400739538e-06,8.701058400739538e-05,1.7402116801479076e-05,0.0,6579,,,,,,,,,,,,,,,,,,,,,,,,,,,,,,,,,,,,,,,,,,,,
,8.701058400739538e-06,8.701058400739538e-05,1.7402116801479076e-05,0.0,6579,,,,,,,,,,,,,,,,,,,,,,,,,,,,,,,,,,,,,,,,,,,,
3,,,,,6579,,,,,1.130197525024414,,0.02788199670612812,,4.041904449462891,,9.384950772073353e-07,,,0.013940529897809029,5.199984073638916,,,,,,,,,,,,,,,,,,,,,,,,,,,,,
,8.691833357832002e-06,8.691833357832002e-05,1.7383666715664003e-05,0.0,6599,,,,,,,,,,,,,,,,,,,,,,,,,,,,,,,,,,,,,,,,,,,,
,8.691833357832002e-06,8.691833357832002e-05,1.7383666715664003e-05,0.0,6599,,,,,,,,,,,,,,,,,,,,,,,,,,,,,,,,,,,,,,,,,,,,
3,,,,,6599,,,,,0.7691564559936523,,0.020815962925553322,,2.3405187129974365,,4.3564541556406766e-05,,,0.01038619875907898,3.130491018295288,,,,,,,,,,,,,,,,,,,,,,,,,,,,,
,8.682580657620841e-06,8.682580657620841e-05,1.7365161315241683e-05,0.0,6619,,,,,,,,,,,,,,,,,,,,,,,,,,,,,,,,,,,,,,,,,,,,
,8.682580657620841e-06,8.682580657620841e-05,1.7365161315241683e-05,0.0,6619,,,,,,,,,,,,,,,,,,,,,,,,,,,,,,,,,,,,,,,,,,,,
3,,,,,6619,,,,,0.9631856679916382,,0.013794736936688423,,2.917062759399414,,0.001147421426139772,,,0.006323657929897308,3.89404296875,,,,,,,,,,,,,,,,,,,,,,,,,,,,,
,8.673300370374166e-06,8.673300370374166e-05,1.734660074074833e-05,0.0,6639,,,,,,,,,,,,,,,,,,,,,,,,,,,,,,,,,,,,,,,,,,,,
,8.673300370374166e-06,8.673300370374166e-05,1.734660074074833e-05,0.0,6639,,,,,,,,,,,,,,,,,,,,,,,,,,,,,,,,,,,,,,,,,,,,
3,,,,,6639,,,,,1.751741647720337,,0.02424617111682892,,5.722821235656738,,3.964893039665185e-06,,,0.012121102772653103,7.498808860778809,,,,,,,,,,,,,,,,,,,,,,,,,,,,,
,8.663992566569586e-06,8.663992566569586e-05,1.7327985133139173e-05,0.0,6659,,,,,,,,,,,,,,,,,,,,,,,,,,,,,,,,,,,,,,,,,,,,
,8.663992566569586e-06,8.663992566569586e-05,1.7327985133139173e-05,0.0,6659,,,,,,,,,,,,,,,,,,,,,,,,,,,,,,,,,,,,,,,,,,,,
3,,,,,6659,,,,,1.7455772161483765,,0.0400150865316391,,6.530205726623535,,3.7499925383599475e-05,,,0.01998879387974739,8.315797805786133,,,,,,,,,,,,,,,,,,,,,,,,,,,,,
,8.654657316893687e-06,8.654657316893687e-05,1.7309314633787374e-05,0.0,6679,,,,,,,,,,,,,,,,,,,,,,,,,,,,,,,,,,,,,,,,,,,,
,8.654657316893687e-06,8.654657316893687e-05,1.7309314633787374e-05,0.0,6679,,,,,,,,,,,,,,,,,,,,,,,,,,,,,,,,,,,,,,,,,,,,
3,,,,,6679,,,,,0.7588693499565125,,0.01856536976993084,,2.5550742149353027,,2.1286063201841898e-05,,,0.009272042661905289,3.3325090408325195,,,,,,,,,,,,,,,,,,,,,,,,,,,,,
,8.645294692241486e-06,8.645294692241487e-05,1.7290589384482973e-05,0.0,6699,,,,,,,,,,,,,,,,,,,,,,,,,,,,,,,,,,,,,,,,,,,,
,8.645294692241486e-06,8.645294692241487e-05,1.7290589384482973e-05,0.0,6699,,,,,,,,,,,,,,,,,,,,,,,,,,,,,,,,,,,,,,,,,,,,
3,,,,,6699,,,,,1.435215950012207,,0.07029224932193756,,5.80403995513916,,0.02999439835548401,,,0.020148927345871925,7.309548377990723,,,,,,,,,,,,,,,,,,,,,,,,,,,,,
,8.635904763715892e-06,8.635904763715892e-05,1.7271809527431784e-05,0.0,6719,,,,,,,,,,,,,,,,,,,,,,,,,,,,,,,,,,,,,,,,,,,,
,8.635904763715892e-06,8.635904763715892e-05,1.7271809527431784e-05,0.0,6719,,,,,,,,,,,,,,,,,,,,,,,,,,,,,,,,,,,,,,,,,,,,
3,,,,,6719,,,,,1.1941384077072144,,0.012674614787101746,,4.750133514404297,,1.4527647181239445e-05,,,0.006330043543130159,5.956946849822998,,,,,,,,,,,,,,,,,,,,,,,,,,,,,
,8.62648760262717e-06,8.626487602627169e-05,1.725297520525434e-05,0.0,6739,,,,,,,,,,,,,,,,,,,,,,,,,,,,,,,,,,,,,,,,,,,,
,8.62648760262717e-06,8.626487602627169e-05,1.725297520525434e-05,0.0,6739,,,,,,,,,,,,,,,,,,,,,,,,,,,,,,,,,,,,,,,,,,,,
3,,,,,6739,,,,,0.7243447303771973,,0.03541603684425354,,2.5334630012512207,,1.3809538359055296e-05,,,0.01770111359655857,3.2932238578796387,,,,,,,,,,,,,,,,,,,,,,,,,,,,,
,8.617043280492399e-06,8.617043280492399e-05,1.7234086560984798e-05,0.0,6759,,,,,,,,,,,,,,,,,,,,,,,,,,,,,,,,,,,,,,,,,,,,
,8.617043280492399e-06,8.617043280492399e-05,1.7234086560984798e-05,0.0,6759,,,,,,,,,,,,,,,,,,,,,,,,,,,,,,,,,,,,,,,,,,,,
3,,,,,6759,,,,,1.9777131080627441,,0.038330309092998505,,8.116077423095703,,0.0001154402707470581,,,0.019107434898614883,10.132120132446289,,,,,,,,,,,,,,,,,,,,,,,,,,,,,
,8.607571869034929e-06,8.607571869034929e-05,1.7215143738069858e-05,0.0,6779,,,,,,,,,,,,,,,,,,,,,,,,,,,,,,,,,,,,,,,,,,,,
,8.607571869034929e-06,8.607571869034929e-05,1.7215143738069858e-05,0.0,6779,,,,,,,,,,,,,,,,,,,,,,,,,,,,,,,,,,,,,,,,,,,,
3,,,,,6779,,,,,1.0044914484024048,,0.014577614143490791,,4.052499294281006,,5.985520147078205e-06,,,0.007285814732313156,5.071568012237549,,,,,,,,,,,,,,,,,,,,,,,,,,,,,
,8.598073440183835e-06,8.598073440183835e-05,1.719614688036767e-05,0.0,6799,,,,,,,,,,,,,,,,,,,,,,,,,,,,,,,,,,,,,,,,,,,,
,8.598073440183835e-06,8.598073440183835e-05,1.719614688036767e-05,0.0,6799,,,,,,,,,,,,,,,,,,,,,,,,,,,,,,,,,,,,,,,,,,,,
3,,,,,6799,,,,,0.6230202317237854,,0.011650481261312962,,3.023946523666382,,1.1260113751632161e-05,,,0.005819610320031643,3.6586172580718994,,,,,,,,,,,,,,,,,,,,,,,,,,,,,
,8.588548066073368e-06,8.588548066073368e-05,1.7177096132146736e-05,0.0,6819,,,,,,,,,,,,,,,,,,,,,,,,,,,,,,,,,,,,,,,,,,,,
,8.588548066073368e-06,8.588548066073368e-05,1.7177096132146736e-05,0.0,6819,,,,,,,,,,,,,,,,,,,,,,,,,,,,,,,,,,,,,,,,,,,,
3,,,,,6819,,,,,1.5547515153884888,,0.018509190529584885,,5.389869689941406,,1.7846943592303433e-05,,,0.009245672263205051,6.963130474090576,,,,,,,,,,,,,,,,,,,,,,,,,,,,,
,8.578995819042417e-06,8.578995819042416e-05,1.7157991638084833e-05,0.0,6839,,,,,,,,,,,,,,,,,,,,,,,,,,,,,,,,,,,,,,,,,,,,
,8.578995819042417e-06,8.578995819042416e-05,1.7157991638084833e-05,0.0,6839,,,,,,,,,,,,,,,,,,,,,,,,,,,,,,,,,,,,,,,,,,,,
3,,,,,6839,,,,,1.184332013130188,,0.07907222956418991,,4.047247409820557,,0.0009024668834172189,,,0.03908488154411316,5.3106513023376465,,,,,,,,,,,,,,,,,,,,,,,,,,,,,
,8.569416771633945e-06,8.569416771633944e-05,1.713883354326789e-05,0.0,6859,,,,,,,,,,,,,,,,,,,,,,,,,,,,,,,,,,,,,,,,,,,,
,8.569416771633945e-06,8.569416771633944e-05,1.713883354326789e-05,0.0,6859,,,,,,,,,,,,,,,,,,,,,,,,,,,,,,,,,,,,,,,,,,,,
3,,,,,6859,,,,,1.2003579139709473,,0.02050044946372509,,4.222530364990234,,1.9998193238279782e-05,,,0.010240226052701473,5.443388938903809,,,,,,,,,,,,,,,,,,,,,,,,,,,,,
,8.55981099659445e-06,8.55981099659445e-05,1.71196219931889e-05,0.0,6879,,,,,,,,,,,,,,,,,,,,,,,,,,,,,,,,,,,,,,,,,,,,
,8.55981099659445e-06,8.55981099659445e-05,1.71196219931889e-05,0.0,6879,,,,,,,,,,,,,,,,,,,,,,,,,,,,,,,,,,,,,,,,,,,,
3,,,,,6879,,,,,1.5414507389068604,,0.11375901848077774,,5.781567573547363,,0.0004573818005155772,,,0.05665081739425659,7.436777114868164,,,,,,,,,,,,,,,,,,,,,,,,,,,,,
,8.55017856687341e-06,8.55017856687341e-05,1.710035713374682e-05,0.0,6899,,,,,,,,,,,,,,,,,,,,,,,,,,,,,,,,,,,,,,,,,,,,
,8.55017856687341e-06,8.55017856687341e-05,1.710035713374682e-05,0.0,6899,,,,,,,,,,,,,,,,,,,,,,,,,,,,,,,,,,,,,,,,,,,,
3,,,,,6899,,,,,0.8840497732162476,,0.01752755418419838,,3.3065438270568848,,1.4855915651423857e-05,,,0.008756348863244057,4.208121299743652,,,,,,,,,,,,,,,,,,,,,,,,,,,,,
,8.540519555622728e-06,8.540519555622728e-05,1.7081039111245456e-05,0.0,6919,,,,,,,,,,,,,,,,,,,,,,,,,,,,,,,,,,,,,,,,,,,,
,8.540519555622728e-06,8.540519555622728e-05,1.7081039111245456e-05,0.0,6919,,,,,,,,,,,,,,,,,,,,,,,,,,,,,,,,,,,,,,,,,,,,
3,,,,,6919,,,,,0.8462937474250793,,0.02428320050239563,,3.374727725982666,,1.0826373909367248e-05,,,0.012136186473071575,4.245304584503174,,,,,,,,,,,,,,,,,,,,,,,,,,,,,
,8.53083403619617e-06,8.530834036196171e-05,1.706166807239234e-05,0.0,6939,,,,,,,,,,,,,,,,,,,,,,,,,,,,,,,,,,,,,,,,,,,,
,8.53083403619617e-06,8.530834036196171e-05,1.706166807239234e-05,0.0,6939,,,,,,,,,,,,,,,,,,,,,,,,,,,,,,,,,,,,,,,,,,,,
3,,,,,6939,,,,,1.0462321043014526,,0.018293598666787148,,3.6753220558166504,,9.444411261938512e-06,,,0.009142077527940273,4.739847660064697,,,,,,,,,,,,,,,,,,,,,,,,,,,,,
,8.521122082148818e-06,8.521122082148818e-05,1.7042244164297637e-05,0.0,6959,,,,,,,,,,,,,,,,,,,,,,,,,,,,,,,,,,,,,,,,,,,,
,8.521122082148818e-06,8.521122082148818e-05,1.7042244164297637e-05,0.0,6959,,,,,,,,,,,,,,,,,,,,,,,,,,,,,,,,,,,,,,,,,,,,
3,,,,,6959,,,,,1.039171576499939,,0.02267947793006897,,3.6590943336486816,,3.0805854294158053e-06,,,0.01133819855749607,4.720945358276367,,,,,,,,,,,,,,,,,,,,,,,,,,,,,
,8.511383767236512e-06,8.511383767236512e-05,1.7022767534473025e-05,0.0,6979,,,,,,,,,,,,,,,,,,,,,,,,,,,,,,,,,,,,,,,,,,,,
,8.511383767236512e-06,8.511383767236512e-05,1.7022767534473025e-05,0.0,6979,,,,,,,,,,,,,,,,,,,,,,,,,,,,,,,,,,,,,,,,,,,,
3,,,,,6979,,,,,0.8860923051834106,,0.0021754195913672447,,2.9547336101531982,,5.823704486829229e-05,,,0.0010585912968963385,3.843001365661621,,,,,,,,,,,,,,,,,,,,,,,,,,,,,
,8.501619165415277e-06,8.501619165415277e-05,1.7003238330830555e-05,0.0,6999,,,,,,,,,,,,,,,,,,,,,,,,,,,,,,,,,,,,,,,,,,,,
,8.501619165415277e-06,8.501619165415277e-05,1.7003238330830555e-05,0.0,6999,,,,,,,,,,,,,,,,,,,,,,,,,,,,,,,,,,,,,,,,,,,,
3,,,,,6999,,,,,0.8572674989700317,,0.01835121586918831,,3.172593593597412,,3.588287427191972e-06,,,0.009173814207315445,4.04821252822876,,,,,,,,,,,,,,,,,,,,,,,,,,,,,
,8.491828350840776e-06,8.491828350840777e-05,1.6983656701681552e-05,0.0,7019,,,,,,,,,,,,,,,,,,,,,,,,,,,,,,,,,,,,,,,,,,,,
,8.491828350840776e-06,8.491828350840777e-05,1.6983656701681552e-05,0.0,7019,,,,,,,,,,,,,,,,,,,,,,,,,,,,,,,,,,,,,,,,,,,,
3,,,,,7019,,,,,1.3755546808242798,,0.05137159675359726,,5.158638954162598,,1.462332534174493e-06,,,0.025685066357254982,6.585565090179443,,,,,,,,,,,,,,,,,,,,,,,,,,,,,
,8.482011397867734e-06,8.482011397867734e-05,1.696402279573547e-05,0.0,7039,,,,,,,,,,,,,,,,,,,,,,,,,,,,,,,,,,,,,,,,,,,,
,8.482011397867734e-06,8.482011397867734e-05,1.696402279573547e-05,0.0,7039,,,,,,,,,,,,,,,,,,,,,,,,,,,,,,,,,,,,,,,,,,,,
3,,,,,7039,,,,,0.7384842038154602,,0.029280273243784904,,2.644601821899414,,0.0002841215755324811,,,0.014498076401650906,3.4123661518096924,,,,,,,,,,,,,,,,,,,,,,,,,,,,,
,8.472168381049387e-06,8.472168381049386e-05,1.6944336762098773e-05,0.0,7059,,,,,,,,,,,,,,,,,,,,,,,,,,,,,,,,,,,,,,,,,,,,
,8.472168381049387e-06,8.472168381049386e-05,1.6944336762098773e-05,0.0,7059,,,,,,,,,,,,,,,,,,,,,,,,,,,,,,,,,,,,,,,,,,,,
3,,,,,7059,,,,,1.3790549039840698,,0.03445763140916824,,8.811196327209473,,1.4709383322042413e-05,,,0.01722146011888981,10.224708557128906,,,,,,,,,,,,,,,,,,,,,,,,,,,,,
,8.4622993751369e-06,8.462299375136901e-05,1.69245987502738e-05,0.0,7079,,,,,,,,,,,,,,,,,,,,,,,,,,,,,,,,,,,,,,,,,,,,
,8.4622993751369e-06,8.462299375136901e-05,1.69245987502738e-05,0.0,7079,,,,,,,,,,,,,,,,,,,,,,,,,,,,,,,,,,,,,,,,,,,,
3,,,,,7079,,,,,0.6542773842811584,,0.0439487025141716,,2.6941211223602295,,0.000147282233228907,,,0.021900709718465805,3.3923470973968506,,,,,,,,,,,,,,,,,,,,,,,,,,,,,
,8.45240445507882e-06,8.452404455078821e-05,1.690480891015764e-05,0.0,7099,,,,,,,,,,,,,,,,,,,,,,,,,,,,,,,,,,,,,,,,,,,,
,8.45240445507882e-06,8.452404455078821e-05,1.690480891015764e-05,0.0,7099,,,,,,,,,,,,,,,,,,,,,,,,,,,,,,,,,,,,,,,,,,,,
3,,,,,7099,,,,,0.5216144323348999,,0.015412375330924988,,2.415529727935791,,2.574398081378604e-07,,,0.00770605867728591,2.952556610107422,,,,,,,,,,,,,,,,,,,,,,,,,,,,,
,8.442483696020484e-06,8.442483696020484e-05,1.6884967392040968e-05,0.0,7119,,,,,,,,,,,,,,,,,,,,,,,,,,,,,,,,,,,,,,,,,,,,
,8.442483696020484e-06,8.442483696020484e-05,1.6884967392040968e-05,0.0,7119,,,,,,,,,,,,,,,,,,,,,,,,,,,,,,,,,,,,,,,,,,,,
3,,,,,7119,,,,,0.9617128372192383,,0.014201994985342026,,3.836587429046631,,8.467621228192002e-05,,,0.007058659568428993,4.812501907348633,,,,,,,,,,,,,,,,,,,,,,,,,,,,,
,8.432537173303462e-06,8.432537173303462e-05,1.6865074346606923e-05,0.0,7139,,,,,,,,,,,,,,,,,,,,,,,,,,,,,,,,,,,,,,,,,,,,
,8.432537173303462e-06,8.432537173303462e-05,1.6865074346606923e-05,0.0,7139,,,,,,,,,,,,,,,,,,,,,,,,,,,,,,,,,,,,,,,,,,,,
3,,,,,7139,,,,,1.0317271947860718,,0.04349996894598007,,7.107824325561523,,3.6184555938234553e-06,,,0.021748173981904984,8.183051109313965,,,,,,,,,,,,,,,,,,,,,,,,,,,,,
,8.422564962464986e-06,8.422564962464985e-05,1.684512992492997e-05,0.0,7159,,,,,,,,,,,,,,,,,,,,,,,,,,,,,,,,,,,,,,,,,,,,
,8.422564962464986e-06,8.422564962464985e-05,1.684512992492997e-05,0.0,7159,,,,,,,,,,,,,,,,,,,,,,,,,,,,,,,,,,,,,,,,,,,,
3,,,,,7159,,,,,0.8579808473587036,,0.027174385264515877,,2.6914188861846924,,3.4816039260476828e-06,,,0.013585451990365982,3.5765743255615234,,,,,,,,,,,,,,,,,,,,,,,,,,,,,
,8.412567139237362e-06,8.412567139237362e-05,1.6825134278474725e-05,0.0,7179,,,,,,,,,,,,,,,,,,,,,,,,,,,,,,,,,,,,,,,,,,,,
,8.412567139237362e-06,8.412567139237362e-05,1.6825134278474725e-05,0.0,7179,,,,,,,,,,,,,,,,,,,,,,,,,,,,,,,,,,,,,,,,,,,,
3,,,,,7179,,,,,0.9506589770317078,,0.05743077024817467,,2.9611949920654297,,3.07827431242913e-05,,,0.02869999408721924,3.969284772872925,,,,,,,,,,,,,,,,,,,,,,,,,,,,,
,8.402543779547419e-06,8.40254377954742e-05,1.6805087559094838e-05,0.0,7199,,,,,,,,,,,,,,,,,,,,,,,,,,,,,,,,,,,,,,,,,,,,
,8.402543779547419e-06,8.40254377954742e-05,1.6805087559094838e-05,0.0,7199,,,,,,,,,,,,,,,,,,,,,,,,,,,,,,,,,,,,,,,,,,,,
3,,,,,7199,,,,,0.7340928316116333,,0.10841148346662521,,2.1648292541503906,,0.00043188323616050184,,,0.053989801555871964,3.007333755493164,,,,,,,,,,,,,,,,,,,,,,,,,,,,,
,8.392494959515907e-06,8.392494959515908e-05,1.6784989919031814e-05,0.0,7219,,,,,,,,,,,,,,,,,,,,,,,,,,,,,,,,,,,,,,,,,,,,
,8.392494959515907e-06,8.392494959515908e-05,1.6784989919031814e-05,0.0,7219,,,,,,,,,,,,,,,,,,,,,,,,,,,,,,,,,,,,,,,,,,,,
3,,,,,7219,,,,,1.0864866971969604,,0.028156543150544167,,2.9113059043884277,,1.387236125083291e-06,,,0.014077577739953995,4.025949001312256,,,,,,,,,,,,,,,,,,,,,,,,,,,,,
,8.38242075545694e-06,8.382420755456939e-05,1.676484151091388e-05,0.0,7239,,,,,,,,,,,,,,,,,,,,,,,,,,,,,,,,,,,,,,,,,,,,
,8.38242075545694e-06,8.382420755456939e-05,1.676484151091388e-05,0.0,7239,,,,,,,,,,,,,,,,,,,,,,,,,,,,,,,,,,,,,,,,,,,,
3,,,,,7239,,,,,0.7972151637077332,,0.03031420148909092,,5.49687385559082,,8.196099088308983e-07,,,0.015156690031290054,6.324402809143066,,,,,,,,,,,,,,,,,,,,,,,,,,,,,
,8.372321243877393e-06,8.372321243877393e-05,1.6744642487754785e-05,0.0,7259,,,,,,,,,,,,,,,,,,,,,,,,,,,,,,,,,,,,,,,,,,,,
,8.372321243877393e-06,8.372321243877393e-05,1.6744642487754785e-05,0.0,7259,,,,,,,,,,,,,,,,,,,,,,,,,,,,,,,,,,,,,,,,,,,,
3,,,,,7259,,,,,0.9824135899543762,,0.05396489053964615,,4.670444488525391,,6.799388756917324e-06,,,0.026979047805070877,5.706823348999023,,,,,,,,,,,,,,,,,,,,,,,,,,,,,
,8.362196501476348e-06,8.362196501476348e-05,1.6724393002952695e-05,0.0,7279,,,,,,,,,,,,,,,,,,,,,,,,,,,,,,,,,,,,,,,,,,,,
,8.362196501476348e-06,8.362196501476348e-05,1.6724393002952695e-05,0.0,7279,,,,,,,,,,,,,,,,,,,,,,,,,,,,,,,,,,,,,,,,,,,,
3,,,,,7279,,,,,0.8604178428649902,,0.014388488605618477,,3.7307004928588867,,5.951319963060087e-06,,,0.007191268727183342,4.605506896972656,,,,,,,,,,,,,,,,,,,,,,,,,,,,,
,8.352046605144496e-06,8.352046605144497e-05,1.6704093210288993e-05,0.0,7299,,,,,,,,,,,,,,,,,,,,,,,,,,,,,,,,,,,,,,,,,,,,
,8.352046605144496e-06,8.352046605144497e-05,1.6704093210288993e-05,0.0,7299,,,,,,,,,,,,,,,,,,,,,,,,,,,,,,,,,,,,,,,,,,,,
3,,,,,7299,,,,,1.3033578395843506,,0.04170235991477966,,4.8287458419799805,,6.130094334366731e-06,,,0.020848114043474197,6.173806190490723,,,,,,,,,,,,,,,,,,,,,,,,,,,,,
,8.341871631963548e-06,8.341871631963548e-05,1.6683743263927096e-05,0.0,7319,,,,,,,,,,,,,,,,,,,,,,,,,,,,,,,,,,,,,,,,,,,,
,8.341871631963548e-06,8.341871631963548e-05,1.6683743263927096e-05,0.0,7319,,,,,,,,,,,,,,,,,,,,,,,,,,,,,,,,,,,,,,,,,,,,
3,,,,,7319,,,,,0.895239531993866,,0.010277044028043747,,3.6576225757598877,,1.3653854580297775e-07,,,0.005138453561812639,4.563138961791992,,,,,,,,,,,,,,,,,,,,,,,,,,,,,
,8.331671659205667e-06,8.331671659205668e-05,1.6663343318411334e-05,0.0,7339,,,,,,,,,,,,,,,,,,,,,,,,,,,,,,,,,,,,,,,,,,,,
,8.331671659205667e-06,8.331671659205668e-05,1.6663343318411334e-05,0.0,7339,,,,,,,,,,,,,,,,,,,,,,,,,,,,,,,,,,,,,,,,,,,,
3,,,,,7339,,,,,1.0964359045028687,,0.031193573027849197,,4.939515590667725,,0.00011023894330719486,,,0.015541667118668556,6.067145347595215,,,,,,,,,,,,,,,,,,,,,,,,,,,,,
,8.321446764332864e-06,8.321446764332864e-05,1.6642893528665728e-05,0.0,7359,,,,,,,,,,,,,,,,,,,,,,,,,,,,,,,,,,,,,,,,,,,,
,8.321446764332864e-06,8.321446764332864e-05,1.6642893528665728e-05,0.0,7359,,,,,,,,,,,,,,,,,,,,,,,,,,,,,,,,,,,,,,,,,,,,
3,,,,,7359,,,,,0.4378027021884918,,0.03885423392057419,,6.6627278327941895,,4.471414285944775e-06,,,0.019424881786108017,7.139384746551514,,,,,,,,,,,,,,,,,,,,,,,,,,,,,
,8.311197024996418e-06,8.311197024996416e-05,1.6622394049992835e-05,0.0,7379,,,,,,,,,,,,,,,,,,,,,,,,,,,,,,,,,,,,,,,,,,,,
,8.311197024996418e-06,8.311197024996416e-05,1.6622394049992835e-05,0.0,7379,,,,,,,,,,,,,,,,,,,,,,,,,,,,,,,,,,,,,,,,,,,,
3,,,,,7379,,,,,0.7699452042579651,,0.02092161774635315,,3.0920820236206055,,6.107344961492345e-05,,,0.010430272668600082,3.882948875427246,,,,,,,,,,,,,,,,,,,,,,,,,,,,,
,8.300922519036287e-06,8.300922519036286e-05,1.6601845038072573e-05,0.0,7399,,,,,,,,,,,,,,,,,,,,,,,,,,,,,,,,,,,,,,,,,,,,
,8.300922519036287e-06,8.300922519036286e-05,1.6601845038072573e-05,0.0,7399,,,,,,,,,,,,,,,,,,,,,,,,,,,,,,,,,,,,,,,,,,,,
3,,,,,7399,,,,,1.113631248474121,,0.023359904065728188,,2.927258253097534,,1.749332841427531e-05,,,0.011671205051243305,4.064249515533447,,,,,,,,,,,,,,,,,,,,,,,,,,,,,
,8.290623324480512e-06,8.290623324480513e-05,1.6581246648961024e-05,0.0,7419,,,,,,,,,,,,,,,,,,,,,,,,,,,,,,,,,,,,,,,,,,,,
,8.290623324480512e-06,8.290623324480513e-05,1.6581246648961024e-05,0.0,7419,,,,,,,,,,,,,,,,,,,,,,,,,,,,,,,,,,,,,,,,,,,,
3,,,,,7419,,,,,0.8930935859680176,,0.029490143060684204,,2.9642744064331055,,4.31268944112162e-07,,,0.014744855463504791,3.8868582248687744,,,,,,,,,,,,,,,,,,,,,,,,,,,,,
,8.280299519544636e-06,8.280299519544635e-05,1.6560599039089272e-05,0.0,7439,,,,,,,,,,,,,,,,,,,,,,,,,,,,,,,,,,,,,,,,,,,,
,8.280299519544636e-06,8.280299519544635e-05,1.6560599039089272e-05,0.0,7439,,,,,,,,,,,,,,,,,,,,,,,,,,,,,,,,,,,,,,,,,,,,
3,,,,,7439,,,,,0.9404230713844299,,0.005399319343268871,,4.238805770874023,,9.950161256710999e-06,,,0.0026946845464408398,5.184628009796143,,,,,,,,,,,,,,,,,,,,,,,,,,,,,
,8.26995118263109e-06,8.26995118263109e-05,1.653990236526218e-05,0.0,7459,,,,,,,,,,,,,,,,,,,,,,,,,,,,,,,,,,,,,,,,,,,,
,8.26995118263109e-06,8.26995118263109e-05,1.653990236526218e-05,0.0,7459,,,,,,,,,,,,,,,,,,,,,,,,,,,,,,,,,,,,,,,,,,,,
3,,,,,7459,,,,,1.0363564491271973,,0.04224707931280136,,3.1900441646575928,,8.076523226918653e-05,,,0.021083157509565353,4.26864767074585,,,,,,,,,,,,,,,,,,,,,,,,,,,,,
,8.259578392328613e-06,8.259578392328613e-05,1.6519156784657227e-05,0.0,7479,,,,,,,,,,,,,,,,,,,,,,,,,,,,,,,,,,,,,,,,,,,,
,8.259578392328613e-06,8.259578392328613e-05,1.6519156784657227e-05,0.0,7479,,,,,,,,,,,,,,,,,,,,,,,,,,,,,,,,,,,,,,,,,,,,
3,,,,,7479,,,,,1.00620436668396,,0.0051202233880758286,,3.3392510414123535,,2.9283797630341724e-05,,,0.002545469906181097,4.3505754470825195,,,,,,,,,,,,,,,,,,,,,,,,,,,,,
,8.249181227411657e-06,8.249181227411656e-05,1.6498362454823313e-05,0.0,7499,,,,,,,,,,,,,,,,,,,,,,,,,,,,,,,,,,,,,,,,,,,,
,8.249181227411657e-06,8.249181227411656e-05,1.6498362454823313e-05,0.0,7499,,,,,,,,,,,,,,,,,,,,,,,,,,,,,,,,,,,,,,,,,,,,
3,,,,,7499,,,,,1.006113886833191,,0.000834413745906204,,2.62504243850708,,2.0582181605277583e-05,,,0.0004069157876074314,3.631990909576416,,,,,,,,,,,,,,,,,,,,,,,,,,,,,
,8.238759766839779e-06,8.238759766839779e-05,1.6477519533679557e-05,0.0,7519,,,,,,,,,,,,,,,,,,,,,,,,,,,,,,,,,,,,,,,,,,,,
,8.238759766839779e-06,8.238759766839779e-05,1.6477519533679557e-05,0.0,7519,,,,,,,,,,,,,,,,,,,,,,,,,,,,,,,,,,,,,,,,,,,,
3,,,,,7519,,,,,0.8873580098152161,,0.044285848736763,,3.2524871826171875,,6.363134161802009e-07,,,0.022142605856060982,4.184131145477295,,,,,,,,,,,,,,,,,,,,,,,,,,,,,
,8.228314089757041e-06,8.228314089757041e-05,1.6456628179514082e-05,0.0,7539,,,,,,,,,,,,,,,,,,,,,,,,,,,,,,,,,,,,,,,,,,,,
,8.228314089757041e-06,8.228314089757041e-05,1.6456628179514082e-05,0.0,7539,,,,,,,,,,,,,,,,,,,,,,,,,,,,,,,,,,,,,,,,,,,,
3,,,,,7539,,,,,0.8353516459465027,,0.024499591439962387,,2.7900266647338867,,1.5996487491065636e-05,,,0.012241797521710396,3.6498780250549316,,,,,,,,,,,,,,,,,,,,,,,,,,,,,
,8.217844275491418e-06,8.217844275491418e-05,1.6435688550982836e-05,0.0,7559,,,,,,,,,,,,,,,,,,,,,,,,,,,,,,,,,,,,,,,,,,,,
,8.217844275491418e-06,8.217844275491418e-05,1.6435688550982836e-05,0.0,7559,,,,,,,,,,,,,,,,,,,,,,,,,,,,,,,,,,,,,,,,,,,,
3,,,,,7559,,,,,1.1781710386276245,,0.013402922078967094,,4.241230010986328,,5.146186595084146e-06,,,0.006698887795209885,5.432804107666016,,,,,,,,,,,,,,,,,,,,,,,,,,,,,
,8.207350403554191e-06,8.207350403554191e-05,1.6414700807108382e-05,0.0,7579,,,,,,,,,,,,,,,,,,,,,,,,,,,,,,,,,,,,,,,,,,,,
,8.207350403554191e-06,8.207350403554191e-05,1.6414700807108382e-05,0.0,7579,,,,,,,,,,,,,,,,,,,,,,,,,,,,,,,,,,,,,,,,,,,,
3,,,,,7579,,,,,1.0089701414108276,,0.014771156944334507,,4.012341022491455,,4.392336450109724e-06,,,0.007383381947875023,5.0360822677612305,,,,,,,,,,,,,,,,,,,,,,,,,,,,,
,8.196832553639344e-06,8.196832553639343e-05,1.6393665107278687e-05,0.0,7599,,,,,,,,,,,,,,,,,,,,,,,,,,,,,,,,,,,,,,,,,,,,
,8.196832553639344e-06,8.196832553639343e-05,1.6393665107278687e-05,0.0,7599,,,,,,,,,,,,,,,,,,,,,,,,,,,,,,,,,,,,,,,,,,,,
3,,,,,7599,,,,,0.7536142468452454,,0.03206395357847214,,2.5742950439453125,,5.339607469068142e-06,,,0.01602930761873722,3.359973192214966,,,,,,,,,,,,,,,,,,,,,,,,,,,,,
,8.18629080562295e-06,8.18629080562295e-05,1.63725816112459e-05,0.0,7619,,,,,,,,,,,,,,,,,,,,,,,,,,,,,,,,,,,,,,,,,,,,
,8.18629080562295e-06,8.18629080562295e-05,1.63725816112459e-05,0.0,7619,,,,,,,,,,,,,,,,,,,,,,,,,,,,,,,,,,,,,,,,,,,,
3,,,,,7619,,,,,0.7486211657524109,,0.01083605457097292,,2.822286605834961,,3.8407260944950394e-06,,,0.005416106898337603,3.5817439556121826,,,,,,,,,,,,,,,,,,,,,,,,,,,,,
,8.175725239562585e-06,8.175725239562585e-05,1.635145047912517e-05,0.0,7639,,,,,,,,,,,,,,,,,,,,,,,,,,,,,,,,,,,,,,,,,,,,
,8.175725239562585e-06,8.175725239562585e-05,1.635145047912517e-05,0.0,7639,,,,,,,,,,,,,,,,,,,,,,,,,,,,,,,,,,,,,,,,,,,,
3,,,,,7639,,,,,1.2826509475708008,,0.08299196511507034,,4.510704040527344,,0.017864318564534187,,,0.03256382420659065,5.876347064971924,,,,,,,,,,,,,,,,,,,,,,,,,,,,,
,8.165135935696697e-06,8.165135935696696e-05,1.6330271871393394e-05,0.0,7659,,,,,,,,,,,,,,,,,,,,,,,,,,,,,,,,,,,,,,,,,,,,
,8.165135935696697e-06,8.165135935696696e-05,1.6330271871393394e-05,0.0,7659,,,,,,,,,,,,,,,,,,,,,,,,,,,,,,,,,,,,,,,,,,,,
3,,,,,7659,,,,,1.012647032737732,,0.04459955170750618,,4.006736755371094,,2.719559233810287e-06,,,0.02229841612279415,5.06398344039917,,,,,,,,,,,,,,,,,,,,,,,,,,,,,
,8.154522974444009e-06,8.154522974444009e-05,1.6309045948888018e-05,0.0,7679,,,,,,,,,,,,,,,,,,,,,,,,,,,,,,,,,,,,,,,,,,,,
,8.154522974444009e-06,8.154522974444009e-05,1.6309045948888018e-05,0.0,7679,,,,,,,,,,,,,,,,,,,,,,,,,,,,,,,,,,,,,,,,,,,,
3,,,,,7679,,,,,1.4481861591339111,,0.04008778557181358,,5.666108131408691,,0.012817973271012306,,,0.013634906150400639,7.15438175201416,,,,,,,,,,,,,,,,,,,,,,,,,,,,,
,8.14388643640291e-06,8.14388643640291e-05,1.628777287280582e-05,0.0,7699,,,,,,,,,,,,,,,,,,,,,,,,,,,,,,,,,,,,,,,,,,,,
,8.14388643640291e-06,8.14388643640291e-05,1.628777287280582e-05,0.0,7699,,,,,,,,,,,,,,,,,,,,,,,,,,,,,,,,,,,,,,,,,,,,
3,,,,,7699,,,,,0.8438081741333008,,0.010132279247045517,,2.3885297775268555,,1.8473815543984529e-06,,,0.00506521575152874,3.2424702644348145,,,,,,,,,,,,,,,,,,,,,,,,,,,,,
,8.133226402350834e-06,8.133226402350834e-05,1.626645280470167e-05,0.0,7719,,,,,,,,,,,,,,,,,,,,,,,,,,,,,,,,,,,,,,,,,,,,
,8.133226402350834e-06,8.133226402350834e-05,1.626645280470167e-05,0.0,7719,,,,,,,,,,,,,,,,,,,,,,,,,,,,,,,,,,,,,,,,,,,,
3,,,,,7719,,,,,1.4349111318588257,,0.008831596001982689,,4.2325849533081055,,1.1465807574495557e-06,,,0.004415224771946669,5.676327705383301,,,,,,,,,,,,,,,,,,,,,,,,,,,,,
,8.122542953243656e-06,8.122542953243655e-05,1.624508590648731e-05,0.0,7739,,,,,,,,,,,,,,,,,,,,,,,,,,,,,,,,,,,,,,,,,,,,
,8.122542953243656e-06,8.122542953243655e-05,1.624508590648731e-05,0.0,7739,,,,,,,,,,,,,,,,,,,,,,,,,,,,,,,,,,,,,,,,,,,,
3,,,,,7739,,,,,1.1106544733047485,,0.27394914627075195,,4.508023262023926,,1.3098961062496528e-05,,,0.13696801662445068,5.892626762390137,,,,,,,,,,,,,,,,,,,,,,,,,,,,,
,8.111836170215066e-06,8.111836170215067e-05,1.6223672340430133e-05,0.0,7759,,,,,,,,,,,,,,,,,,,,,,,,,,,,,,,,,,,,,,,,,,,,
,8.111836170215066e-06,8.111836170215067e-05,1.6223672340430133e-05,0.0,7759,,,,,,,,,,,,,,,,,,,,,,,,,,,,,,,,,,,,,,,,,,,,
3,,,,,7759,,,,,0.976750910282135,,0.033299095928668976,,4.329243183135986,,0.0003729834861587733,,,0.016463056206703186,5.339293003082275,,,,,,,,,,,,,,,,,,,,,,,,,,,,,
,8.101106134575972e-06,8.101106134575972e-05,1.6202212269151944e-05,0.0,7779,,,,,,,,,,,,,,,,,,,,,,,,,,,,,,,,,,,,,,,,,,,,
,8.101106134575972e-06,8.101106134575972e-05,1.6202212269151944e-05,0.0,7779,,,,,,,,,,,,,,,,,,,,,,,,,,,,,,,,,,,,,,,,,,,,
3,,,,,7779,,,,,0.9009003639221191,,0.1357777863740921,,2.9338855743408203,,7.499496405216632e-06,,,0.0678851455450058,3.9705636501312256,,,,,,,,,,,,,,,,,,,,,,,,,,,,,
,8.090352927813858e-06,8.090352927813856e-05,1.6180705855627715e-05,0.0,7799,,,,,,,,,,,,,,,,,,,,,,,,,,,,,,,,,,,,,,,,,,,,
,8.090352927813858e-06,8.090352927813856e-05,1.6180705855627715e-05,0.0,7799,,,,,,,,,,,,,,,,,,,,,,,,,,,,,,,,,,,,,,,,,,,,
3,,,,,7799,,,,,1.005117654800415,,0.02939048409461975,,3.112821578979492,,8.299597311633988e-07,,,0.014694826677441597,4.147329807281494,,,,,,,,,,,,,,,,,,,,,,,,,,,,,
,8.079576631592178e-06,8.079576631592179e-05,1.6159153263184356e-05,0.0,7819,,,,,,,,,,,,,,,,,,,,,,,,,,,,,,,,,,,,,,,,,,,,
,8.079576631592178e-06,8.079576631592179e-05,1.6159153263184356e-05,0.0,7819,,,,,,,,,,,,,,,,,,,,,,,,,,,,,,,,,,,,,,,,,,,,
3,,,,,7819,,,,,1.3896455764770508,,0.02188796177506447,,6.978191375732422,,4.347603317000903e-05,,,0.01092224195599556,8.389724731445312,,,,,,,,,,,,,,,,,,,,,,,,,,,,,
,8.068777327749746e-06,8.068777327749746e-05,1.6137554655499493e-05,0.0,7839,,,,,,,,,,,,,,,,,,,,,,,,,,,,,,,,,,,,,,,,,,,,
,8.068777327749746e-06,8.068777327749746e-05,1.6137554655499493e-05,0.0,7839,,,,,,,,,,,,,,,,,,,,,,,,,,,,,,,,,,,,,,,,,,,,
3,,,,,7839,,,,,1.1887284517288208,,0.011029506102204323,,4.174694061279297,,1.4162102161208168e-05,,,0.005507671739906073,5.374452114105225,,,,,,,,,,,,,,,,,,,,,,,,,,,,,
,8.057955098300093e-06,8.057955098300093e-05,1.6115910196600186e-05,0.0,7859,,,,,,,,,,,,,,,,,,,,,,,,,,,,,,,,,,,,,,,,,,,,
,8.057955098300093e-06,8.057955098300093e-05,1.6115910196600186e-05,0.0,7859,,,,,,,,,,,,,,,,,,,,,,,,,,,,,,,,,,,,,,,,,,,,
3,,,,,7859,,,,,1.460689663887024,,0.2050437033176422,,6.175734519958496,,3.887265484081581e-05,,,0.10250241309404373,7.84146785736084,,,,,,,,,,,,,,,,,,,,,,,,,,,,,
,8.047110025430858e-06,8.047110025430857e-05,1.6094220050861717e-05,0.0,7879,,,,,,,,,,,,,,,,,,,,,,,,,,,,,,,,,,,,,,,,,,,,
,8.047110025430858e-06,8.047110025430857e-05,1.6094220050861717e-05,0.0,7879,,,,,,,,,,,,,,,,,,,,,,,,,,,,,,,,,,,,,,,,,,,,
3,,,,,7879,,,,,1.131903886795044,,0.01668459177017212,,4.727198600769043,,1.1769630873459391e-05,,,0.008336411789059639,5.875786781311035,,,,,,,,,,,,,,,,,,,,,,,,,,,,,
,8.03624219150316e-06,8.036242191503159e-05,1.607248438300632e-05,0.0,7899,,,,,,,,,,,,,,,,,,,,,,,,,,,,,,,,,,,,,,,,,,,,
,8.03624219150316e-06,8.036242191503159e-05,1.607248438300632e-05,0.0,7899,,,,,,,,,,,,,,,,,,,,,,,,,,,,,,,,,,,,,,,,,,,,
3,,,,,7899,,,,,0.8249157667160034,,0.015951761975884438,,2.6931657791137695,,6.797343303333037e-06,,,0.007972482591867447,3.5340332984924316,,,,,,,,,,,,,,,,,,,,,,,,,,,,,
,8.025351679050974e-06,8.025351679050974e-05,1.605070335810195e-05,0.0,7919,,,,,,,,,,,,,,,,,,,,,,,,,,,,,,,,,,,,,,,,,,,,
,8.025351679050974e-06,8.025351679050974e-05,1.605070335810195e-05,0.0,7919,,,,,,,,,,,,,,,,,,,,,,,,,,,,,,,,,,,,,,,,,,,,
3,,,,,7919,,,,,1.544953465461731,,0.03550725057721138,,4.976312160491943,,1.4514165741275065e-05,,,0.017746368423104286,6.556772708892822,,,,,,,,,,,,,,,,,,,,,,,,,,,,,
,8.014438570780507e-06,8.014438570780506e-05,1.6028877141561014e-05,0.0,7939,,,,,,,,,,,,,,,,,,,,,,,,,,,,,,,,,,,,,,,,,,,,
,8.014438570780507e-06,8.014438570780506e-05,1.6028877141561014e-05,0.0,7939,,,,,,,,,,,,,,,,,,,,,,,,,,,,,,,,,,,,,,,,,,,,
3,,,,,7939,,,,,0.6944771409034729,,0.020853212103247643,,2.9087555408477783,,1.5973403151292587e-06,,,0.010425807908177376,3.6240859031677246,,,,,,,,,,,,,,,,,,,,,,,,,,,,,
,8.003502949569556e-06,8.003502949569556e-05,1.6007005899139112e-05,0.0,7959,,,,,,,,,,,,,,,,,,,,,,,,,,,,,,,,,,,,,,,,,,,,
,8.003502949569556e-06,8.003502949569556e-05,1.6007005899139112e-05,0.0,7959,,,,,,,,,,,,,,,,,,,,,,,,,,,,,,,,,,,,,,,,,,,,
3,,,,,7959,,,,,1.3376741409301758,,0.026895806193351746,,4.650571823120117,,0.0003966555814258754,,,0.013249576091766357,6.01514196395874,,,,,,,,,,,,,,,,,,,,,,,,,,,,,
,7.9925448984669e-06,7.9925448984669e-05,1.59850897969338e-05,0.0,7979,,,,,,,,,,,,,,,,,,,,,,,,,,,,,,,,,,,,,,,,,,,,
,7.9925448984669e-06,7.9925448984669e-05,1.59850897969338e-05,0.0,7979,,,,,,,,,,,,,,,,,,,,,,,,,,,,,,,,,,,,,,,,,,,,
3,,,,,7979,,,,,0.7296019792556763,,0.05215033143758774,,3.4762187004089355,,0.00039534858660772443,,,0.025877490639686584,4.257970809936523,,,,,,,,,,,,,,,,,,,,,,,,,,,,,
,7.981564500691653e-06,7.981564500691652e-05,1.5963129001383305e-05,0.0,7999,,,,,,,,,,,,,,,,,,,,,,,,,,,,,,,,,,,,,,,,,,,,
,7.981564500691653e-06,7.981564500691652e-05,1.5963129001383305e-05,0.0,7999,,,,,,,,,,,,,,,,,,,,,,,,,,,,,,,,,,,,,,,,,,,,
3,,,,,7999,,,,,1.933586597442627,,0.013046961277723312,,6.807474613189697,,0.0003452232340350747,,,0.006350868847221136,8.754108428955078,,,,,,,,,,,,,,,,,,,,,,,,,,,,,
3,,,,,7999,,,,,,,,,,,,,,,,,,,0.0,4800.0,28.74782943725586,27.305130004882812,47.90535354614258,0.06395833194255829,0.08416666835546494,0.10187499970197678,0.19936102628707886,0.0683896541595459,0.12598614394664764,0.004985361825674772,5.0,4800.0,0.0,0.0,5.0,4800.0,307.0,404.0,489.0,1.0,1.0,5.0,0.7562828063964844,0.7562828063964844
3,,,,,7999,12.846419334411621,19.423828125,1.0,1.0481784343719482,,0.03524501994252205,,4.083172798156738,,0.0012460717698559165,,5.166586875915527,0.01699945330619812,,,0.8955826759338379,2.0,7830.0,,,,,,,,,,,,,,,,,,,,,,,,,,
,7.970561839632633e-06,7.970561839632633e-05,1.5941123679265267e-05,0.0,8019,,,,,,,,,,,,,,,,,,,,,,,,,,,,,,,,,,,,,,,,,,,,
,7.970561839632633e-06,7.970561839632633e-05,1.5941123679265267e-05,0.0,8019,,,,,,,,,,,,,,,,,,,,,,,,,,,,,,,,,,,,,,,,,,,,
4,,,,,8019,,,,,0.7641605138778687,,0.027482833713293076,,2.1604809761047363,,2.5650242605479434e-06,,,0.013740134425461292,2.9521241188049316,,,,,,,,,,,,,,,,,,,,,,,,,,,,,
,7.959536998847742e-06,7.959536998847742e-05,1.5919073997695485e-05,0.0,8039,,,,,,,,,,,,,,,,,,,,,,,,,,,,,,,,,,,,,,,,,,,,
,7.959536998847742e-06,7.959536998847742e-05,1.5919073997695485e-05,0.0,8039,,,,,,,,,,,,,,,,,,,,,,,,,,,,,,,,,,,,,,,,,,,,
4,,,,,8039,,,,,1.6425493955612183,,0.012272470630705357,,5.952345848083496,,0.00022726466704625636,,,0.0060226027853786945,7.607167720794678,,,,,,,,,,,,,,,,,,,,,,,,,,,,,
,7.948490062063318e-06,7.948490062063318e-05,1.5896980124126636e-05,0.0,8059,,,,,,,,,,,,,,,,,,,,,,,,,,,,,,,,,,,,,,,,,,,,
,7.948490062063318e-06,7.948490062063318e-05,1.5896980124126636e-05,0.0,8059,,,,,,,,,,,,,,,,,,,,,,,,,,,,,,,,,,,,,,,,,,,,
4,,,,,8059,,,,,0.6332176327705383,,0.010474911890923977,,2.7610507011413574,,1.3447412356981658e-06,,,0.005236783530563116,3.404743194580078,,,,,,,,,,,,,,,,,,,,,,,,,,,,,
,7.937421113173497e-06,7.937421113173498e-05,1.5874842226346994e-05,0.0,8079,,,,,,,,,,,,,,,,,,,,,,,,,,,,,,,,,,,,,,,,,,,,
,7.937421113173497e-06,7.937421113173498e-05,1.5874842226346994e-05,0.0,8079,,,,,,,,,,,,,,,,,,,,,,,,,,,,,,,,,,,,,,,,,,,,
4,,,,,8079,,,,,1.065854549407959,,0.04240031912922859,,4.27710485458374,,3.567136809579097e-05,,,0.02118232287466526,5.385359764099121,,,,,,,,,,,,,,,,,,,,,,,,,,,,,
,7.926330236239596e-06,7.926330236239595e-05,1.585266047247919e-05,0.0,8099,,,,,,,,,,,,,,,,,,,,,,,,,,,,,,,,,,,,,,,,,,,,
,7.926330236239596e-06,7.926330236239595e-05,1.585266047247919e-05,0.0,8099,,,,,,,,,,,,,,,,,,,,,,,,,,,,,,,,,,,,,,,,,,,,
4,,,,,8099,,,,,1.8301160335540771,,0.04408375918865204,,6.023245811462402,,0.007852130569517612,,,0.01811581291258335,7.8974456787109375,,,,,,,,,,,,,,,,,,,,,,,,,,,,,
,7.915217515489447e-06,7.915217515489447e-05,1.5830435030978894e-05,0.0,8119,,,,,,,,,,,,,,,,,,,,,,,,,,,,,,,,,,,,,,,,,,,,
,7.915217515489447e-06,7.915217515489447e-05,1.5830435030978894e-05,0.0,8119,,,,,,,,,,,,,,,,,,,,,,,,,,,,,,,,,,,,,,,,,,,,
4,,,,,8119,,,,,1.0050688982009888,,0.03524486720561981,,3.1665236949920654,,1.2295950909901876e-05,,,0.017616285011172295,4.2068376541137695,,,,,,,,,,,,,,,,,,,,,,,,,,,,,
,7.90408303531678e-06,7.90408303531678e-05,1.580816607063356e-05,0.0,8139,,,,,,,,,,,,,,,,,,,,,,,,,,,,,,,,,,,,,,,,,,,,
,7.90408303531678e-06,7.90408303531678e-05,1.580816607063356e-05,0.0,8139,,,,,,,,,,,,,,,,,,,,,,,,,,,,,,,,,,,,,,,,,,,,
4,,,,,8139,,,,,0.9625768661499023,,0.024420244619250298,,4.195756912231445,,0.0028707452584058046,,,0.010774749331176281,5.182754039764404,,,,,,,,,,,,,,,,,,,,,,,,,,,,,
,7.89292688028057e-06,7.892926880280571e-05,1.578585376056114e-05,0.0,8159,,,,,,,,,,,,,,,,,,,,,,,,,,,,,,,,,,,,,,,,,,,,
,7.89292688028057e-06,7.892926880280571e-05,1.578585376056114e-05,0.0,8159,,,,,,,,,,,,,,,,,,,,,,,,,,,,,,,,,,,,,,,,,,,,
4,,,,,8159,,,,,1.1703979969024658,,0.012812551110982895,,4.408670425415039,,3.826730335276807e-06,,,0.006404362618923187,5.591880798339844,,,,,,,,,,,,,,,,,,,,,,,,,,,,,
,7.881749135104405e-06,7.881749135104404e-05,1.576349827020881e-05,0.0,8179,,,,,,,,,,,,,,,,,,,,,,,,,,,,,,,,,,,,,,,,,,,,
,7.881749135104405e-06,7.881749135104404e-05,1.576349827020881e-05,0.0,8179,,,,,,,,,,,,,,,,,,,,,,,,,,,,,,,,,,,,,,,,,,,,
4,,,,,8179,,,,,0.7592279314994812,,0.018512269482016563,,2.3181726932525635,,8.209644147427753e-05,,,0.009215086698532104,3.0959129333496094,,,,,,,,,,,,,,,,,,,,,,,,,,,,,
,7.87054988467582e-06,7.870549884675819e-05,1.574109976935164e-05,0.0,8199,,,,,,,,,,,,,,,,,,,,,,,,,,,,,,,,,,,,,,,,,,,,
,7.87054988467582e-06,7.870549884675819e-05,1.574109976935164e-05,0.0,8199,,,,,,,,,,,,,,,,,,,,,,,,,,,,,,,,,,,,,,,,,,,,
4,,,,,8199,,,,,1.098431944847107,,0.01165207289159298,,3.3965320587158203,,3.7190627608651994e-06,,,0.005824176594614983,4.506616115570068,,,,,,,,,,,,,,,,,,,,,,,,,,,,,
,7.859329214045682e-06,7.85932921404568e-05,1.5718658428091364e-05,0.0,8219,,,,,,,,,,,,,,,,,,,,,,,,,,,,,,,,,,,,,,,,,,,,
,7.859329214045682e-06,7.85932921404568e-05,1.5718658428091364e-05,0.0,8219,,,,,,,,,,,,,,,,,,,,,,,,,,,,,,,,,,,,,,,,,,,,
4,,,,,8219,,,,,0.8129885196685791,,0.014061467722058296,,3.145833969116211,,0.0004986770800314844,,,0.006781395524740219,3.972883939743042,,,,,,,,,,,,,,,,,,,,,,,,,,,,,
,7.848087208427527e-06,7.848087208427526e-05,1.5696174416855054e-05,0.0,8239,,,,,,,,,,,,,,,,,,,,,,,,,,,,,,,,,,,,,,,,,,,,
,7.848087208427527e-06,7.848087208427526e-05,1.5696174416855054e-05,0.0,8239,,,,,,,,,,,,,,,,,,,,,,,,,,,,,,,,,,,,,,,,,,,,
4,,,,,8239,,,,,1.0112828016281128,,0.015127638354897499,,4.269504547119141,,1.5052515891511575e-06,,,0.00756306666880846,5.295915126800537,,,,,,,,,,,,,,,,,,,,,,,,,,,,,
,7.836823953196915e-06,7.836823953196915e-05,1.567364790639383e-05,0.0,8259,,,,,,,,,,,,,,,,,,,,,,,,,,,,,,,,,,,,,,,,,,,,
,7.836823953196915e-06,7.836823953196915e-05,1.567364790639383e-05,0.0,8259,,,,,,,,,,,,,,,,,,,,,,,,,,,,,,,,,,,,,,,,,,,,
4,,,,,8259,,,,,0.728973925113678,,-0.0,,3.703009605407715,,-0.0,,,-0.0,4.431983470916748,,,,,,,,,,,,,,,,,,,,,,,,,,,,,
,7.82553953389078e-06,7.825539533890781e-05,1.565107906778156e-05,0.0,8279,,,,,,,,,,,,,,,,,,,,,,,,,,,,,,,,,,,,,,,,,,,,
,7.82553953389078e-06,7.825539533890781e-05,1.565107906778156e-05,0.0,8279,,,,,,,,,,,,,,,,,,,,,,,,,,,,,,,,,,,,,,,,,,,,
4,,,,,8279,,,,,0.5252353549003601,,0.042310141026973724,,1.6183538436889648,,3.952707629650831e-05,,,0.02113530784845352,2.185899257659912,,,,,,,,,,,,,,,,,,,,,,,,,,,,,
,7.814234036206791e-06,7.81423403620679e-05,1.5628468072413582e-05,0.0,8299,,,,,,,,,,,,,,,,,,,,,,,,,,,,,,,,,,,,,,,,,,,,
,7.814234036206791e-06,7.81423403620679e-05,1.5628468072413582e-05,0.0,8299,,,,,,,,,,,,,,,,,,,,,,,,,,,,,,,,,,,,,,,,,,,,
4,,,,,8299,,,,,1.17011296749115,,0.036071475595235825,,3.905278205871582,,8.309062104672194e-05,,,0.017994191497564316,5.111462593078613,,,,,,,,,,,,,,,,,,,,,,,,,,,,,
,7.802907546002683e-06,7.802907546002684e-05,1.5605815092005366e-05,0.0,8319,,,,,,,,,,,,,,,,,,,,,,,,,,,,,,,,,,,,,,,,,,,,
,7.802907546002683e-06,7.802907546002684e-05,1.5605815092005366e-05,0.0,8319,,,,,,,,,,,,,,,,,,,,,,,,,,,,,,,,,,,,,,,,,,,,
4,,,,,8319,,,,,0.7797523736953735,,0.01434868574142456,,3.0944812297821045,,0.0004170413303654641,,,0.006965822074562311,3.888582229614258,,,,,,,,,,,,,,,,,,,,,,,,,,,,,
,7.791560149295626e-06,7.791560149295625e-05,1.558312029859125e-05,0.0,8339,,,,,,,,,,,,,,,,,,,,,,,,,,,,,,,,,,,,,,,,,,,,
,7.791560149295626e-06,7.791560149295625e-05,1.558312029859125e-05,0.0,8339,,,,,,,,,,,,,,,,,,,,,,,,,,,,,,,,,,,,,,,,,,,,
4,,,,,8339,,,,,1.0720332860946655,,0.01120439637452364,,3.7464988231658936,,0.00016279648116324097,,,0.00552080012857914,4.829736709594727,,,,,,,,,,,,,,,,,,,,,,,,,,,,,
,7.780191932261549e-06,7.780191932261548e-05,1.5560383864523098e-05,0.0,8359,,,,,,,,,,,,,,,,,,,,,,,,,,,,,,,,,,,,,,,,,,,,
,7.780191932261549e-06,7.780191932261548e-05,1.5560383864523098e-05,0.0,8359,,,,,,,,,,,,,,,,,,,,,,,,,,,,,,,,,,,,,,,,,,,,
4,,,,,8359,,,,,0.7783710360527039,,0.047770243138074875,,4.465232849121094,,8.882188922143541e-07,,,0.02388467825949192,5.2913737297058105,,,,,,,,,,,,,,,,,,,,,,,,,,,,,
,7.768802981234508e-06,7.768802981234508e-05,1.5537605962469015e-05,0.0,8379,,,,,,,,,,,,,,,,,,,,,,,,,,,,,,,,,,,,,,,,,,,,
,7.768802981234508e-06,7.768802981234508e-05,1.5537605962469015e-05,0.0,8379,,,,,,,,,,,,,,,,,,,,,,,,,,,,,,,,,,,,,,,,,,,,
4,,,,,8379,,,,,0.9358651638031006,,0.04067009687423706,,1.955803394317627,,3.1252520216185076e-07,,,0.020334891974925995,2.9323387145996094,,,,,,,,,,,,,,,,,,,,,,,,,,,,,
,7.757393382706015e-06,7.757393382706015e-05,1.551478676541203e-05,0.0,8399,,,,,,,,,,,,,,,,,,,,,,,,,,,,,,,,,,,,,,,,,,,,
,7.757393382706015e-06,7.757393382706015e-05,1.551478676541203e-05,0.0,8399,,,,,,,,,,,,,,,,,,,,,,,,,,,,,,,,,,,,,,,,,,,,
4,,,,,8399,,,,,1.0453219413757324,,0.018320206552743912,,3.0437519550323486,,1.0042145731858909e-05,,,0.00915508158504963,4.107394218444824,,,,,,,,,,,,,,,,,,,,,,,,,,,,,
,7.745963223324386e-06,7.745963223324384e-05,1.549192644664877e-05,0.0,8419,,,,,,,,,,,,,,,,,,,,,,,,,,,,,,,,,,,,,,,,,,,,
,7.745963223324386e-06,7.745963223324384e-05,1.549192644664877e-05,0.0,8419,,,,,,,,,,,,,,,,,,,,,,,,,,,,,,,,,,,,,,,,,,,,
4,,,,,8419,,,,,1.1879628896713257,,0.024583647027611732,,4.764871120452881,,6.439983735617716e-06,,,0.01228860393166542,5.977417945861816,,,,,,,,,,,,,,,,,,,,,,,,,,,,,
,7.734512589894083e-06,7.734512589894083e-05,1.5469025179788166e-05,0.0,8439,,,,,,,,,,,,,,,,,,,,,,,,,,,,,,,,,,,,,,,,,,,,
,7.734512589894083e-06,7.734512589894083e-05,1.5469025179788166e-05,0.0,8439,,,,,,,,,,,,,,,,,,,,,,,,,,,,,,,,,,,,,,,,,,,,
4,,,,,8439,,,,,1.1502315998077393,,0.03846538066864014,,3.3536202907562256,,1.228152768817381e-06,,,0.01923207752406597,4.5423173904418945,,,,,,,,,,,,,,,,,,,,,,,,,,,,,
,7.72304156937506e-06,7.723041569375058e-05,1.544608313875012e-05,0.0,8459,,,,,,,,,,,,,,,,,,,,,,,,,,,,,,,,,,,,,,,,,,,,
,7.72304156937506e-06,7.723041569375058e-05,1.544608313875012e-05,0.0,8459,,,,,,,,,,,,,,,,,,,,,,,,,,,,,,,,,,,,,,,,,,,,
4,,,,,8459,,,,,0.6682118773460388,,0.0068312156945466995,,2.757171630859375,,9.99070380203193e-06,,,0.0034106122329831123,3.4322147369384766,,,,,,,,,,,,,,,,,,,,,,,,,,,,,
,7.711550248882087e-06,7.711550248882088e-05,1.5423100497764175e-05,0.0,8479,,,,,,,,,,,,,,,,,,,,,,,,,,,,,,,,,,,,,,,,,,,,
,7.711550248882087e-06,7.711550248882088e-05,1.5423100497764175e-05,0.0,8479,,,,,,,,,,,,,,,,,,,,,,,,,,,,,,,,,,,,,,,,,,,,
4,,,,,8479,,,,,0.745620846748352,,0.03584318980574608,,2.5351030826568604,,0.00046364718582481146,,,0.017689771950244904,3.3165669441223145,,,,,,,,,,,,,,,,,,,,,,,,,,,,,
,7.70003871568411e-06,7.70003871568411e-05,1.540007743136822e-05,0.0,8499,,,,,,,,,,,,,,,,,,,,,,,,,,,,,,,,,,,,,,,,,,,,
,7.70003871568411e-06,7.70003871568411e-05,1.540007743136822e-05,0.0,8499,,,,,,,,,,,,,,,,,,,,,,,,,,,,,,,,,,,,,,,,,,,,
4,,,,,8499,,,,,0.9926958084106445,,0.02091727778315544,,2.4084291458129883,,9.744290582602844e-05,,,0.010409917682409286,3.42204213142395,,,,,,,,,,,,,,,,,,,,,,,,,,,,,
,7.68850705720357e-06,7.68850705720357e-05,1.537701411440714e-05,0.0,8519,,,,,,,,,,,,,,,,,,,,,,,,,,,,,,,,,,,,,,,,,,,,
,7.68850705720357e-06,7.68850705720357e-05,1.537701411440714e-05,0.0,8519,,,,,,,,,,,,,,,,,,,,,,,,,,,,,,,,,,,,,,,,,,,,
4,,,,,8519,,,,,0.7944598197937012,,0.01900932565331459,,2.892361640930176,,2.6759605589177227e-06,,,0.009503324516117573,3.7058308124542236,,,,,,,,,,,,,,,,,,,,,,,,,,,,,
,7.676955361015747e-06,7.676955361015747e-05,1.5353910722031494e-05,0.0,8539,,,,,,,,,,,,,,,,,,,,,,,,,,,,,,,,,,,,,,,,,,,,
,7.676955361015747e-06,7.676955361015747e-05,1.5353910722031494e-05,0.0,8539,,,,,,,,,,,,,,,,,,,,,,,,,,,,,,,,,,,,,,,,,,,,
4,,,,,8539,,,,,0.8780283331871033,,0.02539854124188423,,2.7888565063476562,,0.0036396789364516735,,,0.010879430919885635,3.6922833919525146,,,,,,,,,,,,,,,,,,,,,,,,,,,,,
,7.665383714848099e-06,7.665383714848097e-05,1.5330767429696198e-05,0.0,8559,,,,,,,,,,,,,,,,,,,,,,,,,,,,,,,,,,,,,,,,,,,,
,7.665383714848099e-06,7.665383714848097e-05,1.5330767429696198e-05,0.0,8559,,,,,,,,,,,,,,,,,,,,,,,,,,,,,,,,,,,,,,,,,,,,
4,,,,,8559,,,,,1.1754282712936401,,0.04285457357764244,,5.074350833892822,,3.126963292743312e-06,,,0.021425724029541016,6.292634010314941,,,,,,,,,,,,,,,,,,,,,,,,,,,,,
,7.65379220657958e-06,7.65379220657958e-05,1.530758441315916e-05,0.0,8579,,,,,,,,,,,,,,,,,,,,,,,,,,,,,,,,,,,,,,,,,,,,
,7.65379220657958e-06,7.65379220657958e-05,1.530758441315916e-05,0.0,8579,,,,,,,,,,,,,,,,,,,,,,,,,,,,,,,,,,,,,,,,,,,,
4,,,,,8579,,,,,1.1775773763656616,,0.0482514351606369,,7.078000545501709,,0.00017479390953667462,,,0.024038322269916534,8.303829193115234,,,,,,,,,,,,,,,,,,,,,,,,,,,,,
,7.642180924239997e-06,7.642180924239997e-05,1.5284361848479993e-05,0.0,8599,,,,,,,,,,,,,,,,,,,,,,,,,,,,,,,,,,,,,,,,,,,,
,7.642180924239997e-06,7.642180924239997e-05,1.5284361848479993e-05,0.0,8599,,,,,,,,,,,,,,,,,,,,,,,,,,,,,,,,,,,,,,,,,,,,
4,,,,,8599,,,,,1.00807785987854,,0.01506112702190876,,4.714170455932617,,0.0002695866278372705,,,0.007395770400762558,5.737309455871582,,,,,,,,,,,,,,,,,,,,,,,,,,,,,
,7.630549956009316e-06,7.630549956009316e-05,1.5261099912018632e-05,0.0,8619,,,,,,,,,,,,,,,,,,,,,,,,,,,,,,,,,,,,,,,,,,,,
,7.630549956009316e-06,7.630549956009316e-05,1.5261099912018632e-05,0.0,8619,,,,,,,,,,,,,,,,,,,,,,,,,,,,,,,,,,,,,,,,,,,,
4,,,,,8619,,,,,0.9653005003929138,,0.028379034250974655,,3.0409655570983887,,9.837605466600507e-05,,,0.014140329323709011,4.034645080566406,,,,,,,,,,,,,,,,,,,,,,,,,,,,,
,7.618899390217016e-06,7.618899390217016e-05,1.5237798780434033e-05,0.0,8639,,,,,,,,,,,,,,,,,,,,,,,,,,,,,,,,,,,,,,,,,,,,
,7.618899390217016e-06,7.618899390217016e-05,1.5237798780434033e-05,0.0,8639,,,,,,,,,,,,,,,,,,,,,,,,,,,,,,,,,,,,,,,,,,,,
4,,,,,8639,,,,,0.7676615715026855,,0.035215169191360474,,2.446549654006958,,6.730801374033035e-07,,,0.017607247456908226,3.2494263648986816,,,,,,,,,,,,,,,,,,,,,,,,,,,,,
,7.6072293153413944e-06,7.607229315341394e-05,1.5214458630682789e-05,0.0,8659,,,,,,,,,,,,,,,,,,,,,,,,,,,,,,,,,,,,,,,,,,,,
,7.6072293153413944e-06,7.607229315341394e-05,1.5214458630682789e-05,0.0,8659,,,,,,,,,,,,,,,,,,,,,,,,,,,,,,,,,,,,,,,,,,,,
4,,,,,8659,,,,,1.0876715183258057,,0.02324436604976654,,3.1678009033203125,,4.264736708137207e-05,,,0.011600859463214874,4.278717041015625,,,,,,,,,,,,,,,,,,,,,,,,,,,,,
,7.595539820008916e-06,7.595539820008915e-05,1.5191079640017833e-05,0.0,8679,,,,,,,,,,,,,,,,,,,,,,,,,,,,,,,,,,,,,,,,,,,,
,7.595539820008916e-06,7.595539820008915e-05,1.5191079640017833e-05,0.0,8679,,,,,,,,,,,,,,,,,,,,,,,,,,,,,,,,,,,,,,,,,,,,
4,,,,,8679,,,,,1.3379733562469482,,0.02471713349223137,,5.189211368560791,,8.18938497104682e-05,,,0.01231762021780014,6.551901817321777,,,,,,,,,,,,,,,,,,,,,,,,,,,,,
,7.583830992993525e-06,7.583830992993525e-05,1.516766198598705e-05,0.0,8699,,,,,,,,,,,,,,,,,,,,,,,,,,,,,,,,,,,,,,,,,,,,
,7.583830992993525e-06,7.583830992993525e-05,1.516766198598705e-05,0.0,8699,,,,,,,,,,,,,,,,,,,,,,,,,,,,,,,,,,,,,,,,,,,,
4,,,,,8699,,,,,0.9988346099853516,,0.15046155452728271,,3.3789987564086914,,6.000717985443771e-05,,,0.07520077377557755,4.528295040130615,,,,,,,,,,,,,,,,,,,,,,,,,,,,,
,7.572102923215983e-06,7.572102923215983e-05,1.5144205846431966e-05,0.0,8719,,,,,,,,,,,,,,,,,,,,,,,,,,,,,,,,,,,,,,,,,,,,
,7.572102923215983e-06,7.572102923215983e-05,1.5144205846431966e-05,0.0,8719,,,,,,,,,,,,,,,,,,,,,,,,,,,,,,,,,,,,,,,,,,,,
4,,,,,8719,,,,,0.9209661483764648,,0.038088586181402206,,3.2391419410705566,,3.3304841053904966e-05,,,0.01902763918042183,4.1981964111328125,,,,,,,,,,,,,,,,,,,,,,,,,,,,,
,7.5603556997431825e-06,7.560355699743182e-05,1.5120711399486365e-05,0.0,8739,,,,,,,,,,,,,,,,,,,,,,,,,,,,,,,,,,,,,,,,,,,,
,7.5603556997431825e-06,7.560355699743182e-05,1.5120711399486365e-05,0.0,8739,,,,,,,,,,,,,,,,,,,,,,,,,,,,,,,,,,,,,,,,,,,,
4,,,,,8739,,,,,0.9196949601173401,,0.019070381298661232,,3.3427560329437256,,1.7174123058794066e-05,,,0.009526603855192661,4.281521320343018,,,,,,,,,,,,,,,,,,,,,,,,,,,,,
,7.548589411787478e-06,7.548589411787478e-05,1.5097178823574956e-05,0.0,8759,,,,,,,,,,,,,,,,,,,,,,,,,,,,,,,,,,,,,,,,,,,,
,7.548589411787478e-06,7.548589411787478e-05,1.5097178823574956e-05,0.0,8759,,,,,,,,,,,,,,,,,,,,,,,,,,,,,,,,,,,,,,,,,,,,
4,,,,,8759,,,,,0.753715455532074,,0.0061133140698075294,,2.928626775741577,,2.9350039767450653e-06,,,0.0030551895033568144,3.688455581665039,,,,,,,,,,,,,,,,,,,,,,,,,,,,,
,7.536804148706003e-06,7.536804148706003e-05,1.5073608297412005e-05,0.0,8779,,,,,,,,,,,,,,,,,,,,,,,,,,,,,,,,,,,,,,,,,,,,
,7.536804148706003e-06,7.536804148706003e-05,1.5073608297412005e-05,0.0,8779,,,,,,,,,,,,,,,,,,,,,,,,,,,,,,,,,,,,,,,,,,,,
4,,,,,8779,,,,,0.4765014946460724,,0.01193680614233017,,2.250123977661133,,9.58638520387467e-06,,,0.005963609553873539,2.7385623455047607,,,,,,,,,,,,,,,,,,,,,,,,,,,,,
,7.525e-06,7.525e-05,1.505e-05,0.0,8799,,,,,,,,,,,,,,,,,,,,,,,,,,,,,,,,,,,,,,,,,,,,
,7.525e-06,7.525e-05,1.505e-05,0.0,8799,,,,,,,,,,,,,,,,,,,,,,,,,,,,,,,,,,,,,,,,,,,,
4,,,,,8799,,,,,1.0035011768341064,,0.017590653151273727,,3.7821204662323,,8.560505375498906e-05,,,0.008752523921430111,4.8032121658325195,,,,,,,,,,,,,,,,,,,,,,,,,,,,,
,7.513177055314134e-06,7.513177055314134e-05,1.5026354110628268e-05,0.0,8819,,,,,,,,,,,,,,,,,,,,,,,,,,,,,,,,,,,,,,,,,,,,
,7.513177055314134e-06,7.513177055314134e-05,1.5026354110628268e-05,0.0,8819,,,,,,,,,,,,,,,,,,,,,,,,,,,,,,,,,,,,,,,,,,,,
4,,,,,8819,,,,,1.0821703672409058,,0.05043961852788925,,3.665088415145874,,0.0020568775944411755,,,0.024191370233893394,4.797698497772217,,,,,,,,,,,,,,,,,,,,,,,,,,,,,
,7.501335404435804e-06,7.501335404435805e-05,1.5002670808871608e-05,0.0,8839,,,,,,,,,,,,,,,,,,,,,,,,,,,,,,,,,,,,,,,,,,,,
,7.501335404435804e-06,7.501335404435805e-05,1.5002670808871608e-05,0.0,8839,,,,,,,,,,,,,,,,,,,,,,,,,,,,,,,,,,,,,,,,,,,,
4,,,,,8839,,,,,0.9047495126724243,,0.016391990706324577,,3.566270589828491,,1.28210604088963e-06,,,0.008195354603230953,4.487411975860596,,,,,,,,,,,,,,,,,,,,,,,,,,,,,
,7.489475137294484e-06,7.489475137294484e-05,1.4978950274588967e-05,0.0,8859,,,,,,,,,,,,,,,,,,,,,,,,,,,,,,,,,,,,,,,,,,,,
,7.489475137294484e-06,7.489475137294484e-05,1.4978950274588967e-05,0.0,8859,,,,,,,,,,,,,,,,,,,,,,,,,,,,,,,,,,,,,,,,,,,,
4,,,,,8859,,,,,0.7498458623886108,,-0.0,,2.8991198539733887,,-0.0,,,-0.0,3.648965835571289,,,,,,,,,,,,,,,,,,,,,,,,,,,,,
,7.477596343961017e-06,7.477596343961017e-05,1.4955192687922033e-05,0.0,8879,,,,,,,,,,,,,,,,,,,,,,,,,,,,,,,,,,,,,,,,,,,,
,7.477596343961017e-06,7.477596343961017e-05,1.4955192687922033e-05,0.0,8879,,,,,,,,,,,,,,,,,,,,,,,,,,,,,,,,,,,,,,,,,,,,
4,,,,,8879,,,,,0.725218653678894,,0.045965321362018585,,8.54014778137207,,0.004801938775926828,,,0.020581692457199097,9.311331748962402,,,,,,,,,,,,,,,,,,,,,,,,,,,,,
,7.465699114646941e-06,7.465699114646941e-05,1.4931398229293882e-05,0.0,8899,,,,,,,,,,,,,,,,,,,,,,,,,,,,,,,,,,,,,,,,,,,,
,7.465699114646941e-06,7.465699114646941e-05,1.4931398229293882e-05,0.0,8899,,,,,,,,,,,,,,,,,,,,,,,,,,,,,,,,,,,,,,,,,,,,
4,,,,,8899,,,,,1.014169454574585,,0.012882301583886147,,2.432119131088257,,0.0017025782726705074,,,0.005589861888438463,3.4591708183288574,,,,,,,,,,,,,,,,,,,,,,,,,,,,,
,7.4537835397038075e-06,7.453783539703807e-05,1.4907567079407615e-05,0.0,8919,,,,,,,,,,,,,,,,,,,,,,,,,,,,,,,,,,,,,,,,,,,,
,7.4537835397038075e-06,7.453783539703807e-05,1.4907567079407615e-05,0.0,8919,,,,,,,,,,,,,,,,,,,,,,,,,,,,,,,,,,,,,,,,,,,,
4,,,,,8919,,,,,0.7641139030456543,,0.021205030381679535,,2.3035058975219727,,1.2975048093721853e-06,,,0.010601866990327835,3.08882474899292,,,,,,,,,,,,,,,,,,,,,,,,,,,,,
,7.4418497096224865e-06,7.441849709622486e-05,1.4883699419244973e-05,0.0,8939,,,,,,,,,,,,,,,,,,,,,,,,,,,,,,,,,,,,,,,,,,,,
,7.4418497096224865e-06,7.441849709622486e-05,1.4883699419244973e-05,0.0,8939,,,,,,,,,,,,,,,,,,,,,,,,,,,,,,,,,,,,,,,,,,,,
4,,,,,8939,,,,,1.3583307266235352,,0.03575368970632553,,4.572382926940918,,1.7722923075780272e-05,,,0.017867984250187874,5.966467380523682,,,,,,,,,,,,,,,,,,,,,,,,,,,,,
,7.429897715032484e-06,7.429897715032483e-05,1.4859795430064968e-05,0.0,8959,,,,,,,,,,,,,,,,,,,,,,,,,,,,,,,,,,,,,,,,,,,,
,7.429897715032484e-06,7.429897715032483e-05,1.4859795430064968e-05,0.0,8959,,,,,,,,,,,,,,,,,,,,,,,,,,,,,,,,,,,,,,,,,,,,
4,,,,,8959,,,,,0.7027257084846497,,0.02381812036037445,,2.483741283416748,,5.951169441686943e-06,,,0.011906084604561329,3.210284948348999,,,,,,,,,,,,,,,,,,,,,,,,,,,,,
,7.417927646701256e-06,7.417927646701255e-05,1.4835855293402513e-05,0.0,8979,,,,,,,,,,,,,,,,,,,,,,,,,,,,,,,,,,,,,,,,,,,,
,7.417927646701256e-06,7.417927646701255e-05,1.4835855293402513e-05,0.0,8979,,,,,,,,,,,,,,,,,,,,,,,,,,,,,,,,,,,,,,,,,,,,
4,,,,,8979,,,,,0.8743602633476257,,0.025859050452709198,,2.58258318901062,,0.0007586358115077019,,,0.01255020685493946,3.482802629470825,,,,,,,,,,,,,,,,,,,,,,,,,,,,,
,7.405939595533516e-06,7.405939595533516e-05,1.4811879191067032e-05,0.0,8999,,,,,,,,,,,,,,,,,,,,,,,,,,,,,,,,,,,,,,,,,,,,
,7.405939595533516e-06,7.405939595533516e-05,1.4811879191067032e-05,0.0,8999,,,,,,,,,,,,,,,,,,,,,,,,,,,,,,,,,,,,,,,,,,,,
4,,,,,8999,,,,,0.6457479596138,,0.013223079964518547,,2.495635747909546,,0.00028103639488108456,,,0.006471021566540003,3.154606819152832,,,,,,,,,,,,,,,,,,,,,,,,,,,,,
,7.3939336525705395e-06,7.39393365257054e-05,1.4787867305141079e-05,0.0,9019,,,,,,,,,,,,,,,,,,,,,,,,,,,,,,,,,,,,,,,,,,,,
,7.3939336525705395e-06,7.39393365257054e-05,1.4787867305141079e-05,0.0,9019,,,,,,,,,,,,,,,,,,,,,,,,,,,,,,,,,,,,,,,,,,,,
4,,,,,9019,,,,,0.9832037687301636,,0.02854059264063835,,3.816627025604248,,5.2257877541705966e-05,,,0.014244167134165764,4.828371524810791,,,,,,,,,,,,,,,,,,,,,,,,,,,,,
,7.381909908989488e-06,7.381909908989488e-05,1.4763819817978976e-05,0.0,9039,,,,,,,,,,,,,,,,,,,,,,,,,,,,,,,,,,,,,,,,,,,,
,7.381909908989488e-06,7.381909908989488e-05,1.4763819817978976e-05,0.0,9039,,,,,,,,,,,,,,,,,,,,,,,,,,,,,,,,,,,,,,,,,,,,
4,,,,,9039,,,,,0.9010933637619019,,0.03926873952150345,,3.5124855041503906,,1.431939153917483e-06,,,0.01963365264236927,4.452847480773926,,,,,,,,,,,,,,,,,,,,,,,,,,,,,
,7.3698684561027005e-06,7.3698684561027e-05,1.4739736912205401e-05,0.0,9059,,,,,,,,,,,,,,,,,,,,,,,,,,,,,,,,,,,,,,,,,,,,
,7.3698684561027005e-06,7.3698684561027e-05,1.4739736912205401e-05,0.0,9059,,,,,,,,,,,,,,,,,,,,,,,,,,,,,,,,,,,,,,,,,,,,
4,,,,,9059,,,,,1.055586576461792,,0.04868206009268761,,4.938979148864746,,8.697234079590999e-06,,,0.02433668076992035,6.043248176574707,,,,,,,,,,,,,,,,,,,,,,,,,,,,,
,7.357809385357005e-06,7.357809385357004e-05,1.471561877071401e-05,0.0,9079,,,,,,,,,,,,,,,,,,,,,,,,,,,,,,,,,,,,,,,,,,,,
,7.357809385357005e-06,7.357809385357004e-05,1.471561877071401e-05,0.0,9079,,,,,,,,,,,,,,,,,,,,,,,,,,,,,,,,,,,,,,,,,,,,
4,,,,,9079,,,,,0.8631091117858887,,0.08612824976444244,,3.119657516479492,,0.0004263772862032056,,,0.04285093769431114,4.068894863128662,,,,,,,,,,,,,,,,,,,,,,,,,,,,,
,7.345732788333031e-06,7.345732788333031e-05,1.4691465576666062e-05,0.0,9099,,,,,,,,,,,,,,,,,,,,,,,,,,,,,,,,,,,,,,,,,,,,
,7.345732788333031e-06,7.345732788333031e-05,1.4691465576666062e-05,0.0,9099,,,,,,,,,,,,,,,,,,,,,,,,,,,,,,,,,,,,,,,,,,,,
4,,,,,9099,,,,,1.3768339157104492,,0.0671168863773346,,6.136331558227539,,1.0182937330682762e-05,,,0.0335533544421196,7.580282211303711,,,,,,,,,,,,,,,,,,,,,,,,,,,,,
,7.3336387567445055e-06,7.333638756744505e-05,1.4667277513489011e-05,0.0,9119,,,,,,,,,,,,,,,,,,,,,,,,,,,,,,,,,,,,,,,,,,,,
,7.3336387567445055e-06,7.333638756744505e-05,1.4667277513489011e-05,0.0,9119,,,,,,,,,,,,,,,,,,,,,,,,,,,,,,,,,,,,,,,,,,,,
4,,,,,9119,,,,,0.6699194312095642,,0.0452069491147995,,2.827083110809326,,8.411001181229949e-05,,,0.022561419755220413,3.5422096252441406,,,,,,,,,,,,,,,,,,,,,,,,,,,,,
,7.3215273824375574e-06,7.321527382437558e-05,1.4643054764875115e-05,0.0,9139,,,,,,,,,,,,,,,,,,,,,,,,,,,,,,,,,,,,,,,,,,,,
,7.3215273824375574e-06,7.321527382437558e-05,1.4643054764875115e-05,0.0,9139,,,,,,,,,,,,,,,,,,,,,,,,,,,,,,,,,,,,,,,,,,,,
4,,,,,9139,,,,,0.8327786922454834,,0.009124096482992172,,3.7803139686584473,,3.5934022889705375e-05,,,0.004544081166386604,4.622216701507568,,,,,,,,,,,,,,,,,,,,,,,,,,,,,
,7.309398757390027e-06,7.309398757390027e-05,1.4618797514780054e-05,0.0,9159,,,,,,,,,,,,,,,,,,,,,,,,,,,,,,,,,,,,,,,,,,,,
,7.309398757390027e-06,7.309398757390027e-05,1.4618797514780054e-05,0.0,9159,,,,,,,,,,,,,,,,,,,,,,,,,,,,,,,,,,,,,,,,,,,,
4,,,,,9159,,,,,0.7134839296340942,,0.048971012234687805,,2.2097229957580566,,0.0012106106150895357,,,0.02388020046055317,2.9721779823303223,,,,,,,,,,,,,,,,,,,,,,,,,,,,,
,7.297252973710756e-06,7.297252973710757e-05,1.4594505947421513e-05,0.0,9179,,,,,,,,,,,,,,,,,,,,,,,,,,,,,,,,,,,,,,,,,,,,
,7.297252973710756e-06,7.297252973710757e-05,1.4594505947421513e-05,0.0,9179,,,,,,,,,,,,,,,,,,,,,,,,,,,,,,,,,,,,,,,,,,,,
4,,,,,9179,,,,,1.1806219816207886,,0.376670777797699,,4.5099029541015625,,3.0623667157669843e-07,,,0.18833523988723755,6.067195892333984,,,,,,,,,,,,,,,,,,,,,,,,,,,,,
,7.285090123638902e-06,7.285090123638902e-05,1.4570180247277805e-05,0.0,9199,,,,,,,,,,,,,,,,,,,,,,,,,,,,,,,,,,,,,,,,,,,,
,7.285090123638902e-06,7.285090123638902e-05,1.4570180247277805e-05,0.0,9199,,,,,,,,,,,,,,,,,,,,,,,,,,,,,,,,,,,,,,,,,,,,
4,,,,,9199,,,,,0.9592424631118774,,0.03659263253211975,,4.290605068206787,,5.460471220430918e-05,,,0.018269013613462448,5.286439895629883,,,,,,,,,,,,,,,,,,,,,,,,,,,,,
,7.2729102995432256e-06,7.272910299543225e-05,1.4545820599086451e-05,0.0,9219,,,,,,,,,,,,,,,,,,,,,,,,,,,,,,,,,,,,,,,,,,,,
,7.2729102995432256e-06,7.272910299543225e-05,1.4545820599086451e-05,0.0,9219,,,,,,,,,,,,,,,,,,,,,,,,,,,,,,,,,,,,,,,,,,,,
4,,,,,9219,,,,,1.3677959442138672,,0.039995670318603516,,5.316985130310059,,1.0905983799602836e-05,,,0.01999238319694996,6.724776744842529,,,,,,,,,,,,,,,,,,,,,,,,,,,,,
,7.260713593921393e-06,7.260713593921394e-05,1.4521427187842787e-05,0.0,9239,,,,,,,,,,,,,,,,,,,,,,,,,,,,,,,,,,,,,,,,,,,,
,7.260713593921393e-06,7.260713593921394e-05,1.4521427187842787e-05,0.0,9239,,,,,,,,,,,,,,,,,,,,,,,,,,,,,,,,,,,,,,,,,,,,
4,,,,,9239,,,,,0.9204463958740234,,0.007249447982758284,,2.6607229709625244,,1.4273691704147495e-05,,,0.0036175870336592197,3.58841872215271,,,,,,,,,,,,,,,,,,,,,,,,,,,,,
,7.248500099399278e-06,7.248500099399278e-05,1.4497000198798557e-05,0.0,9259,,,,,,,,,,,,,,,,,,,,,,,,,,,,,,,,,,,,,,,,,,,,
,7.248500099399278e-06,7.248500099399278e-05,1.4497000198798557e-05,0.0,9259,,,,,,,,,,,,,,,,,,,,,,,,,,,,,,,,,,,,,,,,,,,,
4,,,,,9259,,,,,0.8684177994728088,,0.012810738757252693,,2.721658706665039,,9.458798012929037e-05,,,0.006358075886964798,3.6028871536254883,,,,,,,,,,,,,,,,,,,,,,,,,,,,,
,7.236269908730253e-06,7.236269908730252e-05,1.4472539817460505e-05,0.0,9279,,,,,,,,,,,,,,,,,,,,,,,,,,,,,,,,,,,,,,,,,,,,
,7.236269908730253e-06,7.236269908730252e-05,1.4472539817460505e-05,0.0,9279,,,,,,,,,,,,,,,,,,,,,,,,,,,,,,,,,,,,,,,,,,,,
4,,,,,9279,,,,,0.5634369254112244,,0.03349950909614563,,1.881178855895996,,0.0065046134404838085,,,0.013497447595000267,2.4781153202056885,,,,,,,,,,,,,,,,,,,,,,,,,,,,,
,7.224023114794484e-06,7.224023114794483e-05,1.4448046229588969e-05,0.0,9299,,,,,,,,,,,,,,,,,,,,,,,,,,,,,,,,,,,,,,,,,,,,
,7.224023114794484e-06,7.224023114794483e-05,1.4448046229588969e-05,0.0,9299,,,,,,,,,,,,,,,,,,,,,,,,,,,,,,,,,,,,,,,,,,,,
4,,,,,9299,,,,,1.299022912979126,,0.03622147813439369,,4.627423286437988,,3.435480175539851e-05,,,0.01809355989098549,5.962667465209961,,,,,,,,,,,,,,,,,,,,,,,,,,,,,
,7.211759810598234e-06,7.211759810598233e-05,1.4423519621196468e-05,0.0,9319,,,,,,,,,,,,,,,,,,,,,,,,,,,,,,,,,,,,,,,,,,,,
,7.211759810598234e-06,7.211759810598233e-05,1.4423519621196468e-05,0.0,9319,,,,,,,,,,,,,,,,,,,,,,,,,,,,,,,,,,,,,,,,,,,,
4,,,,,9319,,,,,0.7214455604553223,,0.047797925770282745,,2.4793002605438232,,1.7437907445128076e-05,,,0.023890241980552673,3.2485437393188477,,,,,,,,,,,,,,,,,,,,,,,,,,,,,
,7.1994800892731465e-06,7.199480089273146e-05,1.4398960178546293e-05,0.0,9339,,,,,,,,,,,,,,,,,,,,,,,,,,,,,,,,,,,,,,,,,,,,
,7.1994800892731465e-06,7.199480089273146e-05,1.4398960178546293e-05,0.0,9339,,,,,,,,,,,,,,,,,,,,,,,,,,,,,,,,,,,,,,,,,,,,
4,,,,,9339,,,,,0.7670688629150391,,0.05849422514438629,,1.4080750942230225,,0.0003579076728783548,,,0.02906816080212593,2.233638286590576,,,,,,,,,,,,,,,,,,,,,,,,,,,,,
,7.187184044075541e-06,7.18718404407554e-05,1.4374368088151081e-05,0.0,9359,,,,,,,,,,,,,,,,,,,,,,,,,,,,,,,,,,,,,,,,,,,,
,7.187184044075541e-06,7.18718404407554e-05,1.4374368088151081e-05,0.0,9359,,,,,,,,,,,,,,,,,,,,,,,,,,,,,,,,,,,,,,,,,,,,
4,,,,,9359,,,,,0.8902879357337952,,0.04312746226787567,,3.271571159362793,,7.203079803730361e-07,,,0.021563371643424034,4.204986572265625,,,,,,,,,,,,,,,,,,,,,,,,,,,,,
,7.174871768385708e-06,7.174871768385708e-05,1.4349743536771416e-05,0.0,9379,,,,,,,,,,,,,,,,,,,,,,,,,,,,,,,,,,,,,,,,,,,,
,7.174871768385708e-06,7.174871768385708e-05,1.4349743536771416e-05,0.0,9379,,,,,,,,,,,,,,,,,,,,,,,,,,,,,,,,,,,,,,,,,,,,
4,,,,,9379,,,,,0.7401373982429504,,0.03981439024209976,,2.7234935760498047,,0.000534924038220197,,,0.01963973231613636,3.5034453868865967,,,,,,,,,,,,,,,,,,,,,,,,,,,,,
,7.162543355707199e-06,7.162543355707199e-05,1.4325086711414398e-05,0.0,9399,,,,,,,,,,,,,,,,,,,,,,,,,,,,,,,,,,,,,,,,,,,,
,7.162543355707199e-06,7.162543355707199e-05,1.4325086711414398e-05,0.0,9399,,,,,,,,,,,,,,,,,,,,,,,,,,,,,,,,,,,,,,,,,,,,
4,,,,,9399,,,,,0.8549455404281616,,0.03164634481072426,,3.233570098876953,,3.2039479265222326e-05,,,0.015807153657078743,4.120162010192871,,,,,,,,,,,,,,,,,,,,,,,,,,,,,
,7.150198899666111e-06,7.15019889966611e-05,1.4300397799332222e-05,0.0,9419,,,,,,,,,,,,,,,,,,,,,,,,,,,,,,,,,,,,,,,,,,,,
,7.150198899666111e-06,7.15019889966611e-05,1.4300397799332222e-05,0.0,9419,,,,,,,,,,,,,,,,,,,,,,,,,,,,,,,,,,,,,,,,,,,,
4,,,,,9419,,,,,1.212921380996704,,0.016790371388196945,,4.723113536834717,,0.00012871150102000684,,,0.008330829441547394,5.952825546264648,,,,,,,,,,,,,,,,,,,,,,,,,,,,,
,7.137838494010385e-06,7.137838494010385e-05,1.427567698802077e-05,0.0,9439,,,,,,,,,,,,,,,,,,,,,,,,,,,,,,,,,,,,,,,,,,,,
,7.137838494010385e-06,7.137838494010385e-05,1.427567698802077e-05,0.0,9439,,,,,,,,,,,,,,,,,,,,,,,,,,,,,,,,,,,,,,,,,,,,
4,,,,,9439,,,,,0.7442746758460999,,0.02648582123219967,,4.011960029602051,,2.6627863917383365e-05,,,0.013229596428573132,4.782720565795898,,,,,,,,,,,,,,,,,,,,,,,,,,,,,
,7.125462232609085e-06,7.125462232609085e-05,1.425092446521817e-05,0.0,9459,,,,,,,,,,,,,,,,,,,,,,,,,,,,,,,,,,,,,,,,,,,,
,7.125462232609085e-06,7.125462232609085e-05,1.425092446521817e-05,0.0,9459,,,,,,,,,,,,,,,,,,,,,,,,,,,,,,,,,,,,,,,,,,,,
4,,,,,9459,,,,,1.1483441591262817,,0.015904784202575684,,3.474198341369629,,0.0011513982899487019,,,0.0073766931891441345,4.638447284698486,,,,,,,,,,,,,,,,,,,,,,,,,,,,,
,7.113070209451688e-06,7.113070209451687e-05,1.4226140418903377e-05,0.0,9479,,,,,,,,,,,,,,,,,,,,,,,,,,,,,,,,,,,,,,,,,,,,
,7.113070209451688e-06,7.113070209451687e-05,1.4226140418903377e-05,0.0,9479,,,,,,,,,,,,,,,,,,,,,,,,,,,,,,,,,,,,,,,,,,,,
4,,,,,9479,,,,,1.1284494400024414,,0.03474482521414757,,3.9158973693847656,,8.546942262910306e-05,,,0.017329677939414978,5.079091548919678,,,,,,,,,,,,,,,,,,,,,,,,,,,,,
,7.100662518647374e-06,7.100662518647373e-05,1.4201325037294748e-05,0.0,9499,,,,,,,,,,,,,,,,,,,,,,,,,,,,,,,,,,,,,,,,,,,,
,7.100662518647374e-06,7.100662518647373e-05,1.4201325037294748e-05,0.0,9499,,,,,,,,,,,,,,,,,,,,,,,,,,,,,,,,,,,,,,,,,,,,
4,,,,,9499,,,,,0.8662500381469727,,0.026129426434636116,,2.315675735473633,,5.638945594910183e-07,,,0.01306443102657795,3.208055257797241,,,,,,,,,,,,,,,,,,,,,,,,,,,,,
,7.088239254424311e-06,7.08823925442431e-05,1.4176478508848621e-05,0.0,9519,,,,,,,,,,,,,,,,,,,,,,,,,,,,,,,,,,,,,,,,,,,,
,7.088239254424311e-06,7.08823925442431e-05,1.4176478508848621e-05,0.0,9519,,,,,,,,,,,,,,,,,,,,,,,,,,,,,,,,,,,,,,,,,,,,
4,,,,,9519,,,,,0.9713103771209717,,0.03338494896888733,,4.151337146759033,,7.818781341484282e-06,,,0.016688566654920578,5.156032562255859,,,,,,,,,,,,,,,,,,,,,,,,,,,,,
,7.075800511128925e-06,7.075800511128924e-05,1.415160102225785e-05,0.0,9539,,,,,,,,,,,,,,,,,,,,,,,,,,,,,,,,,,,,,,,,,,,,
,7.075800511128925e-06,7.075800511128924e-05,1.415160102225785e-05,0.0,9539,,,,,,,,,,,,,,,,,,,,,,,,,,,,,,,,,,,,,,,,,,,,
4,,,,,9539,,,,,1.405319333076477,,0.0004995315102860332,,4.656641006469727,,1.0139495998373604e-06,,,0.0002492587664164603,6.062459945678711,,,,,,,,,,,,,,,,,,,,,,,,,,,,,
,7.0633463832252125e-06,7.063346383225212e-05,1.4126692766450425e-05,0.0,9559,,,,,,,,,,,,,,,,,,,,,,,,,,,,,,,,,,,,,,,,,,,,
,7.0633463832252125e-06,7.063346383225212e-05,1.4126692766450425e-05,0.0,9559,,,,,,,,,,,,,,,,,,,,,,,,,,,,,,,,,,,,,,,,,,,,
4,,,,,9559,,,,,1.0078946352005005,,0.0066323052160441875,,3.0727851390838623,,5.0038543122354895e-05,,,0.00329113332554698,4.0873122215271,,,,,,,,,,,,,,,,,,,,,,,,,,,,,
,7.050876965293989e-06,7.050876965293989e-05,1.4101753930587978e-05,0.0,9579,,,,,,,,,,,,,,,,,,,,,,,,,,,,,,,,,,,,,,,,,,,,
,7.050876965293989e-06,7.050876965293989e-05,1.4101753930587978e-05,0.0,9579,,,,,,,,,,,,,,,,,,,,,,,,,,,,,,,,,,,,,,,,,,,,
4,,,,,9579,,,,,1.1039810180664062,,0.007932016626000404,,4.005165100097656,,4.5152388338465244e-05,,,0.003943432122468948,5.1170783042907715,,,,,,,,,,,,,,,,,,,,,,,,,,,,,
,7.0383923520322e-06,7.0383923520322e-05,1.40767847040644e-05,0.0,9599,,,,,,,,,,,,,,,,,,,,,,,,,,,,,,,,,,,,,,,,,,,,
,7.0383923520322e-06,7.0383923520322e-05,1.40767847040644e-05,0.0,9599,,,,,,,,,,,,,,,,,,,,,,,,,,,,,,,,,,,,,,,,,,,,
4,,,,,9599,,,,,1.0945361852645874,,0.017019780352711678,,5.0246381759643555,,7.107692454155767e-06,,,0.008506336249411106,6.136194229125977,,,,,,,,,,,,,,,,,,,,,,,,,,,,,
,7.0258926382521834e-06,7.025892638252183e-05,1.4051785276504367e-05,0.0,9619,,,,,,,,,,,,,,,,,,,,,,,,,,,,,,,,,,,,,,,,,,,,
,7.0258926382521834e-06,7.025892638252183e-05,1.4051785276504367e-05,0.0,9619,,,,,,,,,,,,,,,,,,,,,,,,,,,,,,,,,,,,,,,,,,,,
4,,,,,9619,,,,,0.686892569065094,,0.014870812185108662,,2.959101676940918,,2.833795406331774e-06,,,0.007433989085257053,3.660865068435669,,,,,,,,,,,,,,,,,,,,,,,,,,,,,
,7.013377918880955e-06,7.013377918880954e-05,1.402675583776191e-05,0.0,9639,,,,,,,,,,,,,,,,,,,,,,,,,,,,,,,,,,,,,,,,,,,,
,7.013377918880955e-06,7.013377918880954e-05,1.402675583776191e-05,0.0,9639,,,,,,,,,,,,,,,,,,,,,,,,,,,,,,,,,,,,,,,,,,,,
4,,,,,9639,,,,,0.7807565927505493,,0.00723124947398901,,2.929257392883301,,6.430847861338407e-06,,,0.003612409345805645,3.717245101928711,,,,,,,,,,,,,,,,,,,,,,,,,,,,,
,7.000848288959492e-06,7.000848288959491e-05,1.4001696577918983e-05,0.0,9659,,,,,,,,,,,,,,,,,,,,,,,,,,,,,,,,,,,,,,,,,,,,
,7.000848288959492e-06,7.000848288959491e-05,1.4001696577918983e-05,0.0,9659,,,,,,,,,,,,,,,,,,,,,,,,,,,,,,,,,,,,,,,,,,,,
4,,,,,9659,,,,,0.9884697198867798,,0.02661185897886753,,3.562087059020996,,9.385795237903949e-06,,,0.013301236554980278,4.5771684646606445,,,,,,,,,,,,,,,,,,,,,,,,,,,,,
,6.988303843642004e-06,6.988303843642003e-05,1.3976607687284007e-05,0.0,9679,,,,,,,,,,,,,,,,,,,,,,,,,,,,,,,,,,,,,,,,,,,,
,6.988303843642004e-06,6.988303843642003e-05,1.3976607687284007e-05,0.0,9679,,,,,,,,,,,,,,,,,,,,,,,,,,,,,,,,,,,,,,,,,,,,
4,,,,,9679,,,,,0.6428270936012268,,0.009416100569069386,,2.246015787124634,,1.2735640666505788e-06,,,0.004707413725554943,2.898258924484253,,,,,,,,,,,,,,,,,,,,,,,,,,,,,
,6.9757446781952145e-06,6.975744678195214e-05,1.3951489356390429e-05,0.0,9699,,,,,,,,,,,,,,,,,,,,,,,,,,,,,,,,,,,,,,,,,,,,
,6.9757446781952145e-06,6.975744678195214e-05,1.3951489356390429e-05,0.0,9699,,,,,,,,,,,,,,,,,,,,,,,,,,,,,,,,,,,,,,,,,,,,
4,,,,,9699,,,,,0.7278335690498352,,0.011114943772554398,,2.2933740615844727,,4.91535615765315e-07,,,0.0055572260171175,3.032322406768799,,,,,,,,,,,,,,,,,,,,,,,,,,,,,
,6.963170887997639e-06,6.963170887997639e-05,1.3926341775995279e-05,0.0,9719,,,,,,,,,,,,,,,,,,,,,,,,,,,,,,,,,,,,,,,,,,,,
,6.963170887997639e-06,6.963170887997639e-05,1.3926341775995279e-05,0.0,9719,,,,,,,,,,,,,,,,,,,,,,,,,,,,,,,,,,,,,,,,,,,,
4,,,,,9719,,,,,0.7952097654342651,,0.02351456508040428,,2.7366836071014404,,9.269117072108202e-06,,,0.011752648279070854,3.555408000946045,,,,,,,,,,,,,,,,,,,,,,,,,,,,,
,6.950582568538856e-06,6.950582568538856e-05,1.3901165137077713e-05,0.0,9739,,,,,,,,,,,,,,,,,,,,,,,,,,,,,,,,,,,,,,,,,,,,
,6.950582568538856e-06,6.950582568538856e-05,1.3901165137077713e-05,0.0,9739,,,,,,,,,,,,,,,,,,,,,,,,,,,,,,,,,,,,,,,,,,,,
4,,,,,9739,,,,,1.1103178262710571,,0.04010983183979988,,3.9349658489227295,,1.2119544408051297e-05,,,0.020048856735229492,5.08539342880249,,,,,,,,,,,,,,,,,,,,,,,,,,,,,
,6.937979815418783e-06,6.937979815418783e-05,1.3875959630837566e-05,0.0,9759,,,,,,,,,,,,,,,,,,,,,,,,,,,,,,,,,,,,,,,,,,,,
,6.937979815418783e-06,6.937979815418783e-05,1.3875959630837566e-05,0.0,9759,,,,,,,,,,,,,,,,,,,,,,,,,,,,,,,,,,,,,,,,,,,,
4,,,,,9759,,,,,0.7137733101844788,,0.03335810825228691,,2.0405924320220947,,3.0339808745338814e-06,,,0.016677536070346832,2.7877237796783447,,,,,,,,,,,,,,,,,,,,,,,,,,,,,
,6.925362724346952e-06,6.925362724346952e-05,1.3850725448693904e-05,0.0,9779,,,,,,,,,,,,,,,,,,,,,,,,,,,,,,,,,,,,,,,,,,,,
,6.925362724346952e-06,6.925362724346952e-05,1.3850725448693904e-05,0.0,9779,,,,,,,,,,,,,,,,,,,,,,,,,,,,,,,,,,,,,,,,,,,,
4,,,,,9779,,,,,0.8124604225158691,,0.01395389437675476,,3.355015754699707,,0.000584514404181391,,,0.006684689782559872,4.181429862976074,,,,,,,,,,,,,,,,,,,,,,,,,,,,,
,6.912731391141787e-06,6.912731391141787e-05,1.3825462782283575e-05,0.0,9799,,,,,,,,,,,,,,,,,,,,,,,,,,,,,,,,,,,,,,,,,,,,
,6.912731391141787e-06,6.912731391141787e-05,1.3825462782283575e-05,0.0,9799,,,,,,,,,,,,,,,,,,,,,,,,,,,,,,,,,,,,,,,,,,,,
4,,,,,9799,,,,,0.8807156085968018,,-0.0,,3.869166851043701,,-0.0,,,-0.0,4.749882698059082,,,,,,,,,,,,,,,,,,,,,,,,,,,,,
,6.9000859117298625e-06,6.900085911729862e-05,1.3800171823459725e-05,0.0,9819,,,,,,,,,,,,,,,,,,,,,,,,,,,,,,,,,,,,,,,,,,,,
,6.9000859117298625e-06,6.900085911729862e-05,1.3800171823459725e-05,0.0,9819,,,,,,,,,,,,,,,,,,,,,,,,,,,,,,,,,,,,,,,,,,,,
4,,,,,9819,,,,,0.4656044542789459,,0.012572558596730232,,1.1735119819641113,,0.0001732480595819652,,,0.0061996555887162685,1.6516889333724976,,,,,,,,,,,,,,,,,,,,,,,,,,,,,
,6.887426382145192e-06,6.887426382145193e-05,1.3774852764290384e-05,0.0,9839,,,,,,,,,,,,,,,,,,,,,,,,,,,,,,,,,,,,,,,,,,,,
,6.887426382145192e-06,6.887426382145193e-05,1.3774852764290384e-05,0.0,9839,,,,,,,,,,,,,,,,,,,,,,,,,,,,,,,,,,,,,,,,,,,,
4,,,,,9839,,,,,0.4991970360279083,,0.014248993247747421,,6.147956848144531,,1.2229473213665187e-05,,,0.007118381559848785,6.661402702331543,,,,,,,,,,,,,,,,,,,,,,,,,,,,,
,6.874752898528491e-06,6.874752898528491e-05,1.3749505797056982e-05,0.0,9859,,,,,,,,,,,,,,,,,,,,,,,,,,,,,,,,,,,,,,,,,,,,
,6.874752898528491e-06,6.874752898528491e-05,1.3749505797056982e-05,0.0,9859,,,,,,,,,,,,,,,,,,,,,,,,,,,,,,,,,,,,,,,,,,,,
4,,,,,9859,,,,,1.0441842079162598,,0.04499506950378418,,3.7111783027648926,,4.949102731188759e-05,,,0.022472791373729706,4.800357818603516,,,,,,,,,,,,,,,,,,,,,,,,,,,,,
,6.862065557126436e-06,6.862065557126436e-05,1.3724131114252872e-05,0.0,9879,,,,,,,,,,,,,,,,,,,,,,,,,,,,,,,,,,,,,,,,,,,,
,6.862065557126436e-06,6.862065557126436e-05,1.3724131114252872e-05,0.0,9879,,,,,,,,,,,,,,,,,,,,,,,,,,,,,,,,,,,,,,,,,,,,
4,,,,,9879,,,,,0.9562888145446777,,0.028354426845908165,,3.6303796768188477,,1.0780181582958903e-06,,,0.01417667418718338,4.615022659301758,,,,,,,,,,,,,,,,,,,,,,,,,,,,,
,6.8493644542909575e-06,6.849364454290957e-05,1.3698728908581915e-05,0.0,9899,,,,,,,,,,,,,,,,,,,,,,,,,,,,,,,,,,,,,,,,,,,,
,6.8493644542909575e-06,6.849364454290957e-05,1.3698728908581915e-05,0.0,9899,,,,,,,,,,,,,,,,,,,,,,,,,,,,,,,,,,,,,,,,,,,,
4,,,,,9899,,,,,0.7125396132469177,,0.06856077909469604,,2.1832022666931152,,0.00493998359888792,,,0.031810395419597626,2.9643027782440186,,,,,,,,,,,,,,,,,,,,,,,,,,,,,
,6.836649686478489e-06,6.836649686478489e-05,1.3673299372956978e-05,0.0,9919,,,,,,,,,,,,,,,,,,,,,,,,,,,,,,,,,,,,,,,,,,,,
,6.836649686478489e-06,6.836649686478489e-05,1.3673299372956978e-05,0.0,9919,,,,,,,,,,,,,,,,,,,,,,,,,,,,,,,,,,,,,,,,,,,,
4,,,,,9919,,,,,1.275675654411316,,0.016237841919064522,,5.702630996704102,,0.0010726243490353227,,,0.007582608610391617,6.994544506072998,,,,,,,,,,,,,,,,,,,,,,,,,,,,,
,6.823921350249237e-06,6.823921350249236e-05,1.3647842700498473e-05,0.0,9939,,,,,,,,,,,,,,,,,,,,,,,,,,,,,,,,,,,,,,,,,,,,
,6.823921350249237e-06,6.823921350249236e-05,1.3647842700498473e-05,0.0,9939,,,,,,,,,,,,,,,,,,,,,,,,,,,,,,,,,,,,,,,,,,,,
4,,,,,9939,,,,,0.8137001395225525,,0.031983062624931335,,2.968289852142334,,8.945817171479575e-06,,,0.015987059101462364,3.8139731884002686,,,,,,,,,,,,,,,,,,,,,,,,,,,,,
,6.811179542266457e-06,6.811179542266457e-05,1.3622359084532914e-05,0.0,9959,,,,,,,,,,,,,,,,,,,,,,,,,,,,,,,,,,,,,,,,,,,,
,6.811179542266457e-06,6.811179542266457e-05,1.3622359084532914e-05,0.0,9959,,,,,,,,,,,,,,,,,,,,,,,,,,,,,,,,,,,,,,,,,,,,
4,,,,,9959,,,,,0.5378833413124084,,0.046480897814035416,,1.4281082153320312,,2.0081976970232063e-07,,,0.0232403501868248,2.01247239112854,,,,,,,,,,,,,,,,,,,,,,,,,,,,,
,6.798424359295711e-06,6.79842435929571e-05,1.3596848718591422e-05,0.0,9979,,,,,,,,,,,,,,,,,,,,,,,,,,,,,,,,,,,,,,,,,,,,
,6.798424359295711e-06,6.79842435929571e-05,1.3596848718591422e-05,0.0,9979,,,,,,,,,,,,,,,,,,,,,,,,,,,,,,,,,,,,,,,,,,,,
4,,,,,9979,,,,,1.2803878784179688,,0.024423742666840553,,5.606157302856445,,9.534678247291595e-05,,,0.012164197862148285,6.910968780517578,,,,,,,,,,,,,,,,,,,,,,,,,,,,,
,6.785655898204136e-06,6.785655898204135e-05,1.3571311796408272e-05,0.0,9999,,,,,,,,,,,,,,,,,,,,,,,,,,,,,,,,,,,,,,,,,,,,
,6.785655898204136e-06,6.785655898204135e-05,1.3571311796408272e-05,0.0,9999,,,,,,,,,,,,,,,,,,,,,,,,,,,,,,,,,,,,,,,,,,,,
4,,,,,9999,,,,,1.1833523511886597,,0.039051201194524765,,4.150631904602051,,0.00040638697100803256,,,0.019322406500577927,5.373035430908203,,,,,,,,,,,,,,,,,,,,,,,,,,,,,
4,,,,,9999,,,,,,,,,,,,,,,,,,,0.0,4800.0,26.26280403137207,25.250476837158203,46.89008331298828,0.10125000029802322,0.14270833134651184,0.15958333015441895,0.21239401400089264,0.07012465596199036,0.13684237003326416,0.005427224561572075,5.0,4800.0,0.0,0.0,5.0,4800.0,486.0,685.0,766.0,1.0,1.0,5.0,0.712827742099762,0.712827742099762
4,,,,,9999,12.379989624023438,19.423828125,1.0,0.94854736328125,,0.03301135078072548,,3.6355020999908447,,0.0007882594945840538,,4.617063999176025,0.016111543402075768,,,0.7981014847755432,2.0,7830.0,,,,,,,,,,,,,,,,,,,,,,,,,,
,6.772874255959704e-06,6.772874255959704e-05,1.3545748511919408e-05,0.0,10019,,,,,,,,,,,,,,,,,,,,,,,,,,,,,,,,,,,,,,,,,,,,
,6.772874255959704e-06,6.772874255959704e-05,1.3545748511919408e-05,0.0,10019,,,,,,,,,,,,,,,,,,,,,,,,,,,,,,,,,,,,,,,,,,,,
5,,,,,10019,,,,,0.42740222811698914,,0.030587010085582733,,1.8769395351409912,,0.0010557223577052355,,,0.014765644446015358,2.3349287509918213,,,,,,,,,,,,,,,,,,,,,,,,,,,,,
,6.760079529630494e-06,6.760079529630493e-05,1.3520159059260987e-05,0.0,10039,,,,,,,,,,,,,,,,,,,,,,,,,,,,,,,,,,,,,,,,,,,,
,6.760079529630494e-06,6.760079529630493e-05,1.3520159059260987e-05,0.0,10039,,,,,,,,,,,,,,,,,,,,,,,,,,,,,,,,,,,,,,,,,,,,
5,,,,,10039,,,,,0.9450829029083252,,0.04062661901116371,,3.5070996284484863,,3.195270437572617e-06,,,0.020311713218688965,4.492809295654297,,,,,,,,,,,,,,,,,,,,,,,,,,,,,
,6.747271816383948e-06,6.747271816383948e-05,1.3494543632767896e-05,0.0,10059,,,,,,,,,,,,,,,,,,,,,,,,,,,,,,,,,,,,,,,,,,,,
,6.747271816383948e-06,6.747271816383948e-05,1.3494543632767896e-05,0.0,10059,,,,,,,,,,,,,,,,,,,,,,,,,,,,,,,,,,,,,,,,,,,,
5,,,,,10059,,,,,0.8257253766059875,,0.011112108826637268,,4.58263635635376,,1.095589959732024e-05,,,0.0055505759082734585,5.419474124908447,,,,,,,,,,,,,,,,,,,,,,,,,,,,,
,6.734451213486134e-06,6.734451213486133e-05,1.3468902426972268e-05,0.0,10079,,,,,,,,,,,,,,,,,,,,,,,,,,,,,,,,,,,,,,,,,,,,
,6.734451213486134e-06,6.734451213486133e-05,1.3468902426972268e-05,0.0,10079,,,,,,,,,,,,,,,,,,,,,,,,,,,,,,,,,,,,,,,,,,,,
5,,,,,10079,,,,,1.2568272352218628,,0.015482363291084766,,5.103172779083252,,1.1392822898415034e-06,,,0.007740612141788006,6.375482559204102,,,,,,,,,,,,,,,,,,,,,,,,,,,,,
,6.7216178183010095e-06,6.72161781830101e-05,1.3443235636602019e-05,0.0,10099,,,,,,,,,,,,,,,,,,,,,,,,,,,,,,,,,,,,,,,,,,,,
,6.7216178183010095e-06,6.72161781830101e-05,1.3443235636602019e-05,0.0,10099,,,,,,,,,,,,,,,,,,,,,,,,,,,,,,,,,,,,,,,,,,,,
5,,,,,10099,,,,,1.7270729541778564,,0.029381901025772095,,6.089236259460449,,4.427303338161437e-06,,,0.014688736759126186,7.845690727233887,,,,,,,,,,,,,,,,,,,,,,,,,,,,,
,6.70877172828968e-06,6.70877172828968e-05,1.341754345657936e-05,0.0,10119,,,,,,,,,,,,,,,,,,,,,,,,,,,,,,,,,,,,,,,,,,,,
,6.70877172828968e-06,6.70877172828968e-05,1.341754345657936e-05,0.0,10119,,,,,,,,,,,,,,,,,,,,,,,,,,,,,,,,,,,,,,,,,,,,
5,,,,,10119,,,,,0.6891131401062012,,0.029967695474624634,,2.803771495819092,,0.006137737073004246,,,0.011914978735148907,3.5228524208068848,,,,,,,,,,,,,,,,,,,,,,,,,,,,,
,6.695913041009662e-06,6.695913041009661e-05,1.3391826082019324e-05,0.0,10139,,,,,,,,,,,,,,,,,,,,,,,,,,,,,,,,,,,,,,,,,,,,
,6.695913041009662e-06,6.695913041009661e-05,1.3391826082019324e-05,0.0,10139,,,,,,,,,,,,,,,,,,,,,,,,,,,,,,,,,,,,,,,,,,,,
5,,,,,10139,,,,,0.9346362352371216,,0.018522411584854126,,4.93789005279541,,1.8458784325048327e-05,,,0.009251976385712624,5.891048431396484,,,,,,,,,,,,,,,,,,,,,,,,,,,,,
,6.683041854114135e-06,6.683041854114134e-05,1.336608370822827e-05,0.0,10159,,,,,,,,,,,,,,,,,,,,,,,,,,,,,,,,,,,,,,,,,,,,
,6.683041854114135e-06,6.683041854114134e-05,1.336608370822827e-05,0.0,10159,,,,,,,,,,,,,,,,,,,,,,,,,,,,,,,,,,,,,,,,,,,,
5,,,,,10159,,,,,0.9218695163726807,,0.07062660157680511,,3.196549415588379,,9.68343301792629e-05,,,0.03526488319039345,4.189045429229736,,,,,,,,,,,,,,,,,,,,,,,,,,,,,
,6.670158265351212e-06,6.670158265351212e-05,1.3340316530702424e-05,0.0,10179,,,,,,,,,,,,,,,,,,,,,,,,,,,,,,,,,,,,,,,,,,,,
,6.670158265351212e-06,6.670158265351212e-05,1.3340316530702424e-05,0.0,10179,,,,,,,,,,,,,,,,,,,,,,,,,,,,,,,,,,,,,,,,,,,,
5,,,,,10179,,,,,1.1631357669830322,,0.03155903518199921,,5.016268253326416,,2.3661432351218536e-06,,,0.01577833481132984,6.210963249206543,,,,,,,,,,,,,,,,,,,,,,,,,,,,,
,6.657262372563185e-06,6.657262372563184e-05,1.331452474512637e-05,0.0,10199,,,,,,,,,,,,,,,,,,,,,,,,,,,,,,,,,,,,,,,,,,,,
,6.657262372563185e-06,6.657262372563184e-05,1.331452474512637e-05,0.0,10199,,,,,,,,,,,,,,,,,,,,,,,,,,,,,,,,,,,,,,,,,,,,
5,,,,,10199,,,,,0.6807190775871277,,0.0504491850733757,,3.1223177909851074,,8.604544063928188e-07,,,0.02522416226565838,3.8534860610961914,,,,,,,,,,,,,,,,,,,,,,,,,,,,,
,6.644354273685783e-06,6.644354273685783e-05,1.3288708547371566e-05,0.0,10219,,,,,,,,,,,,,,,,,,,,,,,,,,,,,,,,,,,,,,,,,,,,
,6.644354273685783e-06,6.644354273685783e-05,1.3288708547371566e-05,0.0,10219,,,,,,,,,,,,,,,,,,,,,,,,,,,,,,,,,,,,,,,,,,,,
5,,,,,10219,,,,,0.5968330502510071,,0.027613528072834015,,3.182365894317627,,2.531634777369618e-07,,,0.01380663737654686,3.8068125247955322,,,,,,,,,,,,,,,,,,,,,,,,,,,,,
,6.631434066747444e-06,6.631434066747444e-05,1.3262868133494888e-05,0.0,10239,,,,,,,,,,,,,,,,,,,,,,,,,,,,,,,,,,,,,,,,,,,,
,6.631434066747444e-06,6.631434066747444e-05,1.3262868133494888e-05,0.0,10239,,,,,,,,,,,,,,,,,,,,,,,,,,,,,,,,,,,,,,,,,,,,
5,,,,,10239,,,,,0.918091893196106,,0.04547790065407753,,2.8223390579223633,,6.378850230248645e-06,,,0.022735759615898132,3.7859086990356445,,,,,,,,,,,,,,,,,,,,,,,,,,,,,
,6.618501849868547e-06,6.618501849868547e-05,1.3237003699737094e-05,0.0,10259,,,,,,,,,,,,,,,,,,,,,,,,,,,,,,,,,,,,,,,,,,,,
,6.618501849868547e-06,6.618501849868547e-05,1.3237003699737094e-05,0.0,10259,,,,,,,,,,,,,,,,,,,,,,,,,,,,,,,,,,,,,,,,,,,,
5,,,,,10259,,,,,1.055808424949646,,0.031862471252679825,,3.6700658798217773,,1.0380246067143162e-06,,,0.015930715948343277,4.757736682891846,,,,,,,,,,,,,,,,,,,,,,,,,,,,,
,6.605557721260685e-06,6.605557721260684e-05,1.321111544252137e-05,0.0,10279,,,,,,,,,,,,,,,,,,,,,,,,,,,,,,,,,,,,,,,,,,,,
,6.605557721260685e-06,6.605557721260684e-05,1.321111544252137e-05,0.0,10279,,,,,,,,,,,,,,,,,,,,,,,,,,,,,,,,,,,,,,,,,,,,
5,,,,,10279,,,,,0.9190661907196045,,0.037464581429958344,,2.9183971881866455,,4.590804019244388e-05,,,0.01870933547616005,3.8749279975891113,,,,,,,,,,,,,,,,,,,,,,,,,,,,,
,6.5926017792259105e-06,6.59260177922591e-05,1.3185203558451821e-05,0.0,10299,,,,,,,,,,,,,,,,,,,,,,,,,,,,,,,,,,,,,,,,,,,,
,6.5926017792259105e-06,6.59260177922591e-05,1.3185203558451821e-05,0.0,10299,,,,,,,,,,,,,,,,,,,,,,,,,,,,,,,,,,,,,,,,,,,,
5,,,,,10299,,,,,0.6788091063499451,,0.028721172362565994,,2.470273971557617,,0.0011169385397806764,,,0.013802116736769676,3.1778042316436768,,,,,,,,,,,,,,,,,,,,,,,,,,,,,
,6.57963412215599e-06,6.57963412215599e-05,1.315926824431198e-05,0.0,10319,,,,,,,,,,,,,,,,,,,,,,,,,,,,,,,,,,,,,,,,,,,,
,6.57963412215599e-06,6.57963412215599e-05,1.315926824431198e-05,0.0,10319,,,,,,,,,,,,,,,,,,,,,,,,,,,,,,,,,,,,,,,,,,,,
5,,,,,10319,,,,,1.7632639408111572,,0.029258832335472107,,6.284351825714111,,1.8822884157998487e-05,,,0.014620005153119564,8.076874732971191,,,,,,,,,,,,,,,,,,,,,,,,,,,,,
,6.566654848531662e-06,6.566654848531662e-05,1.3133309697063324e-05,0.0,10339,,,,,,,,,,,,,,,,,,,,,,,,,,,,,,,,,,,,,,,,,,,,
,6.566654848531662e-06,6.566654848531662e-05,1.3133309697063324e-05,0.0,10339,,,,,,,,,,,,,,,,,,,,,,,,,,,,,,,,,,,,,,,,,,,,
5,,,,,10339,,,,,0.8531423211097717,,0.013633327558636665,,3.2544572353363037,,1.7691914763418026e-05,,,0.006807818077504635,4.121232986450195,,,,,,,,,,,,,,,,,,,,,,,,,,,,,
,6.553664056921879e-06,6.55366405692188e-05,1.3107328113843758e-05,0.0,10359,,,,,,,,,,,,,,,,,,,,,,,,,,,,,,,,,,,,,,,,,,,,
,6.553664056921879e-06,6.55366405692188e-05,1.3107328113843758e-05,0.0,10359,,,,,,,,,,,,,,,,,,,,,,,,,,,,,,,,,,,,,,,,,,,,
5,,,,,10359,,,,,0.7204135656356812,,0.0074523864313960075,,3.0189366340637207,,1.0630426459101727e-06,,,0.003725661663338542,3.746802806854248,,,,,,,,,,,,,,,,,,,,,,,,,,,,,
,6.540661845983073e-06,6.540661845983073e-05,1.3081323691966145e-05,0.0,10379,,,,,,,,,,,,,,,,,,,,,,,,,,,,,,,,,,,,,,,,,,,,
,6.540661845983073e-06,6.540661845983073e-05,1.3081323691966145e-05,0.0,10379,,,,,,,,,,,,,,,,,,,,,,,,,,,,,,,,,,,,,,,,,,,,
5,,,,,10379,,,,,1.8582005500793457,,0.047117456793785095,,7.267410755157471,,0.0001278941344935447,,,0.02349478006362915,9.172728538513184,,,,,,,,,,,,,,,,,,,,,,,,,,,,,
,6.527648314458389e-06,6.527648314458389e-05,1.3055296628916779e-05,0.0,10399,,,,,,,,,,,,,,,,,,,,,,,,,,,,,,,,,,,,,,,,,,,,
,6.527648314458389e-06,6.527648314458389e-05,1.3055296628916779e-05,0.0,10399,,,,,,,,,,,,,,,,,,,,,,,,,,,,,,,,,,,,,,,,,,,,
5,,,,,10399,,,,,0.9089783430099487,,0.021227097138762474,,3.3480541706085205,,0.0001941691298270598,,,0.010516463778913021,4.278259754180908,,,,,,,,,,,,,,,,,,,,,,,,,,,,,
,6.514623561176952e-06,6.514623561176952e-05,1.3029247122353903e-05,0.0,10419,,,,,,,,,,,,,,,,,,,,,,,,,,,,,,,,,,,,,,,,,,,,
,6.514623561176952e-06,6.514623561176952e-05,1.3029247122353903e-05,0.0,10419,,,,,,,,,,,,,,,,,,,,,,,,,,,,,,,,,,,,,,,,,,,,
5,,,,,10419,,,,,1.7806265354156494,,0.021518858149647713,,6.307324409484863,,0.0008132123039104044,,,0.010352822951972485,8.109469413757324,,,,,,,,,,,,,,,,,,,,,,,,,,,,,
,6.501587685053101e-06,6.501587685053101e-05,1.3003175370106202e-05,0.0,10439,,,,,,,,,,,,,,,,,,,,,,,,,,,,,,,,,,,,,,,,,,,,
,6.501587685053101e-06,6.501587685053101e-05,1.3003175370106202e-05,0.0,10439,,,,,,,,,,,,,,,,,,,,,,,,,,,,,,,,,,,,,,,,,,,,
5,,,,,10439,,,,,0.5348807573318481,,0.1156369298696518,,1.8095043897628784,,0.00030027792672626674,,,0.05766832455992699,2.46002197265625,,,,,,,,,,,,,,,,,,,,,,,,,,,,,
,6.488540785085655e-06,6.488540785085655e-05,1.297708157017131e-05,0.0,10459,,,,,,,,,,,,,,,,,,,,,,,,,,,,,,,,,,,,,,,,,,,,
,6.488540785085655e-06,6.488540785085655e-05,1.297708157017131e-05,0.0,10459,,,,,,,,,,,,,,,,,,,,,,,,,,,,,,,,,,,,,,,,,,,,
5,,,,,10459,,,,,0.6788973808288574,,0.019215313717722893,,2.714235782623291,,4.473168246477144e-06,,,0.009605420753359795,3.412348508834839,,,,,,,,,,,,,,,,,,,,,,,,,,,,,
,6.475482960357146e-06,6.475482960357145e-05,1.2950965920714291e-05,0.0,10479,,,,,,,,,,,,,,,,,,,,,,,,,,,,,,,,,,,,,,,,,,,,
,6.475482960357146e-06,6.475482960357145e-05,1.2950965920714291e-05,0.0,10479,,,,,,,,,,,,,,,,,,,,,,,,,,,,,,,,,,,,,,,,,,,,
5,,,,,10479,,,,,0.7445352077484131,,0.04551374912261963,,1.8196817636489868,,0.00023037873324938118,,,0.022641684859991074,2.6097307205200195,,,,,,,,,,,,,,,,,,,,,,,,,,,,,
,6.462414310033071e-06,6.462414310033071e-05,1.2924828620066143e-05,0.0,10499,,,,,,,,,,,,,,,,,,,,,,,,,,,,,,,,,,,,,,,,,,,,
,6.462414310033071e-06,6.462414310033071e-05,1.2924828620066143e-05,0.0,10499,,,,,,,,,,,,,,,,,,,,,,,,,,,,,,,,,,,,,,,,,,,,
5,,,,,10499,,,,,0.7433121204376221,,0.045412033796310425,,3.8612422943115234,,3.8923622014408465e-06,,,0.022704072296619415,4.649966239929199,,,,,,,,,,,,,,,,,,,,,,,,,,,,,
,6.449334933361147e-06,6.449334933361147e-05,1.2898669866722293e-05,0.0,10519,,,,,,,,,,,,,,,,,,,,,,,,,,,,,,,,,,,,,,,,,,,,
,6.449334933361147e-06,6.449334933361147e-05,1.2898669866722293e-05,0.0,10519,,,,,,,,,,,,,,,,,,,,,,,,,,,,,,,,,,,,,,,,,,,,
5,,,,,10519,,,,,0.7758687734603882,,0.02222887985408306,,1.9834353923797607,,1.8939577785204165e-05,,,0.011104969307780266,2.7815332412719727,,,,,,,,,,,,,,,,,,,,,,,,,,,,,
,6.436244929670541e-06,6.436244929670541e-05,1.2872489859341082e-05,0.0,10539,,,,,,,,,,,,,,,,,,,,,,,,,,,,,,,,,,,,,,,,,,,,
,6.436244929670541e-06,6.436244929670541e-05,1.2872489859341082e-05,0.0,10539,,,,,,,,,,,,,,,,,,,,,,,,,,,,,,,,,,,,,,,,,,,,
5,,,,,10539,,,,,0.43491485714912415,,0.028416555374860764,,1.8116004467010498,,0.00011967636964982376,,,0.014148439280688763,2.2749319076538086,,,,,,,,,,,,,,,,,,,,,,,,,,,,,
,6.423144398371132e-06,6.423144398371132e-05,1.2846288796742263e-05,0.0,10559,,,,,,,,,,,,,,,,,,,,,,,,,,,,,,,,,,,,,,,,,,,,
,6.423144398371132e-06,6.423144398371132e-05,1.2846288796742263e-05,0.0,10559,,,,,,,,,,,,,,,,,,,,,,,,,,,,,,,,,,,,,,,,,,,,
5,,,,,10559,,,,,0.5786088109016418,,0.09575936198234558,,2.166658878326416,,5.986608084640466e-05,,,0.04784974828362465,2.841027021408081,,,,,,,,,,,,,,,,,,,,,,,,,,,,,
,6.410033438952746e-06,6.410033438952746e-05,1.2820066877905492e-05,0.0,10579,,,,,,,,,,,,,,,,,,,,,,,,,,,,,,,,,,,,,,,,,,,,
,6.410033438952746e-06,6.410033438952746e-05,1.2820066877905492e-05,0.0,10579,,,,,,,,,,,,,,,,,,,,,,,,,,,,,,,,,,,,,,,,,,,,
5,,,,,10579,,,,,0.7585829496383667,,0.022654330357909203,,2.85430908203125,,0.0016667057061567903,,,0.010493812151253223,3.6355462074279785,,,,,,,,,,,,,,,,,,,,,,,,,,,,,
,6.396912150984409e-06,6.39691215098441e-05,1.2793824301968818e-05,0.0,10599,,,,,,,,,,,,,,,,,,,,,,,,,,,,,,,,,,,,,,,,,,,,
,6.396912150984409e-06,6.39691215098441e-05,1.2793824301968818e-05,0.0,10599,,,,,,,,,,,,,,,,,,,,,,,,,,,,,,,,,,,,,,,,,,,,
5,,,,,10599,,,,,0.5154411792755127,,0.03253624960780144,,2.0490431785583496,,0.011507605202496052,,,0.01051432266831398,2.5970206260681152,,,,,,,,,,,,,,,,,,,,,,,,,,,,,
,6.3837806341135766e-06,6.383780634113577e-05,1.2767561268227153e-05,0.0,10619,,,,,,,,,,,,,,,,,,,,,,,,,,,,,,,,,,,,,,,,,,,,
,6.3837806341135766e-06,6.383780634113577e-05,1.2767561268227153e-05,0.0,10619,,,,,,,,,,,,,,,,,,,,,,,,,,,,,,,,,,,,,,,,,,,,
5,,,,,10619,,,,,0.678253710269928,,0.02000001072883606,,2.155832290649414,,0.0013297511031851172,,,0.009335130453109741,2.854085922241211,,,,,,,,,,,,,,,,,,,,,,,,,,,,,
,6.370638988065395e-06,6.370638988065396e-05,1.274127797613079e-05,0.0,10639,,,,,,,,,,,,,,,,,,,,,,,,,,,,,,,,,,,,,,,,,,,,
,6.370638988065395e-06,6.370638988065396e-05,1.274127797613079e-05,0.0,10639,,,,,,,,,,,,,,,,,,,,,,,,,,,,,,,,,,,,,,,,,,,,
5,,,,,10639,,,,,1.5792803764343262,,0.4535471796989441,,8.377930641174316,,3.4464628697605804e-05,,,0.22675636410713196,10.410758972167969,,,,,,,,,,,,,,,,,,,,,,,,,,,,,
,6.3574873126419276e-06,6.357487312641928e-05,1.2714974625283855e-05,0.0,10659,,,,,,,,,,,,,,,,,,,,,,,,,,,,,,,,,,,,,,,,,,,,
,6.3574873126419276e-06,6.357487312641928e-05,1.2714974625283855e-05,0.0,10659,,,,,,,,,,,,,,,,,,,,,,,,,,,,,,,,,,,,,,,,,,,,
5,,,,,10659,,,,,0.8484926819801331,,0.04448089748620987,,3.7737488746643066,,7.464854570571333e-05,,,0.022203125059604645,4.666722297668457,,,,,,,,,,,,,,,,,,,,,,,,,,,,,
,6.344325707721408e-06,6.344325707721409e-05,1.2688651415442817e-05,0.0,10679,,,,,,,,,,,,,,,,,,,,,,,,,,,,,,,,,,,,,,,,,,,,
,6.344325707721408e-06,6.344325707721409e-05,1.2688651415442817e-05,0.0,10679,,,,,,,,,,,,,,,,,,,,,,,,,,,,,,,,,,,,,,,,,,,,
5,,,,,10679,,,,,0.5643385052680969,,0.02545522339642048,,2.2449703216552734,,1.7760106857167557e-05,,,0.012718732468783855,2.834764003753662,,,,,,,,,,,,,,,,,,,,,,,,,,,,,
,6.331154273257479e-06,6.331154273257477e-05,1.2662308546514957e-05,0.0,10699,,,,,,,,,,,,,,,,,,,,,,,,,,,,,,,,,,,,,,,,,,,,
,6.331154273257479e-06,6.331154273257477e-05,1.2662308546514957e-05,0.0,10699,,,,,,,,,,,,,,,,,,,,,,,,,,,,,,,,,,,,,,,,,,,,
5,,,,,10699,,,,,0.7665020227432251,,0.1150333508849144,,2.4639880657196045,,0.014309583231806755,,,0.05036188289523125,3.3455233573913574,,,,,,,,,,,,,,,,,,,,,,,,,,,,,
,6.317973109278427e-06,6.317973109278427e-05,1.2635946218556853e-05,0.0,10719,,,,,,,,,,,,,,,,,,,,,,,,,,,,,,,,,,,,,,,,,,,,
,6.317973109278427e-06,6.317973109278427e-05,1.2635946218556853e-05,0.0,10719,,,,,,,,,,,,,,,,,,,,,,,,,,,,,,,,,,,,,,,,,,,,
5,,,,,10719,,,,,1.0665713548660278,,0.031017163768410683,,4.311437606811523,,2.193685304519022e-07,,,0.015508471988141537,5.409026145935059,,,,,,,,,,,,,,,,,,,,,,,,,,,,,
,6.304782315886433e-06,6.304782315886432e-05,1.2609564631772866e-05,0.0,10739,,,,,,,,,,,,,,,,,,,,,,,,,,,,,,,,,,,,,,,,,,,,
,6.304782315886433e-06,6.304782315886432e-05,1.2609564631772866e-05,0.0,10739,,,,,,,,,,,,,,,,,,,,,,,,,,,,,,,,,,,,,,,,,,,,
5,,,,,10739,,,,,0.499006986618042,,0.025675319135189056,,1.6993825435638428,,7.931066647870466e-07,,,0.012837262824177742,2.224064826965332,,,,,,,,,,,,,,,,,,,,,,,,,,,,,
,6.2915819932568046e-06,6.291581993256804e-05,1.2583163986513609e-05,0.0,10759,,,,,,,,,,,,,,,,,,,,,,,,,,,,,,,,,,,,,,,,,,,,
,6.2915819932568046e-06,6.291581993256804e-05,1.2583163986513609e-05,0.0,10759,,,,,,,,,,,,,,,,,,,,,,,,,,,,,,,,,,,,,,,,,,,,
5,,,,,10759,,,,,0.7085157036781311,,0.0097432229667902,,3.1364002227783203,,2.1582971385214478e-05,,,0.00486082024872303,3.854659080505371,,,,,,,,,,,,,,,,,,,,,,,,,,,,,
,6.27837224163722e-06,6.278372241637219e-05,1.255674448327444e-05,0.0,10779,,,,,,,,,,,,,,,,,,,,,,,,,,,,,,,,,,,,,,,,,,,,
,6.27837224163722e-06,6.278372241637219e-05,1.255674448327444e-05,0.0,10779,,,,,,,,,,,,,,,,,,,,,,,,,,,,,,,,,,,,,,,,,,,,
5,,,,,10779,,,,,0.5315638184547424,,0.03778109699487686,,2.167658805847168,,0.0006836593965999782,,,0.018548719584941864,2.7370035648345947,,,,,,,,,,,,,,,,,,,,,,,,,,,,,
,6.265153161346956e-06,6.265153161346956e-05,1.2530306322693912e-05,0.0,10799,,,,,,,,,,,,,,,,,,,,,,,,,,,,,,,,,,,,,,,,,,,,
,6.265153161346956e-06,6.265153161346956e-05,1.2530306322693912e-05,0.0,10799,,,,,,,,,,,,,,,,,,,,,,,,,,,,,,,,,,,,,,,,,,,,
5,,,,,10799,,,,,1.0204436779022217,,0.03204008936882019,,3.6186394691467285,,1.1358959454810247e-05,,,0.01601436734199524,4.671123504638672,,,,,,,,,,,,,,,,,,,,,,,,,,,,,
,6.251924852776147e-06,6.251924852776147e-05,1.2503849705552293e-05,0.0,10819,,,,,,,,,,,,,,,,,,,,,,,,,,,,,,,,,,,,,,,,,,,,
,6.251924852776147e-06,6.251924852776147e-05,1.2503849705552293e-05,0.0,10819,,,,,,,,,,,,,,,,,,,,,,,,,,,,,,,,,,,,,,,,,,,,
5,,,,,10819,,,,,0.5977554321289062,,0.02517574466764927,,3.269195795059204,,1.5356235962826759e-06,,,0.012587103992700577,3.89212703704834,,,,,,,,,,,,,,,,,,,,,,,,,,,,,
,6.238687416385001e-06,6.238687416385001e-05,1.2477374832770002e-05,0.0,10839,,,,,,,,,,,,,,,,,,,,,,,,,,,,,,,,,,,,,,,,,,,,
,6.238687416385001e-06,6.238687416385001e-05,1.2477374832770002e-05,0.0,10839,,,,,,,,,,,,,,,,,,,,,,,,,,,,,,,,,,,,,,,,,,,,
5,,,,,10839,,,,,1.376266598701477,,0.060194820165634155,,4.4348626136779785,,9.567792403686326e-06,,,0.030092626810073853,5.871324062347412,,,,,,,,,,,,,,,,,,,,,,,,,,,,,
,6.225440952703049e-06,6.225440952703048e-05,1.2450881905406098e-05,0.0,10859,,,,,,,,,,,,,,,,,,,,,,,,,,,,,,,,,,,,,,,,,,,,
,6.225440952703049e-06,6.225440952703048e-05,1.2450881905406098e-05,0.0,10859,,,,,,,,,,,,,,,,,,,,,,,,,,,,,,,,,,,,,,,,,,,,
5,,,,,10859,,,,,1.0039421319961548,,0.11429131776094437,,4.3948564529418945,,0.0009115420980378985,,,0.05668988451361656,5.513089656829834,,,,,,,,,,,,,,,,,,,,,,,,,,,,,
,6.212185562328379e-06,6.212185562328378e-05,1.2424371124656758e-05,0.0,10879,,,,,,,,,,,,,,,,,,,,,,,,,,,,,,,,,,,,,,,,,,,,
,6.212185562328379e-06,6.212185562328378e-05,1.2424371124656758e-05,0.0,10879,,,,,,,,,,,,,,,,,,,,,,,,,,,,,,,,,,,,,,,,,,,,
5,,,,,10879,,,,,0.5248534083366394,,0.01584671065211296,,1.9832181930541992,,2.9074467420286965e-06,,,0.007921901531517506,2.523918390274048,,,,,,,,,,,,,,,,,,,,,,,,,,,,,
,6.198921345926866e-06,6.198921345926866e-05,1.2397842691853731e-05,0.0,10899,,,,,,,,,,,,,,,,,,,,,,,,,,,,,,,,,,,,,,,,,,,,
,6.198921345926866e-06,6.198921345926866e-05,1.2397842691853731e-05,0.0,10899,,,,,,,,,,,,,,,,,,,,,,,,,,,,,,,,,,,,,,,,,,,,
5,,,,,10899,,,,,0.6800851821899414,,0.014377900399267673,,2.5551376342773438,,5.172102100914344e-05,,,0.0071630897000432014,3.249600648880005,,,,,,,,,,,,,,,,,,,,,,,,,,,,,
,6.185648404231422e-06,6.18564840423142e-05,1.2371296808462843e-05,0.0,10919,,,,,,,,,,,,,,,,,,,,,,,,,,,,,,,,,,,,,,,,,,,,
,6.185648404231422e-06,6.18564840423142e-05,1.2371296808462843e-05,0.0,10919,,,,,,,,,,,,,,,,,,,,,,,,,,,,,,,,,,,,,,,,,,,,
5,,,,,10919,,,,,0.574425220489502,,0.017751391977071762,,1.926961064338684,,2.7256675139142317e-07,,,0.008875559084117413,2.5191376209259033,,,,,,,,,,,,,,,,,,,,,,,,,,,,,
,6.172366838041211e-06,6.172366838041211e-05,1.2344733676082423e-05,0.0,10939,,,,,,,,,,,,,,,,,,,,,,,,,,,,,,,,,,,,,,,,,,,,
,6.172366838041211e-06,6.172366838041211e-05,1.2344733676082423e-05,0.0,10939,,,,,,,,,,,,,,,,,,,,,,,,,,,,,,,,,,,,,,,,,,,,
5,,,,,10939,,,,,0.5048580765724182,,0.10506478697061539,,2.099743127822876,,1.2441886099168187e-07,,,0.05253233015537262,2.7096660137176514,,,,,,,,,,,,,,,,,,,,,,,,,,,,,
,6.159076748220905e-06,6.159076748220905e-05,1.231815349644181e-05,0.0,10959,,,,,,,,,,,,,,,,,,,,,,,,,,,,,,,,,,,,,,,,,,,,
,6.159076748220905e-06,6.159076748220905e-05,1.231815349644181e-05,0.0,10959,,,,,,,,,,,,,,,,,,,,,,,,,,,,,,,,,,,,,,,,,,,,
5,,,,,10959,,,,,1.3058301210403442,,0.03102431818842888,,4.873891353607178,,0.00450868858024478,,,0.013257814571261406,6.210745811462402,,,,,,,,,,,,,,,,,,,,,,,,,,,,,
,6.1457782356999e-06,6.1457782356999e-05,1.22915564713998e-05,0.0,10979,,,,,,,,,,,,,,,,,,,,,,,,,,,,,,,,,,,,,,,,,,,,
,6.1457782356999e-06,6.1457782356999e-05,1.22915564713998e-05,0.0,10979,,,,,,,,,,,,,,,,,,,,,,,,,,,,,,,,,,,,,,,,,,,,
5,,,,,10979,,,,,0.6115455627441406,,0.35897204279899597,,5.275129318237305,,0.06635100394487381,,,0.14631052315235138,6.245646953582764,,,,,,,,,,,,,,,,,,,,,,,,,,,,,
,6.132471401471561e-06,6.132471401471561e-05,1.2264942802943122e-05,0.0,10999,,,,,,,,,,,,,,,,,,,,,,,,,,,,,,,,,,,,,,,,,,,,
,6.132471401471561e-06,6.132471401471561e-05,1.2264942802943122e-05,0.0,10999,,,,,,,,,,,,,,,,,,,,,,,,,,,,,,,,,,,,,,,,,,,,
5,,,,,10999,,,,,0.8802242875099182,,0.00541109312325716,,2.8632869720458984,,2.4751052478677593e-06,,,0.0027043090667575598,3.748922348022461,,,,,,,,,,,,,,,,,,,,,,,,,,,,,
,6.119156346592445e-06,6.119156346592445e-05,1.223831269318489e-05,0.0,11019,,,,,,,,,,,,,,,,,,,,,,,,,,,,,,,,,,,,,,,,,,,,
,6.119156346592445e-06,6.119156346592445e-05,1.223831269318489e-05,0.0,11019,,,,,,,,,,,,,,,,,,,,,,,,,,,,,,,,,,,,,,,,,,,,
5,,,,,11019,,,,,1.3514670133590698,,0.015931762754917145,,4.712472438812256,,4.535846983344527e-06,,,0.007963613606989384,6.07987117767334,,,,,,,,,,,,,,,,,,,,,,,,,,,,,
,6.105833172181548e-06,6.105833172181547e-05,1.2211666344363095e-05,0.0,11039,,,,,,,,,,,,,,,,,,,,,,,,,,,,,,,,,,,,,,,,,,,,
,6.105833172181548e-06,6.105833172181547e-05,1.2211666344363095e-05,0.0,11039,,,,,,,,,,,,,,,,,,,,,,,,,,,,,,,,,,,,,,,,,,,,
5,,,,,11039,,,,,1.039254903793335,,0.027634460479021072,,3.265697717666626,,0.0007410582038573921,,,0.013446700759232044,4.332587242126465,,,,,,,,,,,,,,,,,,,,,,,,,,,,,
,6.09250197941952e-06,6.0925019794195204e-05,1.218500395883904e-05,0.0,11059,,,,,,,,,,,,,,,,,,,,,,,,,,,,,,,,,,,,,,,,,,,,
,6.09250197941952e-06,6.0925019794195204e-05,1.218500395883904e-05,0.0,11059,,,,,,,,,,,,,,,,,,,,,,,,,,,,,,,,,,,,,,,,,,,,
5,,,,,11059,,,,,1.0717593431472778,,0.009686093777418137,,3.315992593765259,,3.068320665988722e-06,,,0.004841512534767389,4.397438049316406,,,,,,,,,,,,,,,,,,,,,,,,,,,,,
,6.079162869547908e-06,6.079162869547909e-05,1.2158325739095817e-05,0.0,11079,,,,,,,,,,,,,,,,,,,,,,,,,,,,,,,,,,,,,,,,,,,,
,6.079162869547908e-06,6.079162869547909e-05,1.2158325739095817e-05,0.0,11079,,,,,,,,,,,,,,,,,,,,,,,,,,,,,,,,,,,,,,,,,,,,
5,,,,,11079,,,,,0.8682183623313904,,0.02962152287364006,,2.8901305198669434,,3.061959796468727e-05,,,0.014795452356338501,3.787970542907715,,,,,,,,,,,,,,,,,,,,,,,,,,,,,
,6.0658159438683895e-06,6.0658159438683895e-05,1.2131631887736779e-05,0.0,11099,,,,,,,,,,,,,,,,,,,,,,,,,,,,,,,,,,,,,,,,,,,,
,6.0658159438683895e-06,6.0658159438683895e-05,1.2131631887736779e-05,0.0,11099,,,,,,,,,,,,,,,,,,,,,,,,,,,,,,,,,,,,,,,,,,,,
5,,,,,11099,,,,,0.9289648532867432,,0.060582078993320465,,2.569949150085449,,7.056642516545253e-06,,,0.03028750978410244,3.5594961643218994,,,,,,,,,,,,,,,,,,,,,,,,,,,,,
,6.052461303741991e-06,6.0524613037419905e-05,1.2104922607483981e-05,0.0,11119,,,,,,,,,,,,,,,,,,,,,,,,,,,,,,,,,,,,,,,,,,,,
,6.052461303741991e-06,6.0524613037419905e-05,1.2104922607483981e-05,0.0,11119,,,,,,,,,,,,,,,,,,,,,,,,,,,,,,,,,,,,,,,,,,,,
5,,,,,11119,,,,,1.1379917860031128,,0.016602251678705215,,4.802691459655762,,3.033765096915886e-06,,,0.008299608714878559,5.957285404205322,,,,,,,,,,,,,,,,,,,,,,,,,,,,,
,6.039099050588326e-06,6.039099050588326e-05,1.2078198101176653e-05,0.0,11139,,,,,,,,,,,,,,,,,,,,,,,,,,,,,,,,,,,,,,,,,,,,
,6.039099050588326e-06,6.039099050588326e-05,1.2078198101176653e-05,0.0,11139,,,,,,,,,,,,,,,,,,,,,,,,,,,,,,,,,,,,,,,,,,,,
5,,,,,11139,,,,,0.5582836866378784,,0.011279086582362652,,1.9251480102539062,,3.122201178484829e-06,,,0.00563798239454627,2.494710922241211,,,,,,,,,,,,,,,,,,,,,,,,,,,,,
,6.025729285884827e-06,6.025729285884827e-05,1.2051458571769653e-05,0.0,11159,,,,,,,,,,,,,,,,,,,,,,,,,,,,,,,,,,,,,,,,,,,,
,6.025729285884827e-06,6.025729285884827e-05,1.2051458571769653e-05,0.0,11159,,,,,,,,,,,,,,,,,,,,,,,,,,,,,,,,,,,,,,,,,,,,
5,,,,,11159,,,,,1.1150702238082886,,0.05643516033887863,,3.6392822265625,,4.916147190670017e-06,,,0.02821512147784233,4.810787677764893,,,,,,,,,,,,,,,,,,,,,,,,,,,,,
,6.0123521111659726e-06,6.012352111165972e-05,1.2024704222331945e-05,0.0,11179,,,,,,,,,,,,,,,,,,,,,,,,,,,,,,,,,,,,,,,,,,,,
,6.0123521111659726e-06,6.012352111165972e-05,1.2024704222331945e-05,0.0,11179,,,,,,,,,,,,,,,,,,,,,,,,,,,,,,,,,,,,,,,,,,,,
5,,,,,11179,,,,,0.5467159152030945,,0.028817692771553993,,2.0647618770599365,,7.728871423751116e-06,,,0.014404982328414917,2.6402955055236816,,,,,,,,,,,,,,,,,,,,,,,,,,,,,
,5.998967628022506e-06,5.998967628022506e-05,1.1997935256045012e-05,0.0,11199,,,,,,,,,,,,,,,,,,,,,,,,,,,,,,,,,,,,,,,,,,,,
,5.998967628022506e-06,5.998967628022506e-05,1.1997935256045012e-05,0.0,11199,,,,,,,,,,,,,,,,,,,,,,,,,,,,,,,,,,,,,,,,,,,,
5,,,,,11199,,,,,1.0593211650848389,,0.05563132464885712,,3.7253432273864746,,1.9609133232734166e-06,,,0.027814680710434914,4.840295791625977,,,,,,,,,,,,,,,,,,,,,,,,,,,,,
,5.985575938100685e-06,5.985575938100685e-05,1.197115187620137e-05,0.0,11219,,,,,,,,,,,,,,,,,,,,,,,,,,,,,,,,,,,,,,,,,,,,
,5.985575938100685e-06,5.985575938100685e-05,1.197115187620137e-05,0.0,11219,,,,,,,,,,,,,,,,,,,,,,,,,,,,,,,,,,,,,,,,,,,,
5,,,,,11219,,,,,0.7543498277664185,,0.02303890511393547,,1.8899900913238525,,0.0008364535751752555,,,0.011101225391030312,2.6673789024353027,,,,,,,,,,,,,,,,,,,,,,,,,,,,,
,5.972177143101493e-06,5.9721771431014926e-05,1.1944354286202986e-05,0.0,11239,,,,,,,,,,,,,,,,,,,,,,,,,,,,,,,,,,,,,,,,,,,,
,5.972177143101493e-06,5.9721771431014926e-05,1.1944354286202986e-05,0.0,11239,,,,,,,,,,,,,,,,,,,,,,,,,,,,,,,,,,,,,,,,,,,,
5,,,,,11239,,,,,1.3070483207702637,,0.034035876393318176,,5.285410404205322,,1.5775215160829248e-06,,,0.017017148435115814,6.626494407653809,,,,,,,,,,,,,,,,,,,,,,,,,,,,,
,5.95877134477987e-06,5.95877134477987e-05,1.191754268955974e-05,0.0,11259,,,,,,,,,,,,,,,,,,,,,,,,,,,,,,,,,,,,,,,,,,,,
,5.95877134477987e-06,5.95877134477987e-05,1.191754268955974e-05,0.0,11259,,,,,,,,,,,,,,,,,,,,,,,,,,,,,,,,,,,,,,,,,,,,
5,,,,,11259,,,,,0.5694018006324768,,0.011110392399132252,,2.763522148132324,,3.675384050438879e-07,,,0.005555012263357639,3.344034194946289,,,,,,,,,,,,,,,,,,,,,,,,,,,,,
,5.945358644943945e-06,5.945358644943945e-05,1.189071728988789e-05,0.0,11279,,,,,,,,,,,,,,,,,,,,,,,,,,,,,,,,,,,,,,,,,,,,
,5.945358644943945e-06,5.945358644943945e-05,1.189071728988789e-05,0.0,11279,,,,,,,,,,,,,,,,,,,,,,,,,,,,,,,,,,,,,,,,,,,,
5,,,,,11279,,,,,0.7735464572906494,,0.0013980803778395057,,2.7535204887390137,,3.8919236544643354e-07,,,0.0006988456007093191,3.5284650325775146,,,,,,,,,,,,,,,,,,,,,,,,,,,,,
,5.931939145454256e-06,5.931939145454256e-05,1.1863878290908512e-05,0.0,11299,,,,,,,,,,,,,,,,,,,,,,,,,,,,,,,,,,,,,,,,,,,,
,5.931939145454256e-06,5.931939145454256e-05,1.1863878290908512e-05,0.0,11299,,,,,,,,,,,,,,,,,,,,,,,,,,,,,,,,,,,,,,,,,,,,
5,,,,,11299,,,,,0.863837718963623,,0.017196008935570717,,2.713557243347168,,3.4389690881653223e-06,,,0.008596285246312618,3.594590902328491,,,,,,,,,,,,,,,,,,,,,,,,,,,,,
,5.918512948222983e-06,5.9185129482229826e-05,1.1837025896445966e-05,0.0,11319,,,,,,,,,,,,,,,,,,,,,,,,,,,,,,,,,,,,,,,,,,,,
,5.918512948222983e-06,5.9185129482229826e-05,1.1837025896445966e-05,0.0,11319,,,,,,,,,,,,,,,,,,,,,,,,,,,,,,,,,,,,,,,,,,,,
5,,,,,11319,,,,,0.8322749733924866,,0.06312477588653564,,6.475707530975342,,0.012544143944978714,,,0.025290317833423615,7.37110710144043,,,,,,,,,,,,,,,,,,,,,,,,,,,,,
,5.905080155213172e-06,5.905080155213172e-05,1.1810160310426343e-05,0.0,11339,,,,,,,,,,,,,,,,,,,,,,,,,,,,,,,,,,,,,,,,,,,,
,5.905080155213172e-06,5.905080155213172e-05,1.1810160310426343e-05,0.0,11339,,,,,,,,,,,,,,,,,,,,,,,,,,,,,,,,,,,,,,,,,,,,
5,,,,,11339,,,,,0.8536255359649658,,0.024735024198889732,,2.899033546447754,,9.852701623458415e-07,,,0.01236702036112547,3.7773940563201904,,,,,,,,,,,,,,,,,,,,,,,,,,,,,
,5.891640868437951e-06,5.891640868437951e-05,1.1783281736875902e-05,0.0,11359,,,,,,,,,,,,,,,,,,,,,,,,,,,,,,,,,,,,,,,,,,,,
,5.891640868437951e-06,5.891640868437951e-05,1.1783281736875902e-05,0.0,11359,,,,,,,,,,,,,,,,,,,,,,,,,,,,,,,,,,,,,,,,,,,,
5,,,,,11359,,,,,0.6477847099304199,,0.01732889749109745,,2.5068516731262207,,0.0002030787873081863,,,0.008562909439206123,3.1719653606414795,,,,,,,,,,,,,,,,,,,,,,,,,,,,,
,5.878195189959776e-06,5.878195189959775e-05,1.1756390379919551e-05,0.0,11379,,,,,,,,,,,,,,,,,,,,,,,,,,,,,,,,,,,,,,,,,,,,
,5.878195189959776e-06,5.878195189959775e-05,1.1756390379919551e-05,0.0,11379,,,,,,,,,,,,,,,,,,,,,,,,,,,,,,,,,,,,,,,,,,,,
5,,,,,11379,,,,,0.6342522501945496,,0.004526847042143345,,3.5450596809387207,,7.729954631940927e-07,,,0.002263037022203207,4.183838844299316,,,,,,,,,,,,,,,,,,,,,,,,,,,,,
,5.8647432218896335e-06,5.864743221889634e-05,1.1729486443779267e-05,0.0,11399,,,,,,,,,,,,,,,,,,,,,,,,,,,,,,,,,,,,,,,,,,,,
,5.8647432218896335e-06,5.864743221889634e-05,1.1729486443779267e-05,0.0,11399,,,,,,,,,,,,,,,,,,,,,,,,,,,,,,,,,,,,,,,,,,,,
5,,,,,11399,,,,,0.5459311008453369,,0.046329565346241,,2.0003600120544434,,1.3815699730912456e-06,,,0.023164091631770134,2.592620611190796,,,,,,,,,,,,,,,,,,,,,,,,,,,,,
,5.851285066386283e-06,5.851285066386283e-05,1.1702570132772565e-05,0.0,11419,,,,,,,,,,,,,,,,,,,,,,,,,,,,,,,,,,,,,,,,,,,,
,5.851285066386283e-06,5.851285066386283e-05,1.1702570132772565e-05,0.0,11419,,,,,,,,,,,,,,,,,,,,,,,,,,,,,,,,,,,,,,,,,,,,
5,,,,,11419,,,,,0.47844061255455017,,0.018133558332920074,,1.4520655870437622,,0.0004889766569249332,,,0.008822291158139706,1.9486397504806519,,,,,,,,,,,,,,,,,,,,,,,,,,,,,
,5.837820825655466e-06,5.8378208256554656e-05,1.1675641651310932e-05,0.0,11439,,,,,,,,,,,,,,,,,,,,,,,,,,,,,,,,,,,,,,,,,,,,
,5.837820825655466e-06,5.8378208256554656e-05,1.1675641651310932e-05,0.0,11439,,,,,,,,,,,,,,,,,,,,,,,,,,,,,,,,,,,,,,,,,,,,
5,,,,,11439,,,,,0.7514328360557556,,0.025938959792256355,,2.8956756591796875,,3.049102133445558e-06,,,0.012967955321073532,3.6730475425720215,,,,,,,,,,,,,,,,,,,,,,,,,,,,,
,5.824350601949144e-06,5.8243506019491436e-05,1.1648701203898288e-05,0.0,11459,,,,,,,,,,,,,,,,,,,,,,,,,,,,,,,,,,,,,,,,,,,,
,5.824350601949144e-06,5.8243506019491436e-05,1.1648701203898288e-05,0.0,11459,,,,,,,,,,,,,,,,,,,,,,,,,,,,,,,,,,,,,,,,,,,,
5,,,,,11459,,,,,1.5269461870193481,,0.0426652655005455,,5.7053704261779785,,4.862417699769139e-05,,,0.02130831964313984,7.27498197555542,,,,,,,,,,,,,,,,,,,,,,,,,,,,,
,5.810874497564712e-06,5.810874497564711e-05,1.1621748995129423e-05,0.0,11479,,,,,,,,,,,,,,,,,,,,,,,,,,,,,,,,,,,,,,,,,,,,
,5.810874497564712e-06,5.810874497564711e-05,1.1621748995129423e-05,0.0,11479,,,,,,,,,,,,,,,,,,,,,,,,,,,,,,,,,,,,,,,,,,,,
5,,,,,11479,,,,,0.9924585819244385,,0.01764397695660591,,3.8800768852233887,,2.2612798034060688e-07,,,0.008821874856948853,4.890179634094238,,,,,,,,,,,,,,,,,,,,,,,,,,,,,
,5.797392614844223e-06,5.797392614844223e-05,1.1594785229688446e-05,0.0,11499,,,,,,,,,,,,,,,,,,,,,,,,,,,,,,,,,,,,,,,,,,,,
,5.797392614844223e-06,5.797392614844223e-05,1.1594785229688446e-05,0.0,11499,,,,,,,,,,,,,,,,,,,,,,,,,,,,,,,,,,,,,,,,,,,,
5,,,,,11499,,,,,1.1440385580062866,,0.01598528027534485,,5.006283760070801,,6.393415787897538e-07,,,0.007992319762706757,6.1663079261779785,,,,,,,,,,,,,,,,,,,,,,,,,,,,,
,5.783905056173618e-06,5.783905056173619e-05,1.1567810112347237e-05,0.0,11519,,,,,,,,,,,,,,,,,,,,,,,,,,,,,,,,,,,,,,,,,,,,
,5.783905056173618e-06,5.783905056173619e-05,1.1567810112347237e-05,0.0,11519,,,,,,,,,,,,,,,,,,,,,,,,,,,,,,,,,,,,,,,,,,,,
5,,,,,11519,,,,,0.7210559248924255,,0.026116376742720604,,2.202171802520752,,8.969341536158026e-08,,,0.01305814366787672,2.9493441581726074,,,,,,,,,,,,,,,,,,,,,,,,,,,,,
,5.770411923981938e-06,5.7704119239819375e-05,1.1540823847963876e-05,0.0,11539,,,,,,,,,,,,,,,,,,,,,,,,,,,,,,,,,,,,,,,,,,,,
,5.770411923981938e-06,5.7704119239819375e-05,1.1540823847963876e-05,0.0,11539,,,,,,,,,,,,,,,,,,,,,,,,,,,,,,,,,,,,,,,,,,,,
5,,,,,11539,,,,,0.4490547776222229,,0.02660396695137024,,1.9106460809707642,,3.193935117451474e-05,,,0.013286013156175613,2.3863048553466797,,,,,,,,,,,,,,,,,,,,,,,,,,,,,
,5.756913320740555e-06,5.7569133207405546e-05,1.151382664148111e-05,0.0,11559,,,,,,,,,,,,,,,,,,,,,,,,,,,,,,,,,,,,,,,,,,,,
,5.756913320740555e-06,5.7569133207405546e-05,1.151382664148111e-05,0.0,11559,,,,,,,,,,,,,,,,,,,,,,,,,,,,,,,,,,,,,,,,,,,,
5,,,,,11559,,,,,0.8655843734741211,,0.02836371399462223,,2.9337997436523438,,9.723349648993462e-06,,,0.014176995493471622,3.8277478218078613,,,,,,,,,,,,,,,,,,,,,,,,,,,,,
,5.7434093489623865e-06,5.7434093489623865e-05,1.1486818697924773e-05,0.0,11579,,,,,,,,,,,,,,,,,,,,,,,,,,,,,,,,,,,,,,,,,,,,
,5.7434093489623865e-06,5.7434093489623865e-05,1.1486818697924773e-05,0.0,11579,,,,,,,,,,,,,,,,,,,,,,,,,,,,,,,,,,,,,,,,,,,,
5,,,,,11579,,,,,0.9968406558036804,,0.022670621052384377,,3.3897223472595215,,1.5237006891766214e-06,,,0.011334548704326153,4.409233570098877,,,,,,,,,,,,,,,,,,,,,,,,,,,,,
,5.729900111201121e-06,5.729900111201121e-05,1.1459800222402243e-05,0.0,11599,,,,,,,,,,,,,,,,,,,,,,,,,,,,,,,,,,,,,,,,,,,,
,5.729900111201121e-06,5.729900111201121e-05,1.1459800222402243e-05,0.0,11599,,,,,,,,,,,,,,,,,,,,,,,,,,,,,,,,,,,,,,,,,,,,
5,,,,,11599,,,,,1.0464035272598267,,0.020472628995776176,,3.1956348419189453,,9.398096881341189e-05,,,0.010189324617385864,4.262510776519775,,,,,,,,,,,,,,,,,,,,,,,,,,,,,
,5.716385710050442e-06,5.7163857100504416e-05,1.1432771420100883e-05,0.0,11619,,,,,,,,,,,,,,,,,,,,,,,,,,,,,,,,,,,,,,,,,,,,
,5.716385710050442e-06,5.7163857100504416e-05,1.1432771420100883e-05,0.0,11619,,,,,,,,,,,,,,,,,,,,,,,,,,,,,,,,,,,,,,,,,,,,
5,,,,,11619,,,,,0.5492173433303833,,0.009212604723870754,,1.9602718353271484,,2.410435797628452e-07,,,0.004606181755661964,2.5187017917633057,,,,,,,,,,,,,,,,,,,,,,,,,,,,,
,5.702866248143243e-06,5.702866248143243e-05,1.1405732496286486e-05,0.0,11639,,,,,,,,,,,,,,,,,,,,,,,,,,,,,,,,,,,,,,,,,,,,
,5.702866248143243e-06,5.702866248143243e-05,1.1405732496286486e-05,0.0,11639,,,,,,,,,,,,,,,,,,,,,,,,,,,,,,,,,,,,,,,,,,,,
5,,,,,11639,,,,,0.8787394165992737,,0.02693173848092556,,3.820033311843872,,3.062891846639104e-05,,,0.013450553640723228,4.725704669952393,,,,,,,,,,,,,,,,,,,,,,,,,,,,,
,5.689341828150847e-06,5.689341828150847e-05,1.1378683656301694e-05,0.0,11659,,,,,,,,,,,,,,,,,,,,,,,,,,,,,,,,,,,,,,,,,,,,
,5.689341828150847e-06,5.689341828150847e-05,1.1378683656301694e-05,0.0,11659,,,,,,,,,,,,,,,,,,,,,,,,,,,,,,,,,,,,,,,,,,,,
5,,,,,11659,,,,,0.5787821412086487,,0.008223747834563255,,1.9523372650146484,,2.2979138520895503e-05,,,0.0041003841906785965,2.5393431186676025,,,,,,,,,,,,,,,,,,,,,,,,,,,,,
,5.67581255278224e-06,5.675812552782239e-05,1.135162510556448e-05,0.0,11679,,,,,,,,,,,,,,,,,,,,,,,,,,,,,,,,,,,,,,,,,,,,
,5.67581255278224e-06,5.675812552782239e-05,1.135162510556448e-05,0.0,11679,,,,,,,,,,,,,,,,,,,,,,,,,,,,,,,,,,,,,,,,,,,,
5,,,,,11679,,,,,0.9521435499191284,,0.015436838380992413,,2.485652446746826,,5.936497018410591e-07,,,0.007718122564256191,3.453232765197754,,,,,,,,,,,,,,,,,,,,,,,,,,,,,
,5.662278524783272e-06,5.662278524783272e-05,1.1324557049566544e-05,0.0,11699,,,,,,,,,,,,,,,,,,,,,,,,,,,,,,,,,,,,,,,,,,,,
,5.662278524783272e-06,5.662278524783272e-05,1.1324557049566544e-05,0.0,11699,,,,,,,,,,,,,,,,,,,,,,,,,,,,,,,,,,,,,,,,,,,,
5,,,,,11699,,,,,0.5603207349777222,,0.03321227431297302,,1.8468225002288818,,2.1685536921722814e-05,,,0.016595294699072838,2.4403555393218994,,,,,,,,,,,,,,,,,,,,,,,,,,,,,
,5.648739846935889e-06,5.6487398469358885e-05,1.1297479693871778e-05,0.0,11719,,,,,,,,,,,,,,,,,,,,,,,,,,,,,,,,,,,,,,,,,,,,
,5.648739846935889e-06,5.6487398469358885e-05,1.1297479693871778e-05,0.0,11719,,,,,,,,,,,,,,,,,,,,,,,,,,,,,,,,,,,,,,,,,,,,
5,,,,,11719,,,,,0.644324541091919,,0.07609774172306061,,2.4592888355255127,,0.0005809380672872066,,,0.03775840252637863,3.179711103439331,,,,,,,,,,,,,,,,,,,,,,,,,,,,,
,5.635196622057353e-06,5.6351966220573524e-05,1.1270393244114706e-05,0.0,11739,,,,,,,,,,,,,,,,,,,,,,,,,,,,,,,,,,,,,,,,,,,,
,5.635196622057353e-06,5.6351966220573524e-05,1.1270393244114706e-05,0.0,11739,,,,,,,,,,,,,,,,,,,,,,,,,,,,,,,,,,,,,,,,,,,,
5,,,,,11739,,,,,1.3787611722946167,,0.034497540444135666,,5.488273620605469,,1.0746343548362347e-07,,,0.017248716205358505,6.9015326499938965,,,,,,,,,,,,,,,,,,,,,,,,,,,,,
,5.621648952999453e-06,5.621648952999453e-05,1.1243297905998907e-05,0.0,11759,,,,,,,,,,,,,,,,,,,,,,,,,,,,,,,,,,,,,,,,,,,,
,5.621648952999453e-06,5.621648952999453e-05,1.1243297905998907e-05,0.0,11759,,,,,,,,,,,,,,,,,,,,,,,,,,,,,,,,,,,,,,,,,,,,
5,,,,,11759,,,,,1.041324257850647,,0.024588407948613167,,5.019216537475586,,1.9700487428053748e-06,,,0.012293217703700066,6.085129261016846,,,,,,,,,,,,,,,,,,,,,,,,,,,,,
,5.6080969426477285e-06,5.608096942647728e-05,1.1216193885295457e-05,0.0,11779,,,,,,,,,,,,,,,,,,,,,,,,,,,,,,,,,,,,,,,,,,,,
,5.6080969426477285e-06,5.608096942647728e-05,1.1216193885295457e-05,0.0,11779,,,,,,,,,,,,,,,,,,,,,,,,,,,,,,,,,,,,,,,,,,,,
5,,,,,11779,,,,,0.6285297870635986,,0.019252613186836243,,2.4014267921447754,,1.3402761851466494e-06,,,0.009625636972486973,3.0492091178894043,,,,,,,,,,,,,,,,,,,,,,,,,,,,,
,5.594540693920694e-06,5.5945406939206935e-05,1.1189081387841388e-05,0.0,11799,,,,,,,,,,,,,,,,,,,,,,,,,,,,,,,,,,,,,,,,,,,,
,5.594540693920694e-06,5.5945406939206935e-05,1.1189081387841388e-05,0.0,11799,,,,,,,,,,,,,,,,,,,,,,,,,,,,,,,,,,,,,,,,,,,,
5,,,,,11799,,,,,0.8824458718299866,,0.0199112631380558,,3.6710050106048584,,1.566279934195336e-05,,,0.009947801008820534,4.573362350463867,,,,,,,,,,,,,,,,,,,,,,,,,,,,,
,5.580980309769045e-06,5.580980309769045e-05,1.116196061953809e-05,0.0,11819,,,,,,,,,,,,,,,,,,,,,,,,,,,,,,,,,,,,,,,,,,,,
,5.580980309769045e-06,5.580980309769045e-05,1.116196061953809e-05,0.0,11819,,,,,,,,,,,,,,,,,,,,,,,,,,,,,,,,,,,,,,,,,,,,
5,,,,,11819,,,,,0.6698017120361328,,0.012151699513196945,,2.7002835273742676,,6.6953525674762204e-06,,,0.00607250165194273,3.382236957550049,,,,,,,,,,,,,,,,,,,,,,,,,,,,,
,5.567415893174885e-06,5.5674158931748854e-05,1.113483178634977e-05,0.0,11839,,,,,,,,,,,,,,,,,,,,,,,,,,,,,,,,,,,,,,,,,,,,
,5.567415893174885e-06,5.5674158931748854e-05,1.113483178634977e-05,0.0,11839,,,,,,,,,,,,,,,,,,,,,,,,,,,,,,,,,,,,,,,,,,,,
5,,,,,11839,,,,,0.7156221866607666,,0.02922818437218666,,1.8462059497833252,,1.3668684914591722e-05,,,0.014607258141040802,2.5910563468933105,,,,,,,,,,,,,,,,,,,,,,,,,,,,,
,5.553847547150945e-06,5.553847547150946e-05,1.110769509430189e-05,0.0,11859,,,,,,,,,,,,,,,,,,,,,,,,,,,,,,,,,,,,,,,,,,,,
,5.553847547150945e-06,5.553847547150946e-05,1.110769509430189e-05,0.0,11859,,,,,,,,,,,,,,,,,,,,,,,,,,,,,,,,,,,,,,,,,,,,
5,,,,,11859,,,,,0.8141719102859497,,0.05916085094213486,,2.23036789894104,,1.3165982636564877e-05,,,0.029573842883110046,3.103700637817383,,,,,,,,,,,,,,,,,,,,,,,,,,,,,
,5.540275374739792e-06,5.5402753747397914e-05,1.1080550749479584e-05,0.0,11879,,,,,,,,,,,,,,,,,,,,,,,,,,,,,,,,,,,,,,,,,,,,
,5.540275374739792e-06,5.5402753747397914e-05,1.1080550749479584e-05,0.0,11879,,,,,,,,,,,,,,,,,,,,,,,,,,,,,,,,,,,,,,,,,,,,
5,,,,,11879,,,,,1.0782028436660767,,0.011831114068627357,,4.465226173400879,,3.68204819096718e-05,,,0.00589714664965868,5.555260181427002,,,,,,,,,,,,,,,,,,,,,,,,,,,,,
,5.526699479013052e-06,5.526699479013052e-05,1.1053398958026104e-05,0.0,11899,,,,,,,,,,,,,,,,,,,,,,,,,,,,,,,,,,,,,,,,,,,,
,5.526699479013052e-06,5.526699479013052e-05,1.1053398958026104e-05,0.0,11899,,,,,,,,,,,,,,,,,,,,,,,,,,,,,,,,,,,,,,,,,,,,
5,,,,,11899,,,,,0.47863730788230896,,0.004127957858145237,,1.9461003541946411,,2.3934248929435853e-06,,,0.0020627824123948812,2.428865671157837,,,,,,,,,,,,,,,,,,,,,,,,,,,,,
,5.5131199630706335e-06,5.513119963070633e-05,1.1026239926141267e-05,0.0,11919,,,,,,,,,,,,,,,,,,,,,,,,,,,,,,,,,,,,,,,,,,,,
,5.5131199630706335e-06,5.513119963070633e-05,1.1026239926141267e-05,0.0,11919,,,,,,,,,,,,,,,,,,,,,,,,,,,,,,,,,,,,,,,,,,,,
5,,,,,11919,,,,,0.6860824227333069,,0.01773354969918728,,4.025507926940918,,7.97292341303546e-06,,,0.00886278785765171,4.729323863983154,,,,,,,,,,,,,,,,,,,,,,,,,,,,,
,5.499536930039931e-06,5.4995369300399314e-05,1.0999073860079862e-05,0.0,11939,,,,,,,,,,,,,,,,,,,,,,,,,,,,,,,,,,,,,,,,,,,,
,5.499536930039931e-06,5.4995369300399314e-05,1.0999073860079862e-05,0.0,11939,,,,,,,,,,,,,,,,,,,,,,,,,,,,,,,,,,,,,,,,,,,,
5,,,,,11939,,,,,0.8771927356719971,,0.016267618164420128,,3.207127094268799,,4.834982973989099e-06,,,0.008131391368806362,4.100587368011475,,,,,,,,,,,,,,,,,,,,,,,,,,,,,
,5.485950483075054e-06,5.485950483075053e-05,1.0971900966150107e-05,0.0,11959,,,,,,,,,,,,,,,,,,,,,,,,,,,,,,,,,,,,,,,,,,,,
,5.485950483075054e-06,5.485950483075053e-05,1.0971900966150107e-05,0.0,11959,,,,,,,,,,,,,,,,,,,,,,,,,,,,,,,,,,,,,,,,,,,,
5,,,,,11959,,,,,0.691631555557251,,0.04128789156675339,,2.5235848426818848,,2.628773927426664e-07,,,0.0206438135355711,3.2565042972564697,,,,,,,,,,,,,,,,,,,,,,,,,,,,,
,5.472360725356032e-06,5.4723607253560314e-05,1.0944721450712063e-05,0.0,11979,,,,,,,,,,,,,,,,,,,,,,,,,,,,,,,,,,,,,,,,,,,,
,5.472360725356032e-06,5.4723607253560314e-05,1.0944721450712063e-05,0.0,11979,,,,,,,,,,,,,,,,,,,,,,,,,,,,,,,,,,,,,,,,,,,,
5,,,,,11979,,,,,0.5211847424507141,,0.02684231474995613,,1.857887864112854,,2.035931174759753e-06,,,0.01342013943940401,2.4059150218963623,,,,,,,,,,,,,,,,,,,,,,,,,,,,,
,5.458767760088047e-06,5.458767760088046e-05,1.0917535520176093e-05,0.0,11999,,,,,,,,,,,,,,,,,,,,,,,,,,,,,,,,,,,,,,,,,,,,
,5.458767760088047e-06,5.458767760088046e-05,1.0917535520176093e-05,0.0,11999,,,,,,,,,,,,,,,,,,,,,,,,,,,,,,,,,,,,,,,,,,,,
5,,,,,11999,,,,,0.6332418918609619,,0.029537804424762726,,2.815887451171875,,4.5419929506351764e-07,,,0.014768674969673157,3.4786672592163086,,,,,,,,,,,,,,,,,,,,,,,,,,,,,
5,,,,,11999,,,,,,,,,,,,,,,,,,,0.0,4800.0,18.758642196655273,16.423948287963867,46.4795036315918,0.24166665971279144,0.3322916626930237,0.38874998688697815,0.21096622943878174,0.06787573546171188,0.1381986290216446,0.004891677293926477,5.0,4800.0,0.0,0.0,5.0,4800.0,1160.0,1595.0,1866.0,1.0,1.0,5.0,0.7440620064735413,0.7440620064735413
5,,,,,11999,13.521720886230469,20.810546875,1.0,0.8673492074012756,,0.03148863464593887,,3.3023602962493896,,0.000725516234524548,,4.201193809509277,0.01538157369941473,,,0.6785017251968384,2.0,7830.0,,,,,,,,,,,,,,,,,,,,,,,,,,
,5.44517169050063e-06,5.44517169050063e-05,1.089034338100126e-05,0.0,12019,,,,,,,,,,,,,,,,,,,,,,,,,,,,,,,,,,,,,,,,,,,,
,5.44517169050063e-06,5.44517169050063e-05,1.089034338100126e-05,0.0,12019,,,,,,,,,,,,,,,,,,,,,,,,,,,,,,,,,,,,,,,,,,,,
6,,,,,12019,,,,,0.6626197695732117,,0.03748858720064163,,2.6544189453125,,8.392582344640687e-07,,,0.01874387264251709,3.354527473449707,,,,,,,,,,,,,,,,,,,,,,,,,,,,,
,5.431572619846895e-06,5.431572619846895e-05,1.086314523969379e-05,0.0,12039,,,,,,,,,,,,,,,,,,,,,,,,,,,,,,,,,,,,,,,,,,,,
,5.431572619846895e-06,5.431572619846895e-05,1.086314523969379e-05,0.0,12039,,,,,,,,,,,,,,,,,,,,,,,,,,,,,,,,,,,,,,,,,,,,
6,,,,,12039,,,,,0.5801810026168823,,0.01029244065284729,,1.7483940124511719,,8.391708661292796e-07,,,0.005145800765603781,2.338867425918579,,,,,,,,,,,,,,,,,,,,,,,,,,,,,
,5.4179706514027455e-06,5.417970651402745e-05,1.0835941302805491e-05,0.0,12059,,,,,,,,,,,,,,,,,,,,,,,,,,,,,,,,,,,,,,,,,,,,
,5.4179706514027455e-06,5.417970651402745e-05,1.0835941302805491e-05,0.0,12059,,,,,,,,,,,,,,,,,,,,,,,,,,,,,,,,,,,,,,,,,,,,
6,,,,,12059,,,,,1.0759550333023071,,0.007363332901149988,,5.164416313171387,,1.959957262442913e-05,,,0.0036718666087836027,6.247734546661377,,,,,,,,,,,,,,,,,,,,,,,,,,,,,
,5.404365888466087e-06,5.4043658884660865e-05,1.0808731776932174e-05,0.0,12079,,,,,,,,,,,,,,,,,,,,,,,,,,,,,,,,,,,,,,,,,,,,
,5.404365888466087e-06,5.4043658884660865e-05,1.0808731776932174e-05,0.0,12079,,,,,,,,,,,,,,,,,,,,,,,,,,,,,,,,,,,,,,,,,,,,
6,,,,,12079,,,,,0.6684572100639343,,0.03766593337059021,,1.445048213005066,,0.0005230749375186861,,,0.018571428954601288,2.1511714458465576,,,,,,,,,,,,,,,,,,,,,,,,,,,,,
,5.390758434356054e-06,5.3907584343560536e-05,1.0781516868712107e-05,0.0,12099,,,,,,,,,,,,,,,,,,,,,,,,,,,,,,,,,,,,,,,,,,,,
,5.390758434356054e-06,5.3907584343560536e-05,1.0781516868712107e-05,0.0,12099,,,,,,,,,,,,,,,,,,,,,,,,,,,,,,,,,,,,,,,,,,,,
6,,,,,12099,,,,,0.7967702746391296,,0.027473721653223038,,2.3503479957580566,,2.759011294983793e-05,,,0.013723066076636314,3.1745920181274414,,,,,,,,,,,,,,,,,,,,,,,,,,,,,
,5.377148392412213e-06,5.3771483924122126e-05,1.0754296784824426e-05,0.0,12119,,,,,,,,,,,,,,,,,,,,,,,,,,,,,,,,,,,,,,,,,,,,
,5.377148392412213e-06,5.3771483924122126e-05,1.0754296784824426e-05,0.0,12119,,,,,,,,,,,,,,,,,,,,,,,,,,,,,,,,,,,,,,,,,,,,
6,,,,,12119,,,,,0.39259201288223267,,0.01496985275298357,,2.0237460136413574,,9.565793152432889e-05,,,0.0074370973743498325,2.431307792663574,,,,,,,,,,,,,,,,,,,,,,,,,,,,,
,5.3635358659937886e-06,5.363535865993789e-05,1.0727071731987577e-05,0.0,12139,,,,,,,,,,,,,,,,,,,,,,,,,,,,,,,,,,,,,,,,,,,,
,5.3635358659937886e-06,5.363535865993789e-05,1.0727071731987577e-05,0.0,12139,,,,,,,,,,,,,,,,,,,,,,,,,,,,,,,,,,,,,,,,,,,,
6,,,,,12139,,,,,0.8259105682373047,,0.024006694555282593,,3.079040050506592,,0.00012044973846059293,,,0.011943122372031212,3.928957223892212,,,,,,,,,,,,,,,,,,,,,,,,,,,,,
,5.3499209584788695e-06,5.349920958478869e-05,1.0699841916957739e-05,0.0,12159,,,,,,,,,,,,,,,,,,,,,,,,,,,,,,,,,,,,,,,,,,,,
,5.3499209584788695e-06,5.349920958478869e-05,1.0699841916957739e-05,0.0,12159,,,,,,,,,,,,,,,,,,,,,,,,,,,,,,,,,,,,,,,,,,,,
6,,,,,12159,,,,,0.45116353034973145,,0.00813215784728527,,1.3162355422973633,,0.00012922819587402046,,,0.004001464694738388,1.7755311727523804,,,,,,,,,,,,,,,,,,,,,,,,,,,,,
,5.336303773263628e-06,5.336303773263628e-05,1.0672607546527256e-05,0.0,12179,,,,,,,,,,,,,,,,,,,,,,,,,,,,,,,,,,,,,,,,,,,,
,5.336303773263628e-06,5.336303773263628e-05,1.0672607546527256e-05,0.0,12179,,,,,,,,,,,,,,,,,,,,,,,,,,,,,,,,,,,,,,,,,,,,
6,,,,,12179,,,,,0.6326141953468323,,0.07611072063446045,,2.1864285469055176,,5.716489681617531e-07,,,0.03805507346987724,2.895153522491455,,,,,,,,,,,,,,,,,,,,,,,,,,,,,
,5.322684413761534e-06,5.322684413761534e-05,1.0645368827523069e-05,0.0,12199,,,,,,,,,,,,,,,,,,,,,,,,,,,,,,,,,,,,,,,,,,,,
,5.322684413761534e-06,5.322684413761534e-05,1.0645368827523069e-05,0.0,12199,,,,,,,,,,,,,,,,,,,,,,,,,,,,,,,,,,,,,,,,,,,,
6,,,,,12199,,,,,0.8506640195846558,,0.010271752253174782,,3.744117498397827,,0.00033118779538199306,,,0.004970282316207886,4.605053424835205,,,,,,,,,,,,,,,,,,,,,,,,,,,,,
,5.309062983402573e-06,5.309062983402573e-05,1.0618125966805147e-05,0.0,12219,,,,,,,,,,,,,,,,,,,,,,,,,,,,,,,,,,,,,,,,,,,,
,5.309062983402573e-06,5.309062983402573e-05,1.0618125966805147e-05,0.0,12219,,,,,,,,,,,,,,,,,,,,,,,,,,,,,,,,,,,,,,,,,,,,
6,,,,,12219,,,,,1.1300565004348755,,0.014408418908715248,,4.393911838531494,,3.796970850089565e-05,,,0.0071852244436740875,5.538376808166504,,,,,,,,,,,,,,,,,,,,,,,,,,,,,
,5.29543958563245e-06,5.29543958563245e-05,1.05908791712649e-05,0.0,12239,,,,,,,,,,,,,,,,,,,,,,,,,,,,,,,,,,,,,,,,,,,,
,5.29543958563245e-06,5.29543958563245e-05,1.05908791712649e-05,0.0,12239,,,,,,,,,,,,,,,,,,,,,,,,,,,,,,,,,,,,,,,,,,,,
6,,,,,12239,,,,,0.414074569940567,,0.0035100525710731745,,1.7707606554031372,,3.821770860668039e-06,,,0.00175311544444412,2.188345193862915,,,,,,,,,,,,,,,,,,,,,,,,,,,,,
,5.28181432391182e-06,5.28181432391182e-05,1.056362864782364e-05,0.0,12259,,,,,,,,,,,,,,,,,,,,,,,,,,,,,,,,,,,,,,,,,,,,
,5.28181432391182e-06,5.28181432391182e-05,1.056362864782364e-05,0.0,12259,,,,,,,,,,,,,,,,,,,,,,,,,,,,,,,,,,,,,,,,,,,,
6,,,,,12259,,,,,0.7217785716056824,,0.016554338857531548,,2.581716299057007,,5.047004742664285e-05,,,0.008251935243606567,3.320049285888672,,,,,,,,,,,,,,,,,,,,,,,,,,,,,
,5.268187301715488e-06,5.2681873017154884e-05,1.0536374603430976e-05,0.0,12279,,,,,,,,,,,,,,,,,,,,,,,,,,,,,,,,,,,,,,,,,,,,
,5.268187301715488e-06,5.2681873017154884e-05,1.0536374603430976e-05,0.0,12279,,,,,,,,,,,,,,,,,,,,,,,,,,,,,,,,,,,,,,,,,,,,
6,,,,,12279,,,,,0.5255823135375977,,0.03642876446247101,,2.539961814880371,,0.013106019236147404,,,0.01166137307882309,3.101972818374634,,,,,,,,,,,,,,,,,,,,,,,,,,,,,
,5.254558622531625e-06,5.254558622531625e-05,1.050911724506325e-05,0.0,12299,,,,,,,,,,,,,,,,,,,,,,,,,,,,,,,,,,,,,,,,,,,,
,5.254558622531625e-06,5.254558622531625e-05,1.050911724506325e-05,0.0,12299,,,,,,,,,,,,,,,,,,,,,,,,,,,,,,,,,,,,,,,,,,,,
6,,,,,12299,,,,,0.6937331557273865,,0.022251639515161514,,2.393901824951172,,4.779096229867719e-07,,,0.011125581339001656,3.109886646270752,,,,,,,,,,,,,,,,,,,,,,,,,,,,,
,5.240928389860997e-06,5.240928389860996e-05,1.0481856779721994e-05,0.0,12319,,,,,,,,,,,,,,,,,,,,,,,,,,,,,,,,,,,,,,,,,,,,
,5.240928389860997e-06,5.240928389860996e-05,1.0481856779721994e-05,0.0,12319,,,,,,,,,,,,,,,,,,,,,,,,,,,,,,,,,,,,,,,,,,,,
6,,,,,12319,,,,,0.9746575951576233,,0.010152755305171013,,2.984431743621826,,9.26861218886188e-07,,,0.005075913853943348,3.9692420959472656,,,,,,,,,,,,,,,,,,,,,,,,,,,,,
,5.2272967072161585e-06,5.2272967072161585e-05,1.0454593414432317e-05,0.0,12339,,,,,,,,,,,,,,,,,,,,,,,,,,,,,,,,,,,,,,,,,,,,
,5.2272967072161585e-06,5.2272967072161585e-05,1.0454593414432317e-05,0.0,12339,,,,,,,,,,,,,,,,,,,,,,,,,,,,,,,,,,,,,,,,,,,,
6,,,,,12339,,,,,0.545079231262207,,0.0031363305170089006,,2.152089834213257,,1.574898419676174e-06,,,0.001567377825267613,2.700305461883545,,,,,,,,,,,,,,,,,,,,,,,,,,,,,
,5.213663678120676e-06,5.213663678120676e-05,1.0427327356241353e-05,0.0,12359,,,,,,,,,,,,,,,,,,,,,,,,,,,,,,,,,,,,,,,,,,,,
,5.213663678120676e-06,5.213663678120676e-05,1.0427327356241353e-05,0.0,12359,,,,,,,,,,,,,,,,,,,,,,,,,,,,,,,,,,,,,,,,,,,,
6,,,,,12359,,,,,1.5203514099121094,,0.003937077708542347,,5.3575334548950195,,1.855319169408176e-05,,,0.0019592621829360723,6.881822109222412,,,,,,,,,,,,,,,,,,,,,,,,,,,,,
,5.200029406108347e-06,5.2000294061083464e-05,1.0400058812216694e-05,0.0,12379,,,,,,,,,,,,,,,,,,,,,,,,,,,,,,,,,,,,,,,,,,,,
,5.200029406108347e-06,5.2000294061083464e-05,1.0400058812216694e-05,0.0,12379,,,,,,,,,,,,,,,,,,,,,,,,,,,,,,,,,,,,,,,,,,,,
6,,,,,12379,,,,,0.6981098055839539,,0.07092583179473877,,2.239805221557617,,0.00022399389126803726,,,0.03535091504454613,3.008840799331665,,,,,,,,,,,,,,,,,,,,,,,,,,,,,
,5.186393994722403e-06,5.1863939947224026e-05,1.0372787989444806e-05,0.0,12399,,,,,,,,,,,,,,,,,,,,,,,,,,,,,,,,,,,,,,,,,,,,
,5.186393994722403e-06,5.1863939947224026e-05,1.0372787989444806e-05,0.0,12399,,,,,,,,,,,,,,,,,,,,,,,,,,,,,,,,,,,,,,,,,,,,
6,,,,,12399,,,,,0.320865273475647,,0.011877039447426796,,2.041092872619629,,7.719992822785571e-07,,,0.00593813369050622,2.3738350868225098,,,,,,,,,,,,,,,,,,,,,,,,,,,,,
,5.172757547514729e-06,5.172757547514729e-05,1.0345515095029459e-05,0.0,12419,,,,,,,,,,,,,,,,,,,,,,,,,,,,,,,,,,,,,,,,,,,,
,5.172757547514729e-06,5.172757547514729e-05,1.0345515095029459e-05,0.0,12419,,,,,,,,,,,,,,,,,,,,,,,,,,,,,,,,,,,,,,,,,,,,
6,,,,,12419,,,,,0.5548564195632935,,0.042997606098651886,,1.7445042133331299,,2.634945076351869e-06,,,0.021497486159205437,2.342358112335205,,,,,,,,,,,,,,,,,,,,,,,,,,,,,
,5.159120168045082e-06,5.159120168045082e-05,1.0318240336090164e-05,0.0,12439,,,,,,,,,,,,,,,,,,,,,,,,,,,,,,,,,,,,,,,,,,,,
,5.159120168045082e-06,5.159120168045082e-05,1.0318240336090164e-05,0.0,12439,,,,,,,,,,,,,,,,,,,,,,,,,,,,,,,,,,,,,,,,,,,,
6,,,,,12439,,,,,0.8002156615257263,,0.014653191901743412,,2.646876335144043,,3.954320709453896e-05,,,0.007306824438273907,3.461745262145996,,,,,,,,,,,,,,,,,,,,,,,,,,,,,
,5.145481959880286e-06,5.145481959880286e-05,1.0290963919760572e-05,0.0,12459,,,,,,,,,,,,,,,,,,,,,,,,,,,,,,,,,,,,,,,,,,,,
,5.145481959880286e-06,5.145481959880286e-05,1.0290963919760572e-05,0.0,12459,,,,,,,,,,,,,,,,,,,,,,,,,,,,,,,,,,,,,,,,,,,,
6,,,,,12459,,,,,0.5297282338142395,,0.017362013459205627,,1.6106104850769043,,9.360629519505892e-06,,,0.008676325902342796,2.157700777053833,,,,,,,,,,,,,,,,,,,,,,,,,,,,,
,5.131843026593476e-06,5.131843026593476e-05,1.0263686053186952e-05,0.0,12479,,,,,,,,,,,,,,,,,,,,,,,,,,,,,,,,,,,,,,,,,,,,
,5.131843026593476e-06,5.131843026593476e-05,1.0263686053186952e-05,0.0,12479,,,,,,,,,,,,,,,,,,,,,,,,,,,,,,,,,,,,,,,,,,,,
6,,,,,12479,,,,,0.7905030250549316,,0.01674499176442623,,3.245392084121704,,1.4899423206315987e-07,,,0.008372421376407146,4.052639961242676,,,,,,,,,,,,,,,,,,,,,,,,,,,,,
,5.1182034717632774e-06,5.118203471763278e-05,1.0236406943526555e-05,0.0,12499,,,,,,,,,,,,,,,,,,,,,,,,,,,,,,,,,,,,,,,,,,,,
,5.1182034717632774e-06,5.118203471763278e-05,1.0236406943526555e-05,0.0,12499,,,,,,,,,,,,,,,,,,,,,,,,,,,,,,,,,,,,,,,,,,,,
6,,,,,12499,,,,,0.7804043292999268,,0.03175222873687744,,3.946267604827881,,6.634643341385527e-06,,,0.01587279699742794,4.758423805236816,,,,,,,,,,,,,,,,,,,,,,,,,,,,,
,5.104563398973047e-06,5.104563398973047e-05,1.0209126797946093e-05,0.0,12519,,,,,,,,,,,,,,,,,,,,,,,,,,,,,,,,,,,,,,,,,,,,
,5.104563398973047e-06,5.104563398973047e-05,1.0209126797946093e-05,0.0,12519,,,,,,,,,,,,,,,,,,,,,,,,,,,,,,,,,,,,,,,,,,,,
6,,,,,12519,,,,,0.7320496439933777,,0.029501352459192276,,2.225510835647583,,5.927142410655506e-06,,,0.014747712761163712,2.9870619773864746,,,,,,,,,,,,,,,,,,,,,,,,,,,,,
,5.090922911810069e-06,5.090922911810069e-05,1.0181845823620138e-05,0.0,12539,,,,,,,,,,,,,,,,,,,,,,,,,,,,,,,,,,,,,,,,,,,,
,5.090922911810069e-06,5.090922911810069e-05,1.0181845823620138e-05,0.0,12539,,,,,,,,,,,,,,,,,,,,,,,,,,,,,,,,,,,,,,,,,,,,
6,,,,,12539,,,,,0.5128592848777771,,0.028881143778562546,,2.0577900409698486,,8.080320981207478e-07,,,0.01444016769528389,2.5995304584503174,,,,,,,,,,,,,,,,,,,,,,,,,,,,,
,5.077282113864778e-06,5.0772821138647774e-05,1.0154564227729555e-05,0.0,12559,,,,,,,,,,,,,,,,,,,,,,,,,,,,,,,,,,,,,,,,,,,,
,5.077282113864778e-06,5.0772821138647774e-05,1.0154564227729555e-05,0.0,12559,,,,,,,,,,,,,,,,,,,,,,,,,,,,,,,,,,,,,,,,,,,,
6,,,,,12559,,,,,1.2524378299713135,,0.03318801894783974,,3.323878526687622,,5.251145012152847e-06,,,0.016591383144259453,4.609504699707031,,,,,,,,,,,,,,,,,,,,,,,,,,,,,
,5.063641108729965e-06,5.063641108729965e-05,1.012728221745993e-05,0.0,12579,,,,,,,,,,,,,,,,,,,,,,,,,,,,,,,,,,,,,,,,,,,,
,5.063641108729965e-06,5.063641108729965e-05,1.012728221745993e-05,0.0,12579,,,,,,,,,,,,,,,,,,,,,,,,,,,,,,,,,,,,,,,,,,,,
6,,,,,12579,,,,,0.7796376347541809,,0.13433367013931274,,3.1409802436828613,,3.02405373986403e-06,,,0.0671653226017952,4.0549516677856445,,,,,,,,,,,,,,,,,,,,,,,,,,,,,
,5.050000000000001e-06,5.05e-05,1.0100000000000002e-05,0.0,12599,,,,,,,,,,,,,,,,,,,,,,,,,,,,,,,,,,,,,,,,,,,,
,5.050000000000001e-06,5.05e-05,1.0100000000000002e-05,0.0,12599,,,,,,,,,,,,,,,,,,,,,,,,,,,,,,,,,,,,,,,,,,,,
6,,,,,12599,,,,,0.5509945154190063,,0.038309626281261444,,1.9533312320709229,,1.608841193956323e-05,,,0.019146768376231194,2.542635440826416,,,,,,,,,,,,,,,,,,,,,,,,,,,,,
,5.036358891270036e-06,5.0363588912700356e-05,1.0072717782540071e-05,0.0,12619,,,,,,,,,,,,,,,,,,,,,,,,,,,,,,,,,,,,,,,,,,,,
,5.036358891270036e-06,5.0363588912700356e-05,1.0072717782540071e-05,0.0,12619,,,,,,,,,,,,,,,,,,,,,,,,,,,,,,,,,,,,,,,,,,,,
6,,,,,12619,,,,,0.46171775460243225,,0.030548138543963432,,1.3523887395858765,,3.1892701372271404e-05,,,0.01525812316685915,1.8446545600891113,,,,,,,,,,,,,,,,,,,,,,,,,,,,,
,5.022717886135223e-06,5.022717886135223e-05,1.0045435772270446e-05,0.0,12639,,,,,,,,,,,,,,,,,,,,,,,,,,,,,,,,,,,,,,,,,,,,
,5.022717886135223e-06,5.022717886135223e-05,1.0045435772270446e-05,0.0,12639,,,,,,,,,,,,,,,,,,,,,,,,,,,,,,,,,,,,,,,,,,,,
6,,,,,12639,,,,,1.144068956375122,,0.035595834255218506,,5.0125532150268555,,3.7554891605395824e-05,,,0.017779141664505005,6.192217826843262,,,,,,,,,,,,,,,,,,,,,,,,,,,,,
,5.009077088189932e-06,5.009077088189932e-05,1.0018154176379864e-05,0.0,12659,,,,,,,,,,,,,,,,,,,,,,,,,,,,,,,,,,,,,,,,,,,,
,5.009077088189932e-06,5.009077088189932e-05,1.0018154176379864e-05,0.0,12659,,,,,,,,,,,,,,,,,,,,,,,,,,,,,,,,,,,,,,,,,,,,
6,,,,,12659,,,,,0.8509905338287354,,0.008008494973182678,,5.306439399719238,,1.9808525394182652e-05,,,0.0039943428710103035,6.165438652038574,,,,,,,,,,,,,,,,,,,,,,,,,,,,,
,4.995436601026955e-06,4.995436601026955e-05,9.99087320205391e-06,0.0,12679,,,,,,,,,,,,,,,,,,,,,,,,,,,,,,,,,,,,,,,,,,,,
,4.995436601026955e-06,4.995436601026955e-05,9.99087320205391e-06,0.0,12679,,,,,,,,,,,,,,,,,,,,,,,,,,,,,,,,,,,,,,,,,,,,
6,,,,,12679,,,,,1.0621474981307983,,-0.0,,3.170595645904541,,-0.0,,,-0.0,4.232743263244629,,,,,,,,,,,,,,,,,,,,,,,,,,,,,
,4.981796528236723e-06,4.9817965282367236e-05,9.963593056473447e-06,0.0,12699,,,,,,,,,,,,,,,,,,,,,,,,,,,,,,,,,,,,,,,,,,,,
,4.981796528236723e-06,4.9817965282367236e-05,9.963593056473447e-06,0.0,12699,,,,,,,,,,,,,,,,,,,,,,,,,,,,,,,,,,,,,,,,,,,,
6,,,,,12699,,,,,0.769459068775177,,0.05201192945241928,,2.273794412612915,,0.014344797469675541,,,0.018833566457033157,3.0952653884887695,,,,,,,,,,,,,,,,,,,,,,,,,,,,,
,4.968156973406526e-06,4.968156973406526e-05,9.936313946813051e-06,0.0,12719,,,,,,,,,,,,,,,,,,,,,,,,,,,,,,,,,,,,,,,,,,,,
,4.968156973406526e-06,4.968156973406526e-05,9.936313946813051e-06,0.0,12719,,,,,,,,,,,,,,,,,,,,,,,,,,,,,,,,,,,,,,,,,,,,
6,,,,,12719,,,,,0.4924732744693756,,0.002351239090785384,,1.6756702661514282,,1.3623435734189115e-05,,,0.0011688079684972763,2.170494794845581,,,,,,,,,,,,,,,,,,,,,,,,,,,,,
,4.9545180401197145e-06,4.954518040119714e-05,9.909036080239429e-06,0.0,12739,,,,,,,,,,,,,,,,,,,,,,,,,,,,,,,,,,,,,,,,,,,,
,4.9545180401197145e-06,4.954518040119714e-05,9.909036080239429e-06,0.0,12739,,,,,,,,,,,,,,,,,,,,,,,,,,,,,,,,,,,,,,,,,,,,
6,,,,,12739,,,,,0.5721073150634766,,0.04499119147658348,,1.933184027671814,,4.537882887234446e-06,,,0.022493325173854828,2.5502824783325195,,,,,,,,,,,,,,,,,,,,,,,,,,,,,
,4.940879831954921e-06,4.9408798319549205e-05,9.881759663909842e-06,0.0,12759,,,,,,,,,,,,,,,,,,,,,,,,,,,,,,,,,,,,,,,,,,,,
,4.940879831954921e-06,4.9408798319549205e-05,9.881759663909842e-06,0.0,12759,,,,,,,,,,,,,,,,,,,,,,,,,,,,,,,,,,,,,,,,,,,,
6,,,,,12759,,,,,1.38469398021698,,0.11803016811609268,,5.619663238525391,,8.530797117600741e-07,,,0.059014659374952316,7.122387409210205,,,,,,,,,,,,,,,,,,,,,,,,,,,,,
,4.927242452485272e-06,4.9272424524852716e-05,9.854484904970544e-06,0.0,12779,,,,,,,,,,,,,,,,,,,,,,,,,,,,,,,,,,,,,,,,,,,,
,4.927242452485272e-06,4.9272424524852716e-05,9.854484904970544e-06,0.0,12779,,,,,,,,,,,,,,,,,,,,,,,,,,,,,,,,,,,,,,,,,,,,
6,,,,,12779,,,,,1.648030161857605,,0.041938815265893936,,5.336103439331055,,6.25824905000627e-05,,,0.020938117057085037,7.0260725021362305,,,,,,,,,,,,,,,,,,,,,,,,,,,,,
,4.913606005277599e-06,4.913606005277599e-05,9.827212010555199e-06,0.0,12799,,,,,,,,,,,,,,,,,,,,,,,,,,,,,,,,,,,,,,,,,,,,
,4.913606005277599e-06,4.913606005277599e-05,9.827212010555199e-06,0.0,12799,,,,,,,,,,,,,,,,,,,,,,,,,,,,,,,,,,,,,,,,,,,,
6,,,,,12799,,,,,0.6717745661735535,,0.05691217631101608,,2.8351478576660156,,0.0008451503235846758,,,0.028033511713147163,3.5638346672058105,,,,,,,,,,,,,,,,,,,,,,,,,,,,,
,4.899970593891654e-06,4.899970593891654e-05,9.799941187783308e-06,0.0,12819,,,,,,,,,,,,,,,,,,,,,,,,,,,,,,,,,,,,,,,,,,,,
,4.899970593891654e-06,4.899970593891654e-05,9.799941187783308e-06,0.0,12819,,,,,,,,,,,,,,,,,,,,,,,,,,,,,,,,,,,,,,,,,,,,
6,,,,,12819,,,,,0.623378574848175,,0.05426611378788948,,2.358394145965576,,0.00024209034745581448,,,0.027012012898921967,3.036038875579834,,,,,,,,,,,,,,,,,,,,,,,,,,,,,
,4.8863363218793244e-06,4.886336321879325e-05,9.772672643758649e-06,0.0,12839,,,,,,,,,,,,,,,,,,,,,,,,,,,,,,,,,,,,,,,,,,,,
,4.8863363218793244e-06,4.886336321879325e-05,9.772672643758649e-06,0.0,12839,,,,,,,,,,,,,,,,,,,,,,,,,,,,,,,,,,,,,,,,,,,,
6,,,,,12839,,,,,0.7922194600105286,,0.04743044078350067,,2.541001319885254,,0.000119733129395172,,,0.023655353114008904,3.3806512355804443,,,,,,,,,,,,,,,,,,,,,,,,,,,,,
,4.872703292783844e-06,4.872703292783844e-05,9.745406585567688e-06,0.0,12859,,,,,,,,,,,,,,,,,,,,,,,,,,,,,,,,,,,,,,,,,,,,
,4.872703292783844e-06,4.872703292783844e-05,9.745406585567688e-06,0.0,12859,,,,,,,,,,,,,,,,,,,,,,,,,,,,,,,,,,,,,,,,,,,,
6,,,,,12859,,,,,1.1776293516159058,,0.04271368682384491,,4.566305160522461,,3.928697697119787e-05,,,0.021337199956178665,5.786648273468018,,,,,,,,,,,,,,,,,,,,,,,,,,,,,
,4.859071610139003e-06,4.8590716101390026e-05,9.718143220278006e-06,0.0,12879,,,,,,,,,,,,,,,,,,,,,,,,,,,,,,,,,,,,,,,,,,,,
,4.859071610139003e-06,4.8590716101390026e-05,9.718143220278006e-06,0.0,12879,,,,,,,,,,,,,,,,,,,,,,,,,,,,,,,,,,,,,,,,,,,,
6,,,,,12879,,,,,1.3294709920883179,,0.030930468812584877,,4.169927597045898,,0.0003331089683342725,,,0.01529867947101593,5.53032922744751,,,,,,,,,,,,,,,,,,,,,,,,,,,,,
,4.845441377468374e-06,4.845441377468374e-05,9.690882754936749e-06,0.0,12899,,,,,,,,,,,,,,,,,,,,,,,,,,,,,,,,,,,,,,,,,,,,
,4.845441377468374e-06,4.845441377468374e-05,9.690882754936749e-06,0.0,12899,,,,,,,,,,,,,,,,,,,,,,,,,,,,,,,,,,,,,,,,,,,,
6,,,,,12899,,,,,1.0661921501159668,,0.01744159311056137,,3.753739595413208,,0.00010104622197104618,,,0.00867027323693037,4.83737325668335,,,,,,,,,,,,,,,,,,,,,,,,,,,,,
,4.831812698284514e-06,4.831812698284514e-05,9.663625396569029e-06,0.0,12919,,,,,,,,,,,,,,,,,,,,,,,,,,,,,,,,,,,,,,,,,,,,
,4.831812698284514e-06,4.831812698284514e-05,9.663625396569029e-06,0.0,12919,,,,,,,,,,,,,,,,,,,,,,,,,,,,,,,,,,,,,,,,,,,,
6,,,,,12919,,,,,0.37486597895622253,,0.011471513658761978,,1.424177885055542,,1.0471665063960245e-06,,,0.005735233426094055,1.8105154037475586,,,,,,,,,,,,,,,,,,,,,,,,,,,,,
,4.81818567608818e-06,4.81818567608818e-05,9.63637135217636e-06,0.0,12939,,,,,,,,,,,,,,,,,,,,,,,,,,,,,,,,,,,,,,,,,,,,
,4.81818567608818e-06,4.81818567608818e-05,9.63637135217636e-06,0.0,12939,,,,,,,,,,,,,,,,,,,,,,,,,,,,,,,,,,,,,,,,,,,,
6,,,,,12939,,,,,1.0067989826202393,,0.04057816043496132,,4.493002891540527,,7.621123950229958e-05,,,0.020250974223017693,5.540380477905273,,,,,,,,,,,,,,,,,,,,,,,,,,,,,
,4.804560414367549e-06,4.8045604143675494e-05,9.609120828735098e-06,0.0,12959,,,,,,,,,,,,,,,,,,,,,,,,,,,,,,,,,,,,,,,,,,,,
,4.804560414367549e-06,4.8045604143675494e-05,9.609120828735098e-06,0.0,12959,,,,,,,,,,,,,,,,,,,,,,,,,,,,,,,,,,,,,,,,,,,,
6,,,,,12959,,,,,0.7302667498588562,,0.011148834601044655,,2.9328086376190186,,6.8107906372461e-06,,,0.005571011919528246,3.674224376678467,,,,,,,,,,,,,,,,,,,,,,,,,,,,,
,4.790937016597428e-06,4.790937016597428e-05,9.581874033194856e-06,0.0,12979,,,,,,,,,,,,,,,,,,,,,,,,,,,,,,,,,,,,,,,,,,,,
,4.790937016597428e-06,4.790937016597428e-05,9.581874033194856e-06,0.0,12979,,,,,,,,,,,,,,,,,,,,,,,,,,,,,,,,,,,,,,,,,,,,
6,,,,,12979,,,,,0.891045331954956,,0.012304622679948807,,3.0542550086975098,,1.1065437774959719e-06,,,0.006151758134365082,3.9576048851013184,,,,,,,,,,,,,,,,,,,,,,,,,,,,,
,4.777315586238466e-06,4.7773155862384656e-05,9.554631172476931e-06,0.0,12999,,,,,,,,,,,,,,,,,,,,,,,,,,,,,,,,,,,,,,,,,,,,
,4.777315586238466e-06,4.7773155862384656e-05,9.554631172476931e-06,0.0,12999,,,,,,,,,,,,,,,,,,,,,,,,,,,,,,,,,,,,,,,,,,,,
6,,,,,12999,,,,,0.600301206111908,,0.03197460621595383,,1.7882481813430786,,2.4854739422153216e-07,,,0.015987178310751915,2.4205238819122314,,,,,,,,,,,,,,,,,,,,,,,,,,,,,
,4.763696226736374e-06,4.763696226736374e-05,9.527392453472749e-06,0.0,13019,,,,,,,,,,,,,,,,,,,,,,,,,,,,,,,,,,,,,,,,,,,,
,4.763696226736374e-06,4.763696226736374e-05,9.527392453472749e-06,0.0,13019,,,,,,,,,,,,,,,,,,,,,,,,,,,,,,,,,,,,,,,,,,,,
6,,,,,13019,,,,,0.6063359379768372,,0.03325298801064491,,1.4249918460845947,,4.960285878041759e-05,,,0.016601692885160446,2.0645806789398193,,,,,,,,,,,,,,,,,,,,,,,,,,,,,
,4.750079041521133e-06,4.7500790415211326e-05,9.500158083042266e-06,0.0,13039,,,,,,,,,,,,,,,,,,,,,,,,,,,,,,,,,,,,,,,,,,,,
,4.750079041521133e-06,4.7500790415211326e-05,9.500158083042266e-06,0.0,13039,,,,,,,,,,,,,,,,,,,,,,,,,,,,,,,,,,,,,,,,,,,,
6,,,,,13039,,,,,0.7929463386535645,,0.011036837473511696,,2.6995038986206055,,2.0137817102749977e-07,,,0.0055183181539177895,3.5034871101379395,,,,,,,,,,,,,,,,,,,,,,,,,,,,,
,4.736464134006215e-06,4.736464134006214e-05,9.47292826801243e-06,0.0,13059,,,,,,,,,,,,,,,,,,,,,,,,,,,,,,,,,,,,,,,,,,,,
,4.736464134006215e-06,4.736464134006214e-05,9.47292826801243e-06,0.0,13059,,,,,,,,,,,,,,,,,,,,,,,,,,,,,,,,,,,,,,,,,,,,
6,,,,,13059,,,,,0.6205806732177734,,0.015762249007821083,,2.9541938304901123,,2.3011824623608845e-07,,,0.00788100901991129,3.5905368328094482,,,,,,,,,,,,,,,,,,,,,,,,,,,,,
,4.722851607587789e-06,4.722851607587788e-05,9.445703215175578e-06,0.0,13079,,,,,,,,,,,,,,,,,,,,,,,,,,,,,,,,,,,,,,,,,,,,
,4.722851607587789e-06,4.722851607587788e-05,9.445703215175578e-06,0.0,13079,,,,,,,,,,,,,,,,,,,,,,,,,,,,,,,,,,,,,,,,,,,,
6,,,,,13079,,,,,0.621458888053894,,0.03756633400917053,,1.786755084991455,,0.004209338221698999,,,0.016678499057888985,2.4457802772521973,,,,,,,,,,,,,,,,,,,,,,,,,,,,,
,4.70924156564395e-06,4.709241565643949e-05,9.4184831312879e-06,0.0,13099,,,,,,,,,,,,,,,,,,,,,,,,,,,,,,,,,,,,,,,,,,,,
,4.70924156564395e-06,4.709241565643949e-05,9.4184831312879e-06,0.0,13099,,,,,,,,,,,,,,,,,,,,,,,,,,,,,,,,,,,,,,,,,,,,
6,,,,,13099,,,,,0.7427446246147156,,0.005636852700263262,,3.0847573280334473,,5.217928901402047e-06,,,0.0028158174827694893,3.833138942718506,,,,,,,,,,,,,,,,,,,,,,,,,,,,,
,4.695634111533916e-06,4.695634111533916e-05,9.391268223067833e-06,0.0,13119,,,,,,,,,,,,,,,,,,,,,,,,,,,,,,,,,,,,,,,,,,,,
,4.695634111533916e-06,4.695634111533916e-05,9.391268223067833e-06,0.0,13119,,,,,,,,,,,,,,,,,,,,,,,,,,,,,,,,,,,,,,,,,,,,
6,,,,,13119,,,,,0.4149881601333618,,0.026904674246907234,,1.8891230821609497,,2.191170835885714e-07,,,0.013452228158712387,2.3310160636901855,,,,,,,,,,,,,,,,,,,,,,,,,,,,,
,4.682029348597258e-06,4.6820293485972574e-05,9.364058697194515e-06,0.0,13139,,,,,,,,,,,,,,,,,,,,,,,,,,,,,,,,,,,,,,,,,,,,
,4.682029348597258e-06,4.6820293485972574e-05,9.364058697194515e-06,0.0,13139,,,,,,,,,,,,,,,,,,,,,,,,,,,,,,,,,,,,,,,,,,,,
6,,,,,13139,,,,,0.4422142207622528,,0.010212394408881664,,1.7341253757476807,,1.5619099940522574e-05,,,0.005098387598991394,2.186552047729492,,,,,,,,,,,,,,,,,,,,,,,,,,,,,
,4.668427380153107e-06,4.6684273801531065e-05,9.336854760306214e-06,0.0,13159,,,,,,,,,,,,,,,,,,,,,,,,,,,,,,,,,,,,,,,,,,,,
,4.668427380153107e-06,4.6684273801531065e-05,9.336854760306214e-06,0.0,13159,,,,,,,,,,,,,,,,,,,,,,,,,,,,,,,,,,,,,,,,,,,,
6,,,,,13159,,,,,0.5819797515869141,,0.018559299409389496,,2.1993484497070312,,1.5326597804232733e-06,,,0.00927888322621584,2.7998874187469482,,,,,,,,,,,,,,,,,,,,,,,,,,,,,
,4.654828309499373e-06,4.6548283094993725e-05,9.309656618998747e-06,0.0,13179,,,,,,,,,,,,,,,,,,,,,,,,,,,,,,,,,,,,,,,,,,,,
,4.654828309499373e-06,4.6548283094993725e-05,9.309656618998747e-06,0.0,13179,,,,,,,,,,,,,,,,,,,,,,,,,,,,,,,,,,,,,,,,,,,,
6,,,,,13179,,,,,0.7570793628692627,,0.027889318764209747,,2.651874542236328,,1.3659325759363128e-07,,,0.013944591395556927,3.436843156814575,,,,,,,,,,,,,,,,,,,,,,,,,,,,,
,4.641232239911956e-06,4.6412322399119556e-05,9.282464479823912e-06,0.0,13199,,,,,,,,,,,,,,,,,,,,,,,,,,,,,,,,,,,,,,,,,,,,
,4.641232239911956e-06,4.6412322399119556e-05,9.282464479823912e-06,0.0,13199,,,,,,,,,,,,,,,,,,,,,,,,,,,,,,,,,,,,,,,,,,,,
6,,,,,13199,,,,,0.9105778932571411,,0.002455598209053278,,2.998429775238037,,1.0333104683013516e-07,,,0.0012277474161237478,3.9114632606506348,,,,,,,,,,,,,,,,,,,,,,,,,,,,,
,4.627639274643969e-06,4.627639274643969e-05,9.255278549287938e-06,0.0,13219,,,,,,,,,,,,,,,,,,,,,,,,,,,,,,,,,,,,,,,,,,,,
,4.627639274643969e-06,4.627639274643969e-05,9.255278549287938e-06,0.0,13219,,,,,,,,,,,,,,,,,,,,,,,,,,,,,,,,,,,,,,,,,,,,
6,,,,,13219,,,,,0.9535398483276367,,0.011155474931001663,,3.4810235500335693,,0.00033269322011619806,,,0.005411391146481037,4.445718765258789,,,,,,,,,,,,,,,,,,,,,,,,,,,,,
,4.614049516924949e-06,4.6140495169249485e-05,9.228099033849898e-06,0.0,13239,,,,,,,,,,,,,,,,,,,,,,,,,,,,,,,,,,,,,,,,,,,,
,4.614049516924949e-06,4.6140495169249485e-05,9.228099033849898e-06,0.0,13239,,,,,,,,,,,,,,,,,,,,,,,,,,,,,,,,,,,,,,,,,,,,
6,,,,,13239,,,,,0.9207545518875122,,0.04100598394870758,,3.159766674041748,,6.254946492845193e-05,,,0.020471716299653053,4.121527194976807,,,,,,,,,,,,,,,,,,,,,,,,,,,,,
,4.6004630699600695e-06,4.6004630699600695e-05,9.200926139920139e-06,0.0,13259,,,,,,,,,,,,,,,,,,,,,,,,,,,,,,,,,,,,,,,,,,,,
,4.6004630699600695e-06,4.6004630699600695e-05,9.200926139920139e-06,0.0,13259,,,,,,,,,,,,,,,,,,,,,,,,,,,,,,,,,,,,,,,,,,,,
6,,,,,13259,,,,,0.9597613215446472,,0.024198481813073158,,3.8764865398406982,,0.001779609126970172,,,0.011209436692297459,4.860446453094482,,,,,,,,,,,,,,,,,,,,,,,,,,,,,
,4.586880036929367e-06,4.586880036929368e-05,9.173760073858734e-06,0.0,13279,,,,,,,,,,,,,,,,,,,,,,,,,,,,,,,,,,,,,,,,,,,,
,4.586880036929367e-06,4.586880036929368e-05,9.173760073858734e-06,0.0,13279,,,,,,,,,,,,,,,,,,,,,,,,,,,,,,,,,,,,,,,,,,,,
6,,,,,13279,,,,,0.6822462677955627,,0.049527160823345184,,1.8908746242523193,,3.1399247291119536e-06,,,0.02476201020181179,2.622648000717163,,,,,,,,,,,,,,,,,,,,,,,,,,,,,
,4.573300520986949e-06,4.5733005209869487e-05,9.146601041973899e-06,0.0,13299,,,,,,,,,,,,,,,,,,,,,,,,,,,,,,,,,,,,,,,,,,,,
,4.573300520986949e-06,4.5733005209869487e-05,9.146601041973899e-06,0.0,13299,,,,,,,,,,,,,,,,,,,,,,,,,,,,,,,,,,,,,,,,,,,,
6,,,,,13299,,,,,0.7541825771331787,,0.022981764748692513,,2.815403938293457,,0.0005568941123783588,,,0.01121243555098772,3.5925683975219727,,,,,,,,,,,,,,,,,,,,,,,,,,,,,
,4.55972462526021e-06,4.55972462526021e-05,9.11944925052042e-06,0.0,13319,,,,,,,,,,,,,,,,,,,,,,,,,,,,,,,,,,,,,,,,,,,,
,4.55972462526021e-06,4.55972462526021e-05,9.11944925052042e-06,0.0,13319,,,,,,,,,,,,,,,,,,,,,,,,,,,,,,,,,,,,,,,,,,,,
6,,,,,13319,,,,,1.9488372802734375,,0.028777699917554855,,7.091802597045898,,2.044897655650857e-06,,,0.0143878273665905,9.069417953491211,,,,,,,,,,,,,,,,,,,,,,,,,,,,,
,4.546152452849057e-06,4.5461524528490565e-05,9.092304905698114e-06,0.0,13339,,,,,,,,,,,,,,,,,,,,,,,,,,,,,,,,,,,,,,,,,,,,
,4.546152452849057e-06,4.5461524528490565e-05,9.092304905698114e-06,0.0,13339,,,,,,,,,,,,,,,,,,,,,,,,,,,,,,,,,,,,,,,,,,,,
6,,,,,13339,,,,,1.1288985013961792,,0.07996629178524017,,4.048393726348877,,0.011590927839279175,,,0.0341876819729805,5.257258415222168,,,,,,,,,,,,,,,,,,,,,,,,,,,,,
,4.532584106825116e-06,4.532584106825116e-05,9.065168213650232e-06,0.0,13359,,,,,,,,,,,,,,,,,,,,,,,,,,,,,,,,,,,,,,,,,,,,
,4.532584106825116e-06,4.532584106825116e-05,9.065168213650232e-06,0.0,13359,,,,,,,,,,,,,,,,,,,,,,,,,,,,,,,,,,,,,,,,,,,,
6,,,,,13359,,,,,0.7509198188781738,,0.034503862261772156,,2.7749195098876953,,2.623862928885501e-05,,,0.017238812521100044,3.5603432655334473,,,,,,,,,,,,,,,,,,,,,,,,,,,,,
,4.519019690230957e-06,4.5190196902309574e-05,9.038039380461915e-06,0.0,13379,,,,,,,,,,,,,,,,,,,,,,,,,,,,,,,,,,,,,,,,,,,,
,4.519019690230957e-06,4.5190196902309574e-05,9.038039380461915e-06,0.0,13379,,,,,,,,,,,,,,,,,,,,,,,,,,,,,,,,,,,,,,,,,,,,
6,,,,,13379,,,,,0.3014146387577057,,0.025305284187197685,,1.6249306201934814,,0.0001498037890996784,,,0.012577740475535393,1.9516505002975464,,,,,,,,,,,,,,,,,,,,,,,,,,,,,
,4.505459306079308e-06,4.505459306079308e-05,9.010918612158617e-06,0.0,13399,,,,,,,,,,,,,,,,,,,,,,,,,,,,,,,,,,,,,,,,,,,,
,4.505459306079308e-06,4.505459306079308e-05,9.010918612158617e-06,0.0,13399,,,,,,,,,,,,,,,,,,,,,,,,,,,,,,,,,,,,,,,,,,,,
6,,,,,13399,,,,,1.0958285331726074,,0.04698514565825462,,4.06463623046875,,0.0025242711417376995,,,0.02223043702542782,5.207449913024902,,,,,,,,,,,,,,,,,,,,,,,,,,,,,
,4.491903057352273e-06,4.491903057352273e-05,8.983806114704546e-06,0.0,13419,,,,,,,,,,,,,,,,,,,,,,,,,,,,,,,,,,,,,,,,,,,,
,4.491903057352273e-06,4.491903057352273e-05,8.983806114704546e-06,0.0,13419,,,,,,,,,,,,,,,,,,,,,,,,,,,,,,,,,,,,,,,,,,,,
6,,,,,13419,,,,,1.3254930973052979,,0.028739266097545624,,4.770136833190918,,0.0002047859743470326,,,0.014267239719629288,6.1243696212768555,,,,,,,,,,,,,,,,,,,,,,,,,,,,,
,4.478351047000549e-06,4.4783510470005494e-05,8.956702094001098e-06,0.0,13439,,,,,,,,,,,,,,,,,,,,,,,,,,,,,,,,,,,,,,,,,,,,
,4.478351047000549e-06,4.4783510470005494e-05,8.956702094001098e-06,0.0,13439,,,,,,,,,,,,,,,,,,,,,,,,,,,,,,,,,,,,,,,,,,,,
6,,,,,13439,,,,,1.8735281229019165,,0.012335402891039848,,11.081575393676758,,1.9166382116964087e-05,,,0.006158118136227131,12.967439651489258,,,,,,,,,,,,,,,,,,,,,,,,,,,,,
,4.464803377942649e-06,4.464803377942649e-05,8.929606755885299e-06,0.0,13459,,,,,,,,,,,,,,,,,,,,,,,,,,,,,,,,,,,,,,,,,,,,
,4.464803377942649e-06,4.464803377942649e-05,8.929606755885299e-06,0.0,13459,,,,,,,,,,,,,,,,,,,,,,,,,,,,,,,,,,,,,,,,,,,,
6,,,,,13459,,,,,0.7228947281837463,,0.01756972260773182,,2.1731081008911133,,2.0496761976573907e-07,,,0.008784758858382702,2.9135725498199463,,,,,,,,,,,,,,,,,,,,,,,,,,,,,
,4.451260153064112e-06,4.451260153064112e-05,8.902520306128223e-06,0.0,13479,,,,,,,,,,,,,,,,,,,,,,,,,,,,,,,,,,,,,,,,,,,,
,4.451260153064112e-06,4.451260153064112e-05,8.902520306128223e-06,0.0,13479,,,,,,,,,,,,,,,,,,,,,,,,,,,,,,,,,,,,,,,,,,,,
6,,,,,13479,,,,,1.2928014993667603,,0.03988561034202576,,3.997601270675659,,1.0774145948744263e-06,,,0.01994226686656475,5.330288410186768,,,,,,,,,,,,,,,,,,,,,,,,,,,,,
,4.4377214752167294e-06,4.437721475216729e-05,8.875442950433459e-06,0.0,13499,,,,,,,,,,,,,,,,,,,,,,,,,,,,,,,,,,,,,,,,,,,,
,4.4377214752167294e-06,4.437721475216729e-05,8.875442950433459e-06,0.0,13499,,,,,,,,,,,,,,,,,,,,,,,,,,,,,,,,,,,,,,,,,,,,
6,,,,,13499,,,,,0.8621774315834045,,0.057776231318712234,,2.348940849304199,,2.21537866309518e-05,,,0.02887704037129879,3.2688944339752197,,,,,,,,,,,,,,,,,,,,,,,,,,,,,
,4.424187447217762e-06,4.424187447217761e-05,8.848374894435524e-06,0.0,13519,,,,,,,,,,,,,,,,,,,,,,,,,,,,,,,,,,,,,,,,,,,,
,4.424187447217762e-06,4.424187447217761e-05,8.848374894435524e-06,0.0,13519,,,,,,,,,,,,,,,,,,,,,,,,,,,,,,,,,,,,,,,,,,,,
6,,,,,13519,,,,,0.6315210461616516,,0.015260377898812294,,2.4708151817321777,,5.607707498711534e-05,,,0.007602150551974773,3.1175966262817383,,,,,,,,,,,,,,,,,,,,,,,,,,,,,
,4.410658171849154e-06,4.4106581718491534e-05,8.821316343698308e-06,0.0,13539,,,,,,,,,,,,,,,,,,,,,,,,,,,,,,,,,,,,,,,,,,,,
,4.410658171849154e-06,4.4106581718491534e-05,8.821316343698308e-06,0.0,13539,,,,,,,,,,,,,,,,,,,,,,,,,,,,,,,,,,,,,,,,,,,,
6,,,,,13539,,,,,0.8684209585189819,,0.028647735714912415,,2.9055564403533936,,2.2447000446845777e-05,,,0.014312644489109516,3.8026251792907715,,,,,,,,,,,,,,,,,,,,,,,,,,,,,
,4.397133751856759e-06,4.397133751856759e-05,8.794267503713519e-06,0.0,13559,,,,,,,,,,,,,,,,,,,,,,,,,,,,,,,,,,,,,,,,,,,,
,4.397133751856759e-06,4.397133751856759e-05,8.794267503713519e-06,0.0,13559,,,,,,,,,,,,,,,,,,,,,,,,,,,,,,,,,,,,,,,,,,,,
6,,,,,13559,,,,,0.805019736289978,,0.02764669805765152,,2.897792100906372,,1.1217315659450833e-05,,,0.013817740604281425,3.7304587364196777,,,,,,,,,,,,,,,,,,,,,,,,,,,,,
,4.383614289949559e-06,4.3836142899495586e-05,8.767228579899118e-06,0.0,13579,,,,,,,,,,,,,,,,,,,,,,,,,,,,,,,,,,,,,,,,,,,,
,4.383614289949559e-06,4.3836142899495586e-05,8.767228579899118e-06,0.0,13579,,,,,,,,,,,,,,,,,,,,,,,,,,,,,,,,,,,,,,,,,,,,
6,,,,,13579,,,,,0.6066392064094543,,0.005049545783549547,,2.0168871879577637,,5.130610247761069e-07,,,0.002524516312405467,2.6285758018493652,,,,,,,,,,,,,,,,,,,,,,,,,,,,,
,4.37009988879888e-06,4.3700998887988794e-05,8.74019977759776e-06,0.0,13599,,,,,,,,,,,,,,,,,,,,,,,,,,,,,,,,,,,,,,,,,,,,
,4.37009988879888e-06,4.3700998887988794e-05,8.74019977759776e-06,0.0,13599,,,,,,,,,,,,,,,,,,,,,,,,,,,,,,,,,,,,,,,,,,,,
6,,,,,13599,,,,,1.0999796390533447,,0.015232047997415066,,3.998032331466675,,7.370396133410395e-07,,,0.0076156556606292725,5.11324405670166,,,,,,,,,,,,,,,,,,,,,,,,,,,,,
,4.356590651037615e-06,4.356590651037615e-05,8.71318130207523e-06,0.0,13619,,,,,,,,,,,,,,,,,,,,,,,,,,,,,,,,,,,,,,,,,,,,
,4.356590651037615e-06,4.356590651037615e-05,8.71318130207523e-06,0.0,13619,,,,,,,,,,,,,,,,,,,,,,,,,,,,,,,,,,,,,,,,,,,,
6,,,,,13619,,,,,0.5519949793815613,,0.006440803408622742,,1.89540696144104,,2.978159682243131e-05,,,0.003205510787665844,2.4538426399230957,,,,,,,,,,,,,,,,,,,,,,,,,,,,,
,4.343086679259446e-06,4.3430866792594456e-05,8.686173358518892e-06,0.0,13639,,,,,,,,,,,,,,,,,,,,,,,,,,,,,,,,,,,,,,,,,,,,
,4.343086679259446e-06,4.3430866792594456e-05,8.686173358518892e-06,0.0,13639,,,,,,,,,,,,,,,,,,,,,,,,,,,,,,,,,,,,,,,,,,,,
6,,,,,13639,,,,,0.578043520450592,,0.008403176441788673,,2.189067840576172,,1.5024682397779543e-05,,,0.004194076173007488,2.7755143642425537,,,,,,,,,,,,,,,,,,,,,,,,,,,,,
,4.329588076018062e-06,4.329588076018062e-05,8.659176152036123e-06,0.0,13659,,,,,,,,,,,,,,,,,,,,,,,,,,,,,,,,,,,,,,,,,,,,
,4.329588076018062e-06,4.329588076018062e-05,8.659176152036123e-06,0.0,13659,,,,,,,,,,,,,,,,,,,,,,,,,,,,,,,,,,,,,,,,,,,,
6,,,,,13659,,,,,1.2652640342712402,,0.00579561572521925,,6.216826438903809,,5.724407401430653e-07,,,0.0028975217137485743,7.48788595199585,,,,,,,,,,,,,,,,,,,,,,,,,,,,,
,4.316094943826382e-06,4.316094943826382e-05,8.632189887652765e-06,0.0,13679,,,,,,,,,,,,,,,,,,,,,,,,,,,,,,,,,,,,,,,,,,,,
,4.316094943826382e-06,4.316094943826382e-05,8.632189887652765e-06,0.0,13679,,,,,,,,,,,,,,,,,,,,,,,,,,,,,,,,,,,,,,,,,,,,
6,,,,,13679,,,,,0.6121017932891846,,0.029550958424806595,,2.728947639465332,,6.292685839071055e-07,,,0.014775164425373077,3.370600461959839,,,,,,,,,,,,,,,,,,,,,,,,,,,,,
,4.302607385155777e-06,4.302607385155777e-05,8.605214770311554e-06,0.0,13699,,,,,,,,,,,,,,,,,,,,,,,,,,,,,,,,,,,,,,,,,,,,
,4.302607385155777e-06,4.302607385155777e-05,8.605214770311554e-06,0.0,13699,,,,,,,,,,,,,,,,,,,,,,,,,,,,,,,,,,,,,,,,,,,,
6,,,,,13699,,,,,0.9040229916572571,,0.01511957123875618,,3.9512314796447754,,7.769264811940957e-06,,,0.007555901072919369,4.8703742027282715,,,,,,,,,,,,,,,,,,,,,,,,,,,,,
,4.28912550243529e-06,4.289125502435289e-05,8.57825100487058e-06,0.0,13719,,,,,,,,,,,,,,,,,,,,,,,,,,,,,,,,,,,,,,,,,,,,
,4.28912550243529e-06,4.289125502435289e-05,8.57825100487058e-06,0.0,13719,,,,,,,,,,,,,,,,,,,,,,,,,,,,,,,,,,,,,,,,,,,,
6,,,,,13719,,,,,0.7637133598327637,,0.005441983696073294,,3.0328502655029297,,4.470292225278172e-08,,,0.002720969496294856,3.8020055294036865,,,,,,,,,,,,,,,,,,,,,,,,,,,,,
,4.275649398050857e-06,4.2756493980508566e-05,8.551298796101713e-06,0.0,13739,,,,,,,,,,,,,,,,,,,,,,,,,,,,,,,,,,,,,,,,,,,,
,4.275649398050857e-06,4.2756493980508566e-05,8.551298796101713e-06,0.0,13739,,,,,,,,,,,,,,,,,,,,,,,,,,,,,,,,,,,,,,,,,,,,
6,,,,,13739,,,,,1.1031941175460815,,0.048775751143693924,,3.9171364307403564,,8.79553917911835e-05,,,0.02434389851987362,5.069106101989746,,,,,,,,,,,,,,,,,,,,,,,,,,,,,
,4.262179174344535e-06,4.262179174344535e-05,8.52435834868907e-06,0.0,13759,,,,,,,,,,,,,,,,,,,,,,,,,,,,,,,,,,,,,,,,,,,,
,4.262179174344535e-06,4.262179174344535e-05,8.52435834868907e-06,0.0,13759,,,,,,,,,,,,,,,,,,,,,,,,,,,,,,,,,,,,,,,,,,,,
6,,,,,13759,,,,,0.8165602684020996,,0.0074253687635064125,,2.9605822563171387,,1.743189557146252e-07,,,0.003712597070261836,3.7845678329467773,,,,,,,,,,,,,,,,,,,,,,,,,,,,,
,4.24871493361372e-06,4.2487149336137194e-05,8.49742986722744e-06,0.0,13779,,,,,,,,,,,,,,,,,,,,,,,,,,,,,,,,,,,,,,,,,,,,
,4.24871493361372e-06,4.2487149336137194e-05,8.49742986722744e-06,0.0,13779,,,,,,,,,,,,,,,,,,,,,,,,,,,,,,,,,,,,,,,,,,,,
6,,,,,13779,,,,,0.41790571808815,,0.03358098119497299,,1.5309758186340332,,2.736094529609545e-06,,,0.01678912341594696,1.9824625253677368,,,,,,,,,,,,,,,,,,,,,,,,,,,,,
,4.235256778110366e-06,4.2352567781103665e-05,8.470513556220733e-06,0.0,13799,,,,,,,,,,,,,,,,,,,,,,,,,,,,,,,,,,,,,,,,,,,,
,4.235256778110366e-06,4.2352567781103665e-05,8.470513556220733e-06,0.0,13799,,,,,,,,,,,,,,,,,,,,,,,,,,,,,,,,,,,,,,,,,,,,
6,,,,,13799,,,,,1.0322190523147583,,0.017564477398991585,,3.817197322845459,,3.0655410228064284e-05,,,0.00876691099256277,4.866981029510498,,,,,,,,,,,,,,,,,,,,,,,,,,,,,
,4.221804810040225e-06,4.221804810040224e-05,8.44360962008045e-06,0.0,13819,,,,,,,,,,,,,,,,,,,,,,,,,,,,,,,,,,,,,,,,,,,,
,4.221804810040225e-06,4.221804810040224e-05,8.44360962008045e-06,0.0,13819,,,,,,,,,,,,,,,,,,,,,,,,,,,,,,,,,,,,,,,,,,,,
6,,,,,13819,,,,,0.8623018860816956,,0.024058246985077858,,3.6621580123901367,,1.1856923265440855e-05,,,0.012023195624351501,4.548518180847168,,,,,,,,,,,,,,,,,,,,,,,,,,,,,
,4.208359131562051e-06,4.20835913156205e-05,8.416718263124101e-06,0.0,13839,,,,,,,,,,,,,,,,,,,,,,,,,,,,,,,,,,,,,,,,,,,,
,4.208359131562051e-06,4.20835913156205e-05,8.416718263124101e-06,0.0,13839,,,,,,,,,,,,,,,,,,,,,,,,,,,,,,,,,,,,,,,,,,,,
6,,,,,13839,,,,,0.9034174084663391,,0.03356681764125824,,3.056880235671997,,2.5202561459991557e-07,,,0.016783282160758972,3.9938642978668213,,,,,,,,,,,,,,,,,,,,,,,,,,,,,
,4.194919844786832e-06,4.1949198447868314e-05,8.389839689573663e-06,0.0,13859,,,,,,,,,,,,,,,,,,,,,,,,,,,,,,,,,,,,,,,,,,,,
,4.194919844786832e-06,4.1949198447868314e-05,8.389839689573663e-06,0.0,13859,,,,,,,,,,,,,,,,,,,,,,,,,,,,,,,,,,,,,,,,,,,,
6,,,,,13859,,,,,0.8759578466415405,,0.012054015882313251,,3.4559683799743652,,1.5823905414436013e-05,,,0.00601909589022398,4.343980312347412,,,,,,,,,,,,,,,,,,,,,,,,,,,,,
,4.181487051777018e-06,4.181487051777018e-05,8.362974103554037e-06,0.0,13879,,,,,,,,,,,,,,,,,,,,,,,,,,,,,,,,,,,,,,,,,,,,
,4.181487051777018e-06,4.181487051777018e-05,8.362974103554037e-06,0.0,13879,,,,,,,,,,,,,,,,,,,,,,,,,,,,,,,,,,,,,,,,,,,,
6,,,,,13879,,,,,1.0774128437042236,,0.03412425145506859,,4.056089401245117,,5.442181645776145e-06,,,0.017059404402971268,5.16762638092041,,,,,,,,,,,,,,,,,,,,,,,,,,,,,
,4.1680608545457455e-06,4.1680608545457455e-05,8.336121709091491e-06,0.0,13899,,,,,,,,,,,,,,,,,,,,,,,,,,,,,,,,,,,,,,,,,,,,
,4.1680608545457455e-06,4.1680608545457455e-05,8.336121709091491e-06,0.0,13899,,,,,,,,,,,,,,,,,,,,,,,,,,,,,,,,,,,,,,,,,,,,
6,,,,,13899,,,,,1.0056320428848267,,0.008547024801373482,,3.325942039489746,,4.080784128746018e-05,,,0.004253108520060778,4.340121269226074,,,,,,,,,,,,,,,,,,,,,,,,,,,,,
,4.154641355056058e-06,4.1546413550560575e-05,8.309282710112115e-06,0.0,13919,,,,,,,,,,,,,,,,,,,,,,,,,,,,,,,,,,,,,,,,,,,,
,4.154641355056058e-06,4.1546413550560575e-05,8.309282710112115e-06,0.0,13919,,,,,,,,,,,,,,,,,,,,,,,,,,,,,,,,,,,,,,,,,,,,
6,,,,,13919,,,,,0.9130754470825195,,0.014460964128375053,,3.7617404460906982,,4.939266545989085e-06,,,0.0072280121967196465,4.689276695251465,,,,,,,,,,,,,,,,,,,,,,,,,,,,,
,4.1412286552201326e-06,4.141228655220132e-05,8.282457310440265e-06,0.0,13939,,,,,,,,,,,,,,,,,,,,,,,,,,,,,,,,,,,,,,,,,,,,
,4.1412286552201326e-06,4.141228655220132e-05,8.282457310440265e-06,0.0,13939,,,,,,,,,,,,,,,,,,,,,,,,,,,,,,,,,,,,,,,,,,,,
6,,,,,13939,,,,,0.5618503093719482,,0.03458324819803238,,1.992440104484558,,1.0618447049637325e-05,,,0.017286313697695732,2.5888736248016357,,,,,,,,,,,,,,,,,,,,,,,,,,,,,
,4.127822856898509e-06,4.127822856898509e-05,8.255645713797019e-06,0.0,13959,,,,,,,,,,,,,,,,,,,,,,,,,,,,,,,,,,,,,,,,,,,,
,4.127822856898509e-06,4.127822856898509e-05,8.255645713797019e-06,0.0,13959,,,,,,,,,,,,,,,,,,,,,,,,,,,,,,,,,,,,,,,,,,,,
6,,,,,13959,,,,,0.6029235124588013,,0.03258974105119705,,2.1968460083007812,,7.874346010794397e-07,,,0.01629447750747204,2.8323593139648438,,,,,,,,,,,,,,,,,,,,,,,,,,,,,
,4.114424061899317e-06,4.1144240618993166e-05,8.228848123798634e-06,0.0,13979,,,,,,,,,,,,,,,,,,,,,,,,,,,,,,,,,,,,,,,,,,,,
,4.114424061899317e-06,4.1144240618993166e-05,8.228848123798634e-06,0.0,13979,,,,,,,,,,,,,,,,,,,,,,,,,,,,,,,,,,,,,,,,,,,,
6,,,,,13979,,,,,0.5902299880981445,,0.020624294877052307,,2.2442116737365723,,4.4623075723393413e-07,,,0.010311923921108246,2.8550660610198975,,,,,,,,,,,,,,,,,,,,,,,,,,,,,
,4.101032371977496e-06,4.101032371977496e-05,8.202064743954993e-06,0.0,13999,,,,,,,,,,,,,,,,,,,,,,,,,,,,,,,,,,,,,,,,,,,,
,4.101032371977496e-06,4.101032371977496e-05,8.202064743954993e-06,0.0,13999,,,,,,,,,,,,,,,,,,,,,,,,,,,,,,,,,,,,,,,,,,,,
6,,,,,13999,,,,,0.9552003741264343,,0.03490405157208443,,4.529953956604004,,6.215987377800047e-05,,,0.017420947551727295,5.5200581550598145,,,,,,,,,,,,,,,,,,,,,,,,,,,,,
6,,,,,13999,,,,,,,,,,,,,,,,,,,0.0,4800.0,23.56159019470215,22.8060302734375,46.70229721069336,0.1431249976158142,0.20291666686534882,0.24500000476837158,0.21499976515769958,0.06597989052534103,0.14386042952537537,0.005159538704901934,5.0,4800.0,0.0,0.0,5.0,4800.0,687.0,974.0,1176.0,1.0,1.0,5.0,0.7674258351325989,0.7674258351325989
6,,,,,13999,12.553558349609375,20.810546875,1.0,0.7855708003044128,,0.03053736872971058,,3.038583278656006,,0.0006092254770919681,,3.854687213897705,0.014964076690375805,,,0.5458087921142578,2.0,7830.0,,,,,,,,,,,,,,,,,,,,,,,,,,
,4.087647888834031e-06,4.0876478888340305e-05,8.175295777668061e-06,0.0,14019,,,,,,,,,,,,,,,,,,,,,,,,,,,,,,,,,,,,,,,,,,,,
,4.087647888834031e-06,4.0876478888340305e-05,8.175295777668061e-06,0.0,14019,,,,,,,,,,,,,,,,,,,,,,,,,,,,,,,,,,,,,,,,,,,,
7,,,,,14019,,,,,0.7657666206359863,,0.020306594669818878,,2.948255777359009,,0.00029508047737181187,,,0.010005757212638855,3.7343289852142334,,,,,,,,,,,,,,,,,,,,,,,,,,,,,
,4.074270714115173e-06,4.074270714115173e-05,8.148541428230346e-06,0.0,14039,,,,,,,,,,,,,,,,,,,,,,,,,,,,,,,,,,,,,,,,,,,,
,4.074270714115173e-06,4.074270714115173e-05,8.148541428230346e-06,0.0,14039,,,,,,,,,,,,,,,,,,,,,,,,,,,,,,,,,,,,,,,,,,,,
7,,,,,14039,,,,,0.527028501033783,,0.021020205691456795,,1.46171236038208,,1.1089239706052467e-05,,,0.010504558682441711,2.009761095046997,,,,,,,,,,,,,,,,,,,,,,,,,,,,,
,4.060900949411675e-06,4.060900949411675e-05,8.12180189882335e-06,0.0,14059,,,,,,,,,,,,,,,,,,,,,,,,,,,,,,,,,,,,,,,,,,,,
,4.060900949411675e-06,4.060900949411675e-05,8.12180189882335e-06,0.0,14059,,,,,,,,,,,,,,,,,,,,,,,,,,,,,,,,,,,,,,,,,,,,
7,,,,,14059,,,,,0.7966189384460449,,0.0219525545835495,,2.939319133758545,,4.7253124648705125e-05,,,0.01095265056937933,3.7578907012939453,,,,,,,,,,,,,,,,,,,,,,,,,,,,,
,4.04753869625801e-06,4.0475386962580104e-05,8.09507739251602e-06,0.0,14079,,,,,,,,,,,,,,,,,,,,,,,,,,,,,,,,,,,,,,,,,,,,
,4.04753869625801e-06,4.0475386962580104e-05,8.09507739251602e-06,0.0,14079,,,,,,,,,,,,,,,,,,,,,,,,,,,,,,,,,,,,,,,,,,,,
7,,,,,14079,,,,,1.1533570289611816,,0.03614027798175812,,4.23550271987915,,1.9411882590247842e-07,,,0.0180700421333313,5.425000190734863,,,,,,,,,,,,,,,,,,,,,,,,,,,,,
,4.034184056131611e-06,4.0341840561316107e-05,8.068368112263222e-06,0.0,14099,,,,,,,,,,,,,,,,,,,,,,,,,,,,,,,,,,,,,,,,,,,,
,4.034184056131611e-06,4.0341840561316107e-05,8.068368112263222e-06,0.0,14099,,,,,,,,,,,,,,,,,,,,,,,,,,,,,,,,,,,,,,,,,,,,
7,,,,,14099,,,,,0.9023618102073669,,0.01347484439611435,,3.3708884716033936,,9.465530581564963e-09,,,0.006737417541444302,4.286725044250488,,,,,,,,,,,,,,,,,,,,,,,,,,,,,
,4.020837130452092e-06,4.020837130452093e-05,8.041674260904185e-06,0.0,14119,,,,,,,,,,,,,,,,,,,,,,,,,,,,,,,,,,,,,,,,,,,,
,4.020837130452092e-06,4.020837130452093e-05,8.041674260904185e-06,0.0,14119,,,,,,,,,,,,,,,,,,,,,,,,,,,,,,,,,,,,,,,,,,,,
7,,,,,14119,,,,,0.8383996486663818,,0.0450424961745739,,3.1344544887542725,,1.567114622957888e-06,,,0.022520463913679123,4.01789665222168,,,,,,,,,,,,,,,,,,,,,,,,,,,,,
,4.007498020580482e-06,4.007498020580482e-05,8.014996041160964e-06,0.0,14139,,,,,,,,,,,,,,,,,,,,,,,,,,,,,,,,,,,,,,,,,,,,
,4.007498020580482e-06,4.007498020580482e-05,8.014996041160964e-06,0.0,14139,,,,,,,,,,,,,,,,,,,,,,,,,,,,,,,,,,,,,,,,,,,,
7,,,,,14139,,,,,0.9340301156044006,,0.01377284899353981,,3.754207134246826,,6.259140832298726e-07,,,0.006886111572384834,4.702010154724121,,,,,,,,,,,,,,,,,,,,,,,,,,,,,
,3.994166827818454e-06,3.994166827818454e-05,7.988333655636908e-06,0.0,14159,,,,,,,,,,,,,,,,,,,,,,,,,,,,,,,,,,,,,,,,,,,,
,3.994166827818454e-06,3.994166827818454e-05,7.988333655636908e-06,0.0,14159,,,,,,,,,,,,,,,,,,,,,,,,,,,,,,,,,,,,,,,,,,,,
7,,,,,14159,,,,,1.0475775003433228,,0.019593078643083572,,3.800502061843872,,0.0001461960782762617,,,0.009723441675305367,4.867672443389893,,,,,,,,,,,,,,,,,,,,,,,,,,,,,
,3.980843653407556e-06,3.980843653407555e-05,7.961687306815112e-06,0.0,14179,,,,,,,,,,,,,,,,,,,,,,,,,,,,,,,,,,,,,,,,,,,,
,3.980843653407556e-06,3.980843653407555e-05,7.961687306815112e-06,0.0,14179,,,,,,,,,,,,,,,,,,,,,,,,,,,,,,,,,,,,,,,,,,,,
7,,,,,14179,,,,,0.9395594596862793,,0.027577465400099754,,2.991307258605957,,2.001771645154804e-05,,,0.013778723776340485,3.958444118499756,,,,,,,,,,,,,,,,,,,,,,,,,,,,,
,3.9675285985284405e-06,3.96752859852844e-05,7.935057197056881e-06,0.0,14199,,,,,,,,,,,,,,,,,,,,,,,,,,,,,,,,,,,,,,,,,,,,
,3.9675285985284405e-06,3.96752859852844e-05,7.935057197056881e-06,0.0,14199,,,,,,,,,,,,,,,,,,,,,,,,,,,,,,,,,,,,,,,,,,,,
7,,,,,14199,,,,,0.9434725642204285,,0.03227156773209572,,3.361865997314453,,1.6363509658390285e-08,,,0.016135776415467262,4.337610244750977,,,,,,,,,,,,,,,,,,,,,,,,,,,,,
,3.9542217643001e-06,3.9542217643001e-05,7.9084435286002e-06,0.0,14219,,,,,,,,,,,,,,,,,,,,,,,,,,,,,,,,,,,,,,,,,,,,
,3.9542217643001e-06,3.9542217643001e-05,7.9084435286002e-06,0.0,14219,,,,,,,,,,,,,,,,,,,,,,,,,,,,,,,,,,,,,,,,,,,,
7,,,,,14219,,,,,0.7165771126747131,,0.021485041826963425,,3.52061128616333,,9.094601409742609e-05,,,0.010697048157453537,4.258673667907715,,,,,,,,,,,,,,,,,,,,,,,,,,,,,
,3.940923251779095e-06,3.940923251779096e-05,7.88184650355819e-06,0.0,14239,,,,,,,,,,,,,,,,,,,,,,,,,,,,,,,,,,,,,,,,,,,,
,3.940923251779095e-06,3.940923251779096e-05,7.88184650355819e-06,0.0,14239,,,,,,,,,,,,,,,,,,,,,,,,,,,,,,,,,,,,,,,,,,,,
7,,,,,14239,,,,,0.8766775727272034,,0.04110896214842796,,4.009437084197998,,6.847454642411321e-05,,,0.020520243793725967,4.9272236824035645,,,,,,,,,,,,,,,,,,,,,,,,,,,,,
,3.9276331619587886e-06,3.9276331619587884e-05,7.855266323917577e-06,0.0,14259,,,,,,,,,,,,,,,,,,,,,,,,,,,,,,,,,,,,,,,,,,,,
,3.9276331619587886e-06,3.9276331619587884e-05,7.855266323917577e-06,0.0,14259,,,,,,,,,,,,,,,,,,,,,,,,,,,,,,,,,,,,,,,,,,,,
7,,,,,14259,,,,,0.42893970012664795,,0.03519321233034134,,1.8911572694778442,,1.6521121892765223e-07,,,0.017596524208784103,2.355290174484253,,,,,,,,,,,,,,,,,,,,,,,,,,,,,
,3.914351595768581e-06,3.9143515957685804e-05,7.828703191537162e-06,0.0,14279,,,,,,,,,,,,,,,,,,,,,,,,,,,,,,,,,,,,,,,,,,,,
,3.914351595768581e-06,3.9143515957685804e-05,7.828703191537162e-06,0.0,14279,,,,,,,,,,,,,,,,,,,,,,,,,,,,,,,,,,,,,,,,,,,,
7,,,,,14279,,,,,1.2182390689849854,,0.020743589848279953,,5.16359806060791,,0.00246840575709939,,,0.0091375932097435,6.402580261230469,,,,,,,,,,,,,,,,,,,,,,,,,,,,,
,3.901078654073136e-06,3.901078654073135e-05,7.802157308146272e-06,0.0,14299,,,,,,,,,,,,,,,,,,,,,,,,,,,,,,,,,,,,,,,,,,,,
,3.901078654073136e-06,3.901078654073135e-05,7.802157308146272e-06,0.0,14299,,,,,,,,,,,,,,,,,,,,,,,,,,,,,,,,,,,,,,,,,,,,
7,,,,,14299,,,,,0.5098795890808105,,0.013799571432173252,,2.1184754371643066,,0.0001712785306153819,,,0.006814146414399147,2.6421546936035156,,,,,,,,,,,,,,,,,,,,,,,,,,,,,
,3.8878144376716235e-06,3.887814437671623e-05,7.775628875343247e-06,0.0,14319,,,,,,,,,,,,,,,,,,,,,,,,,,,,,,,,,,,,,,,,,,,,
,3.8878144376716235e-06,3.887814437671623e-05,7.775628875343247e-06,0.0,14319,,,,,,,,,,,,,,,,,,,,,,,,,,,,,,,,,,,,,,,,,,,,
7,,,,,14319,,,,,0.7754143476486206,,0.04528024047613144,,2.202436923980713,,8.581204747315496e-05,,,0.022597212344408035,3.0231313705444336,,,,,,,,,,,,,,,,,,,,,,,,,,,,,
,3.8745590472969515e-06,3.874559047296952e-05,7.749118094593903e-06,0.0,14339,,,,,,,,,,,,,,,,,,,,,,,,,,,,,,,,,,,,,,,,,,,,
,3.8745590472969515e-06,3.874559047296952e-05,7.749118094593903e-06,0.0,14339,,,,,,,,,,,,,,,,,,,,,,,,,,,,,,,,,,,,,,,,,,,,
7,,,,,14339,,,,,0.5973643064498901,,0.026625940576195717,,2.920588493347168,,1.6550613324284313e-08,,,0.013312961906194687,3.5445785522460938,,,,,,,,,,,,,,,,,,,,,,,,,,,,,
,3.861312583615e-06,3.861312583615e-05,7.72262516723e-06,0.0,14359,,,,,,,,,,,,,,,,,,,,,,,,,,,,,,,,,,,,,,,,,,,,
,3.861312583615e-06,3.861312583615e-05,7.72262516723e-06,0.0,14359,,,,,,,,,,,,,,,,,,,,,,,,,,,,,,,,,,,,,,,,,,,,
7,,,,,14359,,,,,0.4780277907848358,,0.01654897630214691,,1.499691128730774,,0.001584018231369555,,,0.007482479326426983,1.9942679405212402,,,,,,,,,,,,,,,,,,,,,,,,,,,,,
,3.848075147223854e-06,3.848075147223853e-05,7.696150294447708e-06,0.0,14379,,,,,,,,,,,,,,,,,,,,,,,,,,,,,,,,,,,,,,,,,,,,
,3.848075147223854e-06,3.848075147223853e-05,7.696150294447708e-06,0.0,14379,,,,,,,,,,,,,,,,,,,,,,,,,,,,,,,,,,,,,,,,,,,,
7,,,,,14379,,,,,0.8436319828033447,,0.017379218712449074,,3.4155983924865723,,0.0007804576889611781,,,0.008299380540847778,4.276609420776367,,,,,,,,,,,,,,,,,,,,,,,,,,,,,
,3.834846838653045e-06,3.834846838653045e-05,7.66969367730609e-06,0.0,14399,,,,,,,,,,,,,,,,,,,,,,,,,,,,,,,,,,,,,,,,,,,,
,3.834846838653045e-06,3.834846838653045e-05,7.66969367730609e-06,0.0,14399,,,,,,,,,,,,,,,,,,,,,,,,,,,,,,,,,,,,,,,,,,,,
7,,,,,14399,,,,,0.9321692585945129,,0.018417812883853912,,3.595768690109253,,7.909023224783596e-06,,,0.009204952977597713,4.546355724334717,,,,,,,,,,,,,,,,,,,,,,,,,,,,,
,3.821627758362782e-06,3.821627758362782e-05,7.643255516725563e-06,0.0,14419,,,,,,,,,,,,,,,,,,,,,,,,,,,,,,,,,,,,,,,,,,,,
,3.821627758362782e-06,3.821627758362782e-05,7.643255516725563e-06,0.0,14419,,,,,,,,,,,,,,,,,,,,,,,,,,,,,,,,,,,,,,,,,,,,
7,,,,,14419,,,,,0.687111496925354,,0.015749827027320862,,2.266968011856079,,3.900023330061231e-06,,,0.007872963324189186,2.969829559326172,,,,,,,,,,,,,,,,,,,,,,,,,,,,,
,3.8084180067431957e-06,3.8084180067431956e-05,7.6168360134863915e-06,0.0,14439,,,,,,,,,,,,,,,,,,,,,,,,,,,,,,,,,,,,,,,,,,,,
,3.8084180067431957e-06,3.8084180067431956e-05,7.6168360134863915e-06,0.0,14439,,,,,,,,,,,,,,,,,,,,,,,,,,,,,,,,,,,,,,,,,,,,
7,,,,,14439,,,,,0.42470598220825195,,0.01226065307855606,,1.57826566696167,,1.3731818349072e-08,,,0.006130319554358721,2.0152323246002197,,,,,,,,,,,,,,,,,,,,,,,,,,,,,
,3.795217684113568e-06,3.795217684113568e-05,7.590435368227136e-06,0.0,14459,,,,,,,,,,,,,,,,,,,,,,,,,,,,,,,,,,,,,,,,,,,,
,3.795217684113568e-06,3.795217684113568e-05,7.590435368227136e-06,0.0,14459,,,,,,,,,,,,,,,,,,,,,,,,,,,,,,,,,,,,,,,,,,,,
7,,,,,14459,,,,,0.44549837708473206,,0.017537813633680344,,1.6947059631347656,,3.9221447423187783e-07,,,0.008768710307776928,2.1577422618865967,,,,,,,,,,,,,,,,,,,,,,,,,,,,,
,3.782026890721573e-06,3.782026890721573e-05,7.564053781443146e-06,0.0,14479,,,,,,,,,,,,,,,,,,,,,,,,,,,,,,,,,,,,,,,,,,,,
,3.782026890721573e-06,3.782026890721573e-05,7.564053781443146e-06,0.0,14479,,,,,,,,,,,,,,,,,,,,,,,,,,,,,,,,,,,,,,,,,,,,
7,,,,,14479,,,,,0.6094492673873901,,0.04305851086974144,,2.071627616882324,,3.935661516152322e-05,,,0.021509576588869095,2.724135398864746,,,,,,,,,,,,,,,,,,,,,,,,,,,,,
,3.768845726742522e-06,3.768845726742522e-05,7.537691453485044e-06,0.0,14499,,,,,,,,,,,,,,,,,,,,,,,,,,,,,,,,,,,,,,,,,,,,
,3.768845726742522e-06,3.768845726742522e-05,7.537691453485044e-06,0.0,14499,,,,,,,,,,,,,,,,,,,,,,,,,,,,,,,,,,,,,,,,,,,,
7,,,,,14499,,,,,1.151835560798645,,0.014959298074245453,,3.4462087154388428,,0.00014961801934987307,,,0.007404840551316738,4.613003730773926,,,,,,,,,,,,,,,,,,,,,,,,,,,,,
,3.7556742922785928e-06,3.755674292278592e-05,7.5113485845571855e-06,0.0,14519,,,,,,,,,,,,,,,,,,,,,,,,,,,,,,,,,,,,,,,,,,,,
,3.7556742922785928e-06,3.755674292278592e-05,7.5113485845571855e-06,0.0,14519,,,,,,,,,,,,,,,,,,,,,,,,,,,,,,,,,,,,,,,,,,,,
7,,,,,14519,,,,,0.7213619351387024,,0.023781247437000275,,2.2975618839263916,,0.00012266915291547775,,,0.011829289607703686,3.0427050590515137,,,,,,,,,,,,,,,,,,,,,,,,,,,,,
,3.742512687358073e-06,3.742512687358073e-05,7.485025374716146e-06,0.0,14539,,,,,,,,,,,,,,,,,,,,,,,,,,,,,,,,,,,,,,,,,,,,
,3.742512687358073e-06,3.742512687358073e-05,7.485025374716146e-06,0.0,14539,,,,,,,,,,,,,,,,,,,,,,,,,,,,,,,,,,,,,,,,,,,,
7,,,,,14539,,,,,0.5073162913322449,,0.05516330897808075,,1.5331315994262695,,0.00010668466711649671,,,0.02752831019461155,2.095611095428467,,,,,,,,,,,,,,,,,,,,,,,,,,,,,
,3.729361011934606e-06,3.7293610119346053e-05,7.458722023869212e-06,0.0,14559,,,,,,,,,,,,,,,,,,,,,,,,,,,,,,,,,,,,,,,,,,,,
,3.729361011934606e-06,3.7293610119346053e-05,7.458722023869212e-06,0.0,14559,,,,,,,,,,,,,,,,,,,,,,,,,,,,,,,,,,,,,,,,,,,,
7,,,,,14559,,,,,1.5592626333236694,,0.06667456775903702,,5.4482197761535645,,3.134205690003e-05,,,0.03332161158323288,7.074157238006592,,,,,,,,,,,,,,,,,,,,,,,,,,,,,
,3.7162193658864233e-06,3.716219365886423e-05,7.432438731772847e-06,0.0,14579,,,,,,,,,,,,,,,,,,,,,,,,,,,,,,,,,,,,,,,,,,,,
,3.7162193658864233e-06,3.716219365886423e-05,7.432438731772847e-06,0.0,14579,,,,,,,,,,,,,,,,,,,,,,,,,,,,,,,,,,,,,,,,,,,,
7,,,,,14579,,,,,0.595944344997406,,0.01164152566343546,,1.9964438676834106,,1.465208754325431e-07,,,0.005820689722895622,2.604029893875122,,,,,,,,,,,,,,,,,,,,,,,,,,,,,
,3.703087849015591e-06,3.703087849015591e-05,7.406175698031182e-06,0.0,14599,,,,,,,,,,,,,,,,,,,,,,,,,,,,,,,,,,,,,,,,,,,,
,3.703087849015591e-06,3.703087849015591e-05,7.406175698031182e-06,0.0,14599,,,,,,,,,,,,,,,,,,,,,,,,,,,,,,,,,,,,,,,,,,,,
7,,,,,14599,,,,,0.43316832184791565,,0.020362582057714462,,1.5996512174606323,,1.0843808922800235e-05,,,0.01017586886882782,2.0531821250915527,,,,,,,,,,,,,,,,,,,,,,,,,,,,,
,3.6899665610472534e-06,3.6899665610472535e-05,7.379933122094507e-06,0.0,14619,,,,,,,,,,,,,,,,,,,,,,,,,,,,,,,,,,,,,,,,,,,,
,3.6899665610472534e-06,3.6899665610472535e-05,7.379933122094507e-06,0.0,14619,,,,,,,,,,,,,,,,,,,,,,,,,,,,,,,,,,,,,,,,,,,,
7,,,,,14619,,,,,0.691470742225647,,0.019847339019179344,,2.6914992332458496,,2.457888115259266e-07,,,0.009923545643687248,3.4028172492980957,,,,,,,,,,,,,,,,,,,,,,,,,,,,,
,3.676855601628871e-06,3.6768556016288706e-05,7.353711203257742e-06,0.0,14639,,,,,,,,,,,,,,,,,,,,,,,,,,,,,,,,,,,,,,,,,,,,
,3.676855601628871e-06,3.6768556016288706e-05,7.353711203257742e-06,0.0,14639,,,,,,,,,,,,,,,,,,,,,,,,,,,,,,,,,,,,,,,,,,,,
7,,,,,14639,,,,,0.8441376090049744,,0.028486881405115128,,4.353122234344482,,0.0010741045698523521,,,0.013706388883292675,5.2257466316223145,,,,,,,,,,,,,,,,,,,,,,,,,,,,,
,3.6637550703294618e-06,3.6637550703294613e-05,7.3275101406589235e-06,0.0,14659,,,,,,,,,,,,,,,,,,,,,,,,,,,,,,,,,,,,,,,,,,,,
,3.6637550703294618e-06,3.6637550703294613e-05,7.3275101406589235e-06,0.0,14659,,,,,,,,,,,,,,,,,,,,,,,,,,,,,,,,,,,,,,,,,,,,
7,,,,,14659,,,,,0.7133408784866333,,0.08242371678352356,,2.525035858154297,,0.006532662082463503,,,0.037945523858070374,3.320800304412842,,,,,,,,,,,,,,,,,,,,,,,,,,,,,
,3.6506650666388566e-06,3.6506650666388566e-05,7.301330133277713e-06,0.0,14679,,,,,,,,,,,,,,,,,,,,,,,,,,,,,,,,,,,,,,,,,,,,
,3.6506650666388566e-06,3.6506650666388566e-05,7.301330133277713e-06,0.0,14679,,,,,,,,,,,,,,,,,,,,,,,,,,,,,,,,,,,,,,,,,,,,
7,,,,,14679,,,,,0.5870459675788879,,0.017294611781835556,,2.510674476623535,,0.0009523761691525578,,,0.008171118795871735,3.1150150299072266,,,,,,,,,,,,,,,,,,,,,,,,,,,,,
,3.6375856899669302e-06,3.63758568996693e-05,7.2751713799338605e-06,0.0,14699,,,,,,,,,,,,,,,,,,,,,,,,,,,,,,,,,,,,,,,,,,,,
,3.6375856899669302e-06,3.63758568996693e-05,7.2751713799338605e-06,0.0,14699,,,,,,,,,,,,,,,,,,,,,,,,,,,,,,,,,,,,,,,,,,,,
7,,,,,14699,,,,,0.5340442061424255,,-0.0,,5.735206604003906,,-0.0,,,-0.0,6.269250869750977,,,,,,,,,,,,,,,,,,,,,,,,,,,,,
,3.624517039642856e-06,3.624517039642856e-05,7.249034079285712e-06,0.0,14719,,,,,,,,,,,,,,,,,,,,,,,,,,,,,,,,,,,,,,,,,,,,
,3.624517039642856e-06,3.624517039642856e-05,7.249034079285712e-06,0.0,14719,,,,,,,,,,,,,,,,,,,,,,,,,,,,,,,,,,,,,,,,,,,,
7,,,,,14719,,,,,0.8661538362503052,,0.02482018433511257,,2.744612216949463,,0.00012379002873785794,,,0.012348197400569916,3.6355862617492676,,,,,,,,,,,,,,,,,,,,,,,,,,,,,
,3.611459214914347e-06,3.611459214914347e-05,7.222918429828694e-06,0.0,14739,,,,,,,,,,,,,,,,,,,,,,,,,,,,,,,,,,,,,,,,,,,,
,3.611459214914347e-06,3.611459214914347e-05,7.222918429828694e-06,0.0,14739,,,,,,,,,,,,,,,,,,,,,,,,,,,,,,,,,,,,,,,,,,,,
7,,,,,14739,,,,,0.5627179741859436,,0.028153300285339355,,1.694760799407959,,0.0001406897499691695,,,0.014006305485963821,2.2856321334838867,,,,,,,,,,,,,,,,,,,,,,,,,,,,,
,3.5984123149469004e-06,3.5984123149469e-05,7.196824629893801e-06,0.0,14759,,,,,,,,,,,,,,,,,,,,,,,,,,,,,,,,,,,,,,,,,,,,
,3.5984123149469004e-06,3.5984123149469e-05,7.196824629893801e-06,0.0,14759,,,,,,,,,,,,,,,,,,,,,,,,,,,,,,,,,,,,,,,,,,,,
7,,,,,14759,,,,,0.7802268862724304,,0.00871658232063055,,2.507631778717041,,3.530619869707152e-05,,,0.004340637940913439,3.2965753078460693,,,,,,,,,,,,,,,,,,,,,,,,,,,,,
,3.5853764388230516e-06,3.585376438823052e-05,7.170752877646103e-06,0.0,14779,,,,,,,,,,,,,,,,,,,,,,,,,,,,,,,,,,,,,,,,,,,,
,3.5853764388230516e-06,3.585376438823052e-05,7.170752877646103e-06,0.0,14779,,,,,,,,,,,,,,,,,,,,,,,,,,,,,,,,,,,,,,,,,,,,
7,,,,,14779,,,,,0.556822657585144,,0.028615940362215042,,2.0321595668792725,,1.0765509159682551e-06,,,0.014307432807981968,2.617598056793213,,,,,,,,,,,,,,,,,,,,,,,,,,,,,
,3.5723516855416135e-06,3.5723516855416136e-05,7.144703371083227e-06,0.0,14799,,,,,,,,,,,,,,,,,,,,,,,,,,,,,,,,,,,,,,,,,,,,
,3.5723516855416135e-06,3.5723516855416136e-05,7.144703371083227e-06,0.0,14799,,,,,,,,,,,,,,,,,,,,,,,,,,,,,,,,,,,,,,,,,,,,
7,,,,,14799,,,,,0.8081568479537964,,0.011374032124876976,,2.940906047821045,,7.729275966994464e-05,,,0.005648369900882244,3.76043701171875,,,,,,,,,,,,,,,,,,,,,,,,,,,,,
,3.5593381540169293e-06,3.559338154016929e-05,7.118676308033859e-06,0.0,14819,,,,,,,,,,,,,,,,,,,,,,,,,,,,,,,,,,,,,,,,,,,,
,3.5593381540169293e-06,3.559338154016929e-05,7.118676308033859e-06,0.0,14819,,,,,,,,,,,,,,,,,,,,,,,,,,,,,,,,,,,,,,,,,,,,
7,,,,,14819,,,,,1.0637354850769043,,0.02057061158120632,,3.9168055057525635,,5.709617198590422e-06,,,0.010282451286911964,5.0011115074157715,,,,,,,,,,,,,,,,,,,,,,,,,,,,,
,3.5463359430781213e-06,3.5463359430781216e-05,7.092671886156243e-06,0.0,14839,,,,,,,,,,,,,,,,,,,,,,,,,,,,,,,,,,,,,,,,,,,,
,3.5463359430781213e-06,3.5463359430781216e-05,7.092671886156243e-06,0.0,14839,,,,,,,,,,,,,,,,,,,,,,,,,,,,,,,,,,,,,,,,,,,,
7,,,,,14839,,,,,1.0407217741012573,,0.023237083107233047,,3.9401395320892334,,5.239075107965618e-06,,,0.01161592174321413,5.004098415374756,,,,,,,,,,,,,,,,,,,,,,,,,,,,,
,3.5333451514683403e-06,3.5333451514683405e-05,7.066690302936681e-06,0.0,14859,,,,,,,,,,,,,,,,,,,,,,,,,,,,,,,,,,,,,,,,,,,,
,3.5333451514683403e-06,3.5333451514683405e-05,7.066690302936681e-06,0.0,14859,,,,,,,,,,,,,,,,,,,,,,,,,,,,,,,,,,,,,,,,,,,,
7,,,,,14859,,,,,0.7070618867874146,,0.030102703720331192,,2.1800456047058105,,5.552731181523995e-07,,,0.01505107432603836,2.917210102081299,,,,,,,,,,,,,,,,,,,,,,,,,,,,,
,3.5203658778440107e-06,3.5203658778440106e-05,7.0407317556880214e-06,0.0,14879,,,,,,,,,,,,,,,,,,,,,,,,,,,,,,,,,,,,,,,,,,,,
,3.5203658778440107e-06,3.5203658778440106e-05,7.0407317556880214e-06,0.0,14879,,,,,,,,,,,,,,,,,,,,,,,,,,,,,,,,,,,,,,,,,,,,
7,,,,,14879,,,,,1.377476453781128,,0.04129300266504288,,5.679408073425293,,9.013588737616374e-07,,,0.020646052435040474,7.098177909851074,,,,,,,,,,,,,,,,,,,,,,,,,,,,,
,3.5073982207740915e-06,3.5073982207740916e-05,7.014796441548183e-06,0.0,14899,,,,,,,,,,,,,,,,,,,,,,,,,,,,,,,,,,,,,,,,,,,,
,3.5073982207740915e-06,3.5073982207740916e-05,7.014796441548183e-06,0.0,14899,,,,,,,,,,,,,,,,,,,,,,,,,,,,,,,,,,,,,,,,,,,,
7,,,,,14899,,,,,0.48627060651779175,,0.008024212904274464,,1.5003046989440918,,1.4919513091626868e-07,,,0.004012031946331263,1.9945995807647705,,,,,,,,,,,,,,,,,,,,,,,,,,,,,
,3.4944422787393173e-06,3.494442278739317e-05,6.9888845574786345e-06,0.0,14919,,,,,,,,,,,,,,,,,,,,,,,,,,,,,,,,,,,,,,,,,,,,
,3.4944422787393173e-06,3.494442278739317e-05,6.9888845574786345e-06,0.0,14919,,,,,,,,,,,,,,,,,,,,,,,,,,,,,,,,,,,,,,,,,,,,
7,,,,,14919,,,,,0.5793206095695496,,0.02939644642174244,,2.531118392944336,,3.552162161213346e-05,,,0.014680462889373302,3.1398355960845947,,,,,,,,,,,,,,,,,,,,,,,,,,,,,
,3.481498150131454e-06,3.481498150131454e-05,6.962996300262908e-06,0.0,14939,,,,,,,,,,,,,,,,,,,,,,,,,,,,,,,,,,,,,,,,,,,,
,3.481498150131454e-06,3.481498150131454e-05,6.962996300262908e-06,0.0,14939,,,,,,,,,,,,,,,,,,,,,,,,,,,,,,,,,,,,,,,,,,,,
7,,,,,14939,,,,,0.794185996055603,,0.02838369458913803,,2.5143954753875732,,1.6889305243239505e-06,,,0.01419100258499384,3.3369650840759277,,,,,,,,,,,,,,,,,,,,,,,,,,,,,
,3.4685659332525574e-06,3.468565933252557e-05,6.937131866505115e-06,0.0,14959,,,,,,,,,,,,,,,,,,,,,,,,,,,,,,,,,,,,,,,,,,,,
,3.4685659332525574e-06,3.468565933252557e-05,6.937131866505115e-06,0.0,14959,,,,,,,,,,,,,,,,,,,,,,,,,,,,,,,,,,,,,,,,,,,,
7,,,,,14959,,,,,0.3870014548301697,,0.07334114611148834,,5.190997123718262,,3.073548668908188e-06,,,0.036669034510850906,5.651340007781982,,,,,,,,,,,,,,,,,,,,,,,,,,,,,
,3.455645726314218e-06,3.455645726314218e-05,6.911291452628436e-06,0.0,14979,,,,,,,,,,,,,,,,,,,,,,,,,,,,,,,,,,,,,,,,,,,,
,3.455645726314218e-06,3.455645726314218e-05,6.911291452628436e-06,0.0,14979,,,,,,,,,,,,,,,,,,,,,,,,,,,,,,,,,,,,,,,,,,,,
7,,,,,14979,,,,,0.8787824511528015,,0.018989797681570053,,3.414119243621826,,9.228664566762745e-06,,,0.009490284137427807,4.311891555786133,,,,,,,,,,,,,,,,,,,,,,,,,,,,,
,3.4427376274368173e-06,3.442737627436817e-05,6.885475254873635e-06,0.0,14999,,,,,,,,,,,,,,,,,,,,,,,,,,,,,,,,,,,,,,,,,,,,
,3.4427376274368173e-06,3.442737627436817e-05,6.885475254873635e-06,0.0,14999,,,,,,,,,,,,,,,,,,,,,,,,,,,,,,,,,,,,,,,,,,,,
7,,,,,14999,,,,,0.9015553593635559,,0.025081530213356018,,3.4504690170288086,,3.9117574601732485e-07,,,0.01254056952893734,4.377106189727783,,,,,,,,,,,,,,,,,,,,,,,,,,,,,
,3.429841734648789e-06,3.429841734648789e-05,6.859683469297578e-06,0.0,15019,,,,,,,,,,,,,,,,,,,,,,,,,,,,,,,,,,,,,,,,,,,,
,3.429841734648789e-06,3.429841734648789e-05,6.859683469297578e-06,0.0,15019,,,,,,,,,,,,,,,,,,,,,,,,,,,,,,,,,,,,,,,,,,,,
7,,,,,15019,,,,,0.5239856839179993,,0.05616290867328644,,1.936283826828003,,0.02979293093085289,,,0.013184989802539349,2.516432523727417,,,,,,,,,,,,,,,,,,,,,,,,,,,,,
,3.4169581458858653e-06,3.416958145885865e-05,6.833916291771731e-06,0.0,15039,,,,,,,,,,,,,,,,,,,,,,,,,,,,,,,,,,,,,,,,,,,,
,3.4169581458858653e-06,3.416958145885865e-05,6.833916291771731e-06,0.0,15039,,,,,,,,,,,,,,,,,,,,,,,,,,,,,,,,,,,,,,,,,,,,
7,,,,,15039,,,,,0.5676224231719971,,-0.0,,1.7593504190444946,,-0.0,,,-0.0,2.3269729614257812,,,,,,,,,,,,,,,,,,,,,,,,,,,,,
,3.404086958990339e-06,3.404086958990339e-05,6.808173917980678e-06,0.0,15059,,,,,,,,,,,,,,,,,,,,,,,,,,,,,,,,,,,,,,,,,,,,
,3.404086958990339e-06,3.404086958990339e-05,6.808173917980678e-06,0.0,15059,,,,,,,,,,,,,,,,,,,,,,,,,,,,,,,,,,,,,,,,,,,,
7,,,,,15059,,,,,1.3538652658462524,,0.019617300480604172,,4.666835784912109,,1.536483432573732e-05,,,0.009800968691706657,6.040318012237549,,,,,,,,,,,,,,,,,,,,,,,,,,,,,
,3.3912282717103214e-06,3.391228271710321e-05,6.782456543420643e-06,0.0,15079,,,,,,,,,,,,,,,,,,,,,,,,,,,,,,,,,,,,,,,,,,,,
,3.3912282717103214e-06,3.391228271710321e-05,6.782456543420643e-06,0.0,15079,,,,,,,,,,,,,,,,,,,,,,,,,,,,,,,,,,,,,,,,,,,,
7,,,,,15079,,,,,0.6386164426803589,,0.015789533033967018,,2.3560986518859863,,7.1757540354155935e-06,,,0.00789117906242609,3.010504722595215,,,,,,,,,,,,,,,,,,,,,,,,,,,,,
,3.3783821816989925e-06,3.3783821816989926e-05,6.756764363397985e-06,0.0,15099,,,,,,,,,,,,,,,,,,,,,,,,,,,,,,,,,,,,,,,,,,,,
,3.3783821816989925e-06,3.3783821816989926e-05,6.756764363397985e-06,0.0,15099,,,,,,,,,,,,,,,,,,,,,,,,,,,,,,,,,,,,,,,,,,,,
7,,,,,15099,,,,,1.1032435894012451,,0.12301605939865112,,3.921905040740967,,0.00012892716040369123,,,0.06144356355071068,5.148164749145508,,,,,,,,,,,,,,,,,,,,,,,,,,,,,
,3.365548786513867e-06,3.365548786513867e-05,6.731097573027734e-06,0.0,15119,,,,,,,,,,,,,,,,,,,,,,,,,,,,,,,,,,,,,,,,,,,,
,3.365548786513867e-06,3.365548786513867e-05,6.731097573027734e-06,0.0,15119,,,,,,,,,,,,,,,,,,,,,,,,,,,,,,,,,,,,,,,,,,,,
7,,,,,15119,,,,,0.5737179517745972,,0.033631958067417145,,2.3184869289398193,,0.004128298722207546,,,0.014751829206943512,2.9258370399475098,,,,,,,,,,,,,,,,,,,,,,,,,,,,,
,3.3527281836160542e-06,3.352728183616054e-05,6.7054563672321084e-06,0.0,15139,,,,,,,,,,,,,,,,,,,,,,,,,,,,,,,,,,,,,,,,,,,,
,3.3527281836160542e-06,3.352728183616054e-05,6.7054563672321084e-06,0.0,15139,,,,,,,,,,,,,,,,,,,,,,,,,,,,,,,,,,,,,,,,,,,,
7,,,,,15139,,,,,0.4865667521953583,,0.006743901409208775,,2.2518835067749023,,0.000895354023668915,,,0.0029242737218737602,2.74519419670105,,,,,,,,,,,,,,,,,,,,,,,,,,,,,
,3.3399204703695075e-06,3.339920470369507e-05,6.679840940739015e-06,0.0,15159,,,,,,,,,,,,,,,,,,,,,,,,,,,,,,,,,,,,,,,,,,,,
,3.3399204703695075e-06,3.339920470369507e-05,6.679840940739015e-06,0.0,15159,,,,,,,,,,,,,,,,,,,,,,,,,,,,,,,,,,,,,,,,,,,,
7,,,,,15159,,,,,0.95218425989151,,0.04961444437503815,,2.7050020694732666,,4.027494924230268e-07,,,0.024807021021842957,3.706800699234009,,,,,,,,,,,,,,,,,,,,,,,,,,,,,
,3.3271257440402973e-06,3.327125744040297e-05,6.6542514880805945e-06,0.0,15179,,,,,,,,,,,,,,,,,,,,,,,,,,,,,,,,,,,,,,,,,,,,
,3.3271257440402973e-06,3.327125744040297e-05,6.6542514880805945e-06,0.0,15179,,,,,,,,,,,,,,,,,,,,,,,,,,,,,,,,,,,,,,,,,,,,
7,,,,,15179,,,,,1.29972505569458,,0.023619238287210464,,5.031764030456543,,9.605422235381411e-08,,,0.011809570714831352,6.355108261108398,,,,,,,,,,,,,,,,,,,,,,,,,,,,,
,3.3143441017958666e-06,3.314344101795867e-05,6.628688203591733e-06,0.0,15199,,,,,,,,,,,,,,,,,,,,,,,,,,,,,,,,,,,,,,,,,,,,
,3.3143441017958666e-06,3.314344101795867e-05,6.628688203591733e-06,0.0,15199,,,,,,,,,,,,,,,,,,,,,,,,,,,,,,,,,,,,,,,,,,,,
7,,,,,15199,,,,,0.8417757153511047,,0.2269902229309082,,11.30252456665039,,0.00138547969982028,,,0.11280237138271332,12.37129020690918,,,,,,,,,,,,,,,,,,,,,,,,,,,,,
,3.3015756407042905e-06,3.3015756407042905e-05,6.603151281408581e-06,0.0,15219,,,,,,,,,,,,,,,,,,,,,,,,,,,,,,,,,,,,,,,,,,,,
,3.3015756407042905e-06,3.3015756407042905e-05,6.603151281408581e-06,0.0,15219,,,,,,,,,,,,,,,,,,,,,,,,,,,,,,,,,,,,,,,,,,,,
7,,,,,15219,,,,,0.6831912398338318,,0.036661334335803986,,2.3506240844726562,,1.782429649210826e-06,,,0.01832977682352066,3.070476770401001,,,,,,,,,,,,,,,,,,,,,,,,,,,,,
,3.288820457733543e-06,3.2888204577335426e-05,6.577640915467086e-06,0.0,15239,,,,,,,,,,,,,,,,,,,,,,,,,,,,,,,,,,,,,,,,,,,,
,3.288820457733543e-06,3.2888204577335426e-05,6.577640915467086e-06,0.0,15239,,,,,,,,,,,,,,,,,,,,,,,,,,,,,,,,,,,,,,,,,,,,
7,,,,,15239,,,,,1.0218899250030518,,0.011935056187212467,,3.028017044067383,,3.0107537895673886e-05,,,0.005952474195510149,4.06184196472168,,,,,,,,,,,,,,,,,,,,,,,,,,,,,
,3.276078649750764e-06,3.276078649750764e-05,6.552157299501528e-06,0.0,15259,,,,,,,,,,,,,,,,,,,,,,,,,,,,,,,,,,,,,,,,,,,,
,3.276078649750764e-06,3.276078649750764e-05,6.552157299501528e-06,0.0,15259,,,,,,,,,,,,,,,,,,,,,,,,,,,,,,,,,,,,,,,,,,,,
7,,,,,15259,,,,,1.09846031665802,,0.016660474240779877,,4.012105464935303,,4.566195457300637e-07,,,0.008330008946359158,5.12722635269165,,,,,,,,,,,,,,,,,,,,,,,,,,,,,
,3.263350313521513e-06,3.263350313521513e-05,6.526700627043026e-06,0.0,15279,,,,,,,,,,,,,,,,,,,,,,,,,,,,,,,,,,,,,,,,,,,,
,3.263350313521513e-06,3.263350313521513e-05,6.526700627043026e-06,0.0,15279,,,,,,,,,,,,,,,,,,,,,,,,,,,,,,,,,,,,,,,,,,,,
7,,,,,15279,,,,,0.6407934427261353,,0.007349253632128239,,2.5682694911956787,,0.00040606147376820445,,,0.003471595933660865,3.21641206741333,,,,,,,,,,,,,,,,,,,,,,,,,,,,,
,3.2506355457090415e-06,3.2506355457090415e-05,6.501271091418083e-06,0.0,15299,,,,,,,,,,,,,,,,,,,,,,,,,,,,,,,,,,,,,,,,,,,,
,3.2506355457090415e-06,3.2506355457090415e-05,6.501271091418083e-06,0.0,15299,,,,,,,,,,,,,,,,,,,,,,,,,,,,,,,,,,,,,,,,,,,,
7,,,,,15299,,,,,0.9992281198501587,,0.03494228050112724,,3.5624120235443115,,0.00016628556477371603,,,0.0173879973590374,4.596582412719727,,,,,,,,,,,,,,,,,,,,,,,,,,,,,
,3.237934442873564e-06,3.237934442873564e-05,6.475868885747128e-06,0.0,15319,,,,,,,,,,,,,,,,,,,,,,,,,,,,,,,,,,,,,,,,,,,,
,3.237934442873564e-06,3.237934442873564e-05,6.475868885747128e-06,0.0,15319,,,,,,,,,,,,,,,,,,,,,,,,,,,,,,,,,,,,,,,,,,,,
7,,,,,15319,,,,,0.27537262439727783,,0.0063072144985198975,,1.4467159509658813,,0.00014702275802846998,,,0.0030800956301391125,1.7283958196640015,,,,,,,,,,,,,,,,,,,,,,,,,,,,,
,3.2252471014715108e-06,3.225247101471511e-05,6.4504942029430215e-06,0.0,15339,,,,,,,,,,,,,,,,,,,,,,,,,,,,,,,,,,,,,,,,,,,,
,3.2252471014715108e-06,3.225247101471511e-05,6.4504942029430215e-06,0.0,15339,,,,,,,,,,,,,,,,,,,,,,,,,,,,,,,,,,,,,,,,,,,,
7,,,,,15339,,,,,0.5996659398078918,,0.022772569209337234,,2.897310495376587,,8.671375439917028e-08,,,0.011386241763830185,3.5197489261627197,,,,,,,,,,,,,,,,,,,,,,,,,,,,,
,3.212573617854807e-06,3.212573617854807e-05,6.425147235709614e-06,0.0,15359,,,,,,,,,,,,,,,,,,,,,,,,,,,,,,,,,,,,,,,,,,,,
,3.212573617854807e-06,3.212573617854807e-05,6.425147235709614e-06,0.0,15359,,,,,,,,,,,,,,,,,,,,,,,,,,,,,,,,,,,,,,,,,,,,
7,,,,,15359,,,,,0.9842886328697205,,0.03137781471014023,,3.1948800086975098,,1.0357487099099671e-06,,,0.015688389539718628,4.210546493530273,,,,,,,,,,,,,,,,,,,,,,,,,,,,,
,3.1999140882701378e-06,3.1999140882701375e-05,6.3998281765402756e-06,0.0,15379,,,,,,,,,,,,,,,,,,,,,,,,,,,,,,,,,,,,,,,,,,,,
,3.1999140882701378e-06,3.1999140882701375e-05,6.3998281765402756e-06,0.0,15379,,,,,,,,,,,,,,,,,,,,,,,,,,,,,,,,,,,,,,,,,,,,
7,,,,,15379,,,,,0.8975715041160583,,-0.0,,3.7650911808013916,,-0.0,,,-0.0,4.662662506103516,,,,,,,,,,,,,,,,,,,,,,,,,,,,,
,3.187268608858215e-06,3.187268608858215e-05,6.37453721771643e-06,0.0,15399,,,,,,,,,,,,,,,,,,,,,,,,,,,,,,,,,,,,,,,,,,,,
,3.187268608858215e-06,3.187268608858215e-05,6.37453721771643e-06,0.0,15399,,,,,,,,,,,,,,,,,,,,,,,,,,,,,,,,,,,,,,,,,,,,
7,,,,,15399,,,,,0.7205151915550232,,0.031394749879837036,,2.286714553833008,,6.2947883634478785e-06,,,0.015694228932261467,3.0386245250701904,,,,,,,,,,,,,,,,,,,,,,,,,,,,,
,3.1746372756530474e-06,3.1746372756530474e-05,6.349274551306095e-06,0.0,15419,,,,,,,,,,,,,,,,,,,,,,,,,,,,,,,,,,,,,,,,,,,,
,3.1746372756530474e-06,3.1746372756530474e-05,6.349274551306095e-06,0.0,15419,,,,,,,,,,,,,,,,,,,,,,,,,,,,,,,,,,,,,,,,,,,,
7,,,,,15419,,,,,1.0951327085494995,,0.03878152370452881,,4.750978946685791,,0.0021251803264021873,,,0.018328171223402023,5.884893417358398,,,,,,,,,,,,,,,,,,,,,,,,,,,,,
,3.1620201845812183e-06,3.162020184581218e-05,6.3240403691624365e-06,0.0,15439,,,,,,,,,,,,,,,,,,,,,,,,,,,,,,,,,,,,,,,,,,,,
,3.1620201845812183e-06,3.162020184581218e-05,6.3240403691624365e-06,0.0,15439,,,,,,,,,,,,,,,,,,,,,,,,,,,,,,,,,,,,,,,,,,,,
7,,,,,15439,,,,,0.7536214590072632,,0.02667132392525673,,2.1647496223449707,,0.0032766542863100767,,,0.011697335168719292,2.945042610168457,,,,,,,,,,,,,,,,,,,,,,,,,,,,,
,3.1494174314611464e-06,3.1494174314611465e-05,6.298834862922293e-06,0.0,15459,,,,,,,,,,,,,,,,,,,,,,,,,,,,,,,,,,,,,,,,,,,,
,3.1494174314611464e-06,3.1494174314611465e-05,6.298834862922293e-06,0.0,15459,,,,,,,,,,,,,,,,,,,,,,,,,,,,,,,,,,,,,,,,,,,,
7,,,,,15459,,,,,0.3817427158355713,,0.04102059826254845,,1.610605001449585,,1.0496682989469264e-05,,,0.02050505205988884,2.0333683490753174,,,,,,,,,,,,,,,,,,,,,,,,,,,,,
,3.136829112002363e-06,3.136829112002363e-05,6.273658224004726e-06,0.0,15479,,,,,,,,,,,,,,,,,,,,,,,,,,,,,,,,,,,,,,,,,,,,
,3.136829112002363e-06,3.136829112002363e-05,6.273658224004726e-06,0.0,15479,,,,,,,,,,,,,,,,,,,,,,,,,,,,,,,,,,,,,,,,,,,,
7,,,,,15479,,,,,1.0181125402450562,,0.04692016541957855,,3.737567901611328,,3.681419912027195e-06,,,0.023458242416381836,4.802600383758545,,,,,,,,,,,,,,,,,,,,,,,,,,,,,
,3.124255321804787e-06,3.124255321804787e-05,6.248510643609574e-06,0.0,15499,,,,,,,,,,,,,,,,,,,,,,,,,,,,,,,,,,,,,,,,,,,,
,3.124255321804787e-06,3.124255321804787e-05,6.248510643609574e-06,0.0,15499,,,,,,,,,,,,,,,,,,,,,,,,,,,,,,,,,,,,,,,,,,,,
7,,,,,15499,,,,,1.2288243770599365,,0.05853316932916641,,5.473569393157959,,6.034587204339914e-05,,,0.029236409813165665,6.760927200317383,,,,,,,,,,,,,,,,,,,,,,,,,,,,,
,3.111696156357999e-06,3.1116961563579985e-05,6.223392312715998e-06,0.0,15519,,,,,,,,,,,,,,,,,,,,,,,,,,,,,,,,,,,,,,,,,,,,
,3.111696156357999e-06,3.1116961563579985e-05,6.223392312715998e-06,0.0,15519,,,,,,,,,,,,,,,,,,,,,,,,,,,,,,,,,,,,,,,,,,,,
7,,,,,15519,,,,,1.0847320556640625,,0.033723652362823486,,4.346150875091553,,4.114898274565348e-06,,,0.016859769821166992,5.464606761932373,,,,,,,,,,,,,,,,,,,,,,,,,,,,,
,3.0991517110405116e-06,3.0991517110405116e-05,6.198303422081023e-06,0.0,15539,,,,,,,,,,,,,,,,,,,,,,,,,,,,,,,,,,,,,,,,,,,,
,3.0991517110405116e-06,3.0991517110405116e-05,6.198303422081023e-06,0.0,15539,,,,,,,,,,,,,,,,,,,,,,,,,,,,,,,,,,,,,,,,,,,,
7,,,,,15539,,,,,0.3106708228588104,,0.017606105655431747,,1.1157575845718384,,9.068764939001994e-08,,,0.008803008124232292,1.4440345764160156,,,,,,,,,,,,,,,,,,,,,,,,,,,,,
,3.0866220811190473e-06,3.086622081119047e-05,6.1732441622380945e-06,0.0,15559,,,,,,,,,,,,,,,,,,,,,,,,,,,,,,,,,,,,,,,,,,,,
,3.0866220811190473e-06,3.086622081119047e-05,6.1732441622380945e-06,0.0,15559,,,,,,,,,,,,,,,,,,,,,,,,,,,,,,,,,,,,,,,,,,,,
7,,,,,15559,,,,,0.9482702612876892,,0.018031779676675797,,3.296128273010254,,4.841868303628871e-06,,,0.009013468399643898,4.262430191040039,,,,,,,,,,,,,,,,,,,,,,,,,,,,,
,3.0741073617478202e-06,3.07410736174782e-05,6.1482147234956405e-06,0.0,15579,,,,,,,,,,,,,,,,,,,,,,,,,,,,,,,,,,,,,,,,,,,,
,3.0741073617478202e-06,3.07410736174782e-05,6.1482147234956405e-06,0.0,15579,,,,,,,,,,,,,,,,,,,,,,,,,,,,,,,,,,,,,,,,,,,,
7,,,,,15579,,,,,0.9017128348350525,,0.03186291083693504,,3.062906265258789,,6.482297067123e-06,,,0.01592821441590786,3.9964821338653564,,,,,,,,,,,,,,,,,,,,,,,,,,,,,
,3.0616076479678024e-06,3.0616076479678025e-05,6.123215295935605e-06,0.0,15599,,,,,,,,,,,,,,,,,,,,,,,,,,,,,,,,,,,,,,,,,,,,
,3.0616076479678024e-06,3.0616076479678025e-05,6.123215295935605e-06,0.0,15599,,,,,,,,,,,,,,,,,,,,,,,,,,,,,,,,,,,,,,,,,,,,
7,,,,,15599,,,,,0.604843258857727,,0.06057188659906387,,2.1909172534942627,,2.1665899112122133e-05,,,0.03027511015534401,2.856332302093506,,,,,,,,,,,,,,,,,,,,,,,,,,,,,
,3.0491230347060118e-06,3.0491230347060118e-05,6.0982460694120236e-06,0.0,15619,,,,,,,,,,,,,,,,,,,,,,,,,,,,,,,,,,,,,,,,,,,,
,3.0491230347060118e-06,3.0491230347060118e-05,6.0982460694120236e-06,0.0,15619,,,,,,,,,,,,,,,,,,,,,,,,,,,,,,,,,,,,,,,,,,,,
7,,,,,15619,,,,,0.5749141573905945,,0.030278634279966354,,1.8906792402267456,,0.00012060216977261007,,,0.015079015865921974,2.4958720207214355,,,,,,,,,,,,,,,,,,,,,,,,,,,,,
,3.03665361677479e-06,3.03665361677479e-05,6.07330723354958e-06,0.0,15639,,,,,,,,,,,,,,,,,,,,,,,,,,,,,,,,,,,,,,,,,,,,
,3.03665361677479e-06,3.03665361677479e-05,6.07330723354958e-06,0.0,15639,,,,,,,,,,,,,,,,,,,,,,,,,,,,,,,,,,,,,,,,,,,,
7,,,,,15639,,,,,0.486479789018631,,0.011615276336669922,,1.8971540927886963,,2.4978095325423055e-07,,,0.0058075133711099625,2.395249128341675,,,,,,,,,,,,,,,,,,,,,,,,,,,,,
,3.024199488871075e-06,3.024199488871075e-05,6.04839897774215e-06,0.0,15659,,,,,,,,,,,,,,,,,,,,,,,,,,,,,,,,,,,,,,,,,,,,
,3.024199488871075e-06,3.024199488871075e-05,6.04839897774215e-06,0.0,15659,,,,,,,,,,,,,,,,,,,,,,,,,,,,,,,,,,,,,,,,,,,,
7,,,,,15659,,,,,1.0153558254241943,,0.026977118104696274,,3.1040825843811035,,1.2508564850577386e-07,,,0.013488496653735638,4.146415710449219,,,,,,,,,,,,,,,,,,,,,,,,,,,,,
,3.0117607455756914e-06,3.0117607455756913e-05,6.023521491151383e-06,0.0,15679,,,,,,,,,,,,,,,,,,,,,,,,,,,,,,,,,,,,,,,,,,,,
,3.0117607455756914e-06,3.0117607455756913e-05,6.023521491151383e-06,0.0,15679,,,,,,,,,,,,,,,,,,,,,,,,,,,,,,,,,,,,,,,,,,,,
7,,,,,15679,,,,,0.5377083420753479,,0.09812759608030319,,2.245617151260376,,2.1271355308272177e-06,,,0.049062736332416534,2.881453037261963,,,,,,,,,,,,,,,,,,,,,,,,,,,,,
,2.999337481352626e-06,2.999337481352626e-05,5.998674962705252e-06,0.0,15699,,,,,,,,,,,,,,,,,,,,,,,,,,,,,,,,,,,,,,,,,,,,
,2.999337481352626e-06,2.999337481352626e-05,5.998674962705252e-06,0.0,15699,,,,,,,,,,,,,,,,,,,,,,,,,,,,,,,,,,,,,,,,,,,,
7,,,,,15699,,,,,0.4326481819152832,,0.0484735406935215,,1.955793857574463,,7.94500294887257e-07,,,0.024236373603343964,2.436915636062622,,,,,,,,,,,,,,,,,,,,,,,,,,,,,
,2.9869297905483137e-06,2.9869297905483134e-05,5.973859581096627e-06,0.0,15719,,,,,,,,,,,,,,,,,,,,,,,,,,,,,,,,,,,,,,,,,,,,
,2.9869297905483137e-06,2.9869297905483134e-05,5.973859581096627e-06,0.0,15719,,,,,,,,,,,,,,,,,,,,,,,,,,,,,,,,,,,,,,,,,,,,
7,,,,,15719,,,,,0.47311872243881226,,0.022495945915579796,,1.5597259998321533,,1.4264522008033964e-07,,,0.011247901245951653,2.0553407669067383,,,,,,,,,,,,,,,,,,,,,,,,,,,,,
,2.974537767390917e-06,2.974537767390917e-05,5.949075534781834e-06,0.0,15739,,,,,,,,,,,,,,,,,,,,,,,,,,,,,,,,,,,,,,,,,,,,
,2.974537767390917e-06,2.974537767390917e-05,5.949075534781834e-06,0.0,15739,,,,,,,,,,,,,,,,,,,,,,,,,,,,,,,,,,,,,,,,,,,,
7,,,,,15739,,,,,0.6534898281097412,,0.030669189989566803,,2.1441807746887207,,1.5348658166658424e-07,,,0.015334518626332283,2.8283398151397705,,,,,,,,,,,,,,,,,,,,,,,,,,,,,
,2.9621615059896168e-06,2.962161505989617e-05,5.9243230119792335e-06,0.0,15759,,,,,,,,,,,,,,,,,,,,,,,,,,,,,,,,,,,,,,,,,,,,
,2.9621615059896168e-06,2.962161505989617e-05,5.9243230119792335e-06,0.0,15759,,,,,,,,,,,,,,,,,,,,,,,,,,,,,,,,,,,,,,,,,,,,
7,,,,,15759,,,,,0.702781081199646,,0.014867948368191719,,2.1772398948669434,,4.895883876088192e-07,,,0.007433729246258736,2.8948888778686523,,,,,,,,,,,,,,,,,,,,,,,,,,,,,
,2.94980110033389e-06,2.94980110033389e-05,5.89960220066778e-06,0.0,15779,,,,,,,,,,,,,,,,,,,,,,,,,,,,,,,,,,,,,,,,,,,,
,2.94980110033389e-06,2.94980110033389e-05,5.89960220066778e-06,0.0,15779,,,,,,,,,,,,,,,,,,,,,,,,,,,,,,,,,,,,,,,,,,,,
7,,,,,15779,,,,,0.8191978931427002,,0.015021869912743568,,3.923306941986084,,0.0011360616190358996,,,0.0069429040886461735,4.757526397705078,,,,,,,,,,,,,,,,,,,,,,,,,,,,,
,2.937456644292802e-06,2.937456644292802e-05,5.874913288585604e-06,0.0,15799,,,,,,,,,,,,,,,,,,,,,,,,,,,,,,,,,,,,,,,,,,,,
,2.937456644292802e-06,2.937456644292802e-05,5.874913288585604e-06,0.0,15799,,,,,,,,,,,,,,,,,,,,,,,,,,,,,,,,,,,,,,,,,,,,
7,,,,,15799,,,,,0.4226381182670593,,0.013940307311713696,,1.4597187042236328,,4.7502901168172684e-08,,,0.006970130372792482,1.8962972164154053,,,,,,,,,,,,,,,,,,,,,,,,,,,,,
,2.925128231614294e-06,2.9251282316142935e-05,5.850256463228588e-06,0.0,15819,,,,,,,,,,,,,,,,,,,,,,,,,,,,,,,,,,,,,,,,,,,,
,2.925128231614294e-06,2.9251282316142935e-05,5.850256463228588e-06,0.0,15819,,,,,,,,,,,,,,,,,,,,,,,,,,,,,,,,,,,,,,,,,,,,
7,,,,,15819,,,,,0.8460413813591003,,0.011233771219849586,,3.5158438682556152,,0.0019408764783293009,,,0.004646447021514177,4.373118877410889,,,,,,,,,,,,,,,,,,,,,,,,,,,,,
,2.9128159559244613e-06,2.912815955924461e-05,5.825631911848923e-06,0.0,15839,,,,,,,,,,,,,,,,,,,,,,,,,,,,,,,,,,,,,,,,,,,,
,2.9128159559244613e-06,2.912815955924461e-05,5.825631911848923e-06,0.0,15839,,,,,,,,,,,,,,,,,,,,,,,,,,,,,,,,,,,,,,,,,,,,
7,,,,,15839,,,,,0.4710693359375,,0.034537188708782196,,1.7869019508361816,,7.102799372660229e-06,,,0.017265042290091515,2.292508602142334,,,,,,,,,,,,,,,,,,,,,,,,,,,,,
,2.900519910726855e-06,2.900519910726855e-05,5.80103982145371e-06,0.0,15859,,,,,,,,,,,,,,,,,,,,,,,,,,,,,,,,,,,,,,,,,,,,
,2.900519910726855e-06,2.900519910726855e-05,5.80103982145371e-06,0.0,15859,,,,,,,,,,,,,,,,,,,,,,,,,,,,,,,,,,,,,,,,,,,,
7,,,,,15859,,,,,0.8640831708908081,,0.34696659445762634,,6.655085563659668,,0.004637615755200386,,,0.17116449773311615,7.866135597229004,,,,,,,,,,,,,,,,,,,,,,,,,,,,,
,2.888240189401768e-06,2.888240189401768e-05,5.776480378803536e-06,0.0,15879,,,,,,,,,,,,,,,,,,,,,,,,,,,,,,,,,,,,,,,,,,,,
,2.888240189401768e-06,2.888240189401768e-05,5.776480378803536e-06,0.0,15879,,,,,,,,,,,,,,,,,,,,,,,,,,,,,,,,,,,,,,,,,,,,
7,,,,,15879,,,,,1.0158430337905884,,0.015521198511123657,,3.9739160537719727,,9.714697171148146e-07,,,0.007760113105177879,5.005280494689941,,,,,,,,,,,,,,,,,,,,,,,,,,,,,
,2.8759768852055177e-06,2.8759768852055176e-05,5.751953770411035e-06,0.0,15899,,,,,,,,,,,,,,,,,,,,,,,,,,,,,,,,,,,,,,,,,,,,
,2.8759768852055177e-06,2.8759768852055176e-05,5.751953770411035e-06,0.0,15899,,,,,,,,,,,,,,,,,,,,,,,,,,,,,,,,,,,,,,,,,,,,
7,,,,,15899,,,,,0.7484133243560791,,0.02926812879741192,,5.609555721282959,,1.4561898353804281e-08,,,0.014634056948125362,6.387237548828125,,,,,,,,,,,,,,,,,,,,,,,,,,,,,
,2.8637300912697493e-06,2.863730091269749e-05,5.7274601825394986e-06,0.0,15919,,,,,,,,,,,,,,,,,,,,,,,,,,,,,,,,,,,,,,,,,,,,
,2.8637300912697493e-06,2.863730091269749e-05,5.7274601825394986e-06,0.0,15919,,,,,,,,,,,,,,,,,,,,,,,,,,,,,,,,,,,,,,,,,,,,
7,,,,,15919,,,,,0.6488946080207825,,0.016977058723568916,,2.4338793754577637,,7.268252488756843e-07,,,0.008488166145980358,3.0997509956359863,,,,,,,,,,,,,,,,,,,,,,,,,,,,,
,2.8514999006007244e-06,2.8514999006007244e-05,5.702999801201449e-06,0.0,15939,,,,,,,,,,,,,,,,,,,,,,,,,,,,,,,,,,,,,,,,,,,,
,2.8514999006007244e-06,2.8514999006007244e-05,5.702999801201449e-06,0.0,15939,,,,,,,,,,,,,,,,,,,,,,,,,,,,,,,,,,,,,,,,,,,,
7,,,,,15939,,,,,0.7680087685585022,,0.04992813244462013,,2.6422119140625,,1.5614358517268556e-06,,,0.02496328577399254,3.460148811340332,,,,,,,,,,,,,,,,,,,,,,,,,,,,,
,2.8392864060786086e-06,2.8392864060786085e-05,5.678572812157217e-06,0.0,15959,,,,,,,,,,,,,,,,,,,,,,,,,,,,,,,,,,,,,,,,,,,,
,2.8392864060786086e-06,2.8392864060786085e-05,5.678572812157217e-06,0.0,15959,,,,,,,,,,,,,,,,,,,,,,,,,,,,,,,,,,,,,,,,,,,,
7,,,,,15959,,,,,0.7017565369606018,,0.025350075215101242,,3.008298397064209,,0.00021437692339532077,,,0.012567847967147827,3.7354049682617188,,,,,,,,,,,,,,,,,,,,,,,,,,,,,
,2.8270897004567747e-06,2.8270897004567746e-05,5.654179400913549e-06,0.0,15979,,,,,,,,,,,,,,,,,,,,,,,,,,,,,,,,,,,,,,,,,,,,
,2.8270897004567747e-06,2.8270897004567746e-05,5.654179400913549e-06,0.0,15979,,,,,,,,,,,,,,,,,,,,,,,,,,,,,,,,,,,,,,,,,,,,
7,,,,,15979,,,,,0.4121379256248474,,0.018328042700886726,,1.4543430805206299,,3.415768333070446e-06,,,0.009162313304841518,1.8848090171813965,,,,,,,,,,,,,,,,,,,,,,,,,,,,,
,2.814909876361099e-06,2.8149098763610985e-05,5.629819752722198e-06,0.0,15999,,,,,,,,,,,,,,,,,,,,,,,,,,,,,,,,,,,,,,,,,,,,
,2.814909876361099e-06,2.8149098763610985e-05,5.629819752722198e-06,0.0,15999,,,,,,,,,,,,,,,,,,,,,,,,,,,,,,,,,,,,,,,,,,,,
7,,,,,15999,,,,,0.6347563862800598,,0.019596165046095848,,1.908010482788086,,9.830955241341144e-05,,,0.009748927317559719,2.5623631477355957,,,,,,,,,,,,,,,,,,,,,,,,,,,,,
7,,,,,15999,,,,,,,,,,,,,,,,,,,0.0,4800.0,24.727947235107422,23.491424560546875,46.868019104003906,0.11916666477918625,0.17541666328907013,0.21770833432674408,0.22499847412109375,0.06701359152793884,0.15271809697151184,0.00526666222140193,5.0,4800.0,0.0,0.0,5.0,4800.0,572.0,842.0,1045.0,1.0,1.0,5.0,0.7605100870132446,0.7605100870132446
7,,,,,15999,13.274258613586426,20.8125,1.0,0.741890549659729,,0.029428653419017792,,2.8397769927978516,,0.0005819196230731905,,3.611091375350952,0.01442335732281208,,,0.4100362956523895,2.0,7830.0,,,,,,,,,,,,,,,,,,,,,,,,,,
,2.8027470262892435e-06,2.8027470262892437e-05,5.605494052578487e-06,2.802747026289243e-07,16019,,,,,,,,,,,,,,,,,,,,,,,,,,,,,,,,,,,,,,,,,,,,
,2.8027470262892435e-06,2.8027470262892437e-05,5.605494052578487e-06,2.802747026289243e-07,16019,,,,,,,,,,,,,,,,,,,,,,,,,,,,,,,,,,,,,,,,,,,,
8,,,,,16019,,,,,0.9737889766693115,,0.029763320460915565,,3.630115270614624,,1.1007251998762513e-07,,,0.01488160528242588,4.633667469024658,,,,,,,,,,,,,,,,,,,,,,,,,,,,,
,2.790601242609974e-06,2.7906012426099737e-05,5.581202485219948e-06,2.7906012426099736e-07,16039,,,,,,,,,,,,,,,,,,,,,,,,,,,,,,,,,,,,,,,,,,,,
,2.790601242609974e-06,2.7906012426099737e-05,5.581202485219948e-06,2.7906012426099736e-07,16039,,,,,,,,,,,,,,,,,,,,,,,,,,,,,,,,,,,,,,,,,,,,
8,,,,,16039,,,,,0.7294702529907227,,0.04849391430616379,,2.2650978565216064,,2.6773761874210322e-06,,,0.024245617911219597,3.0430619716644287,,,,,,,,,,,,,,,,,,,,,,,,,,,,,
,2.7784726175624437e-06,2.7784726175624438e-05,5.556945235124887e-06,2.7784726175624434e-07,16059,,,,,,,,,,,,,,,,,,,,,,,,,,,,,,,,,,,,,,,,,,,,
,2.7784726175624437e-06,2.7784726175624438e-05,5.556945235124887e-06,2.7784726175624434e-07,16059,,,,,,,,,,,,,,,,,,,,,,,,,,,,,,,,,,,,,,,,,,,,
8,,,,,16059,,,,,0.5226709246635437,,0.031575676053762436,,1.8750619888305664,,7.729583012405783e-05,,,0.015749190002679825,2.4293086528778076,,,,,,,,,,,,,,,,,,,,,,,,,,,,,
,2.7663612432554965e-06,2.7663612432554962e-05,5.532722486510993e-06,2.7663612432554964e-07,16079,,,,,,,,,,,,,,,,,,,,,,,,,,,,,,,,,,,,,,,,,,,,
,2.7663612432554965e-06,2.7663612432554962e-05,5.532722486510993e-06,2.7663612432554964e-07,16079,,,,,,,,,,,,,,,,,,,,,,,,,,,,,,,,,,,,,,,,,,,,
8,,,,,16079,,,,,0.5213997960090637,,0.03130648285150528,,1.6384564638137817,,1.7988859326578677e-05,,,0.015644248574972153,2.1911628246307373,,,,,,,,,,,,,,,,,,,,,,,,,,,,,
,2.7542672116669696e-06,2.7542672116669695e-05,5.508534423333939e-06,2.754267211666969e-07,16099,,,,,,,,,,,,,,,,,,,,,,,,,,,,,,,,,,,,,,,,,,,,
,2.7542672116669696e-06,2.7542672116669695e-05,5.508534423333939e-06,2.754267211666969e-07,16099,,,,,,,,,,,,,,,,,,,,,,,,,,,,,,,,,,,,,,,,,,,,
8,,,,,16099,,,,,0.501427948474884,,0.10772491991519928,,1.9850895404815674,,0.004500751383602619,,,0.05161208286881447,2.5942423343658447,,,,,,,,,,,,,,,,,,,,,,,,,,,,,
,2.7421906146429965e-06,2.7421906146429966e-05,5.484381229285993e-06,2.7421906146429964e-07,16119,,,,,,,,,,,,,,,,,,,,,,,,,,,,,,,,,,,,,,,,,,,,
,2.7421906146429965e-06,2.7421906146429966e-05,5.484381229285993e-06,2.7421906146429964e-07,16119,,,,,,,,,,,,,,,,,,,,,,,,,,,,,,,,,,,,,,,,,,,,
8,,,,,16119,,,,,0.5446255207061768,,0.09095729142427444,,2.028369903564453,,2.593581314158655e-07,,,0.045478515326976776,2.6639528274536133,,,,,,,,,,,,,,,,,,,,,,,,,,,,,
,2.7301315438973015e-06,2.7301315438973012e-05,5.460263087794603e-06,2.730131543897301e-07,16139,,,,,,,,,,,,,,,,,,,,,,,,,,,,,,,,,,,,,,,,,,,,
,2.7301315438973015e-06,2.7301315438973012e-05,5.460263087794603e-06,2.730131543897301e-07,16139,,,,,,,,,,,,,,,,,,,,,,,,,,,,,,,,,,,,,,,,,,,,
8,,,,,16139,,,,,0.6126405000686646,,0.014532806351780891,,2.613337755203247,,0.0009140633046627045,,,0.0068093715235590935,3.240510940551758,,,,,,,,,,,,,,,,,,,,,,,,,,,,,
,2.7180900910105125e-06,2.7180900910105124e-05,5.436180182021025e-06,2.718090091010512e-07,16159,,,,,,,,,,,,,,,,,,,,,,,,,,,,,,,,,,,,,,,,,,,,
,2.7180900910105125e-06,2.7180900910105124e-05,5.436180182021025e-06,2.718090091010512e-07,16159,,,,,,,,,,,,,,,,,,,,,,,,,,,,,,,,,,,,,,,,,,,,
8,,,,,16159,,,,,0.9586313962936401,,0.026774395257234573,,3.743077278137207,,3.8333863017214753e-07,,,0.01338700670748949,4.728483200073242,,,,,,,,,,,,,,,,,,,,,,,,,,,,,
,2.7060663474294603e-06,2.70606634742946e-05,5.412132694858921e-06,2.7060663474294597e-07,16179,,,,,,,,,,,,,,,,,,,,,,,,,,,,,,,,,,,,,,,,,,,,
,2.7060663474294603e-06,2.70606634742946e-05,5.412132694858921e-06,2.7060663474294597e-07,16179,,,,,,,,,,,,,,,,,,,,,,,,,,,,,,,,,,,,,,,,,,,,
8,,,,,16179,,,,,1.2374956607818604,,0.11013073474168777,,5.385017395019531,,9.509771189186722e-05,,,0.05501782149076462,6.732644081115723,,,,,,,,,,,,,,,,,,,,,,,,,,,,,
,2.6940604044664866e-06,2.6940604044664862e-05,5.388120808932973e-06,2.694060404466486e-07,16199,,,,,,,,,,,,,,,,,,,,,,,,,,,,,,,,,,,,,,,,,,,,
,2.6940604044664866e-06,2.6940604044664862e-05,5.388120808932973e-06,2.694060404466486e-07,16199,,,,,,,,,,,,,,,,,,,,,,,,,,,,,,,,,,,,,,,,,,,,
8,,,,,16199,,,,,0.6999455690383911,,0.016208549961447716,,2.612769603729248,,7.867235581215937e-06,,,0.008100341074168682,3.3289237022399902,,,,,,,,,,,,,,,,,,,,,,,,,,,,,
,2.682072353298744e-06,2.682072353298744e-05,5.364144706597488e-06,2.682072353298744e-07,16219,,,,,,,,,,,,,,,,,,,,,,,,,,,,,,,,,,,,,,,,,,,,
,2.682072353298744e-06,2.682072353298744e-05,5.364144706597488e-06,2.682072353298744e-07,16219,,,,,,,,,,,,,,,,,,,,,,,,,,,,,,,,,,,,,,,,,,,,
8,,,,,16219,,,,,0.7080989480018616,,0.004259503446519375,,2.7303953170776367,,2.8561758881551214e-05,,,0.0021154708229005337,3.442753791809082,,,,,,,,,,,,,,,,,,,,,,,,,,,,,
,2.6701022849675156e-06,2.6701022849675156e-05,5.340204569935031e-06,2.670102284967515e-07,16239,,,,,,,,,,,,,,,,,,,,,,,,,,,,,,,,,,,,,,,,,,,,
,2.6701022849675156e-06,2.6701022849675156e-05,5.340204569935031e-06,2.670102284967515e-07,16239,,,,,,,,,,,,,,,,,,,,,,,,,,,,,,,,,,,,,,,,,,,,
8,,,,,16239,,,,,0.9576003551483154,,0.017900746315717697,,3.874052047729492,,1.6513612308699521e-06,,,0.00894954800605774,4.849553108215332,,,,,,,,,,,,,,,,,,,,,,,,,,,,,
,2.658150290377515e-06,2.658150290377515e-05,5.31630058075503e-06,2.658150290377515e-07,16259,,,,,,,,,,,,,,,,,,,,,,,,,,,,,,,,,,,,,,,,,,,,
,2.658150290377515e-06,2.658150290377515e-05,5.31630058075503e-06,2.658150290377515e-07,16259,,,,,,,,,,,,,,,,,,,,,,,,,,,,,,,,,,,,,,,,,,,,
8,,,,,16259,,,,,0.5046662092208862,,0.041608892381191254,,1.7777386903762817,,5.308389177116624e-07,,,0.020804181694984436,2.3240137100219727,,,,,,,,,,,,,,,,,,,,,,,,,,,,,
,2.646216460296195e-06,2.646216460296195e-05,5.29243292059239e-06,2.6462164602961946e-07,16279,,,,,,,,,,,,,,,,,,,,,,,,,,,,,,,,,,,,,,,,,,,,
,2.646216460296195e-06,2.646216460296195e-05,5.29243292059239e-06,2.6462164602961946e-07,16279,,,,,,,,,,,,,,,,,,,,,,,,,,,,,,,,,,,,,,,,,,,,
8,,,,,16279,,,,,0.49423956871032715,,0.019166775047779083,,2.433006763458252,,3.7956991150167596e-07,,,0.00958319753408432,2.946413040161133,,,,,,,,,,,,,,,,,,,,,,,,,,,,,
,2.6343008853530603e-06,2.6343008853530605e-05,5.268601770706121e-06,2.63430088535306e-07,16299,,,,,,,,,,,,,,,,,,,,,,,,,,,,,,,,,,,,,,,,,,,,
,2.6343008853530603e-06,2.6343008853530605e-05,5.268601770706121e-06,2.63430088535306e-07,16299,,,,,,,,,,,,,,,,,,,,,,,,,,,,,,,,,,,,,,,,,,,,
8,,,,,16299,,,,,0.6843953728675842,,0.025270404294133186,,1.8982603549957275,,5.647073339787312e-05,,,0.012606966309249401,2.6079261302948,,,,,,,,,,,,,,,,,,,,,,,,,,,,,
,2.6224036560389866e-06,2.6224036560389863e-05,5.244807312077973e-06,2.622403656038986e-07,16319,,,,,,,,,,,,,,,,,,,,,,,,,,,,,,,,,,,,,,,,,,,,
,2.6224036560389866e-06,2.6224036560389863e-05,5.244807312077973e-06,2.622403656038986e-07,16319,,,,,,,,,,,,,,,,,,,,,,,,,,,,,,,,,,,,,,,,,,,,
8,,,,,16319,,,,,1.149570107460022,,0.07195273041725159,,4.188831329345703,,0.0007194877252914011,,,0.03561662137508392,5.410354137420654,,,,,,,,,,,,,,,,,,,,,,,,,,,,,
,2.6105248627055183e-06,2.6105248627055184e-05,5.221049725411037e-06,2.6105248627055184e-07,16339,,,,,,,,,,,,,,,,,,,,,,,,,,,,,,,,,,,,,,,,,,,,
,2.6105248627055183e-06,2.6105248627055184e-05,5.221049725411037e-06,2.6105248627055184e-07,16339,,,,,,,,,,,,,,,,,,,,,,,,,,,,,,,,,,,,,,,,,,,,
8,,,,,16339,,,,,0.8574805855751038,,0.04557865113019943,,3.4733352661132812,,1.7220896552316844e-05,,,0.02278071455657482,4.376394748687744,,,,,,,,,,,,,,,,,,,,,,,,,,,,,
,2.5986645955641974e-06,2.5986645955641974e-05,5.197329191128395e-06,2.5986645955641973e-07,16359,,,,,,,,,,,,,,,,,,,,,,,,,,,,,,,,,,,,,,,,,,,,
,2.5986645955641974e-06,2.5986645955641974e-05,5.197329191128395e-06,2.5986645955641973e-07,16359,,,,,,,,,,,,,,,,,,,,,,,,,,,,,,,,,,,,,,,,,,,,
8,,,,,16359,,,,,0.5870124697685242,,0.0170575063675642,,3.0448484420776367,,0.000687735213432461,,,0.0081848856061697,3.648918390274048,,,,,,,,,,,,,,,,,,,,,,,,,,,,,
,2.58682294468587e-06,2.58682294468587e-05,5.17364588937174e-06,2.58682294468587e-07,16379,,,,,,,,,,,,,,,,,,,,,,,,,,,,,,,,,,,,,,,,,,,,
,2.58682294468587e-06,2.58682294468587e-05,5.17364588937174e-06,2.58682294468587e-07,16379,,,,,,,,,,,,,,,,,,,,,,,,,,,,,,,,,,,,,,,,,,,,
8,,,,,16379,,,,,0.42217543721199036,,0.01606006920337677,,1.8344969749450684,,2.966530701087322e-06,,,0.008028551936149597,2.2727324962615967,,,,,,,,,,,,,,,,,,,,,,,,,,,,,
,2.575000000000001e-06,2.5750000000000013e-05,5.150000000000002e-06,2.5750000000000013e-07,16399,,,,,,,,,,,,,,,,,,,,,,,,,,,,,,,,,,,,,,,,,,,,
,2.575000000000001e-06,2.5750000000000013e-05,5.150000000000002e-06,2.5750000000000013e-07,16399,,,,,,,,,,,,,,,,,,,,,,,,,,,,,,,,,,,,,,,,,,,,
8,,,,,16399,,,,,0.3783343732357025,,0.028659960255026817,,1.6415923833847046,,7.815410754119512e-06,,,0.014326072297990322,2.04858660697937,,,,,,,,,,,,,,,,,,,,,,,,,,,,,
,2.563195851293998e-06,2.563195851293998e-05,5.126391702587996e-06,2.563195851293998e-07,16419,,,,,,,,,,,,,,,,,,,,,,,,,,,,,,,,,,,,,,,,,,,,
,2.563195851293998e-06,2.563195851293998e-05,5.126391702587996e-06,2.563195851293998e-07,16419,,,,,,,,,,,,,,,,,,,,,,,,,,,,,,,,,,,,,,,,,,,,
8,,,,,16419,,,,,0.426503449678421,,0.002836045576259494,,1.4878385066986084,,4.956817974743899e-06,,,0.0014155444223433733,1.9171779155731201,,,,,,,,,,,,,,,,,,,,,,,,,,,,,
,2.551410588212525e-06,2.551410588212525e-05,5.10282117642505e-06,2.5514105882125246e-07,16439,,,,,,,,,,,,,,,,,,,,,,,,,,,,,,,,,,,,,,,,,,,,
,2.551410588212525e-06,2.551410588212525e-05,5.10282117642505e-06,2.5514105882125246e-07,16439,,,,,,,,,,,,,,,,,,,,,,,,,,,,,,,,,,,,,,,,,,,,
8,,,,,16439,,,,,1.1439087390899658,,0.01386181078851223,,6.043675422668457,,0.0001286693150177598,,,0.006866570562124252,7.201445579528809,,,,,,,,,,,,,,,,,,,,,,,,,,,,,
,2.5396443002568195e-06,2.5396443002568194e-05,5.079288600513639e-06,2.539644300256819e-07,16459,,,,,,,,,,,,,,,,,,,,,,,,,,,,,,,,,,,,,,,,,,,,
,2.5396443002568195e-06,2.5396443002568194e-05,5.079288600513639e-06,2.539644300256819e-07,16459,,,,,,,,,,,,,,,,,,,,,,,,,,,,,,,,,,,,,,,,,,,,
8,,,,,16459,,,,,0.8886432647705078,,0.036906227469444275,,3.064362049102783,,9.619572693964074e-08,,,0.018453065305948257,3.9899115562438965,,,,,,,,,,,,,,,,,,,,,,,,,,,,,
,2.5278970767840183e-06,2.5278970767840182e-05,5.055794153568037e-06,2.527897076784018e-07,16479,,,,,,,,,,,,,,,,,,,,,,,,,,,,,,,,,,,,,,,,,,,,
,2.5278970767840183e-06,2.5278970767840182e-05,5.055794153568037e-06,2.527897076784018e-07,16479,,,,,,,,,,,,,,,,,,,,,,,,,,,,,,,,,,,,,,,,,,,,
8,,,,,16479,,,,,0.4364352524280548,,0.020385144278407097,,1.861154317855835,,1.0318329259462189e-05,,,0.010187413543462753,2.317974805831909,,,,,,,,,,,,,,,,,,,,,,,,,,,,,
,2.5161690070064765e-06,2.5161690070064766e-05,5.032338014012953e-06,2.516169007006476e-07,16499,,,,,,,,,,,,,,,,,,,,,,,,,,,,,,,,,,,,,,,,,,,,
,2.5161690070064765e-06,2.5161690070064766e-05,5.032338014012953e-06,2.516169007006476e-07,16499,,,,,,,,,,,,,,,,,,,,,,,,,,,,,,,,,,,,,,,,,,,,
8,,,,,16499,,,,,0.5891814231872559,,0.03446163982152939,,1.9654862880706787,,3.974560968345031e-05,,,0.0172109454870224,2.5891294479370117,,,,,,,,,,,,,,,,,,,,,,,,,,,,,
,2.504460179991086e-06,2.504460179991086e-05,5.008920359982172e-06,2.504460179991086e-07,16519,,,,,,,,,,,,,,,,,,,,,,,,,,,,,,,,,,,,,,,,,,,,
,2.504460179991086e-06,2.504460179991086e-05,5.008920359982172e-06,2.504460179991086e-07,16519,,,,,,,,,,,,,,,,,,,,,,,,,,,,,,,,,,,,,,,,,,,,
8,,,,,16519,,,,,0.34537339210510254,,0.053349707275629044,,1.2433887720108032,,0.0003374599327798933,,,0.026506122201681137,1.642111897468567,,,,,,,,,,,,,,,,,,,,,,,,,,,,,
,2.4927706846586063e-06,2.4927706846586064e-05,4.9855413693172126e-06,2.4927706846586063e-07,16539,,,,,,,,,,,,,,,,,,,,,,,,,,,,,,,,,,,,,,,,,,,,
,2.4927706846586063e-06,2.4927706846586064e-05,4.9855413693172126e-06,2.4927706846586063e-07,16539,,,,,,,,,,,,,,,,,,,,,,,,,,,,,,,,,,,,,,,,,,,,
8,,,,,16539,,,,,0.5647830963134766,,0.017096806317567825,,1.945906162261963,,9.091896572499536e-06,,,0.008543857373297215,2.5277860164642334,,,,,,,,,,,,,,,,,,,,,,,,,,,,,
,2.4811006097829865e-06,2.4811006097829866e-05,4.962201219565973e-06,2.481100609782986e-07,16559,,,,,,,,,,,,,,,,,,,,,,,,,,,,,,,,,,,,,,,,,,,,
,2.4811006097829865e-06,2.4811006097829866e-05,4.962201219565973e-06,2.481100609782986e-07,16559,,,,,,,,,,,,,,,,,,,,,,,,,,,,,,,,,,,,,,,,,,,,
8,,,,,16559,,,,,0.6135780811309814,,0.02742701768875122,,1.7432661056518555,,4.499488113651751e-06,,,0.01371125876903534,2.3842711448669434,,,,,,,,,,,,,,,,,,,,,,,,,,,,,
,2.4694500439906846e-06,2.4694500439906845e-05,4.938900087981369e-06,2.469450043990684e-07,16579,,,,,,,,,,,,,,,,,,,,,,,,,,,,,,,,,,,,,,,,,,,,
,2.4694500439906846e-06,2.4694500439906845e-05,4.938900087981369e-06,2.469450043990684e-07,16579,,,,,,,,,,,,,,,,,,,,,,,,,,,,,,,,,,,,,,,,,,,,
8,,,,,16579,,,,,1.1717766523361206,,0.014246980659663677,,5.129794120788574,,0.002972677117213607,,,0.005637151654809713,6.315817832946777,,,,,,,,,,,,,,,,,,,,,,,,,,,,,
,2.457819075760005e-06,2.4578190757600048e-05,4.91563815152001e-06,2.4578190757600046e-07,16599,,,,,,,,,,,,,,,,,,,,,,,,,,,,,,,,,,,,,,,,,,,,
,2.457819075760005e-06,2.4578190757600048e-05,4.91563815152001e-06,2.4578190757600046e-07,16599,,,,,,,,,,,,,,,,,,,,,,,,,,,,,,,,,,,,,,,,,,,,
8,,,,,16599,,,,,0.7659541964530945,,0.0031111447606235743,,6.507315158843994,,1.1628577567535103e-06,,,0.0015549910021945834,7.27638053894043,,,,,,,,,,,,,,,,,,,,,,,,,,,,,
,2.4462077934204224e-06,2.4462077934204223e-05,4.892415586840845e-06,2.446207793420422e-07,16619,,,,,,,,,,,,,,,,,,,,,,,,,,,,,,,,,,,,,,,,,,,,
,2.4462077934204224e-06,2.4462077934204223e-05,4.892415586840845e-06,2.446207793420422e-07,16619,,,,,,,,,,,,,,,,,,,,,,,,,,,,,,,,,,,,,,,,,,,,
8,,,,,16619,,,,,1.1342837810516357,,0.04515266790986061,,4.72462272644043,,0.0028049552347511053,,,0.021173855289816856,5.904059410095215,,,,,,,,,,,,,,,,,,,,,,,,,,,,,
,2.4346162851519044e-06,2.434616285151904e-05,4.869232570303809e-06,2.434616285151904e-07,16639,,,,,,,,,,,,,,,,,,,,,,,,,,,,,,,,,,,,,,,,,,,,
,2.4346162851519044e-06,2.434616285151904e-05,4.869232570303809e-06,2.434616285151904e-07,16639,,,,,,,,,,,,,,,,,,,,,,,,,,,,,,,,,,,,,,,,,,,,
8,,,,,16639,,,,,0.7938830852508545,,0.0479646697640419,,2.8324363231658936,,0.0007088588317856193,,,0.023627905175089836,3.674283981323242,,,,,,,,,,,,,,,,,,,,,,,,,,,,,
,2.4230446389842534e-06,2.4230446389842533e-05,4.846089277968507e-06,2.4230446389842533e-07,16659,,,,,,,,,,,,,,,,,,,,,,,,,,,,,,,,,,,,,,,,,,,,
,2.4230446389842534e-06,2.4230446389842533e-05,4.846089277968507e-06,2.4230446389842533e-07,16659,,,,,,,,,,,,,,,,,,,,,,,,,,,,,,,,,,,,,,,,,,,,
8,,,,,16659,,,,,0.7865946888923645,,0.024450497701764107,,3.5305280685424805,,0.000688020430970937,,,0.011881237849593163,4.341573238372803,,,,,,,,,,,,,,,,,,,,,,,,,,,,,
,2.411492942796432e-06,2.4114929427964323e-05,4.822985885592864e-06,2.411492942796432e-07,16679,,,,,,,,,,,,,,,,,,,,,,,,,,,,,,,,,,,,,,,,,,,,
,2.411492942796432e-06,2.4114929427964323e-05,4.822985885592864e-06,2.411492942796432e-07,16679,,,,,,,,,,,,,,,,,,,,,,,,,,,,,,,,,,,,,,,,,,,,
8,,,,,16679,,,,,0.5810186266899109,,0.0559912770986557,,1.890578031539917,,6.795627314204467e-07,,,0.02799529954791069,2.527587890625,,,,,,,,,,,,,,,,,,,,,,,,,,,,,
,2.3999612843158913e-06,2.3999612843158913e-05,4.7999225686317825e-06,2.399961284315891e-07,16699,,,,,,,,,,,,,,,,,,,,,,,,,,,,,,,,,,,,,,,,,,,,
,2.3999612843158913e-06,2.3999612843158913e-05,4.7999225686317825e-06,2.399961284315891e-07,16699,,,,,,,,,,,,,,,,,,,,,,,,,,,,,,,,,,,,,,,,,,,,
8,,,,,16699,,,,,1.2786411046981812,,0.013948088511824608,,4.413331031799316,,6.26761334387993e-07,,,0.006973730865865946,5.705920219421387,,,,,,,,,,,,,,,,,,,,,,,,,,,,,
,2.388449751117914e-06,2.3884497511179135e-05,4.776899502235828e-06,2.3884497511179134e-07,16719,,,,,,,,,,,,,,,,,,,,,,,,,,,,,,,,,,,,,,,,,,,,
,2.388449751117914e-06,2.3884497511179135e-05,4.776899502235828e-06,2.3884497511179134e-07,16719,,,,,,,,,,,,,,,,,,,,,,,,,,,,,,,,,,,,,,,,,,,,
8,,,,,16719,,,,,0.688317060470581,,0.02330653741955757,,2.4975719451904297,,0.01013925950974226,,,0.006583638489246368,3.209195613861084,,,,,,,,,,,,,,,,,,,,,,,,,,,,,
,2.376958430624943e-06,2.3769584306249427e-05,4.753916861249886e-06,2.3769584306249428e-07,16739,,,,,,,,,,,,,,,,,,,,,,,,,,,,,,,,,,,,,,,,,,,,
,2.376958430624943e-06,2.3769584306249427e-05,4.753916861249886e-06,2.3769584306249428e-07,16739,,,,,,,,,,,,,,,,,,,,,,,,,,,,,,,,,,,,,,,,,,,,
8,,,,,16739,,,,,0.2912200391292572,,0.019344665110111237,,1.6068329811096191,,1.659108050944269e-07,,,0.009672249667346478,1.9173977375030518,,,,,,,,,,,,,,,,,,,,,,,,,,,,,
,2.365487410105918e-06,2.365487410105918e-05,4.730974820211836e-06,2.3654874101059177e-07,16759,,,,,,,,,,,,,,,,,,,,,,,,,,,,,,,,,,,,,,,,,,,,
,2.365487410105918e-06,2.365487410105918e-05,4.730974820211836e-06,2.3654874101059177e-07,16759,,,,,,,,,,,,,,,,,,,,,,,,,,,,,,,,,,,,,,,,,,,,
8,,,,,16759,,,,,0.5688923001289368,,0.007479031104594469,,2.1911580562591553,,4.485963290790096e-05,,,0.003717085812240839,2.767529249191284,,,,,,,,,,,,,,,,,,,,,,,,,,,,,
,2.354036776675616e-06,2.354036776675616e-05,4.708073553351232e-06,2.354036776675616e-07,16779,,,,,,,,,,,,,,,,,,,,,,,,,,,,,,,,,,,,,,,,,,,,
,2.354036776675616e-06,2.354036776675616e-05,4.708073553351232e-06,2.354036776675616e-07,16779,,,,,,,,,,,,,,,,,,,,,,,,,,,,,,,,,,,,,,,,,,,,
8,,,,,16779,,,,,0.7258634567260742,,0.04143386706709862,,2.7981090545654297,,0.00020871697051916271,,,0.020612575113773346,3.565406322479248,,,,,,,,,,,,,,,,,,,,,,,,,,,,,
,2.342606617293988e-06,2.3426066172939882e-05,4.685213234587976e-06,2.3426066172939878e-07,16799,,,,,,,,,,,,,,,,,,,,,,,,,,,,,,,,,,,,,,,,,,,,
,2.342606617293988e-06,2.3426066172939882e-05,4.685213234587976e-06,2.3426066172939878e-07,16799,,,,,,,,,,,,,,,,,,,,,,,,,,,,,,,,,,,,,,,,,,,,
8,,,,,16799,,,,,0.9286316633224487,,0.09006322175264359,,4.228510856628418,,2.2749456718429428e-07,,,0.04503149539232254,5.24720573425293,,,,,,,,,,,,,,,,,,,,,,,,,,,,,
,2.331197018765494e-06,2.331197018765494e-05,4.662394037530988e-06,2.3311970187654936e-07,16819,,,,,,,,,,,,,,,,,,,,,,,,,,,,,,,,,,,,,,,,,,,,
,2.331197018765494e-06,2.331197018765494e-05,4.662394037530988e-06,2.3311970187654936e-07,16819,,,,,,,,,,,,,,,,,,,,,,,,,,,,,,,,,,,,,,,,,,,,
8,,,,,16819,,,,,0.46900618076324463,,0.018771227449178696,,1.8414651155471802,,3.220969119865913e-06,,,0.009384003467857838,2.329242467880249,,,,,,,,,,,,,,,,,,,,,,,,,,,,,
,2.319808067738452e-06,2.319808067738452e-05,4.639616135476904e-06,2.3198080677384517e-07,16839,,,,,,,,,,,,,,,,,,,,,,,,,,,,,,,,,,,,,,,,,,,,
,2.319808067738452e-06,2.319808067738452e-05,4.639616135476904e-06,2.3198080677384517e-07,16839,,,,,,,,,,,,,,,,,,,,,,,,,,,,,,,,,,,,,,,,,,,,
8,,,,,16839,,,,,0.662211537361145,,0.01261430885642767,,2.2252330780029297,,1.82245264568337e-06,,,0.0063062431290745735,2.9000587463378906,,,,,,,,,,,,,,,,,,,,,,,,,,,,,
,2.3084398507043775e-06,2.308439850704377e-05,4.616879701408755e-06,2.308439850704377e-07,16859,,,,,,,,,,,,,,,,,,,,,,,,,,,,,,,,,,,,,,,,,,,,
,2.3084398507043775e-06,2.308439850704377e-05,4.616879701408755e-06,2.308439850704377e-07,16859,,,,,,,,,,,,,,,,,,,,,,,,,,,,,,,,,,,,,,,,,,,,
8,,,,,16859,,,,,0.6562310457229614,,0.019020896404981613,,2.6455397605895996,,0.00032807906973175704,,,0.009346408769488335,3.320791721343994,,,,,,,,,,,,,,,,,,,,,,,,,,,,,
,2.297092453997317e-06,2.297092453997317e-05,4.594184907994634e-06,2.2970924539973168e-07,16879,,,,,,,,,,,,,,,,,,,,,,,,,,,,,,,,,,,,,,,,,,,,
,2.297092453997317e-06,2.297092453997317e-05,4.594184907994634e-06,2.2970924539973168e-07,16879,,,,,,,,,,,,,,,,,,,,,,,,,,,,,,,,,,,,,,,,,,,,
8,,,,,16879,,,,,0.6907846331596375,,0.07077636569738388,,2.351378917694092,,2.621905878186226e-05,,,0.03537507355213165,3.1129400730133057,,,,,,,,,,,,,,,,,,,,,,,,,,,,,
,2.28576596379321e-06,2.28576596379321e-05,4.57153192758642e-06,2.2857659637932098e-07,16899,,,,,,,,,,,,,,,,,,,,,,,,,,,,,,,,,,,,,,,,,,,,
,2.28576596379321e-06,2.28576596379321e-05,4.57153192758642e-06,2.2857659637932098e-07,16899,,,,,,,,,,,,,,,,,,,,,,,,,,,,,,,,,,,,,,,,,,,,
8,,,,,16899,,,,,0.2924739718437195,,0.02807590365409851,,1.1998724937438965,,1.0768178348996571e-08,,,0.014037946239113808,1.5204224586486816,,,,,,,,,,,,,,,,,,,,,,,,,,,,,
,2.274460466109221e-06,2.274460466109221e-05,4.548920932218442e-06,2.2744604661092206e-07,16919,,,,,,,,,,,,,,,,,,,,,,,,,,,,,,,,,,,,,,,,,,,,
,2.274460466109221e-06,2.274460466109221e-05,4.548920932218442e-06,2.2744604661092206e-07,16919,,,,,,,,,,,,,,,,,,,,,,,,,,,,,,,,,,,,,,,,,,,,
8,,,,,16919,,,,,0.44618406891822815,,0.0038979309611022472,,1.425759196281433,,8.12808775663143e-06,,,0.0019449015380814672,1.8758411407470703,,,,,,,,,,,,,,,,,,,,,,,,,,,,,
,2.263176046803087e-06,2.263176046803087e-05,4.526352093606174e-06,2.2631760468030867e-07,16939,,,,,,,,,,,,,,,,,,,,,,,,,,,,,,,,,,,,,,,,,,,,
,2.263176046803087e-06,2.263176046803087e-05,4.526352093606174e-06,2.2631760468030867e-07,16939,,,,,,,,,,,,,,,,,,,,,,,,,,,,,,,,,,,,,,,,,,,,
8,,,,,16939,,,,,0.3363095223903656,,0.03575284406542778,,1.2302345037460327,,0.00018884400196839124,,,0.017781998962163925,1.6022969484329224,,,,,,,,,,,,,,,,,,,,,,,,,,,,,
,2.2519127915724743e-06,2.2519127915724744e-05,4.503825583144949e-06,2.2519127915724743e-07,16959,,,,,,,,,,,,,,,,,,,,,,,,,,,,,,,,,,,,,,,,,,,,
,2.2519127915724743e-06,2.2519127915724744e-05,4.503825583144949e-06,2.2519127915724743e-07,16959,,,,,,,,,,,,,,,,,,,,,,,,,,,,,,,,,,,,,,,,,,,,
8,,,,,16959,,,,,0.839619517326355,,0.01860334351658821,,3.0083556175231934,,3.8523535295098554e-07,,,0.00930147897452116,3.8665785789489746,,,,,,,,,,,,,,,,,,,,,,,,,,,,,
,2.2406707859543205e-06,2.2406707859543206e-05,4.481341571908641e-06,2.2406707859543204e-07,16979,,,,,,,,,,,,,,,,,,,,,,,,,,,,,,,,,,,,,,,,,,,,
,2.2406707859543205e-06,2.2406707859543206e-05,4.481341571908641e-06,2.2406707859543204e-07,16979,,,,,,,,,,,,,,,,,,,,,,,,,,,,,,,,,,,,,,,,,,,,
8,,,,,16979,,,,,0.6287466287612915,,0.01554488018155098,,2.224321126937866,,0.0008690803661011159,,,0.007337899878621101,2.868612766265869,,,,,,,,,,,,,,,,,,,,,,,,,,,,,
,2.229450115324183e-06,2.2294501153241827e-05,4.458900230648366e-06,2.2294501153241823e-07,16999,,,,,,,,,,,,,,,,,,,,,,,,,,,,,,,,,,,,,,,,,,,,
,2.229450115324183e-06,2.2294501153241827e-05,4.458900230648366e-06,2.2294501153241823e-07,16999,,,,,,,,,,,,,,,,,,,,,,,,,,,,,,,,,,,,,,,,,,,,
8,,,,,16999,,,,,0.5746917128562927,,0.033263951539993286,,1.970198154449463,,7.0262717599689495e-06,,,0.016628462821245193,2.5781538486480713,,,,,,,,,,,,,,,,,,,,,,,,,,,,,
,2.2182508648955976e-06,2.2182508648955975e-05,4.436501729791195e-06,2.2182508648955972e-07,17019,,,,,,,,,,,,,,,,,,,,,,,,,,,,,,,,,,,,,,,,,,,,
,2.2182508648955976e-06,2.2182508648955975e-05,4.436501729791195e-06,2.2182508648955972e-07,17019,,,,,,,,,,,,,,,,,,,,,,,,,,,,,,,,,,,,,,,,,,,,
8,,,,,17019,,,,,0.5959917902946472,,0.14443637430667877,,2.4698538780212402,,1.2669472653215053e-06,,,0.07221755385398865,3.21028208732605,,,,,,,,,,,,,,,,,,,,,,,,,,,,,
,2.2070731197194296e-06,2.2070731197194295e-05,4.414146239438859e-06,2.2070731197194292e-07,17039,,,,,,,,,,,,,,,,,,,,,,,,,,,,,,,,,,,,,,,,,,,,
,2.2070731197194296e-06,2.2070731197194295e-05,4.414146239438859e-06,2.2070731197194292e-07,17039,,,,,,,,,,,,,,,,,,,,,,,,,,,,,,,,,,,,,,,,,,,,
8,,,,,17039,,,,,0.8022127747535706,,0.04575328528881073,,3.7216548919677734,,4.529028956312686e-06,,,0.02287437953054905,4.5696210861206055,,,,,,,,,,,,,,,,,,,,,,,,,,,,,
,2.1959169646832203e-06,2.19591696468322e-05,4.391833929366441e-06,2.1959169646832198e-07,17059,,,,,,,,,,,,,,,,,,,,,,,,,,,,,,,,,,,,,,,,,,,,
,2.1959169646832203e-06,2.19591696468322e-05,4.391833929366441e-06,2.1959169646832198e-07,17059,,,,,,,,,,,,,,,,,,,,,,,,,,,,,,,,,,,,,,,,,,,,
8,,,,,17059,,,,,0.7672064304351807,,0.013514166697859764,,2.989014148712158,,1.1452391390776029e-06,,,0.0067565105855464935,3.7697348594665527,,,,,,,,,,,,,,,,,,,,,,,,,,,,,
,2.1847824845105553e-06,2.184782484510555e-05,4.3695649690211105e-06,2.184782484510555e-07,17079,,,,,,,,,,,,,,,,,,,,,,,,,,,,,,,,,,,,,,,,,,,,
,2.1847824845105553e-06,2.184782484510555e-05,4.3695649690211105e-06,2.184782484510555e-07,17079,,,,,,,,,,,,,,,,,,,,,,,,,,,,,,,,,,,,,,,,,,,,
8,,,,,17079,,,,,0.6156297326087952,,0.011147866025567055,,2.08142352104187,,1.3558478713093791e-06,,,0.005573255009949207,2.7082011699676514,,,,,,,,,,,,,,,,,,,,,,,,,,,,,
,2.1736697637604058e-06,2.1736697637604058e-05,4.3473395275208115e-06,2.1736697637604058e-07,17099,,,,,,,,,,,,,,,,,,,,,,,,,,,,,,,,,,,,,,,,,,,,
,2.1736697637604058e-06,2.1736697637604058e-05,4.3473395275208115e-06,2.1736697637604058e-07,17099,,,,,,,,,,,,,,,,,,,,,,,,,,,,,,,,,,,,,,,,,,,,
8,,,,,17099,,,,,1.0128711462020874,,0.012911926954984665,,4.173910617828369,,0.0013152470346540213,,,0.00579833984375,5.19969367980957,,,,,,,,,,,,,,,,,,,,,,,,,,,,,
,2.162578886826505e-06,2.1625788868265047e-05,4.32515777365301e-06,2.1625788868265047e-07,17119,,,,,,,,,,,,,,,,,,,,,,,,,,,,,,,,,,,,,,,,,,,,
,2.162578886826505e-06,2.1625788868265047e-05,4.32515777365301e-06,2.1625788868265047e-07,17119,,,,,,,,,,,,,,,,,,,,,,,,,,,,,,,,,,,,,,,,,,,,
8,,,,,17119,,,,,0.5961600542068481,,0.01814262382686138,,2.5689430236816406,,4.492684411161463e-07,,,0.009071087464690208,3.1832456588745117,,,,,,,,,,,,,,,,,,,,,,,,,,,,,
,2.1515099379366855e-06,2.1515099379366854e-05,4.303019875873371e-06,2.1515099379366851e-07,17139,,,,,,,,,,,,,,,,,,,,,,,,,,,,,,,,,,,,,,,,,,,,
,2.1515099379366855e-06,2.1515099379366854e-05,4.303019875873371e-06,2.1515099379366851e-07,17139,,,,,,,,,,,,,,,,,,,,,,,,,,,,,,,,,,,,,,,,,,,,
8,,,,,17139,,,,,0.3434368669986725,,0.0298265740275383,,0.6834848523139954,,0.0015342499827966094,,,0.014146162196993828,1.0567482709884644,,,,,,,,,,,,,,,,,,,,,,,,,,,,,
,2.140463001152259e-06,2.1404630011522586e-05,4.280926002304518e-06,2.1404630011522585e-07,17159,,,,,,,,,,,,,,,,,,,,,,,,,,,,,,,,,,,,,,,,,,,,
,2.140463001152259e-06,2.1404630011522586e-05,4.280926002304518e-06,2.1404630011522585e-07,17159,,,,,,,,,,,,,,,,,,,,,,,,,,,,,,,,,,,,,,,,,,,,
8,,,,,17159,,,,,0.7334797382354736,,0.034657083451747894,,5.9365644454956055,,0.0015215465100482106,,,0.016567768529057503,6.7047014236450195,,,,,,,,,,,,,,,,,,,,,,,,,,,,,
,2.129438160367369e-06,2.129438160367369e-05,4.258876320734738e-06,2.1294381603673685e-07,17179,,,,,,,,,,,,,,,,,,,,,,,,,,,,,,,,,,,,,,,,,,,,
,2.129438160367369e-06,2.129438160367369e-05,4.258876320734738e-06,2.1294381603673685e-07,17179,,,,,,,,,,,,,,,,,,,,,,,,,,,,,,,,,,,,,,,,,,,,
8,,,,,17179,,,,,0.9197331070899963,,0.01126925554126501,,3.2590041160583496,,2.182578555220971e-06,,,0.005633536260575056,4.190006732940674,,,,,,,,,,,,,,,,,,,,,,,,,,,,,
,2.1184354993083497e-06,2.1184354993083495e-05,4.236870998616699e-06,2.1184354993083495e-07,17199,,,,,,,,,,,,,,,,,,,,,,,,,,,,,,,,,,,,,,,,,,,,
,2.1184354993083497e-06,2.1184354993083495e-05,4.236870998616699e-06,2.1184354993083495e-07,17199,,,,,,,,,,,,,,,,,,,,,,,,,,,,,,,,,,,,,,,,,,,,
8,,,,,17199,,,,,0.7181737422943115,,0.014391843229532242,,2.5813095569610596,,4.282842098746187e-07,,,0.007195707410573959,3.313875198364258,,,,,,,,,,,,,,,,,,,,,,,,,,,,,
,2.1074551015331007e-06,2.1074551015331007e-05,4.2149102030662015e-06,2.1074551015331005e-07,17219,,,,,,,,,,,,,,,,,,,,,,,,,,,,,,,,,,,,,,,,,,,,
,2.1074551015331007e-06,2.1074551015331007e-05,4.2149102030662015e-06,2.1074551015331005e-07,17219,,,,,,,,,,,,,,,,,,,,,,,,,,,,,,,,,,,,,,,,,,,,
8,,,,,17219,,,,,0.7913522720336914,,0.03282948583364487,,2.897498607635498,,0.0004719061544165015,,,0.016178790479898453,3.7216804027557373,,,,,,,,,,,,,,,,,,,,,,,,,,,,,
,2.096497050430446e-06,2.0964970504304458e-05,4.192994100860892e-06,2.0964970504304456e-07,17239,,,,,,,,,,,,,,,,,,,,,,,,,,,,,,,,,,,,,,,,,,,,
,2.096497050430446e-06,2.0964970504304458e-05,4.192994100860892e-06,2.0964970504304456e-07,17239,,,,,,,,,,,,,,,,,,,,,,,,,,,,,,,,,,,,,,,,,,,,
8,,,,,17239,,,,,0.9093642830848694,,0.043045349419116974,,4.3620805740356445,,2.435566784697585e-06,,,0.02152145840227604,5.31449031829834,,,,,,,,,,,,,,,,,,,,,,,,,,,,,
,2.0855614292194956e-06,2.0855614292194954e-05,4.171122858438991e-06,2.0855614292194953e-07,17259,,,,,,,,,,,,,,,,,,,,,,,,,,,,,,,,,,,,,,,,,,,,
,2.0855614292194956e-06,2.0855614292194954e-05,4.171122858438991e-06,2.0855614292194953e-07,17259,,,,,,,,,,,,,,,,,,,,,,,,,,,,,,,,,,,,,,,,,,,,
8,,,,,17259,,,,,0.5557327270507812,,0.03279853239655495,,1.7203881740570068,,0.0003774234210141003,,,0.016210556030273438,2.3089194297790527,,,,,,,,,,,,,,,,,,,,,,,,,,,,,
,2.0746483209490263e-06,2.074648320949026e-05,4.1492966418980525e-06,2.074648320949026e-07,17279,,,,,,,,,,,,,,,,,,,,,,,,,,,,,,,,,,,,,,,,,,,,
,2.0746483209490263e-06,2.074648320949026e-05,4.1492966418980525e-06,2.074648320949026e-07,17279,,,,,,,,,,,,,,,,,,,,,,,,,,,,,,,,,,,,,,,,,,,,
8,,,,,17279,,,,,0.33855003118515015,,0.01670932024717331,,1.3060343265533447,,0.0018409420736134052,,,0.007434189319610596,1.6612937450408936,,,,,,,,,,,,,,,,,,,,,,,,,,,,,
,2.0637578084968423e-06,2.0637578084968423e-05,4.127515616993685e-06,2.063757808496842e-07,17299,,,,,,,,,,,,,,,,,,,,,,,,,,,,,,,,,,,,,,,,,,,,
,2.0637578084968423e-06,2.0637578084968423e-05,4.127515616993685e-06,2.063757808496842e-07,17299,,,,,,,,,,,,,,,,,,,,,,,,,,,,,,,,,,,,,,,,,,,,
8,,,,,17299,,,,,0.6923397183418274,,0.04345338046550751,,3.286036491394043,,1.378473734803265e-05,,,0.02171979658305645,4.021829605102539,,,,,,,,,,,,,,,,,,,,,,,,,,,,,
,2.0528899745691444e-06,2.0528899745691442e-05,4.105779949138289e-06,2.0528899745691442e-07,17319,,,,,,,,,,,,,,,,,,,,,,,,,,,,,,,,,,,,,,,,,,,,
,2.0528899745691444e-06,2.0528899745691442e-05,4.105779949138289e-06,2.0528899745691442e-07,17319,,,,,,,,,,,,,,,,,,,,,,,,,,,,,,,,,,,,,,,,,,,,
8,,,,,17319,,,,,0.765468955039978,,0.03581482172012329,,2.7964413166046143,,5.726845301978756e-06,,,0.01790454611182213,3.5977249145507812,,,,,,,,,,,,,,,,,,,,,,,,,,,,,
,2.0420449016999082e-06,2.0420449016999083e-05,4.0840898033998165e-06,2.042044901699908e-07,17339,,,,,,,,,,,,,,,,,,,,,,,,,,,,,,,,,,,,,,,,,,,,
,2.0420449016999082e-06,2.0420449016999083e-05,4.0840898033998165e-06,2.042044901699908e-07,17339,,,,,,,,,,,,,,,,,,,,,,,,,,,,,,,,,,,,,,,,,,,,
8,,,,,17339,,,,,0.6423451900482178,,0.018225356936454773,,2.121239185333252,,7.685267519264016e-06,,,0.009108835831284523,2.7818098068237305,,,,,,,,,,,,,,,,,,,,,,,,,,,,,
,2.0312226722502557e-06,2.0312226722502556e-05,4.062445344500511e-06,2.0312226722502555e-07,17359,,,,,,,,,,,,,,,,,,,,,,,,,,,,,,,,,,,,,,,,,,,,
,2.0312226722502557e-06,2.0312226722502556e-05,4.062445344500511e-06,2.0312226722502555e-07,17359,,,,,,,,,,,,,,,,,,,,,,,,,,,,,,,,,,,,,,,,,,,,
8,,,,,17359,,,,,0.9837221503257751,,0.007073910906910896,,3.259265899658203,,6.623937224503607e-05,,,0.0035038357600569725,4.250061988830566,,,,,,,,,,,,,,,,,,,,,,,,,,,,,
,2.020423368407823e-06,2.0204233684078227e-05,4.040846736815646e-06,2.0204233684078225e-07,17379,,,,,,,,,,,,,,,,,,,,,,,,,,,,,,,,,,,,,,,,,,,,
,2.020423368407823e-06,2.0204233684078227e-05,4.040846736815646e-06,2.0204233684078225e-07,17379,,,,,,,,,,,,,,,,,,,,,,,,,,,,,,,,,,,,,,,,,,,,
8,,,,,17379,,,,,0.4950981140136719,,0.025988847017288208,,1.9148712158203125,,0.0003111626429017633,,,0.01283884234726429,2.43595814704895,,,,,,,,,,,,,,,,,,,,,,,,,,,,,
,2.0096470721861442e-06,2.0096470721861445e-05,4.0192941443722885e-06,2.009647072186144e-07,17399,,,,,,,,,,,,,,,,,,,,,,,,,,,,,,,,,,,,,,,,,,,,
,2.0096470721861442e-06,2.0096470721861445e-05,4.0192941443722885e-06,2.009647072186144e-07,17399,,,,,,,,,,,,,,,,,,,,,,,,,,,,,,,,,,,,,,,,,,,,
8,,,,,17399,,,,,0.5266658067703247,,0.00774577260017395,,1.7433427572250366,,0.0008486699662171304,,,0.0034485510550439358,2.277754306793213,,,,,,,,,,,,,,,,,,,,,,,,,,,,,
,1.9988938654240303e-06,1.99889386542403e-05,3.997787730848061e-06,1.99889386542403e-07,17419,,,,,,,,,,,,,,,,,,,,,,,,,,,,,,,,,,,,,,,,,,,,
,1.9988938654240303e-06,1.99889386542403e-05,3.997787730848061e-06,1.99889386542403e-07,17419,,,,,,,,,,,,,,,,,,,,,,,,,,,,,,,,,,,,,,,,,,,,
8,,,,,17419,,,,,0.900422215461731,,0.03344220668077469,,3.5430822372436523,,1.530134454696963e-06,,,0.01672033779323101,4.476946830749512,,,,,,,,,,,,,,,,,,,,,,,,,,,,,
,1.9881638297849343e-06,1.988163829784934e-05,3.9763276595698685e-06,1.988163829784934e-07,17439,,,,,,,,,,,,,,,,,,,,,,,,,,,,,,,,,,,,,,,,,,,,
,1.9881638297849343e-06,1.988163829784934e-05,3.9763276595698685e-06,1.988163829784934e-07,17439,,,,,,,,,,,,,,,,,,,,,,,,,,,,,,,,,,,,,,,,,,,,
8,,,,,17439,,,,,1.0138013362884521,,0.05167188122868538,,3.79642915725708,,1.1525488844199572e-05,,,0.02583017759025097,4.861902236938477,,,,,,,,,,,,,,,,,,,,,,,,,,,,,
,1.9774570467563457e-06,1.9774570467563457e-05,3.9549140935126915e-06,1.9774570467563457e-07,17459,,,,,,,,,,,,,,,,,,,,,,,,,,,,,,,,,,,,,,,,,,,,
,1.9774570467563457e-06,1.9774570467563457e-05,3.9549140935126915e-06,1.9774570467563457e-07,17459,,,,,,,,,,,,,,,,,,,,,,,,,,,,,,,,,,,,,,,,,,,,
8,,,,,17459,,,,,0.4453079402446747,,0.017545906826853752,,1.2049260139465332,,0.008016226813197136,,,0.004764840006828308,1.6677799224853516,,,,,,,,,,,,,,,,,,,,,,,,,,,,,
,1.9667735976491684e-06,1.9667735976491685e-05,3.933547195298337e-06,1.9667735976491682e-07,17479,,,,,,,,,,,,,,,,,,,,,,,,,,,,,,,,,,,,,,,,,,,,
,1.9667735976491684e-06,1.9667735976491685e-05,3.933547195298337e-06,1.9667735976491682e-07,17479,,,,,,,,,,,,,,,,,,,,,,,,,,,,,,,,,,,,,,,,,,,,
8,,,,,17479,,,,,1.2243436574935913,,0.0686216652393341,,5.123786926269531,,0.0006597202736884356,,,0.033980973064899445,6.416752338409424,,,,,,,,,,,,,,,,,,,,,,,,,,,,,
,1.956113563597092e-06,1.956113563597092e-05,3.912227127194184e-06,1.9561135635970918e-07,17499,,,,,,,,,,,,,,,,,,,,,,,,,,,,,,,,,,,,,,,,,,,,
,1.956113563597092e-06,1.956113563597092e-05,3.912227127194184e-06,1.9561135635970918e-07,17499,,,,,,,,,,,,,,,,,,,,,,,,,,,,,,,,,,,,,,,,,,,,
8,,,,,17499,,,,,0.8678064942359924,,0.043654367327690125,,3.5666542053222656,,0.0017336233286187053,,,0.02096037194132805,4.478115081787109,,,,,,,,,,,,,,,,,,,,,,,,,,,,,
,1.945477025555992e-06,1.9454770255559917e-05,3.890954051111984e-06,1.9454770255559915e-07,17519,,,,,,,,,,,,,,,,,,,,,,,,,,,,,,,,,,,,,,,,,,,,
,1.945477025555992e-06,1.9454770255559917e-05,3.890954051111984e-06,1.9454770255559915e-07,17519,,,,,,,,,,,,,,,,,,,,,,,,,,,,,,,,,,,,,,,,,,,,
8,,,,,17519,,,,,0.6217256784439087,,0.01918066293001175,,2.4824047088623047,,3.20017676358475e-07,,,0.00959017127752304,3.1233110427856445,,,,,,,,,,,,,,,,,,,,,,,,,,,,,
,1.9348640643033055e-06,1.9348640643033057e-05,3.869728128606611e-06,1.9348640643033054e-07,17539,,,,,,,,,,,,,,,,,,,,,,,,,,,,,,,,,,,,,,,,,,,,
,1.9348640643033055e-06,1.9348640643033057e-05,3.869728128606611e-06,1.9348640643033054e-07,17539,,,,,,,,,,,,,,,,,,,,,,,,,,,,,,,,,,,,,,,,,,,,
8,,,,,17539,,,,,0.31730222702026367,,0.01263001374900341,,1.4282634258270264,,5.098926294522244e-07,,,0.006314752157777548,1.7581956386566162,,,,,,,,,,,,,,,,,,,,,,,,,,,,,
,1.924274760437417e-06,1.9242747604374166e-05,3.848549520874834e-06,1.9242747604374167e-07,17559,,,,,,,,,,,,,,,,,,,,,,,,,,,,,,,,,,,,,,,,,,,,
,1.924274760437417e-06,1.9242747604374166e-05,3.848549520874834e-06,1.9242747604374167e-07,17559,,,,,,,,,,,,,,,,,,,,,,,,,,,,,,,,,,,,,,,,,,,,
8,,,,,17559,,,,,0.21500413119792938,,0.009639435447752476,,0.8391995429992676,,3.283946352894418e-05,,,0.00480329804122448,1.0638431310653687,,,,,,,,,,,,,,,,,,,,,,,,,,,,,
,1.9137091943770505e-06,1.9137091943770502e-05,3.827418388754101e-06,1.9137091943770501e-07,17579,,,,,,,,,,,,,,,,,,,,,,,,,,,,,,,,,,,,,,,,,,,,
,1.9137091943770505e-06,1.9137091943770502e-05,3.827418388754101e-06,1.9137091943770501e-07,17579,,,,,,,,,,,,,,,,,,,,,,,,,,,,,,,,,,,,,,,,,,,,
8,,,,,17579,,,,,0.5257793068885803,,0.018553465604782104,,1.832159399986267,,9.540243439687401e-08,,,0.009276686236262321,2.3764922618865967,,,,,,,,,,,,,,,,,,,,,,,,,,,,,
,1.9031674463606598e-06,1.9031674463606595e-05,3.8063348927213195e-06,1.9031674463606594e-07,17599,,,,,,,,,,,,,,,,,,,,,,,,,,,,,,,,,,,,,,,,,,,,
,1.9031674463606598e-06,1.9031674463606595e-05,3.8063348927213195e-06,1.9031674463606594e-07,17599,,,,,,,,,,,,,,,,,,,,,,,,,,,,,,,,,,,,,,,,,,,,
8,,,,,17599,,,,,0.5797373652458191,,0.02518395334482193,,2.614901542663574,,0.001568727195262909,,,0.01180761307477951,3.219822883605957,,,,,,,,,,,,,,,,,,,,,,,,,,,,,
,1.89264959644581e-06,1.89264959644581e-05,3.78529919289162e-06,1.8926495964458099e-07,17619,,,,,,,,,,,,,,,,,,,,,,,,,,,,,,,,,,,,,,,,,,,,
,1.89264959644581e-06,1.89264959644581e-05,3.78529919289162e-06,1.8926495964458099e-07,17619,,,,,,,,,,,,,,,,,,,,,,,,,,,,,,,,,,,,,,,,,,,,
8,,,,,17619,,,,,0.7875968217849731,,0.03148597851395607,,3.2558412551879883,,1.2049067663610913e-06,,,0.015742385759949684,4.074923992156982,,,,,,,,,,,,,,,,,,,,,,,,,,,,,
,1.8821557245085828e-06,1.8821557245085827e-05,3.7643114490171656e-06,1.8821557245085825e-07,17639,,,,,,,,,,,,,,,,,,,,,,,,,,,,,,,,,,,,,,,,,,,,
,1.8821557245085828e-06,1.8821557245085827e-05,3.7643114490171656e-06,1.8821557245085825e-07,17639,,,,,,,,,,,,,,,,,,,,,,,,,,,,,,,,,,,,,,,,,,,,
8,,,,,17639,,,,,1.7036882638931274,,0.014719346538186073,,6.6336188316345215,,2.7072593411503476e-07,,,0.00735953776165843,8.35202693939209,,,,,,,,,,,,,,,,,,,,,,,,,,,,,
,1.8716859102429618e-06,1.871685910242962e-05,3.7433718204859236e-06,1.8716859102429616e-07,17659,,,,,,,,,,,,,,,,,,,,,,,,,,,,,,,,,,,,,,,,,,,,
,1.8716859102429618e-06,1.871685910242962e-05,3.7433718204859236e-06,1.8716859102429616e-07,17659,,,,,,,,,,,,,,,,,,,,,,,,,,,,,,,,,,,,,,,,,,,,
8,,,,,17659,,,,,0.4747627079486847,,0.007320437580347061,,2.006699562072754,,8.985478530121327e-07,,,0.0036597694270312786,2.4887826442718506,,,,,,,,,,,,,,,,,,,,,,,,,,,,,
,1.861240233160223e-06,1.861240233160223e-05,3.722480466320446e-06,1.8612402331602229e-07,17679,,,,,,,,,,,,,,,,,,,,,,,,,,,,,,,,,,,,,,,,,,,,
,1.861240233160223e-06,1.861240233160223e-05,3.722480466320446e-06,1.8612402331602229e-07,17679,,,,,,,,,,,,,,,,,,,,,,,,,,,,,,,,,,,,,,,,,,,,
8,,,,,17679,,,,,0.72307950258255,,0.03620144724845886,,2.4185612201690674,,7.122188253561035e-05,,,0.018065113574266434,3.177842140197754,,,,,,,,,,,,,,,,,,,,,,,,,,,,,
,1.8508187725883424e-06,1.8508187725883422e-05,3.7016375451766847e-06,1.850818772588342e-07,17699,,,,,,,,,,,,,,,,,,,,,,,,,,,,,,,,,,,,,,,,,,,,
,1.8508187725883424e-06,1.8508187725883422e-05,3.7016375451766847e-06,1.850818772588342e-07,17699,,,,,,,,,,,,,,,,,,,,,,,,,,,,,,,,,,,,,,,,,,,,
8,,,,,17699,,,,,0.529630184173584,,0.007458116859197617,,1.982892394065857,,2.786998152259912e-07,,,0.0037289191968739033,2.5199806690216064,,,,,,,,,,,,,,,,,,,,,,,,,,,,,
,1.8404216076713877e-06,1.8404216076713876e-05,3.6808432153427753e-06,1.8404216076713873e-07,17719,,,,,,,,,,,,,,,,,,,,,,,,,,,,,,,,,,,,,,,,,,,,
,1.8404216076713877e-06,1.8404216076713876e-05,3.6808432153427753e-06,1.8404216076713873e-07,17719,,,,,,,,,,,,,,,,,,,,,,,,,,,,,,,,,,,,,,,,,,,,
8,,,,,17719,,,,,0.8972166180610657,,0.00730532594025135,,2.782461166381836,,2.2887143131811172e-05,,,0.003641219576820731,3.686983108520508,,,,,,,,,,,,,,,,,,,,,,,,,,,,,
,1.830048817368912e-06,1.830048817368912e-05,3.660097634737824e-06,1.830048817368912e-07,17739,,,,,,,,,,,,,,,,,,,,,,,,,,,,,,,,,,,,,,,,,,,,
,1.830048817368912e-06,1.830048817368912e-05,3.660097634737824e-06,1.830048817368912e-07,17739,,,,,,,,,,,,,,,,,,,,,,,,,,,,,,,,,,,,,,,,,,,,
8,,,,,17739,,,,,0.4261048436164856,,0.039573222398757935,,1.6534587144851685,,9.759167733136564e-05,,,0.019737813621759415,2.1191368103027344,,,,,,,,,,,,,,,,,,,,,,,,,,,,,
,1.8197004804553653e-06,1.8197004804553652e-05,3.6394009609107306e-06,1.8197004804553651e-07,17759,,,,,,,,,,,,,,,,,,,,,,,,,,,,,,,,,,,,,,,,,,,,
,1.8197004804553653e-06,1.8197004804553652e-05,3.6394009609107306e-06,1.8197004804553651e-07,17759,,,,,,,,,,,,,,,,,,,,,,,,,,,,,,,,,,,,,,,,,,,,
8,,,,,17759,,,,,0.4261127710342407,,0.004397373180836439,,1.6340186595916748,,3.05478891959865e-07,,,0.0021985338535159826,2.0645289421081543,,,,,,,,,,,,,,,,,,,,,,,,,,,,,
,1.8093766755194882e-06,1.8093766755194884e-05,3.6187533510389765e-06,1.809376675519488e-07,17779,,,,,,,,,,,,,,,,,,,,,,,,,,,,,,,,,,,,,,,,,,,,
,1.8093766755194882e-06,1.8093766755194884e-05,3.6187533510389765e-06,1.809376675519488e-07,17779,,,,,,,,,,,,,,,,,,,,,,,,,,,,,,,,,,,,,,,,,,,,
8,,,,,17779,,,,,1.0402247905731201,,0.1731652319431305,,3.7334818840026855,,0.00015222128422465175,,,0.08650650084018707,4.946871757507324,,,,,,,,,,,,,,,,,,,,,,,,,,,,,
,1.7990774809637152e-06,1.799077480963715e-05,3.5981549619274305e-06,1.799077480963715e-07,17799,,,,,,,,,,,,,,,,,,,,,,,,,,,,,,,,,,,,,,,,,,,,
,1.7990774809637152e-06,1.799077480963715e-05,3.5981549619274305e-06,1.799077480963715e-07,17799,,,,,,,,,,,,,,,,,,,,,,,,,,,,,,,,,,,,,,,,,,,,
8,,,,,17799,,,,,0.801943302154541,,0.026600785553455353,,2.1453123092651367,,1.3856845271220664e-07,,,0.013300323858857155,2.9738564491271973,,,,,,,,,,,,,,,,,,,,,,,,,,,,,
,1.7888029750035832e-06,1.788802975003583e-05,3.5776059500071664e-06,1.7888029750035829e-07,17819,,,,,,,,,,,,,,,,,,,,,,,,,,,,,,,,,,,,,,,,,,,,
,1.7888029750035832e-06,1.788802975003583e-05,3.5776059500071664e-06,1.7888029750035829e-07,17819,,,,,,,,,,,,,,,,,,,,,,,,,,,,,,,,,,,,,,,,,,,,
8,,,,,17819,,,,,0.8535707592964172,,0.029915452003479004,,2.77640700340271,,4.2784404286067e-06,,,0.014955587685108185,3.659893274307251,,,,,,,,,,,,,,,,,,,,,,,,,,,,,
,1.7785532356671378e-06,1.7785532356671376e-05,3.5571064713342757e-06,1.7785532356671375e-07,17839,,,,,,,,,,,,,,,,,,,,,,,,,,,,,,,,,,,,,,,,,,,,
,1.7785532356671378e-06,1.7785532356671376e-05,3.5571064713342757e-06,1.7785532356671375e-07,17839,,,,,,,,,,,,,,,,,,,,,,,,,,,,,,,,,,,,,,,,,,,,
8,,,,,17839,,,,,0.555286169052124,,0.06236644089221954,,2.234271764755249,,0.00021714813192375004,,,0.03107464499771595,2.851924419403076,,,,,,,,,,,,,,,,,,,,,,,,,,,,,
,1.7683283407943333e-06,1.7683283407943333e-05,3.5366566815886666e-06,1.768328340794333e-07,17859,,,,,,,,,,,,,,,,,,,,,,,,,,,,,,,,,,,,,,,,,,,,
,1.7683283407943333e-06,1.7683283407943333e-05,3.5366566815886666e-06,1.768328340794333e-07,17859,,,,,,,,,,,,,,,,,,,,,,,,,,,,,,,,,,,,,,,,,,,,
8,,,,,17859,,,,,0.22937867045402527,,0.043148551136255264,,1.1809884309768677,,7.182003901107237e-05,,,0.02153836563229561,1.453515648841858,,,,,,,,,,,,,,,,,,,,,,,,,,,,,
,1.7581283680364507e-06,1.7581283680364508e-05,3.5162567360729015e-06,1.7581283680364506e-07,17879,,,,,,,,,,,,,,,,,,,,,,,,,,,,,,,,,,,,,,,,,,,,
,1.7581283680364507e-06,1.7581283680364508e-05,3.5162567360729015e-06,1.7581283680364506e-07,17879,,,,,,,,,,,,,,,,,,,,,,,,,,,,,,,,,,,,,,,,,,,,
8,,,,,17879,,,,,0.4345499873161316,,0.04328563064336777,,1.5775227546691895,,2.8304040000648456e-08,,,0.02164280042052269,2.055358409881592,,,,,,,,,,,,,,,,,,,,,,,,,,,,,
,1.7479533948555053e-06,1.747953394855505e-05,3.4959067897110107e-06,1.747953394855505e-07,17899,,,,,,,,,,,,,,,,,,,,,,,,,,,,,,,,,,,,,,,,,,,,
,1.7479533948555053e-06,1.747953394855505e-05,3.4959067897110107e-06,1.747953394855505e-07,17899,,,,,,,,,,,,,,,,,,,,,,,,,,,,,,,,,,,,,,,,,,,,
8,,,,,17899,,,,,0.25916314125061035,,0.056583646684885025,,4.482807636260986,,2.0682712147390703e-06,,,0.02829078957438469,4.798554420471191,,,,,,,,,,,,,,,,,,,,,,,,,,,,,
,1.7378034985236537e-06,1.7378034985236535e-05,3.4756069970473073e-06,1.7378034985236534e-07,17919,,,,,,,,,,,,,,,,,,,,,,,,,,,,,,,,,,,,,,,,,,,,
,1.7378034985236537e-06,1.7378034985236535e-05,3.4756069970473073e-06,1.7378034985236534e-07,17919,,,,,,,,,,,,,,,,,,,,,,,,,,,,,,,,,,,,,,,,,,,,
8,,,,,17919,,,,,0.597888708114624,,0.019535046070814133,,2.710038423538208,,0.0013104069512337446,,,0.009112318977713585,3.3274621963500977,,,,,,,,,,,,,,,,,,,,,,,,,,,,,
,1.7276787561226097e-06,1.7276787561226096e-05,3.4553575122452194e-06,1.7276787561226096e-07,17939,,,,,,,,,,,,,,,,,,,,,,,,,,,,,,,,,,,,,,,,,,,,
,1.7276787561226097e-06,1.7276787561226096e-05,3.4553575122452194e-06,1.7276787561226096e-07,17939,,,,,,,,,,,,,,,,,,,,,,,,,,,,,,,,,,,,,,,,,,,,
8,,,,,17939,,,,,0.8102136850357056,,0.06617157906293869,,2.852530002593994,,3.479780934867449e-05,,,0.03306838870048523,3.728915214538574,,,,,,,,,,,,,,,,,,,,,,,,,,,,,
,1.7175792445430633e-06,1.7175792445430633e-05,3.4351584890861266e-06,1.7175792445430632e-07,17959,,,,,,,,,,,,,,,,,,,,,,,,,,,,,,,,,,,,,,,,,,,,
,1.7175792445430633e-06,1.7175792445430633e-05,3.4351584890861266e-06,1.7175792445430632e-07,17959,,,,,,,,,,,,,,,,,,,,,,,,,,,,,,,,,,,,,,,,,,,,
8,,,,,17959,,,,,0.45485594868659973,,0.014908600598573685,,1.7358736991882324,,1.7885372471937444e-06,,,0.0074534062296152115,2.2056381702423096,,,,,,,,,,,,,,,,,,,,,,,,,,,,,
,1.7075050404840946e-06,1.7075050404840944e-05,3.415010080968189e-06,1.7075050404840943e-07,17979,,,,,,,,,,,,,,,,,,,,,,,,,,,,,,,,,,,,,,,,,,,,
,1.7075050404840946e-06,1.7075050404840944e-05,3.415010080968189e-06,1.7075050404840943e-07,17979,,,,,,,,,,,,,,,,,,,,,,,,,,,,,,,,,,,,,,,,,,,,
8,,,,,17979,,,,,1.1420079469680786,,0.027086760848760605,,3.979499340057373,,1.3734979802393354e-06,,,0.013542693108320236,5.148593902587891,,,,,,,,,,,,,,,,,,,,,,,,,,,,,
,1.6974562204525829e-06,1.697456220452583e-05,3.3949124409051658e-06,1.6974562204525826e-07,17999,,,,,,,,,,,,,,,,,,,,,,,,,,,,,,,,,,,,,,,,,,,,
,1.6974562204525829e-06,1.697456220452583e-05,3.3949124409051658e-06,1.6974562204525826e-07,17999,,,,,,,,,,,,,,,,,,,,,,,,,,,,,,,,,,,,,,,,,,,,
8,,,,,17999,,,,,1.0754907131195068,,0.022406350821256638,,3.788933277130127,,0.00024785587447695434,,,0.011079248040914536,4.8868303298950195,,,,,,,,,,,,,,,,,,,,,,,,,,,,,
8,,,,,17999,,,,,,,,,,,,,,,,,,,0.0,4800.0,21.889602661132812,19.106666564941406,46.50572204589844,0.1433333307504654,0.21416667103767395,0.27437499165534973,0.22706139087677002,0.06643032282590866,0.1556219756603241,0.005009207408875227,5.0,4800.0,0.0,0.0,5.0,4800.0,688.0,1028.0,1317.0,1.0,1.0,5.0,0.7604144215583801,0.7604144215583801
8,,,,,17999,13.03506851196289,20.818359375,1.0,0.6944472193717957,,0.028524762019515038,,2.6891629695892334,,0.0005058256210759282,,3.412130355834961,0.014009450562298298,,,0.28143012523651123,3.0,7830.0,,,,,,,,,,,,,,,,,,,,,,,,,,
,1.6874328607626387e-06,1.6874328607626385e-05,3.3748657215252775e-06,1.6874328607626385e-07,18019,,,,,,,,,,,,,,,,,,,,,,,,,,,,,,,,,,,,,,,,,,,,
,1.6874328607626387e-06,1.6874328607626385e-05,3.3748657215252775e-06,1.6874328607626385e-07,18019,,,,,,,,,,,,,,,,,,,,,,,,,,,,,,,,,,,,,,,,,,,,
9,,,,,18019,,,,,0.5154916048049927,,0.03955259174108505,,1.986146330833435,,3.706982809603687e-08,,,0.019776277244091034,2.5411906242370605,,,,,,,,,,,,,,,,,,,,,,,,,,,,,
,1.6774350375350177e-06,1.6774350375350175e-05,3.3548700750700355e-06,1.6774350375350174e-07,18039,,,,,,,,,,,,,,,,,,,,,,,,,,,,,,,,,,,,,,,,,,,,
,1.6774350375350177e-06,1.6774350375350175e-05,3.3548700750700355e-06,1.6774350375350174e-07,18039,,,,,,,,,,,,,,,,,,,,,,,,,,,,,,,,,,,,,,,,,,,,
9,,,,,18039,,,,,0.3836987018585205,,0.01899068057537079,,1.2790634632110596,,9.81949779088609e-06,,,0.009490430355072021,1.6817528009414673,,,,,,,,,,,,,,,,,,,,,,,,,,,,,
,1.6674628266965387e-06,1.6674628266965386e-05,3.3349256533930773e-06,1.6674628266965384e-07,18059,,,,,,,,,,,,,,,,,,,,,,,,,,,,,,,,,,,,,,,,,,,,
,1.6674628266965387e-06,1.6674628266965386e-05,3.3349256533930773e-06,1.6674628266965384e-07,18059,,,,,,,,,,,,,,,,,,,,,,,,,,,,,,,,,,,,,,,,,,,,
9,,,,,18059,,,,,0.47724926471710205,,0.012650446966290474,,2.081040620803833,,5.272041107673431e-06,,,0.0063225869089365005,2.5709404945373535,,,,,,,,,,,,,,,,,,,,,,,,,,,,,
,1.657516303979517e-06,1.657516303979517e-05,3.315032607959034e-06,1.6575163039795166e-07,18079,,,,,,,,,,,,,,,,,,,,,,,,,,,,,,,,,,,,,,,,,,,,
,1.657516303979517e-06,1.657516303979517e-05,3.315032607959034e-06,1.6575163039795166e-07,18079,,,,,,,,,,,,,,,,,,,,,,,,,,,,,,,,,,,,,,,,,,,,
9,,,,,18079,,,,,0.6862061619758606,,0.020318463444709778,,2.5316624641418457,,5.578909258474596e-05,,,0.010131336748600006,3.238187074661255,,,,,,,,,,,,,,,,,,,,,,,,,,,,,
,1.6475955449211812e-06,1.647595544921181e-05,3.2951910898423624e-06,1.647595544921181e-07,18099,,,,,,,,,,,,,,,,,,,,,,,,,,,,,,,,,,,,,,,,,,,,
,1.6475955449211812e-06,1.647595544921181e-05,3.2951910898423624e-06,1.647595544921181e-07,18099,,,,,,,,,,,,,,,,,,,,,,,,,,,,,,,,,,,,,,,,,,,,
9,,,,,18099,,,,,0.5098555684089661,,0.0412922166287899,,1.6914589405059814,,5.756660357292276e-06,,,0.02064323052763939,2.2426066398620605,,,,,,,,,,,,,,,,,,,,,,,,,,,,,
,1.6377006248630994e-06,1.6377006248630993e-05,3.275401249726199e-06,1.6377006248630991e-07,18119,,,,,,,,,,,,,,,,,,,,,,,,,,,,,,,,,,,,,,,,,,,,
,1.6377006248630994e-06,1.6377006248630993e-05,3.275401249726199e-06,1.6377006248630991e-07,18119,,,,,,,,,,,,,,,,,,,,,,,,,,,,,,,,,,,,,,,,,,,,
9,,,,,18119,,,,,0.2798506021499634,,0.06338805705308914,,0.8504644632339478,,2.6047697247122414e-05,,,0.03168100491166115,1.1937031745910645,,,,,,,,,,,,,,,,,,,,,,,,,,,,,
,1.6278316189506147e-06,1.6278316189506146e-05,3.2556632379012295e-06,1.6278316189506145e-07,18139,,,,,,,,,,,,,,,,,,,,,,,,,,,,,,,,,,,,,,,,,,,,
,1.6278316189506147e-06,1.6278316189506146e-05,3.2556632379012295e-06,1.6278316189506145e-07,18139,,,,,,,,,,,,,,,,,,,,,,,,,,,,,,,,,,,,,,,,,,,,
9,,,,,18139,,,,,0.6231393218040466,,0.017269300296902657,,1.6086466312408447,,0.0004720923025161028,,,0.008398603647947311,2.2490551471710205,,,,,,,,,,,,,,,,,,,,,,,,,,,,,
,1.617988602132268e-06,1.6179886021322678e-05,3.235977204264536e-06,1.6179886021322678e-07,18159,,,,,,,,,,,,,,,,,,,,,,,,,,,,,,,,,,,,,,,,,,,,
,1.617988602132268e-06,1.6179886021322678e-05,3.235977204264536e-06,1.6179886021322678e-07,18159,,,,,,,,,,,,,,,,,,,,,,,,,,,,,,,,,,,,,,,,,,,,
9,,,,,18159,,,,,0.41097691655158997,,0.014444857835769653,,1.6386992931365967,,0.0007989956066012383,,,0.0068229311145842075,2.0641210079193115,,,,,,,,,,,,,,,,,,,,,,,,,,,,,
,1.6081716491592258e-06,1.6081716491592257e-05,3.2163432983184515e-06,1.6081716491592258e-07,18179,,,,,,,,,,,,,,,,,,,,,,,,,,,,,,,,,,,,,,,,,,,,
,1.6081716491592258e-06,1.6081716491592257e-05,3.2163432983184515e-06,1.6081716491592258e-07,18179,,,,,,,,,,,,,,,,,,,,,,,,,,,,,,,,,,,,,,,,,,,,
9,,,,,18179,,,,,0.8590011596679688,,0.009498199447989464,,3.3181264400482178,,4.4581574343283137e-07,,,0.0047488766722381115,4.1866254806518555,,,,,,,,,,,,,,,,,,,,,,,,,,,,,
,1.5983808345847229e-06,1.5983808345847228e-05,3.1967616691694458e-06,1.5983808345847227e-07,18199,,,,,,,,,,,,,,,,,,,,,,,,,,,,,,,,,,,,,,,,,,,,
,1.5983808345847229e-06,1.5983808345847228e-05,3.1967616691694458e-06,1.5983808345847227e-07,18199,,,,,,,,,,,,,,,,,,,,,,,,,,,,,,,,,,,,,,,,,,,,
9,,,,,18199,,,,,0.6743909120559692,,0.021830949932336807,,2.652425765991211,,0.00017266352369915694,,,0.010829143226146698,3.3486475944519043,,,,,,,,,,,,,,,,,,,,,,,,,,,,,
,1.5886162327634894e-06,1.5886162327634892e-05,3.1772324655269788e-06,1.588616232763489e-07,18219,,,,,,,,,,,,,,,,,,,,,,,,,,,,,,,,,,,,,,,,,,,,
,1.5886162327634894e-06,1.5886162327634892e-05,3.1772324655269788e-06,1.588616232763489e-07,18219,,,,,,,,,,,,,,,,,,,,,,,,,,,,,,,,,,,,,,,,,,,,
9,,,,,18219,,,,,0.7296659350395203,,0.021889101713895798,,2.710881471633911,,1.5785834648340824e-06,,,0.0109437620267272,3.4624366760253906,,,,,,,,,,,,,,,,,,,,,,,,,,,,,
,1.5788779178511818e-06,1.5788779178511817e-05,3.1577558357023636e-06,1.5788779178511815e-07,18239,,,,,,,,,,,,,,,,,,,,,,,,,,,,,,,,,,,,,,,,,,,,
,1.5788779178511818e-06,1.5788779178511817e-05,3.1577558357023636e-06,1.5788779178511815e-07,18239,,,,,,,,,,,,,,,,,,,,,,,,,,,,,,,,,,,,,,,,,,,,
9,,,,,18239,,,,,0.6894463896751404,,0.016105512157082558,,2.5183799266815186,,7.678984559333912e-08,,,0.00805271789431572,3.2239317893981934,,,,,,,,,,,,,,,,,,,,,,,,,,,,,
,1.5691659638038311e-06,1.569165963803831e-05,3.1383319276076623e-06,1.5691659638038309e-07,18259,,,,,,,,,,,,,,,,,,,,,,,,,,,,,,,,,,,,,,,,,,,,
,1.5691659638038311e-06,1.569165963803831e-05,3.1383319276076623e-06,1.5691659638038309e-07,18259,,,,,,,,,,,,,,,,,,,,,,,,,,,,,,,,,,,,,,,,,,,,
9,,,,,18259,,,,,0.42764919996261597,,0.014874577522277832,,1.3278191089630127,,1.850069747888483e-05,,,0.007428038399666548,1.7703428268432617,,,,,,,,,,,,,,,,,,,,,,,,,,,,,
,1.5594804443772743e-06,1.559480444377274e-05,3.1189608887545485e-06,1.559480444377274e-07,18279,,,,,,,,,,,,,,,,,,,,,,,,,,,,,,,,,,,,,,,,,,,,
,1.5594804443772743e-06,1.559480444377274e-05,3.1189608887545485e-06,1.559480444377274e-07,18279,,,,,,,,,,,,,,,,,,,,,,,,,,,,,,,,,,,,,,,,,,,,
9,,,,,18279,,,,,0.488726407289505,,0.022423967719078064,,2.043790102005005,,0.0001827382220653817,,,0.011120614595711231,2.5549404621124268,,,,,,,,,,,,,,,,,,,,,,,,,,,,,
,1.5498214331265905e-06,1.5498214331265904e-05,3.099642866253181e-06,1.5498214331265902e-07,18299,,,,,,,,,,,,,,,,,,,,,,,,,,,,,,,,,,,,,,,,,,,,
,1.5498214331265905e-06,1.5498214331265904e-05,3.099642866253181e-06,1.5498214331265902e-07,18299,,,,,,,,,,,,,,,,,,,,,,,,,,,,,,,,,,,,,,,,,,,,
9,,,,,18299,,,,,0.006498588249087334,,0.009237807244062424,,-0.0,,1.195244931295747e-05,,,0.004612927325069904,0.015736395493149757,,,,,,,,,,,,,,,,,,,,,,,,,,,,,
,1.5401890034055506e-06,1.5401890034055503e-05,3.080378006811101e-06,1.5401890034055503e-07,18319,,,,,,,,,,,,,,,,,,,,,,,,,,,,,,,,,,,,,,,,,,,,
,1.5401890034055506e-06,1.5401890034055503e-05,3.080378006811101e-06,1.5401890034055503e-07,18319,,,,,,,,,,,,,,,,,,,,,,,,,,,,,,,,,,,,,,,,,,,,
9,,,,,18319,,,,,1.3555994033813477,,0.032605841755867004,,5.86629581451416,,2.0491556824708823e-06,,,0.016301896423101425,7.254500865936279,,,,,,,,,,,,,,,,,,,,,,,,,,,,,
,1.5305832283660573e-06,1.5305832283660573e-05,3.0611664567321146e-06,1.5305832283660573e-07,18339,,,,,,,,,,,,,,,,,,,,,,,,,,,,,,,,,,,,,,,,,,,,
,1.5305832283660573e-06,1.5305832283660573e-05,3.0611664567321146e-06,1.5305832283660573e-07,18339,,,,,,,,,,,,,,,,,,,,,,,,,,,,,,,,,,,,,,,,,,,,
9,,,,,18339,,,,,0.4418140649795532,,0.025403255596756935,,2.7750906944274902,,0.0029479253571480513,,,0.011227665469050407,3.2423081398010254,,,,,,,,,,,,,,,,,,,,,,,,,,,,,
,1.5210041809575852e-06,1.521004180957585e-05,3.0420083619151704e-06,1.521004180957585e-07,18359,,,,,,,,,,,,,,,,,,,,,,,,,,,,,,,,,,,,,,,,,,,,
,1.5210041809575852e-06,1.521004180957585e-05,3.0420083619151704e-06,1.521004180957585e-07,18359,,,,,,,,,,,,,,,,,,,,,,,,,,,,,,,,,,,,,,,,,,,,
9,,,,,18359,,,,,1.1745630502700806,,-0.0,,4.653169631958008,,-0.0,,,-0.0,5.827732563018799,,,,,,,,,,,,,,,,,,,,,,,,,,,,,
,1.5114519339266323e-06,1.5114519339266322e-05,3.0229038678532646e-06,1.511451933926632e-07,18379,,,,,,,,,,,,,,,,,,,,,,,,,,,,,,,,,,,,,,,,,,,,
,1.5114519339266323e-06,1.5114519339266322e-05,3.0229038678532646e-06,1.511451933926632e-07,18379,,,,,,,,,,,,,,,,,,,,,,,,,,,,,,,,,,,,,,,,,,,,
9,,,,,18379,,,,,1.0879056453704834,,0.04724258929491043,,4.42651891708374,,0.005250828340649605,,,0.02099587954580784,5.561667442321777,,,,,,,,,,,,,,,,,,,,,,,,,,,,,
,1.5019265598161673e-06,1.5019265598161672e-05,3.0038531196323347e-06,1.501926559816167e-07,18399,,,,,,,,,,,,,,,,,,,,,,,,,,,,,,,,,,,,,,,,,,,,
,1.5019265598161673e-06,1.5019265598161672e-05,3.0038531196323347e-06,1.501926559816167e-07,18399,,,,,,,,,,,,,,,,,,,,,,,,,,,,,,,,,,,,,,,,,,,,
9,,,,,18399,,,,,0.5589633584022522,,0.026182210072875023,,2.2684483528137207,,6.553958428412443e-06,,,0.01308782771229744,2.8535938262939453,,,,,,,,,,,,,,,,,,,,,,,,,,,,,
,1.4924281309650721e-06,1.492428130965072e-05,2.9848562619301443e-06,1.492428130965072e-07,18419,,,,,,,,,,,,,,,,,,,,,,,,,,,,,,,,,,,,,,,,,,,,
,1.4924281309650721e-06,1.492428130965072e-05,2.9848562619301443e-06,1.492428130965072e-07,18419,,,,,,,,,,,,,,,,,,,,,,,,,,,,,,,,,,,,,,,,,,,,
9,,,,,18419,,,,,0.5529935956001282,,0.012335983105003834,,1.987389087677002,,0.00372303300537169,,,0.004306475631892681,2.5527186393737793,,,,,,,,,,,,,,,,,,,,,,,,,,,,,
,1.482956719507602e-06,1.4829567195076019e-05,2.965913439015204e-06,1.4829567195076017e-07,18439,,,,,,,,,,,,,,,,,,,,,,,,,,,,,,,,,,,,,,,,,,,,
,1.482956719507602e-06,1.4829567195076019e-05,2.965913439015204e-06,1.4829567195076017e-07,18439,,,,,,,,,,,,,,,,,,,,,,,,,,,,,,,,,,,,,,,,,,,,
9,,,,,18439,,,,,0.5210323333740234,,0.029289254918694496,,2.457658052444458,,7.653570719412528e-07,,,0.014644244685769081,3.00797963142395,,,,,,,,,,,,,,,,,,,,,,,,,,,,,
,1.4735123973728325e-06,1.4735123973728324e-05,2.947024794745665e-06,1.4735123973728323e-07,18459,,,,,,,,,,,,,,,,,,,,,,,,,,,,,,,,,,,,,,,,,,,,
,1.4735123973728325e-06,1.4735123973728324e-05,2.947024794745665e-06,1.4735123973728323e-07,18459,,,,,,,,,,,,,,,,,,,,,,,,,,,,,,,,,,,,,,,,,,,,
9,,,,,18459,,,,,0.4608648717403412,,0.017410635948181152,,1.7413380146026611,,6.872381163702812e-06,,,0.008701881393790245,2.219613552093506,,,,,,,,,,,,,,,,,,,,,,,,,,,,,
,1.4640952362841099e-06,1.4640952362841098e-05,2.9281904725682197e-06,1.4640952362841098e-07,18479,,,,,,,,,,,,,,,,,,,,,,,,,,,,,,,,,,,,,,,,,,,,
,1.4640952362841099e-06,1.4640952362841098e-05,2.9281904725682197e-06,1.4640952362841098e-07,18479,,,,,,,,,,,,,,,,,,,,,,,,,,,,,,,,,,,,,,,,,,,,
9,,,,,18479,,,,,1.6222646236419678,,0.022639654576778412,,5.820729732513428,,3.014206413354259e-07,,,0.011319676414132118,7.465634346008301,,,,,,,,,,,,,,,,,,,,,,,,,,,,,
,1.4547053077585143e-06,1.4547053077585143e-05,2.9094106155170286e-06,1.4547053077585143e-07,18499,,,,,,,,,,,,,,,,,,,,,,,,,,,,,,,,,,,,,,,,,,,,
,1.4547053077585143e-06,1.4547053077585143e-05,2.9094106155170286e-06,1.4547053077585143e-07,18499,,,,,,,,,,,,,,,,,,,,,,,,,,,,,,,,,,,,,,,,,,,,
9,,,,,18499,,,,,0.45047280192375183,,0.011211289092898369,,1.7453303337097168,,1.8462822026776848e-07,,,0.0056055523455142975,2.207014322280884,,,,,,,,,,,,,,,,,,,,,,,,,,,,,
,1.4453426831063133e-06,1.4453426831063133e-05,2.8906853662126266e-06,1.4453426831063132e-07,18519,,,,,,,,,,,,,,,,,,,,,,,,,,,,,,,,,,,,,,,,,,,,
,1.4453426831063133e-06,1.4453426831063133e-05,2.8906853662126266e-06,1.4453426831063132e-07,18519,,,,,,,,,,,,,,,,,,,,,,,,,,,,,,,,,,,,,,,,,,,,
9,,,,,18519,,,,,0.7216360569000244,,0.03509126976132393,,2.3275249004364014,,1.2000066362816142e-06,,,0.017545035108923912,3.084252119064331,,,,,,,,,,,,,,,,,,,,,,,,,,,,,
,1.4360074334304141e-06,1.4360074334304142e-05,2.8720148668608283e-06,1.436007433430414e-07,18539,,,,,,,,,,,,,,,,,,,,,,,,,,,,,,,,,,,,,,,,,,,,
,1.4360074334304141e-06,1.4360074334304142e-05,2.8720148668608283e-06,1.436007433430414e-07,18539,,,,,,,,,,,,,,,,,,,,,,,,,,,,,,,,,,,,,,,,,,,,
9,,,,,18539,,,,,0.38766035437583923,,0.046129386872053146,,1.2173842191696167,,0.00027126382337883115,,,0.022929061204195023,1.6511739492416382,,,,,,,,,,,,,,,,,,,,,,,,,,,,,
,1.4266996296258348e-06,1.4266996296258347e-05,2.8533992592516696e-06,1.4266996296258345e-07,18559,,,,,,,,,,,,,,,,,,,,,,,,,,,,,,,,,,,,,,,,,,,,
,1.4266996296258348e-06,1.4266996296258347e-05,2.8533992592516696e-06,1.4266996296258345e-07,18559,,,,,,,,,,,,,,,,,,,,,,,,,,,,,,,,,,,,,,,,,,,,
9,,,,,18559,,,,,0.5525591373443604,,0.011682864278554916,,2.2680468559265137,,2.8839964215876535e-05,,,0.005827012471854687,2.8322887420654297,,,,,,,,,,,,,,,,,,,,,,,,,,,,,
,1.417419342379159e-06,1.417419342379159e-05,2.834838684758318e-06,1.4174193423791588e-07,18579,,,,,,,,,,,,,,,,,,,,,,,,,,,,,,,,,,,,,,,,,,,,
,1.417419342379159e-06,1.417419342379159e-05,2.834838684758318e-06,1.4174193423791588e-07,18579,,,,,,,,,,,,,,,,,,,,,,,,,,,,,,,,,,,,,,,,,,,,
9,,,,,18579,,,,,0.468307226896286,,0.019938364624977112,,1.9897005558013916,,0.00021183176431804895,,,0.009863266721367836,2.4779462814331055,,,,,,,,,,,,,,,,,,,,,,,,,,,,,
,1.4081666421679989e-06,1.4081666421679987e-05,2.8163332843359977e-06,1.4081666421679986e-07,18599,,,,,,,,,,,,,,,,,,,,,,,,,,,,,,,,,,,,,,,,,,,,
,1.4081666421679989e-06,1.4081666421679987e-05,2.8163332843359977e-06,1.4081666421679986e-07,18599,,,,,,,,,,,,,,,,,,,,,,,,,,,,,,,,,,,,,,,,,,,,
9,,,,,18599,,,,,0.7310492396354675,,0.01870163530111313,,3.123565673828125,,1.8418395484331995e-05,,,0.009341608732938766,3.873316526412964,,,,,,,,,,,,,,,,,,,,,,,,,,,,,
,1.3989415992604612e-06,1.3989415992604612e-05,2.7978831985209225e-06,1.398941599260461e-07,18619,,,,,,,,,,,,,,,,,,,,,,,,,,,,,,,,,,,,,,,,,,,,
,1.3989415992604612e-06,1.3989415992604612e-05,2.7978831985209225e-06,1.398941599260461e-07,18619,,,,,,,,,,,,,,,,,,,,,,,,,,,,,,,,,,,,,,,,,,,,
9,,,,,18619,,,,,0.6879382133483887,,0.007263886276632547,,3.075610876083374,,5.443496320367558e-08,,,0.003631915897130966,3.77081298828125,,,,,,,,,,,,,,,,,,,,,,,,,,,,,
,1.3897442837146182e-06,1.3897442837146182e-05,2.7794885674292364e-06,1.389744283714618e-07,18639,,,,,,,,,,,,,,,,,,,,,,,,,,,,,,,,,,,,,,,,,,,,
,1.3897442837146182e-06,1.3897442837146182e-05,2.7794885674292364e-06,1.389744283714618e-07,18639,,,,,,,,,,,,,,,,,,,,,,,,,,,,,,,,,,,,,,,,,,,,
9,,,,,18639,,,,,0.673007607460022,,0.00596587685868144,,2.375288248062134,,3.478902144138374e-08,,,0.002982920967042446,3.0542616844177246,,,,,,,,,,,,,,,,,,,,,,,,,,,,,
,1.3805747653779643e-06,1.3805747653779644e-05,2.7611495307559286e-06,1.3805747653779642e-07,18659,,,,,,,,,,,,,,,,,,,,,,,,,,,,,,,,,,,,,,,,,,,,
,1.3805747653779643e-06,1.3805747653779644e-05,2.7611495307559286e-06,1.3805747653779642e-07,18659,,,,,,,,,,,,,,,,,,,,,,,,,,,,,,,,,,,,,,,,,,,,
9,,,,,18659,,,,,0.6365927457809448,,0.035323187708854675,,2.346205711364746,,3.6682475183624774e-05,,,0.01764325052499771,3.0181217193603516,,,,,,,,,,,,,,,,,,,,,,,,,,,,,
,1.371433113886898e-06,1.371433113886898e-05,2.742866227773796e-06,1.3714331138868978e-07,18679,,,,,,,,,,,,,,,,,,,,,,,,,,,,,,,,,,,,,,,,,,,,
,1.371433113886898e-06,1.371433113886898e-05,2.742866227773796e-06,1.3714331138868978e-07,18679,,,,,,,,,,,,,,,,,,,,,,,,,,,,,,,,,,,,,,,,,,,,
9,,,,,18679,,,,,1.0612969398498535,,0.00916649866849184,,6.283412456512451,,1.1911781712115044e-06,,,0.004582653753459454,7.353876113891602,,,,,,,,,,,,,,,,,,,,,,,,,,,,,
,1.362319398666187e-06,1.362319398666187e-05,2.724638797332374e-06,1.362319398666187e-07,18699,,,,,,,,,,,,,,,,,,,,,,,,,,,,,,,,,,,,,,,,,,,,
,1.362319398666187e-06,1.362319398666187e-05,2.724638797332374e-06,1.362319398666187e-07,18699,,,,,,,,,,,,,,,,,,,,,,,,,,,,,,,,,,,,,,,,,,,,
9,,,,,18699,,,,,0.2488538771867752,,0.03628625348210335,,1.1380270719528198,,4.6531745567790495e-08,,,0.018143104389309883,1.4231672286987305,,,,,,,,,,,,,,,,,,,,,,,,,,,,,
,1.35323368892844e-06,1.35323368892844e-05,2.70646737785688e-06,1.35323368892844e-07,18719,,,,,,,,,,,,,,,,,,,,,,,,,,,,,,,,,,,,,,,,,,,,
,1.35323368892844e-06,1.35323368892844e-05,2.70646737785688e-06,1.35323368892844e-07,18719,,,,,,,,,,,,,,,,,,,,,,,,,,,,,,,,,,,,,,,,,,,,
9,,,,,18719,,,,,1.0656472444534302,,0.03598293662071228,,3.966301441192627,,4.908623668598011e-05,,,0.017966926097869873,5.067931652069092,,,,,,,,,,,,,,,,,,,,,,,,,,,,,
,1.3441760536735808e-06,1.3441760536735806e-05,2.6883521073471615e-06,1.3441760536735806e-07,18739,,,,,,,,,,,,,,,,,,,,,,,,,,,,,,,,,,,,,,,,,,,,
,1.3441760536735808e-06,1.3441760536735806e-05,2.6883521073471615e-06,1.3441760536735806e-07,18739,,,,,,,,,,,,,,,,,,,,,,,,,,,,,,,,,,,,,,,,,,,,
9,,,,,18739,,,,,0.6294024586677551,,0.009975300170481205,,2.6952333450317383,,5.3097384267175585e-09,,,0.004987647291272879,3.334610939025879,,,,,,,,,,,,,,,,,,,,,,,,,,,,,
,1.3351465616883296e-06,1.3351465616883296e-05,2.6702931233766593e-06,1.3351465616883295e-07,18759,,,,,,,,,,,,,,,,,,,,,,,,,,,,,,,,,,,,,,,,,,,,
,1.3351465616883296e-06,1.3351465616883296e-05,2.6702931233766593e-06,1.3351465616883295e-07,18759,,,,,,,,,,,,,,,,,,,,,,,,,,,,,,,,,,,,,,,,,,,,
9,,,,,18759,,,,,0.7837602496147156,,0.029071221128106117,,3.532874584197998,,4.782092446475872e-07,,,0.014535371214151382,4.345705986022949,,,,,,,,,,,,,,,,,,,,,,,,,,,,,
,1.326145281545679e-06,1.3261452815456791e-05,2.652290563091358e-06,1.3261452815456788e-07,18779,,,,,,,,,,,,,,,,,,,,,,,,,,,,,,,,,,,,,,,,,,,,
,1.326145281545679e-06,1.3261452815456791e-05,2.652290563091358e-06,1.3261452815456788e-07,18779,,,,,,,,,,,,,,,,,,,,,,,,,,,,,,,,,,,,,,,,,,,,
9,,,,,18779,,,,,0.5300589799880981,,0.004729165229946375,,2.0550262928009033,,5.262657509774726e-07,,,0.0023643195163458586,2.5898146629333496,,,,,,,,,,,,,,,,,,,,,,,,,,,,,
,1.3171722816043641e-06,1.3171722816043642e-05,2.6343445632087283e-06,1.317172281604364e-07,18799,,,,,,,,,,,,,,,,,,,,,,,,,,,,,,,,,,,,,,,,,,,,
,1.3171722816043641e-06,1.3171722816043642e-05,2.6343445632087283e-06,1.317172281604364e-07,18799,,,,,,,,,,,,,,,,,,,,,,,,,,,,,,,,,,,,,,,,,,,,
9,,,,,18799,,,,,0.47210508584976196,,0.038924507796764374,,1.5459262132644653,,2.9202865334809758e-06,,,0.01946079358458519,2.0569558143615723,,,,,,,,,,,,,,,,,,,,,,,,,,,,,
,1.308227630008358e-06,1.308227630008358e-05,2.616455260016716e-06,1.3082276300083578e-07,18819,,,,,,,,,,,,,,,,,,,,,,,,,,,,,,,,,,,,,,,,,,,,
,1.308227630008358e-06,1.308227630008358e-05,2.616455260016716e-06,1.3082276300083578e-07,18819,,,,,,,,,,,,,,,,,,,,,,,,,,,,,,,,,,,,,,,,,,,,
9,,,,,18819,,,,,0.7373909950256348,,0.012213078327476978,,2.85618257522583,,1.899016268680498e-07,,,0.006106444168835878,3.6057865619659424,,,,,,,,,,,,,,,,,,,,,,,,,,,,,
,1.2993113946863443e-06,1.2993113946863442e-05,2.5986227893726885e-06,1.299311394686344e-07,18839,,,,,,,,,,,,,,,,,,,,,,,,,,,,,,,,,,,,,,,,,,,,
,1.2993113946863443e-06,1.2993113946863442e-05,2.5986227893726885e-06,1.299311394686344e-07,18839,,,,,,,,,,,,,,,,,,,,,,,,,,,,,,,,,,,,,,,,,,,,
9,,,,,18839,,,,,0.4987671971321106,,0.00873546116054058,,1.544803261756897,,4.937469930155203e-05,,,0.004343043081462383,2.0523059368133545,,,,,,,,,,,,,,,,,,,,,,,,,,,,,
,1.2904236433512013e-06,1.2904236433512012e-05,2.5808472867024026e-06,1.290423643351201e-07,18859,,,,,,,,,,,,,,,,,,,,,,,,,,,,,,,,,,,,,,,,,,,,
,1.2904236433512013e-06,1.2904236433512012e-05,2.5808472867024026e-06,1.290423643351201e-07,18859,,,,,,,,,,,,,,,,,,,,,,,,,,,,,,,,,,,,,,,,,,,,
9,,,,,18859,,,,,0.41916200518608093,,0.024438470602035522,,4.971862316131592,,3.0205495704649366e-07,,,0.012219084426760674,5.415462493896484,,,,,,,,,,,,,,,,,,,,,,,,,,,,,
,1.2815644434994945e-06,1.2815644434994944e-05,2.563128886998989e-06,1.2815644434994943e-07,18879,,,,,,,,,,,,,,,,,,,,,,,,,,,,,,,,,,,,,,,,,,,,
,1.2815644434994945e-06,1.2815644434994944e-05,2.563128886998989e-06,1.2815644434994943e-07,18879,,,,,,,,,,,,,,,,,,,,,,,,,,,,,,,,,,,,,,,,,,,,
9,,,,,18879,,,,,0.6214202642440796,,0.07319600880146027,,2.6130940914154053,,4.479972631088458e-05,,,0.03657560423016548,3.3077101707458496,,,,,,,,,,,,,,,,,,,,,,,,,,,,,
,1.2727338624109587e-06,1.2727338624109586e-05,2.5454677248219174e-06,1.2727338624109586e-07,18899,,,,,,,,,,,,,,,,,,,,,,,,,,,,,,,,,,,,,,,,,,,,
,1.2727338624109587e-06,1.2727338624109586e-05,2.5454677248219174e-06,1.2727338624109586e-07,18899,,,,,,,,,,,,,,,,,,,,,,,,,,,,,,,,,,,,,,,,,,,,
9,,,,,18899,,,,,1.1319043636322021,,0.020763494074344635,,4.685823917388916,,1.1157549124618527e-06,,,0.010381188243627548,5.838491439819336,,,,,,,,,,,,,,,,,,,,,,,,,,,,,
,1.2639319671479852e-06,1.2639319671479851e-05,2.5278639342959705e-06,1.263931967147985e-07,18919,,,,,,,,,,,,,,,,,,,,,,,,,,,,,,,,,,,,,,,,,,,,
,1.2639319671479852e-06,1.2639319671479851e-05,2.5278639342959705e-06,1.263931967147985e-07,18919,,,,,,,,,,,,,,,,,,,,,,,,,,,,,,,,,,,,,,,,,,,,
9,,,,,18919,,,,,0.6677079796791077,,0.026042494922876358,,2.47122859954834,,2.0395915271365084e-05,,,0.01301104947924614,3.1649789810180664,,,,,,,,,,,,,,,,,,,,,,,,,,,,,
,1.2551588245551198e-06,1.2551588245551196e-05,2.5103176491102395e-06,1.2551588245551194e-07,18939,,,,,,,,,,,,,,,,,,,,,,,,,,,,,,,,,,,,,,,,,,,,
,1.2551588245551198e-06,1.2551588245551196e-05,2.5103176491102395e-06,1.2551588245551194e-07,18939,,,,,,,,,,,,,,,,,,,,,,,,,,,,,,,,,,,,,,,,,,,,
9,,,,,18939,,,,,0.5235999822616577,,0.045813705772161484,,1.8954572677612305,,6.827580136814504e-07,,,0.022906512022018433,2.4648709297180176,,,,,,,,,,,,,,,,,,,,,,,,,,,,,
,1.246414501258549e-06,1.246414501258549e-05,2.492829002517098e-06,1.2464145012585488e-07,18959,,,,,,,,,,,,,,,,,,,,,,,,,,,,,,,,,,,,,,,,,,,,
,1.246414501258549e-06,1.246414501258549e-05,2.492829002517098e-06,1.2464145012585488e-07,18959,,,,,,,,,,,,,,,,,,,,,,,,,,,,,,,,,,,,,,,,,,,,
9,,,,,18959,,,,,0.697648823261261,,0.04887021705508232,,3.3877975940704346,,2.1311598175088875e-05,,,0.02442445233464241,4.134316921234131,,,,,,,,,,,,,,,,,,,,,,,,,,,,,
,1.237699063665594e-06,1.2376990636655938e-05,2.475398127331188e-06,1.2376990636655936e-07,18979,,,,,,,,,,,,,,,,,,,,,,,,,,,,,,,,,,,,,,,,,,,,
,1.237699063665594e-06,1.2376990636655938e-05,2.475398127331188e-06,1.2376990636655936e-07,18979,,,,,,,,,,,,,,,,,,,,,,,,,,,,,,,,,,,,,,,,,,,,
9,,,,,18979,,,,,0.6941869258880615,,0.017998144030570984,,3.148197889328003,,2.5240855393349193e-05,,,0.008986452594399452,3.8603830337524414,,,,,,,,,,,,,,,,,,,,,,,,,,,,,
,1.2290125779642117e-06,1.2290125779642116e-05,2.4580251559284234e-06,1.2290125779642114e-07,18999,,,,,,,,,,,,,,,,,,,,,,,,,,,,,,,,,,,,,,,,,,,,
,1.2290125779642117e-06,1.2290125779642116e-05,2.4580251559284234e-06,1.2290125779642114e-07,18999,,,,,,,,,,,,,,,,,,,,,,,,,,,,,,,,,,,,,,,,,,,,
9,,,,,18999,,,,,0.33612340688705444,,0.043711014091968536,,1.4695494174957275,,6.663694875896908e-07,,,0.021855171769857407,1.84938383102417,,,,,,,,,,,,,,,,,,,,,,,,,,,,,
,1.2203551101224882e-06,1.2203551101224881e-05,2.4407102202449763e-06,1.220355110122488e-07,19019,,,,,,,,,,,,,,,,,,,,,,,,,,,,,,,,,,,,,,,,,,,,
,1.2203551101224882e-06,1.2203551101224881e-05,2.4407102202449763e-06,1.220355110122488e-07,19019,,,,,,,,,,,,,,,,,,,,,,,,,,,,,,,,,,,,,,,,,,,,
9,,,,,19019,,,,,0.6682849526405334,,0.017923926934599876,,2.0158963203430176,,3.3733181226125453e-07,,,0.008961794897913933,2.7021050453186035,,,,,,,,,,,,,,,,,,,,,,,,,,,,,
,1.2117267258881336e-06,1.2117267258881336e-05,2.423453451776267e-06,1.2117267258881334e-07,19039,,,,,,,,,,,,,,,,,,,,,,,,,,,,,,,,,,,,,,,,,,,,
,1.2117267258881336e-06,1.2117267258881336e-05,2.423453451776267e-06,1.2117267258881334e-07,19039,,,,,,,,,,,,,,,,,,,,,,,,,,,,,,,,,,,,,,,,,,,,
9,,,,,19039,,,,,0.6422759890556335,,0.028624866157770157,,2.0814175605773926,,2.25516105274437e-05,,,0.014301157556474209,2.7523183822631836,,,,,,,,,,,,,,,,,,,,,,,,,,,,,
,1.203127490787994e-06,1.203127490787994e-05,2.406254981575988e-06,1.2031274907879939e-07,19059,,,,,,,,,,,,,,,,,,,,,,,,,,,,,,,,,,,,,,,,,,,,
,1.203127490787994e-06,1.203127490787994e-05,2.406254981575988e-06,1.2031274907879939e-07,19059,,,,,,,,,,,,,,,,,,,,,,,,,,,,,,,,,,,,,,,,,,,,
9,,,,,19059,,,,,0.24553033709526062,,0.037622153759002686,,1.0575412511825562,,2.211074701108373e-08,,,0.018811065703630447,1.340693712234497,,,,,,,,,,,,,,,,,,,,,,,,,,,,,
,1.194557470127544e-06,1.194557470127544e-05,2.389114940255088e-06,1.194557470127544e-07,19079,,,,,,,,,,,,,,,,,,,,,,,,,,,,,,,,,,,,,,,,,,,,
,1.194557470127544e-06,1.194557470127544e-05,2.389114940255088e-06,1.194557470127544e-07,19079,,,,,,,,,,,,,,,,,,,,,,,,,,,,,,,,,,,,,,,,,,,,
9,,,,,19079,,,,,0.5902671217918396,,0.027300875633955002,,2.729477643966675,,2.205672444688389e-07,,,0.013650327920913696,3.347045660018921,,,,,,,,,,,,,,,,,,,,,,,,,,,,,
,1.1860167289903923e-06,1.1860167289903921e-05,2.3720334579807846e-06,1.186016728990392e-07,19099,,,,,,,,,,,,,,,,,,,,,,,,,,,,,,,,,,,,,,,,,,,,
,1.1860167289903923e-06,1.1860167289903921e-05,2.3720334579807846e-06,1.186016728990392e-07,19099,,,,,,,,,,,,,,,,,,,,,,,,,,,,,,,,,,,,,,,,,,,,
9,,,,,19099,,,,,0.5706533193588257,,0.013462794944643974,,2.2523021697998047,,5.962955924587732e-07,,,0.00673109944909811,2.8364181518554688,,,,,,,,,,,,,,,,,,,,,,,,,,,,,
,1.177505332237791e-06,1.1775053322377909e-05,2.355010664475582e-06,1.1775053322377908e-07,19119,,,,,,,,,,,,,,,,,,,,,,,,,,,,,,,,,,,,,,,,,,,,
,1.177505332237791e-06,1.1775053322377909e-05,2.355010664475582e-06,1.1775053322377908e-07,19119,,,,,,,,,,,,,,,,,,,,,,,,,,,,,,,,,,,,,,,,,,,,
9,,,,,19119,,,,,0.3900017738342285,,-0.0,,1.7777431011199951,,-0.0,,,-0.0,2.1677448749542236,,,,,,,,,,,,,,,,,,,,,,,,,,,,,
,1.169023344508143e-06,1.169023344508143e-05,2.338046689016286e-06,1.169023344508143e-07,19139,,,,,,,,,,,,,,,,,,,,,,,,,,,,,,,,,,,,,,,,,,,,
,1.169023344508143e-06,1.169023344508143e-05,2.338046689016286e-06,1.169023344508143e-07,19139,,,,,,,,,,,,,,,,,,,,,,,,,,,,,,,,,,,,,,,,,,,,
9,,,,,19139,,,,,0.4521050751209259,,0.022531481459736824,,2.264163017272949,,1.177572994492948e-05,,,0.011259852908551693,2.738799571990967,,,,,,,,,,,,,,,,,,,,,,,,,,,,,
,1.1605708302165046e-06,1.1605708302165046e-05,2.321141660433009e-06,1.1605708302165044e-07,19159,,,,,,,,,,,,,,,,,,,,,,,,,,,,,,,,,,,,,,,,,,,,
,1.1605708302165046e-06,1.1605708302165046e-05,2.321141660433009e-06,1.1605708302165044e-07,19159,,,,,,,,,,,,,,,,,,,,,,,,,,,,,,,,,,,,,,,,,,,,
9,,,,,19159,,,,,0.4416309893131256,,0.08921680599451065,,1.8151822090148926,,1.2125073226343375e-05,,,0.04460234194993973,2.3460299968719482,,,,,,,,,,,,,,,,,,,,,,,,,,,,,
,1.1521478535541042e-06,1.1521478535541041e-05,2.3042957071082084e-06,1.1521478535541041e-07,19179,,,,,,,,,,,,,,,,,,,,,,,,,,,,,,,,,,,,,,,,,,,,
,1.1521478535541042e-06,1.1521478535541041e-05,2.3042957071082084e-06,1.1521478535541041e-07,19179,,,,,,,,,,,,,,,,,,,,,,,,,,,,,,,,,,,,,,,,,,,,
9,,,,,19179,,,,,1.3984285593032837,,0.009558637626469135,,5.375639915466309,,5.0973601901205257e-05,,,0.0047538322396576405,6.783627033233643,,,,,,,,,,,,,,,,,,,,,,,,,,,,,
,1.1437544784878524e-06,1.1437544784878524e-05,2.287508956975705e-06,1.1437544784878522e-07,19199,,,,,,,,,,,,,,,,,,,,,,,,,,,,,,,,,,,,,,,,,,,,
,1.1437544784878524e-06,1.1437544784878524e-05,2.287508956975705e-06,1.1437544784878522e-07,19199,,,,,,,,,,,,,,,,,,,,,,,,,,,,,,,,,,,,,,,,,,,,
9,,,,,19199,,,,,0.5542240142822266,,0.014227627776563168,,1.5426745414733887,,3.121620466117747e-05,,,0.007098205853253603,2.111126184463501,,,,,,,,,,,,,,,,,,,,,,,,,,,,,
,1.1353907687598512e-06,1.1353907687598511e-05,2.2707815375197023e-06,1.135390768759851e-07,19219,,,,,,,,,,,,,,,,,,,,,,,,,,,,,,,,,,,,,,,,,,,,
,1.1353907687598512e-06,1.1353907687598511e-05,2.2707815375197023e-06,1.135390768759851e-07,19219,,,,,,,,,,,,,,,,,,,,,,,,,,,,,,,,,,,,,,,,,,,,
9,,,,,19219,,,,,0.6921297907829285,,0.0301230289041996,,3.323852062225342,,1.945190888363868e-05,,,0.015051787719130516,4.046104907989502,,,,,,,,,,,,,,,,,,,,,,,,,,,,,
,1.1270567878869178e-06,1.1270567878869178e-05,2.2541135757738357e-06,1.1270567878869178e-07,19239,,,,,,,,,,,,,,,,,,,,,,,,,,,,,,,,,,,,,,,,,,,,
,1.1270567878869178e-06,1.1270567878869178e-05,2.2541135757738357e-06,1.1270567878869178e-07,19239,,,,,,,,,,,,,,,,,,,,,,,,,,,,,,,,,,,,,,,,,,,,
9,,,,,19239,,,,,0.5120233297348022,,0.11061927676200867,,1.5647168159484863,,3.303072662674822e-05,,,0.05529312416911125,2.18735933303833,,,,,,,,,,,,,,,,,,,,,,,,,,,,,
,1.1187525991600984e-06,1.1187525991600984e-05,2.237505198320197e-06,1.1187525991600983e-07,19259,,,,,,,,,,,,,,,,,,,,,,,,,,,,,,,,,,,,,,,,,,,,
,1.1187525991600984e-06,1.1187525991600984e-05,2.237505198320197e-06,1.1187525991600983e-07,19259,,,,,,,,,,,,,,,,,,,,,,,,,,,,,,,,,,,,,,,,,,,,
9,,,,,19259,,,,,0.48140227794647217,,0.09175872057676315,,1.577912449836731,,2.6673611500882544e-05,,,0.04586602374911308,2.151073455810547,,,,,,,,,,,,,,,,,,,,,,,,,,,,,
,1.1104782656441847e-06,1.1104782656441847e-05,2.2209565312883694e-06,1.1104782656441845e-07,19279,,,,,,,,,,,,,,,,,,,,,,,,,,,,,,,,,,,,,,,,,,,,
,1.1104782656441847e-06,1.1104782656441847e-05,2.2209565312883694e-06,1.1104782656441845e-07,19279,,,,,,,,,,,,,,,,,,,,,,,,,,,,,,,,,,,,,,,,,,,,
9,,,,,19279,,,,,0.47212666273117065,,0.017884669825434685,,1.3743637800216675,,2.7190378659724956e-07,,,0.008942198939621449,1.864375114440918,,,,,,,,,,,,,,,,,,,,,,,,,,,,,
,1.1022338501772406e-06,1.1022338501772404e-05,2.204467700354481e-06,1.1022338501772403e-07,19299,,,,,,,,,,,,,,,,,,,,,,,,,,,,,,,,,,,,,,,,,,,,
,1.1022338501772406e-06,1.1022338501772404e-05,2.204467700354481e-06,1.1022338501772403e-07,19299,,,,,,,,,,,,,,,,,,,,,,,,,,,,,,,,,,,,,,,,,,,,
9,,,,,19299,,,,,0.7642900347709656,,0.013593489304184914,,2.524095058441162,,2.6505702521717467e-07,,,0.006796612404286861,3.301978588104248,,,,,,,,,,,,,,,,,,,,,,,,,,,,,
,1.0940194153701227e-06,1.0940194153701227e-05,2.1880388307402455e-06,1.0940194153701227e-07,19319,,,,,,,,,,,,,,,,,,,,,,,,,,,,,,,,,,,,,,,,,,,,
,1.0940194153701227e-06,1.0940194153701227e-05,2.1880388307402455e-06,1.0940194153701227e-07,19319,,,,,,,,,,,,,,,,,,,,,,,,,,,,,,,,,,,,,,,,,,,,
9,,,,,19319,,,,,0.6475450396537781,,0.12190038710832596,,2.145477294921875,,0.0001256276882486418,,,0.060887377709150314,2.9149227142333984,,,,,,,,,,,,,,,,,,,,,,,,,,,,,
,1.0858350236060012e-06,1.0858350236060013e-05,2.1716700472120024e-06,1.0858350236060012e-07,19339,,,,,,,,,,,,,,,,,,,,,,,,,,,,,,,,,,,,,,,,,,,,
,1.0858350236060012e-06,1.0858350236060013e-05,2.1716700472120024e-06,1.0858350236060012e-07,19339,,,,,,,,,,,,,,,,,,,,,,,,,,,,,,,,,,,,,,,,,,,,
9,,,,,19339,,,,,1.4956988096237183,,0.040005676448345184,,4.988168716430664,,2.098707909681252e-06,,,0.020001789554953575,6.523873329162598,,,,,,,,,,,,,,,,,,,,,,,,,,,,,
,1.0776807370398918e-06,1.0776807370398918e-05,2.1553614740797837e-06,1.0776807370398918e-07,19359,,,,,,,,,,,,,,,,,,,,,,,,,,,,,,,,,,,,,,,,,,,,
,1.0776807370398918e-06,1.0776807370398918e-05,2.1553614740797837e-06,1.0776807370398918e-07,19359,,,,,,,,,,,,,,,,,,,,,,,,,,,,,,,,,,,,,,,,,,,,
9,,,,,19359,,,,,0.8704636096954346,,0.05021720752120018,,2.996206045150757,,0.001972163561731577,,,0.02412252128124237,3.916886806488037,,,,,,,,,,,,,,,,,,,,,,,,,,,,,
,1.0695566175981829e-06,1.0695566175981828e-05,2.1391132351963658e-06,1.0695566175981826e-07,19379,,,,,,,,,,,,,,,,,,,,,,,,,,,,,,,,,,,,,,,,,,,,
,1.0695566175981829e-06,1.0695566175981828e-05,2.1391132351963658e-06,1.0695566175981826e-07,19379,,,,,,,,,,,,,,,,,,,,,,,,,,,,,,,,,,,,,,,,,,,,
9,,,,,19379,,,,,0.3419557809829712,,0.040724486112594604,,1.6620768308639526,,1.8091322999680415e-06,,,0.020361337810754776,2.044757127761841,,,,,,,,,,,,,,,,,,,,,,,,,,,,,
,1.0614627269781583e-06,1.0614627269781582e-05,2.1229254539563166e-06,1.0614627269781581e-07,19399,,,,,,,,,,,,,,,,,,,,,,,,,,,,,,,,,,,,,,,,,,,,
,1.0614627269781583e-06,1.0614627269781582e-05,2.1229254539563166e-06,1.0614627269781581e-07,19399,,,,,,,,,,,,,,,,,,,,,,,,,,,,,,,,,,,,,,,,,,,,
9,,,,,19399,,,,,1.0010024309158325,,0.0232151560485363,,2.7488415241241455,,4.0404307810604223e-07,,,0.011607375927269459,3.7730588912963867,,,,,,,,,,,,,,,,,,,,,,,,,,,,,
,1.0533991266475386e-06,1.0533991266475386e-05,2.1067982532950773e-06,1.0533991266475385e-07,19419,,,,,,,,,,,,,,,,,,,,,,,,,,,,,,,,,,,,,,,,,,,,
,1.0533991266475386e-06,1.0533991266475386e-05,2.1067982532950773e-06,1.0533991266475385e-07,19419,,,,,,,,,,,,,,,,,,,,,,,,,,,,,,,,,,,,,,,,,,,,
9,,,,,19419,,,,,1.0810750722885132,,0.03788580000400543,,4.1527252197265625,,4.685551147076694e-08,,,0.018942877650260925,5.27168607711792,,,,,,,,,,,,,,,,,,,,,,,,,,,,,
,1.0453658778440107e-06,1.0453658778440107e-05,2.0907317556880214e-06,1.0453658778440106e-07,19439,,,,,,,,,,,,,,,,,,,,,,,,,,,,,,,,,,,,,,,,,,,,
,1.0453658778440107e-06,1.0453658778440107e-05,2.0907317556880214e-06,1.0453658778440106e-07,19439,,,,,,,,,,,,,,,,,,,,,,,,,,,,,,,,,,,,,,,,,,,,
9,,,,,19439,,,,,0.8627350330352783,,0.025391746312379837,,3.665393829345703,,7.27517472114414e-05,,,0.012659497559070587,4.553520679473877,,,,,,,,,,,,,,,,,,,,,,,,,,,,,
,1.0373630415747558e-06,1.0373630415747557e-05,2.0747260831495116e-06,1.0373630415747558e-07,19459,,,,,,,,,,,,,,,,,,,,,,,,,,,,,,,,,,,,,,,,,,,,
,1.0373630415747558e-06,1.0373630415747557e-05,2.0747260831495116e-06,1.0373630415747558e-07,19459,,,,,,,,,,,,,,,,,,,,,,,,,,,,,,,,,,,,,,,,,,,,
9,,,,,19459,,,,,0.5453023910522461,,0.00810425914824009,,2.0534026622772217,,1.0045491762866732e-06,,,0.00405162712559104,2.606809377670288,,,,,,,,,,,,,,,,,,,,,,,,,,,,,
,1.0293906786159976e-06,1.0293906786159977e-05,2.0587813572319952e-06,1.0293906786159975e-07,19479,,,,,,,,,,,,,,,,,,,,,,,,,,,,,,,,,,,,,,,,,,,,
,1.0293906786159976e-06,1.0293906786159977e-05,2.0587813572319952e-06,1.0293906786159975e-07,19479,,,,,,,,,,,,,,,,,,,,,,,,,,,,,,,,,,,,,,,,,,,,
9,,,,,19479,,,,,0.4243669807910919,,0.012345943599939346,,1.9908212423324585,,1.1146685210405849e-05,,,0.006167398765683174,2.4275341033935547,,,,,,,,,,,,,,,,,,,,,,,,,,,,,
,1.0214488495125351e-06,1.0214488495125351e-05,2.0428976990250702e-06,1.021448849512535e-07,19499,,,,,,,,,,,,,,,,,,,,,,,,,,,,,,,,,,,,,,,,,,,,
,1.0214488495125351e-06,1.0214488495125351e-05,2.0428976990250702e-06,1.021448849512535e-07,19499,,,,,,,,,,,,,,,,,,,,,,,,,,,,,,,,,,,,,,,,,,,,
9,,,,,19499,,,,,0.45556366443634033,,0.04485510289669037,,1.6787183284759521,,3.3671474284346914e-06,,,0.02242586761713028,2.1791372299194336,,,,,,,,,,,,,,,,,,,,,,,,,,,,,
,1.0135376145772783e-06,1.0135376145772783e-05,2.0270752291545567e-06,1.0135376145772782e-07,19519,,,,,,,,,,,,,,,,,,,,,,,,,,,,,,,,,,,,,,,,,,,,
,1.0135376145772783e-06,1.0135376145772783e-05,2.0270752291545567e-06,1.0135376145772782e-07,19519,,,,,,,,,,,,,,,,,,,,,,,,,,,,,,,,,,,,,,,,,,,,
9,,,,,19519,,,,,0.7594040632247925,,0.018414538353681564,,3.4006505012512207,,1.4259364888857817e-06,,,0.009206555783748627,4.178469181060791,,,,,,,,,,,,,,,,,,,,,,,,,,,,,
,1.005657033890801e-06,1.005657033890801e-05,2.011314067781602e-06,1.005657033890801e-07,19539,,,,,,,,,,,,,,,,,,,,,,,,,,,,,,,,,,,,,,,,,,,,
,1.005657033890801e-06,1.005657033890801e-05,2.011314067781602e-06,1.005657033890801e-07,19539,,,,,,,,,,,,,,,,,,,,,,,,,,,,,,,,,,,,,,,,,,,,
9,,,,,19539,,,,,0.8665832877159119,,0.0471990741789341,,3.2820756435394287,,0.0004986426210962236,,,0.023350216448307037,4.195858001708984,,,,,,,,,,,,,,,,,,,,,,,,,,,,,
,9.97807167300873e-07,9.97807167300873e-06,1.995614334601746e-06,9.978071673008728e-08,19559,,,,,,,,,,,,,,,,,,,,,,,,,,,,,,,,,,,,,,,,,,,,
,9.97807167300873e-07,9.97807167300873e-06,1.995614334601746e-06,9.978071673008728e-08,19559,,,,,,,,,,,,,,,,,,,,,,,,,,,,,,,,,,,,,,,,,,,,
9,,,,,19559,,,,,1.1023693084716797,,0.029833532869815826,,4.27963924407959,,6.902247696416453e-05,,,0.014882255345582962,5.411841869354248,,,,,,,,,,,,,,,,,,,,,,,,,,,,,
,9.899880744220145e-07,9.899880744220144e-06,1.979976148844029e-06,9.899880744220144e-08,19579,,,,,,,,,,,,,,,,,,,,,,,,,,,,,,,,,,,,,,,,,,,,
,9.899880744220145e-07,9.899880744220144e-06,1.979976148844029e-06,9.899880744220144e-08,19579,,,,,,,,,,,,,,,,,,,,,,,,,,,,,,,,,,,,,,,,,,,,
9,,,,,19579,,,,,0.49826595187187195,,0.015099390409886837,,1.814847707748413,,7.232108600874199e-06,,,0.007546079345047474,2.3282129764556885,,,,,,,,,,,,,,,,,,,,,,,,,,,,,
,9.82199814635037e-07,9.82199814635037e-06,1.964399629270074e-06,9.821998146350368e-08,19599,,,,,,,,,,,,,,,,,,,,,,,,,,,,,,,,,,,,,,,,,,,,
,9.82199814635037e-07,9.82199814635037e-06,1.964399629270074e-06,9.821998146350368e-08,19599,,,,,,,,,,,,,,,,,,,,,,,,,,,,,,,,,,,,,,,,,,,,
9,,,,,19599,,,,,0.45318078994750977,,0.11431220173835754,,1.7226184606552124,,0.00012132776464568451,,,0.05709543824195862,2.290111541748047,,,,,,,,,,,,,,,,,,,,,,,,,,,,,
,9.744424470865975e-07,9.744424470865976e-06,1.948884894173195e-06,9.744424470865975e-08,19619,,,,,,,,,,,,,,,,,,,,,,,,,,,,,,,,,,,,,,,,,,,,
,9.744424470865975e-07,9.744424470865976e-06,1.948884894173195e-06,9.744424470865975e-08,19619,,,,,,,,,,,,,,,,,,,,,,,,,,,,,,,,,,,,,,,,,,,,
9,,,,,19619,,,,,0.5435152649879456,,0.04669927433133125,,2.0876193046569824,,7.786983042024076e-05,,,0.023310702294111252,2.6778337955474854,,,,,,,,,,,,,,,,,,,,,,,,,,,,,
,9.667160306887482e-07,9.667160306887482e-06,1.9334320613774965e-06,9.667160306887481e-08,19639,,,,,,,,,,,,,,,,,,,,,,,,,,,,,,,,,,,,,,,,,,,,
,9.667160306887482e-07,9.667160306887482e-06,1.9334320613774965e-06,9.667160306887481e-08,19639,,,,,,,,,,,,,,,,,,,,,,,,,,,,,,,,,,,,,,,,,,,,
9,,,,,19639,,,,,0.8978972434997559,,0.0512666180729866,,3.8094992637634277,,2.407952024441329e-06,,,0.025632105767726898,4.758663177490234,,,,,,,,,,,,,,,,,,,,,,,,,,,,,
,9.590206241184833e-07,9.590206241184834e-06,1.9180412482369666e-06,9.590206241184832e-08,19659,,,,,,,,,,,,,,,,,,,,,,,,,,,,,,,,,,,,,,,,,,,,
,9.590206241184833e-07,9.590206241184834e-06,1.9180412482369666e-06,9.590206241184832e-08,19659,,,,,,,,,,,,,,,,,,,,,,,,,,,,,,,,,,,,,,,,,,,,
9,,,,,19659,,,,,0.41472944617271423,,0.04031897708773613,,1.8792930841445923,,1.2069913282175548e-06,,,0.020158885046839714,2.334341526031494,,,,,,,,,,,,,,,,,,,,,,,,,,,,,
,9.513562858173009e-07,9.513562858173009e-06,1.9027125716346017e-06,9.513562858173008e-08,19679,,,,,,,,,,,,,,,,,,,,,,,,,,,,,,,,,,,,,,,,,,,,
,9.513562858173009e-07,9.513562858173009e-06,1.9027125716346017e-06,9.513562858173008e-08,19679,,,,,,,,,,,,,,,,,,,,,,,,,,,,,,,,,,,,,,,,,,,,
9,,,,,19679,,,,,0.5337703824043274,,0.040087562054395676,,1.957486867904663,,8.131284266710281e-05,,,0.020003125071525574,2.5313448905944824,,,,,,,,,,,,,,,,,,,,,,,,,,,,,
,9.437230739907575e-07,9.437230739907574e-06,1.887446147981515e-06,9.437230739907574e-08,19699,,,,,,,,,,,,,,,,,,,,,,,,,,,,,,,,,,,,,,,,,,,,
,9.437230739907575e-07,9.437230739907574e-06,1.887446147981515e-06,9.437230739907574e-08,19699,,,,,,,,,,,,,,,,,,,,,,,,,,,,,,,,,,,,,,,,,,,,
9,,,,,19699,,,,,1.4598498344421387,,0.038698289543390274,,5.2027587890625,,6.140190089354292e-05,,,0.019318444654345512,6.7013068199157715,,,,,,,,,,,,,,,,,,,,,,,,,,,,,
,9.361210466080213e-07,9.361210466080213e-06,1.8722420932160427e-06,9.361210466080212e-08,19719,,,,,,,,,,,,,,,,,,,,,,,,,,,,,,,,,,,,,,,,,,,,
,9.361210466080213e-07,9.361210466080213e-06,1.8722420932160427e-06,9.361210466080212e-08,19719,,,,,,,,,,,,,,,,,,,,,,,,,,,,,,,,,,,,,,,,,,,,
9,,,,,19719,,,,,0.6623278260231018,,0.013279682025313377,,2.590754985809326,,1.983205493161222e-07,,,0.0066397422924637794,3.266362428665161,,,,,,,,,,,,,,,,,,,,,,,,,,,,,
,9.285502614014377e-07,9.285502614014377e-06,1.8571005228028754e-06,9.285502614014377e-08,19739,,,,,,,,,,,,,,,,,,,,,,,,,,,,,,,,,,,,,,,,,,,,
,9.285502614014377e-07,9.285502614014377e-06,1.8571005228028754e-06,9.285502614014377e-08,19739,,,,,,,,,,,,,,,,,,,,,,,,,,,,,,,,,,,,,,,,,,,,
9,,,,,19739,,,,,1.184885025024414,,0.01407746784389019,,3.6161601543426514,,3.389939706721634e-07,,,0.007038564421236515,4.815122604370117,,,,,,,,,,,,,,,,,,,,,,,,,,,,,
,9.2101077586609e-07,9.2101077586609e-06,1.84202155173218e-06,9.210107758660899e-08,19759,,,,,,,,,,,,,,,,,,,,,,,,,,,,,,,,,,,,,,,,,,,,
,9.2101077586609e-07,9.2101077586609e-06,1.84202155173218e-06,9.210107758660899e-08,19759,,,,,,,,,,,,,,,,,,,,,,,,,,,,,,,,,,,,,,,,,,,,
9,,,,,19759,,,,,0.27958670258522034,,0.04931527003645897,,1.1657577753067017,,3.418250344111584e-06,,,0.02465592510998249,1.494659662246704,,,,,,,,,,,,,,,,,,,,,,,,,,,,,
,9.135026472593557e-07,9.135026472593557e-06,1.8270052945187113e-06,9.135026472593556e-08,19779,,,,,,,,,,,,,,,,,,,,,,,,,,,,,,,,,,,,,,,,,,,,
,9.135026472593557e-07,9.135026472593557e-06,1.8270052945187113e-06,9.135026472593556e-08,19779,,,,,,,,,,,,,,,,,,,,,,,,,,,,,,,,,,,,,,,,,,,,
9,,,,,19779,,,,,0.9843551516532898,,0.034391652792692184,,3.9356331825256348,,4.772743977810023e-06,,,0.017193440347909927,4.954380035400391,,,,,,,,,,,,,,,,,,,,,,,,,,,,,
,9.060259326004837e-07,9.060259326004838e-06,1.8120518652009674e-06,9.060259326004837e-08,19799,,,,,,,,,,,,,,,,,,,,,,,,,,,,,,,,,,,,,,,,,,,,
,9.060259326004837e-07,9.060259326004838e-06,1.8120518652009674e-06,9.060259326004837e-08,19799,,,,,,,,,,,,,,,,,,,,,,,,,,,,,,,,,,,,,,,,,,,,
9,,,,,19799,,,,,0.6759523749351501,,0.0290069617331028,,2.160001277923584,,4.458107014215784e-06,,,0.01450125128030777,2.8649606704711914,,,,,,,,,,,,,,,,,,,,,,,,,,,,,
,8.985806886701515e-07,8.985806886701514e-06,1.797161377340303e-06,8.985806886701513e-08,19819,,,,,,,,,,,,,,,,,,,,,,,,,,,,,,,,,,,,,,,,,,,,
,8.985806886701515e-07,8.985806886701514e-06,1.797161377340303e-06,8.985806886701513e-08,19819,,,,,,,,,,,,,,,,,,,,,,,,,,,,,,,,,,,,,,,,,,,,
9,,,,,19819,,,,,0.8661859035491943,,0.006903239991515875,,3.2855615615844727,,1.1463598639238626e-05,,,0.0034458881709724665,4.1586503982543945,,,,,,,,,,,,,,,,,,,,,,,,,,,,,
,8.911669720100371e-07,8.911669720100371e-06,1.7823339440200742e-06,8.91166972010037e-08,19839,,,,,,,,,,,,,,,,,,,,,,,,,,,,,,,,,,,,,,,,,,,,
,8.911669720100371e-07,8.911669720100371e-06,1.7823339440200742e-06,8.91166972010037e-08,19839,,,,,,,,,,,,,,,,,,,,,,,,,,,,,,,,,,,,,,,,,,,,
9,,,,,19839,,,,,0.4884134531021118,,0.032980531454086304,,1.685210943222046,,0.0001073179955710657,,,0.016436606645584106,2.2066049575805664,,,,,,,,,,,,,,,,,,,,,,,,,,,,,
,8.837848389223908e-07,8.837848389223908e-06,1.7675696778447816e-06,8.837848389223906e-08,19859,,,,,,,,,,,,,,,,,,,,,,,,,,,,,,,,,,,,,,,,,,,,
,8.837848389223908e-07,8.837848389223908e-06,1.7675696778447816e-06,8.837848389223906e-08,19859,,,,,,,,,,,,,,,,,,,,,,,,,,,,,,,,,,,,,,,,,,,,
9,,,,,19859,,,,,0.497368723154068,,0.0040737539529800415,,2.321624279022217,,5.011104803998023e-06,,,0.0020343714859336615,2.8230669498443604,,,,,,,,,,,,,,,,,,,,,,,,,,,,,
,8.764343454696084e-07,8.764343454696083e-06,1.7528686909392167e-06,8.764343454696083e-08,19879,,,,,,,,,,,,,,,,,,,,,,,,,,,,,,,,,,,,,,,,,,,,
,8.764343454696084e-07,8.764343454696083e-06,1.7528686909392167e-06,8.764343454696083e-08,19879,,,,,,,,,,,,,,,,,,,,,,,,,,,,,,,,,,,,,,,,,,,,
9,,,,,19879,,,,,1.1599295139312744,,0.013459071516990662,,4.567226886749268,,9.343833653474576e-07,,,0.006729068234562874,5.7406158447265625,,,,,,,,,,,,,,,,,,,,,,,,,,,,,
,8.691155474737987e-07,8.691155474737987e-06,1.7382310949475974e-06,8.691155474737987e-08,19899,,,,,,,,,,,,,,,,,,,,,,,,,,,,,,,,,,,,,,,,,,,,
,8.691155474737987e-07,8.691155474737987e-06,1.7382310949475974e-06,8.691155474737987e-08,19899,,,,,,,,,,,,,,,,,,,,,,,,,,,,,,,,,,,,,,,,,,,,
9,,,,,19899,,,,,0.8137128353118896,,0.06326983869075775,,2.378678321838379,,1.224028346769046e-05,,,0.0316288024187088,3.2556610107421875,,,,,,,,,,,,,,,,,,,,,,,,,,,,,
,8.618285005163692e-07,8.618285005163692e-06,1.7236570010327383e-06,8.61828500516369e-08,19919,,,,,,,,,,,,,,,,,,,,,,,,,,,,,,,,,,,,,,,,,,,,
,8.618285005163692e-07,8.618285005163692e-06,1.7236570010327383e-06,8.61828500516369e-08,19919,,,,,,,,,,,,,,,,,,,,,,,,,,,,,,,,,,,,,,,,,,,,
9,,,,,19919,,,,,0.26176223158836365,,0.024651912972331047,,1.2133344411849976,,1.4026527423993684e-06,,,0.012325255200266838,1.4997485876083374,,,,,,,,,,,,,,,,,,,,,,,,,,,,,
,8.545732599375991e-07,8.545732599375992e-06,1.7091465198751982e-06,8.545732599375991e-08,19939,,,,,,,,,,,,,,,,,,,,,,,,,,,,,,,,,,,,,,,,,,,,
,8.545732599375991e-07,8.545732599375992e-06,1.7091465198751982e-06,8.545732599375991e-08,19939,,,,,,,,,,,,,,,,,,,,,,,,,,,,,,,,,,,,,,,,,,,,
9,,,,,19939,,,,,0.4216882884502411,,0.026926502585411072,,1.523744821548462,,4.971859743818641e-05,,,0.013438391499221325,1.9723596572875977,,,,,,,,,,,,,,,,,,,,,,,,,,,,,
,8.473498808362158e-07,8.473498808362158e-06,1.6946997616724316e-06,8.473498808362157e-08,19959,,,,,,,,,,,,,,,,,,,,,,,,,,,,,,,,,,,,,,,,,,,,
,8.473498808362158e-07,8.473498808362158e-06,1.6946997616724316e-06,8.473498808362157e-08,19959,,,,,,,,,,,,,,,,,,,,,,,,,,,,,,,,,,,,,,,,,,,,
9,,,,,19959,,,,,0.790632963180542,,0.036803338676691055,,3.2201178073883057,,7.125990464373899e-07,,,0.018401313573122025,4.047554016113281,,,,,,,,,,,,,,,,,,,,,,,,,,,,,
,8.401584180689832e-07,8.401584180689831e-06,1.6803168361379663e-06,8.40158418068983e-08,19979,,,,,,,,,,,,,,,,,,,,,,,,,,,,,,,,,,,,,,,,,,,,
,8.401584180689832e-07,8.401584180689831e-06,1.6803168361379663e-06,8.40158418068983e-08,19979,,,,,,,,,,,,,,,,,,,,,,,,,,,,,,,,,,,,,,,,,,,,
9,,,,,19979,,,,,0.3332900404930115,,0.11165302991867065,,1.3591525554656982,,0.008010287769138813,,,0.05182136967778206,1.80409574508667,,,,,,,,,,,,,,,,,,,,,,,,,,,,,
,8.329989262502816e-07,8.329989262502817e-06,1.6659978525005633e-06,8.329989262502816e-08,19999,,,,,,,,,,,,,,,,,,,,,,,,,,,,,,,,,,,,,,,,,,,,
,8.329989262502816e-07,8.329989262502817e-06,1.6659978525005633e-06,8.329989262502816e-08,19999,,,,,,,,,,,,,,,,,,,,,,,,,,,,,,,,,,,,,,,,,,,,
9,,,,,19999,,,,,0.6447325348854065,,0.018673328682780266,,2.583374500274658,,5.009690084989415e-07,,,0.009336413815617561,3.2467803955078125,,,,,,,,,,,,,,,,,,,,,,,,,,,,,
9,,,,,19999,,,,,,,,,,,,,,,,,,,0.0,4800.0,23.494619369506836,22.459434509277344,46.85932159423828,0.12833333015441895,0.19062499701976776,0.24145832657814026,0.2284223735332489,0.06559887528419495,0.1576896607875824,0.005134096369147301,5.0,4800.0,0.0,0.0,5.0,4800.0,616.0,915.0,1159.0,1.0,1.0,5.0,0.757641077041626,0.757641077041626
9,,,,,19999,13.901840209960938,20.818359375,1.0,0.6623422503471375,,0.028291035443544388,,2.5817627906799316,,0.0004996665520593524,,3.272387981414795,0.01389568205922842,,,0.16969545185565948,3.0,7830.0,,,,,,,,,,,,,,,,,,,,,,,,,,
,8.258714597516904e-07,8.258714597516903e-06,1.6517429195033808e-06,8.258714597516903e-08,20019,,,,,,,,,,,,,,,,,,,,,,,,,,,,,,,,,,,,,,,,,,,,
,8.258714597516904e-07,8.258714597516903e-06,1.6517429195033808e-06,8.258714597516903e-08,20019,,,,,,,,,,,,,,,,,,,,,,,,,,,,,,,,,,,,,,,,,,,,
10,,,,,20019,,,,,0.8168908357620239,,0.043528757989406586,,3.7487993240356445,,2.46464111341993e-07,,,0.021764256060123444,4.609219074249268,,,,,,,,,,,,,,,,,,,,,,,,,,,,,
,8.187760727015813e-07,8.187760727015813e-06,1.6375521454031626e-06,8.187760727015812e-08,20039,,,,,,,,,,,,,,,,,,,,,,,,,,,,,,,,,,,,,,,,,,,,
,8.187760727015813e-07,8.187760727015813e-06,1.6375521454031626e-06,8.187760727015812e-08,20039,,,,,,,,,,,,,,,,,,,,,,,,,,,,,,,,,,,,,,,,,,,,
10,,,,,20039,,,,,0.605757474899292,,0.015658942982554436,,1.937879204750061,,1.0135509000974707e-06,,,0.007828964851796627,2.559295654296875,,,,,,,,,,,,,,,,,,,,,,,,,,,,,
,8.117128189847044e-07,8.117128189847043e-06,1.6234256379694088e-06,8.117128189847043e-08,20059,,,,,,,,,,,,,,,,,,,,,,,,,,,,,,,,,,,,,,,,,,,,
,8.117128189847044e-07,8.117128189847043e-06,1.6234256379694088e-06,8.117128189847043e-08,20059,,,,,,,,,,,,,,,,,,,,,,,,,,,,,,,,,,,,,,,,,,,,
10,,,,,20059,,,,,0.8829637765884399,,0.02011946402490139,,2.9425342082977295,,0.0008957297541201115,,,0.009611867368221283,3.8456172943115234,,,,,,,,,,,,,,,,,,,,,,,,,,,,,
,8.046817522417733e-07,8.046817522417732e-06,1.6093635044835465e-06,8.046817522417732e-08,20079,,,,,,,,,,,,,,,,,,,,,,,,,,,,,,,,,,,,,,,,,,,,
,8.046817522417733e-07,8.046817522417732e-06,1.6093635044835465e-06,8.046817522417732e-08,20079,,,,,,,,,,,,,,,,,,,,,,,,,,,,,,,,,,,,,,,,,,,,
10,,,,,20079,,,,,0.4491928815841675,,0.016073154285550117,,1.5338616371154785,,4.5966274342390534e-08,,,0.008036553859710693,1.9991276264190674,,,,,,,,,,,,,,,,,,,,,,,,,,,,,
,7.976829258690679e-07,7.976829258690678e-06,1.5953658517381358e-06,7.976829258690678e-08,20099,,,,,,,,,,,,,,,,,,,,,,,,,,,,,,,,,,,,,,,,,,,,
,7.976829258690679e-07,7.976829258690678e-06,1.5953658517381358e-06,7.976829258690678e-08,20099,,,,,,,,,,,,,,,,,,,,,,,,,,,,,,,,,,,,,,,,,,,,
10,,,,,20099,,,,,0.40961697697639465,,0.03482569754123688,,2.801370143890381,,3.269156877649948e-05,,,0.017396502196788788,3.2458128929138184,,,,,,,,,,,,,,,,,,,,,,,,,,,,,
,7.907163930180238e-07,7.907163930180237e-06,1.5814327860360475e-06,7.907163930180237e-08,20119,,,,,,,,,,,,,,,,,,,,,,,,,,,,,,,,,,,,,,,,,,,,
,7.907163930180238e-07,7.907163930180237e-06,1.5814327860360475e-06,7.907163930180237e-08,20119,,,,,,,,,,,,,,,,,,,,,,,,,,,,,,,,,,,,,,,,,,,,
10,,,,,20119,,,,,0.6140528321266174,,0.006684462074190378,,2.9820003509521484,,9.790928743313998e-07,,,0.003341741394251585,3.6027376651763916,,,,,,,,,,,,,,,,,,,,,,,,,,,,,
,7.837822065948251e-07,7.83782206594825e-06,1.5675644131896503e-06,7.837822065948251e-08,20139,,,,,,,,,,,,,,,,,,,,,,,,,,,,,,,,,,,,,,,,,,,,
,7.837822065948251e-07,7.83782206594825e-06,1.5675644131896503e-06,7.837822065948251e-08,20139,,,,,,,,,,,,,,,,,,,,,,,,,,,,,,,,,,,,,,,,,,,,
10,,,,,20139,,,,,0.788985550403595,,0.01230187714099884,,2.9006574153900146,,6.234782290448493e-07,,,0.006150626577436924,3.7019448280334473,,,,,,,,,,,,,,,,,,,,,,,,,,,,,
,7.768804192600092e-07,7.768804192600092e-06,1.5537608385200184e-06,7.76880419260009e-08,20159,,,,,,,,,,,,,,,,,,,,,,,,,,,,,,,,,,,,,,,,,,,,
,7.768804192600092e-07,7.768804192600092e-06,1.5537608385200184e-06,7.76880419260009e-08,20159,,,,,,,,,,,,,,,,,,,,,,,,,,,,,,,,,,,,,,,,,,,,
10,,,,,20159,,,,,0.7036412358283997,,0.023762885481119156,,2.5347580909729004,,1.1209716888060939e-07,,,0.011881386861205101,3.262162208557129,,,,,,,,,,,,,,,,,,,,,,,,,,,,,
,7.700110834280643e-07,7.700110834280643e-06,1.5400221668561286e-06,7.700110834280642e-08,20179,,,,,,,,,,,,,,,,,,,,,,,,,,,,,,,,,,,,,,,,,,,,
,7.700110834280643e-07,7.700110834280643e-06,1.5400221668561286e-06,7.700110834280642e-08,20179,,,,,,,,,,,,,,,,,,,,,,,,,,,,,,,,,,,,,,,,,,,,
10,,,,,20179,,,,,0.7460249066352844,,0.013918253593146801,,2.4684040546417236,,8.371029980480671e-05,,,0.006917271297425032,3.228347063064575,,,,,,,,,,,,,,,,,,,,,,,,,,,,,
,7.631742512670284e-07,7.631742512670284e-06,1.5263485025340569e-06,7.631742512670283e-08,20199,,,,,,,,,,,,,,,,,,,,,,,,,,,,,,,,,,,,,,,,,,,,
,7.631742512670284e-07,7.631742512670284e-06,1.5263485025340569e-06,7.631742512670283e-08,20199,,,,,,,,,,,,,,,,,,,,,,,,,,,,,,,,,,,,,,,,,,,,
10,,,,,20199,,,,,0.4486429989337921,,0.028478030115365982,,1.6715502738952637,,0.011022603139281273,,,0.008727713488042355,2.1486713886260986,,,,,,,,,,,,,,,,,,,,,,,,,,,,,
,7.563699746980983e-07,7.563699746980983e-06,1.5127399493961966e-06,7.563699746980982e-08,20219,,,,,,,,,,,,,,,,,,,,,,,,,,,,,,,,,,,,,,,,,,,,
,7.563699746980983e-07,7.563699746980983e-06,1.5127399493961966e-06,7.563699746980982e-08,20219,,,,,,,,,,,,,,,,,,,,,,,,,,,,,,,,,,,,,,,,,,,,
10,,,,,20219,,,,,0.8199677467346191,,0.015714462846517563,,3.009997844696045,,0.00023173601948656142,,,0.007741363253444433,3.845679998397827,,,,,,,,,,,,,,,,,,,,,,,,,,,,,
,7.495983053952325e-07,7.495983053952325e-06,1.499196610790465e-06,7.495983053952324e-08,20239,,,,,,,,,,,,,,,,,,,,,,,,,,,,,,,,,,,,,,,,,,,,
,7.495983053952325e-07,7.495983053952325e-06,1.499196610790465e-06,7.495983053952324e-08,20239,,,,,,,,,,,,,,,,,,,,,,,,,,,,,,,,,,,,,,,,,,,,
10,,,,,20239,,,,,0.4968818128108978,,0.01767854392528534,,1.9351788759231567,,2.1380092221079394e-06,,,0.008838202804327011,2.4497392177581787,,,,,,,,,,,,,,,,,,,,,,,,,,,,,
,7.428592947847563e-07,7.428592947847563e-06,1.4857185895695126e-06,7.428592947847561e-08,20259,,,,,,,,,,,,,,,,,,,,,,,,,,,,,,,,,,,,,,,,,,,,
,7.428592947847563e-07,7.428592947847563e-06,1.4857185895695126e-06,7.428592947847561e-08,20259,,,,,,,,,,,,,,,,,,,,,,,,,,,,,,,,,,,,,,,,,,,,
10,,,,,20259,,,,,0.46394819021224976,,0.04215417057275772,,1.9391188621520996,,0.00024435328668914735,,,0.020954908803105354,2.445221185684204,,,,,,,,,,,,,,,,,,,,,,,,,,,,,
,7.361529940449769e-07,7.361529940449768e-06,1.4723059880899538e-06,7.361529940449767e-08,20279,,,,,,,,,,,,,,,,,,,,,,,,,,,,,,,,,,,,,,,,,,,,
,7.361529940449769e-07,7.361529940449768e-06,1.4723059880899538e-06,7.361529940449767e-08,20279,,,,,,,,,,,,,,,,,,,,,,,,,,,,,,,,,,,,,,,,,,,,
10,,,,,20279,,,,,0.8189949989318848,,0.01776166446506977,,3.827641248703003,,7.104961952109079e-08,,,0.00888079684227705,4.664398193359375,,,,,,,,,,,,,,,,,,,,,,,,,,,,,
,7.294794541057918e-07,7.294794541057919e-06,1.4589589082115837e-06,7.294794541057918e-08,20299,,,,,,,,,,,,,,,,,,,,,,,,,,,,,,,,,,,,,,,,,,,,
,7.294794541057918e-07,7.294794541057919e-06,1.4589589082115837e-06,7.294794541057918e-08,20299,,,,,,,,,,,,,,,,,,,,,,,,,,,,,,,,,,,,,,,,,,,,
10,,,,,20299,,,,,0.5849888920783997,,0.07783791422843933,,2.0915637016296387,,9.455231520405505e-06,,,0.03891422599554062,2.7543904781341553,,,,,,,,,,,,,,,,,,,,,,,,,,,,,
,7.228387256482986e-07,7.228387256482986e-06,1.4456774512965973e-06,7.228387256482986e-08,20319,,,,,,,,,,,,,,,,,,,,,,,,,,,,,,,,,,,,,,,,,,,,
,7.228387256482986e-07,7.228387256482986e-06,1.4456774512965973e-06,7.228387256482986e-08,20319,,,,,,,,,,,,,,,,,,,,,,,,,,,,,,,,,,,,,,,,,,,,
10,,,,,20319,,,,,0.5189386606216431,,0.010542728006839752,,1.8265089988708496,,5.276707497614552e-07,,,0.00527110043913126,2.355990409851074,,,,,,,,,,,,,,,,,,,,,,,,,,,,,
,7.162308591044181e-07,7.162308591044181e-06,1.4324617182088363e-06,7.16230859104418e-08,20339,,,,,,,,,,,,,,,,,,,,,,,,,,,,,,,,,,,,,,,,,,,,
,7.162308591044181e-07,7.162308591044181e-06,1.4324617182088363e-06,7.16230859104418e-08,20339,,,,,,,,,,,,,,,,,,,,,,,,,,,,,,,,,,,,,,,,,,,,
10,,,,,20339,,,,,0.9652866721153259,,0.028523411601781845,,3.963364839553833,,1.2122297903260915e-06,,,0.014261099509894848,4.957174777984619,,,,,,,,,,,,,,,,,,,,,,,,,,,,,
,7.096559046565037e-07,7.096559046565036e-06,1.4193118093130073e-06,7.096559046565035e-08,20359,,,,,,,,,,,,,,,,,,,,,,,,,,,,,,,,,,,,,,,,,,,,
,7.096559046565037e-07,7.096559046565036e-06,1.4193118093130073e-06,7.096559046565035e-08,20359,,,,,,,,,,,,,,,,,,,,,,,,,,,,,,,,,,,,,,,,,,,,
10,,,,,20359,,,,,0.40922245383262634,,0.00431047985330224,,1.8100336790084839,,0.0001667769975028932,,,0.002071851398795843,2.2235665321350098,,,,,,,,,,,,,,,,,,,,,,,,,,,,,
,7.031139122369621e-07,7.03113912236962e-06,1.4062278244739242e-06,7.03113912236962e-08,20379,,,,,,,,,,,,,,,,,,,,,,,,,,,,,,,,,,,,,,,,,,,,
,7.031139122369621e-07,7.03113912236962e-06,1.4062278244739242e-06,7.03113912236962e-08,20379,,,,,,,,,,,,,,,,,,,,,,,,,,,,,,,,,,,,,,,,,,,,
10,,,,,20379,,,,,0.41865071654319763,,0.03720971196889877,,1.7079970836639404,,1.9356500047251757e-07,,,0.018604759126901627,2.1638574600219727,,,,,,,,,,,,,,,,,,,,,,,,,,,,,
,6.966049315278797e-07,6.966049315278797e-06,1.3932098630557595e-06,6.966049315278797e-08,20399,,,,,,,,,,,,,,,,,,,,,,,,,,,,,,,,,,,,,,,,,,,,
,6.966049315278797e-07,6.966049315278797e-06,1.3932098630557595e-06,6.966049315278797e-08,20399,,,,,,,,,,,,,,,,,,,,,,,,,,,,,,,,,,,,,,,,,,,,
10,,,,,20399,,,,,0.7416952252388,,0.02215474843978882,,2.197284698486328,,1.7480315364082344e-06,,,0.011076499707996845,2.961134672164917,,,,,,,,,,,,,,,,,,,,,,,,,,,,,
,6.901290119606383e-07,6.901290119606384e-06,1.3802580239212767e-06,6.901290119606384e-08,20419,,,,,,,,,,,,,,,,,,,,,,,,,,,,,,,,,,,,,,,,,,,,
,6.901290119606383e-07,6.901290119606384e-06,1.3802580239212767e-06,6.901290119606384e-08,20419,,,,,,,,,,,,,,,,,,,,,,,,,,,,,,,,,,,,,,,,,,,,
10,,,,,20419,,,,,0.33349576592445374,,0.014049497433006763,,1.4617623090744019,,6.627785296586808e-06,,,0.0070214346051216125,1.80930757522583,,,,,,,,,,,,,,,,,,,,,,,,,,,,,
,6.836862027155407e-07,6.836862027155406e-06,1.3673724054310813e-06,6.836862027155406e-08,20439,,,,,,,,,,,,,,,,,,,,,,,,,,,,,,,,,,,,,,,,,,,,
,6.836862027155407e-07,6.836862027155406e-06,1.3673724054310813e-06,6.836862027155406e-08,20439,,,,,,,,,,,,,,,,,,,,,,,,,,,,,,,,,,,,,,,,,,,,
10,,,,,20439,,,,,0.5990227460861206,,0.042404159903526306,,2.1898293495178223,,0.0015780089888721704,,,0.020413076505064964,2.83125638961792,,,,,,,,,,,,,,,,,,,,,,,,,,,,,
,6.772765527214417e-07,6.772765527214417e-06,1.3545531054428834e-06,6.772765527214416e-08,20459,,,,,,,,,,,,,,,,,,,,,,,,,,,,,,,,,,,,,,,,,,,,
,6.772765527214417e-07,6.772765527214417e-06,1.3545531054428834e-06,6.772765527214416e-08,20459,,,,,,,,,,,,,,,,,,,,,,,,,,,,,,,,,,,,,,,,,,,,
10,,,,,20459,,,,,0.7329092025756836,,0.011468191631138325,,3.064549207687378,,2.2675935724691954e-06,,,0.005732961930334568,3.808926582336426,,,,,,,,,,,,,,,,,,,,,,,,,,,,,
,6.709001106553728e-07,6.7090011065537275e-06,1.3418002213107455e-06,6.709001106553727e-08,20479,,,,,,,,,,,,,,,,,,,,,,,,,,,,,,,,,,,,,,,,,,,,
,6.709001106553728e-07,6.7090011065537275e-06,1.3418002213107455e-06,6.709001106553727e-08,20479,,,,,,,,,,,,,,,,,,,,,,,,,,,,,,,,,,,,,,,,,,,,
10,,,,,20479,,,,,1.0359405279159546,,0.015109232626855373,,4.468245506286621,,3.6207396192367014e-08,,,0.007554598152637482,5.5192952156066895,,,,,,,,,,,,,,,,,,,,,,,,,,,,,
,6.645569249421739e-07,6.645569249421739e-06,1.3291138498843478e-06,6.645569249421738e-08,20499,,,,,,,,,,,,,,,,,,,,,,,,,,,,,,,,,,,,,,,,,,,,
,6.645569249421739e-07,6.645569249421739e-06,1.3291138498843478e-06,6.645569249421738e-08,20499,,,,,,,,,,,,,,,,,,,,,,,,,,,,,,,,,,,,,,,,,,,,
10,,,,,20499,,,,,0.7859905958175659,,0.008724862709641457,,2.977677583694458,,6.5713234107533935e-06,,,0.004359145648777485,3.772393226623535,,,,,,,,,,,,,,,,,,,,,,,,,,,,,
,6.582470437541217e-07,6.582470437541216e-06,1.3164940875082433e-06,6.582470437541216e-08,20519,,,,,,,,,,,,,,,,,,,,,,,,,,,,,,,,,,,,,,,,,,,,
,6.582470437541217e-07,6.582470437541216e-06,1.3164940875082433e-06,6.582470437541216e-08,20519,,,,,,,,,,,,,,,,,,,,,,,,,,,,,,,,,,,,,,,,,,,,
10,,,,,20519,,,,,0.7242408394813538,,0.014345110394060612,,3.294311761856079,,2.8864415071438998e-05,,,0.007158122956752777,4.03289794921875,,,,,,,,,,,,,,,,,,,,,,,,,,,,,
,6.519705150105713e-07,6.519705150105714e-06,1.3039410300211427e-06,6.519705150105712e-08,20539,,,,,,,,,,,,,,,,,,,,,,,,,,,,,,,,,,,,,,,,,,,,
,6.519705150105713e-07,6.519705150105714e-06,1.3039410300211427e-06,6.519705150105712e-08,20539,,,,,,,,,,,,,,,,,,,,,,,,,,,,,,,,,,,,,,,,,,,,
10,,,,,20539,,,,,0.5248993039131165,,0.02506016008555889,,2.0432686805725098,,2.7983443828816235e-07,,,0.012529940344393253,2.5932281017303467,,,,,,,,,,,,,,,,,,,,,,,,,,,,,
,6.457273863775869e-07,6.457273863775868e-06,1.2914547727551738e-06,6.457273863775868e-08,20559,,,,,,,,,,,,,,,,,,,,,,,,,,,,,,,,,,,,,,,,,,,,
,6.457273863775869e-07,6.457273863775868e-06,1.2914547727551738e-06,6.457273863775868e-08,20559,,,,,,,,,,,,,,,,,,,,,,,,,,,,,,,,,,,,,,,,,,,,
10,,,,,20559,,,,,0.2673003077507019,,0.021945182234048843,,0.8701521158218384,,7.260407386411316e-08,,,0.010972553864121437,1.1593976020812988,,,,,,,,,,,,,,,,,,,,,,,,,,,,,
,6.395177052675795e-07,6.3951770526757955e-06,1.279035410535159e-06,6.395177052675795e-08,20579,,,,,,,,,,,,,,,,,,,,,,,,,,,,,,,,,,,,,,,,,,,,
,6.395177052675795e-07,6.3951770526757955e-06,1.279035410535159e-06,6.395177052675795e-08,20579,,,,,,,,,,,,,,,,,,,,,,,,,,,,,,,,,,,,,,,,,,,,
10,,,,,20579,,,,,0.42563217878341675,,0.03427237644791603,,2.0164318084716797,,0.00021927300258539617,,,0.017026551067829132,2.4763364791870117,,,,,,,,,,,,,,,,,,,,,,,,,,,,,
,6.333415188389496e-07,6.333415188389495e-06,1.2666830376778992e-06,6.333415188389494e-08,20599,,,,,,,,,,,,,,,,,,,,,,,,,,,,,,,,,,,,,,,,,,,,
,6.333415188389496e-07,6.333415188389495e-06,1.2666830376778992e-06,6.333415188389494e-08,20599,,,,,,,,,,,,,,,,,,,,,,,,,,,,,,,,,,,,,,,,,,,,
10,,,,,20599,,,,,0.852338433265686,,0.015659157186746597,,3.046041488647461,,5.013229383621365e-06,,,0.007827072404325008,3.914039134979248,,,,,,,,,,,,,,,,,,,,,,,,,,,,,
,6.27198873995729e-07,6.27198873995729e-06,1.254397747991458e-06,6.271988739957289e-08,20619,,,,,,,,,,,,,,,,,,,,,,,,,,,,,,,,,,,,,,,,,,,,
,6.27198873995729e-07,6.27198873995729e-06,1.254397747991458e-06,6.271988739957289e-08,20619,,,,,,,,,,,,,,,,,,,,,,,,,,,,,,,,,,,,,,,,,,,,
10,,,,,20619,,,,,0.8457860946655273,,0.054304517805576324,,3.49369478225708,,2.4539065634598956e-05,,,0.027139989659190178,4.39378547668457,,,,,,,,,,,,,,,,,,,,,,,,,,,,,
,6.210898173872209e-07,6.210898173872209e-06,1.2421796347744418e-06,6.210898173872208e-08,20639,,,,,,,,,,,,,,,,,,,,,,,,,,,,,,,,,,,,,,,,,,,,
,6.210898173872209e-07,6.210898173872209e-06,1.2421796347744418e-06,6.210898173872208e-08,20639,,,,,,,,,,,,,,,,,,,,,,,,,,,,,,,,,,,,,,,,,,,,
10,,,,,20639,,,,,0.34001976251602173,,-0.0,,1.2463927268981934,,-0.0,,,-0.0,1.5864124298095703,,,,,,,,,,,,,,,,,,,,,,,,,,,,,
,6.150143954076501e-07,6.150143954076501e-06,1.2300287908153002e-06,6.1501439540765e-08,20659,,,,,,,,,,,,,,,,,,,,,,,,,,,,,,,,,,,,,,,,,,,,
,6.150143954076501e-07,6.150143954076501e-06,1.2300287908153002e-06,6.1501439540765e-08,20659,,,,,,,,,,,,,,,,,,,,,,,,,,,,,,,,,,,,,,,,,,,,
10,,,,,20659,,,,,0.9673434495925903,,0.052686773240566254,,2.975583791732788,,6.3463389210483e-08,,,0.02634335309267044,3.9956140518188477,,,,,,,,,,,,,,,,,,,,,,,,,,,,,
,6.089726541958095e-07,6.089726541958094e-06,1.217945308391619e-06,6.089726541958093e-08,20679,,,,,,,,,,,,,,,,,,,,,,,,,,,,,,,,,,,,,,,,,,,,
,6.089726541958095e-07,6.089726541958094e-06,1.217945308391619e-06,6.089726541958093e-08,20679,,,,,,,,,,,,,,,,,,,,,,,,,,,,,,,,,,,,,,,,,,,,
10,,,,,20679,,,,,0.9094928503036499,,0.11114425957202911,,2.4700212478637695,,0.0005326233804225922,,,0.05530581623315811,3.4906582832336426,,,,,,,,,,,,,,,,,,,,,,,,,,,,,
,6.029646396347047e-07,6.029646396347046e-06,1.2059292792694094e-06,6.029646396347046e-08,20699,,,,,,,,,,,,,,,,,,,,,,,,,,,,,,,,,,,,,,,,,,,,
,6.029646396347047e-07,6.029646396347046e-06,1.2059292792694094e-06,6.029646396347046e-08,20699,,,,,,,,,,,,,,,,,,,,,,,,,,,,,,,,,,,,,,,,,,,,
10,,,,,20699,,,,,0.4042910933494568,,0.045258618891239166,,1.3082702159881592,,6.710319667035947e-06,,,0.02262595295906067,1.7578198909759521,,,,,,,,,,,,,,,,,,,,,,,,,,,,,
,5.969903973512148e-07,5.969903973512148e-06,1.1939807947024295e-06,5.969903973512147e-08,20719,,,,,,,,,,,,,,,,,,,,,,,,,,,,,,,,,,,,,,,,,,,,
,5.969903973512148e-07,5.969903973512148e-06,1.1939807947024295e-06,5.969903973512147e-08,20719,,,,,,,,,,,,,,,,,,,,,,,,,,,,,,,,,,,,,,,,,,,,
10,,,,,20719,,,,,0.6754461526870728,,0.02080436237156391,,2.6613590717315674,,8.631906894152053e-06,,,0.010397865436971188,3.357609748840332,,,,,,,,,,,,,,,,,,,,,,,,,,,,,
,5.910499727157397e-07,5.9104997271573965e-06,1.1820999454314794e-06,5.9104997271573964e-08,20739,,,,,,,,,,,,,,,,,,,,,,,,,,,,,,,,,,,,,,,,,,,,
,5.910499727157397e-07,5.9104997271573965e-06,1.1820999454314794e-06,5.9104997271573964e-08,20739,,,,,,,,,,,,,,,,,,,,,,,,,,,,,,,,,,,,,,,,,,,,
10,,,,,20739,,,,,0.555158257484436,,0.02785419300198555,,2.2595553398132324,,1.9283737856312655e-05,,,0.013917454518377781,2.8425679206848145,,,,,,,,,,,,,,,,,,,,,,,,,,,,,
,5.851434108418535e-07,5.851434108418534e-06,1.170286821683707e-06,5.8514341084185344e-08,20759,,,,,,,,,,,,,,,,,,,,,,,,,,,,,,,,,,,,,,,,,,,,
,5.851434108418535e-07,5.851434108418534e-06,1.170286821683707e-06,5.8514341084185344e-08,20759,,,,,,,,,,,,,,,,,,,,,,,,,,,,,,,,,,,,,,,,,,,,
10,,,,,20759,,,,,0.663628339767456,,0.00735075306147337,,3.6008076667785645,,3.7878230614296626e-06,,,0.0036734826862812042,4.271786689758301,,,,,,,,,,,,,,,,,,,,,,,,,,,,,
,5.792707565859684e-07,5.792707565859683e-06,1.1585415131719368e-06,5.792707565859683e-08,20779,,,,,,,,,,,,,,,,,,,,,,,,,,,,,,,,,,,,,,,,,,,,
,5.792707565859684e-07,5.792707565859683e-06,1.1585415131719368e-06,5.792707565859683e-08,20779,,,,,,,,,,,,,,,,,,,,,,,,,,,,,,,,,,,,,,,,,,,,
10,,,,,20779,,,,,0.753360390663147,,0.014522289857268333,,3.415286064147949,,4.7331730456789955e-05,,,0.007237479090690613,4.183168888092041,,,,,,,,,,,,,,,,,,,,,,,,,,,,,
,5.734320545469918e-07,5.734320545469917e-06,1.1468641090939835e-06,5.7343205454699166e-08,20799,,,,,,,,,,,,,,,,,,,,,,,,,,,,,,,,,,,,,,,,,,,,
,5.734320545469918e-07,5.734320545469917e-06,1.1468641090939835e-06,5.7343205454699166e-08,20799,,,,,,,,,,,,,,,,,,,,,,,,,,,,,,,,,,,,,,,,,,,,
10,,,,,20799,,,,,0.9309160709381104,,0.03462035953998566,,4.108199119567871,,3.0623891689174343e-06,,,0.01730864867568016,5.073735237121582,,,,,,,,,,,,,,,,,,,,,,,,,,,,,
,5.676273490659823e-07,5.676273490659822e-06,1.1352546981319645e-06,5.676273490659822e-08,20819,,,,,,,,,,,,,,,,,,,,,,,,,,,,,,,,,,,,,,,,,,,,
,5.676273490659823e-07,5.676273490659822e-06,1.1352546981319645e-06,5.676273490659822e-08,20819,,,,,,,,,,,,,,,,,,,,,,,,,,,,,,,,,,,,,,,,,,,,
10,,,,,20819,,,,,0.6097396612167358,,0.021093063056468964,,2.2261853218078613,,0.0006099276943132281,,,0.010241568088531494,2.857017993927002,,,,,,,,,,,,,,,,,,,,,,,,,,,,,
,5.6185668422582e-07,5.618566842258199e-06,1.12371336845164e-06,5.618566842258199e-08,20839,,,,,,,,,,,,,,,,,,,,,,,,,,,,,,,,,,,,,,,,,,,,
,5.6185668422582e-07,5.618566842258199e-06,1.12371336845164e-06,5.618566842258199e-08,20839,,,,,,,,,,,,,,,,,,,,,,,,,,,,,,,,,,,,,,,,,,,,
10,,,,,20839,,,,,0.6806302070617676,,0.01044279895722866,,2.9694466590881348,,0.00016738414706196636,,,0.0051377080380916595,3.660519599914551,,,,,,,,,,,,,,,,,,,,,,,,,,,,,
,5.561201038508701e-07,5.561201038508701e-06,1.1122402077017403e-06,5.5612010385087004e-08,20859,,,,,,,,,,,,,,,,,,,,,,,,,,,,,,,,,,,,,,,,,,,,
,5.561201038508701e-07,5.561201038508701e-06,1.1122402077017403e-06,5.5612010385087004e-08,20859,,,,,,,,,,,,,,,,,,,,,,,,,,,,,,,,,,,,,,,,,,,,
10,,,,,20859,,,,,0.5593082904815674,,0.03802742436528206,,2.8237900733947754,,2.72233091891394e-06,,,0.01901235058903694,3.421125888824463,,,,,,,,,,,,,,,,,,,,,,,,,,,,,
,5.504176515066456e-07,5.504176515066456e-06,1.1008353030132912e-06,5.5041765150664555e-08,20879,,,,,,,,,,,,,,,,,,,,,,,,,,,,,,,,,,,,,,,,,,,,
,5.504176515066456e-07,5.504176515066456e-06,1.1008353030132912e-06,5.5041765150664555e-08,20879,,,,,,,,,,,,,,,,,,,,,,,,,,,,,,,,,,,,,,,,,,,,
10,,,,,20879,,,,,0.6534351110458374,,0.012819970026612282,,3.048953056335449,,1.462679574615322e-05,,,0.00640267226845026,3.715208053588867,,,,,,,,,,,,,,,,,,,,,,,,,,,,,
,5.447493704994824e-07,5.447493704994824e-06,1.0894987409989648e-06,5.4474937049948235e-08,20899,,,,,,,,,,,,,,,,,,,,,,,,,,,,,,,,,,,,,,,,,,,,
,5.447493704994824e-07,5.447493704994824e-06,1.0894987409989648e-06,5.4474937049948235e-08,20899,,,,,,,,,,,,,,,,,,,,,,,,,,,,,,,,,,,,,,,,,,,,
10,,,,,20899,,,,,0.4607093632221222,,0.002222449518740177,,2.0422229766845703,,7.886662274358969e-07,,,0.0011108304606750607,2.505154848098755,,,,,,,,,,,,,,,,,,,,,,,,,,,,,
,5.391153038762084e-07,5.391153038762084e-06,1.078230607752417e-06,5.3911530387620834e-08,20919,,,,,,,,,,,,,,,,,,,,,,,,,,,,,,,,,,,,,,,,,,,,
,5.391153038762084e-07,5.391153038762084e-06,1.078230607752417e-06,5.3911530387620834e-08,20919,,,,,,,,,,,,,,,,,,,,,,,,,,,,,,,,,,,,,,,,,,,,
10,,,,,20919,,,,,0.3082394599914551,,0.0401267409324646,,0.8460460305213928,,0.00028460740577429533,,,0.019921068102121353,1.1944122314453125,,,,,,,,,,,,,,,,,,,,,,,,,,,,,
,5.335154944238117e-07,5.335154944238117e-06,1.0670309888476234e-06,5.3351549442381167e-08,20939,,,,,,,,,,,,,,,,,,,,,,,,,,,,,,,,,,,,,,,,,,,,
,5.335154944238117e-07,5.335154944238117e-06,1.0670309888476234e-06,5.3351549442381167e-08,20939,,,,,,,,,,,,,,,,,,,,,,,,,,,,,,,,,,,,,,,,,,,,
10,,,,,20939,,,,,0.6846869587898254,,0.020333286374807358,,2.556324005126953,,3.85563708960035e-07,,,0.010166449472308159,3.2613441944122314,,,,,,,,,,,,,,,,,,,,,,,,,,,,,
,5.279499846691252e-07,5.279499846691252e-06,1.0558999693382504e-06,5.2794998466912516e-08,20959,,,,,,,,,,,,,,,,,,,,,,,,,,,,,,,,,,,,,,,,,,,,
,5.279499846691252e-07,5.279499846691252e-06,1.0558999693382504e-06,5.2794998466912516e-08,20959,,,,,,,,,,,,,,,,,,,,,,,,,,,,,,,,,,,,,,,,,,,,
10,,,,,20959,,,,,0.27997487783432007,,0.0057500749826431274,,1.201010823249817,,0.00012129959941376,,,0.0028143879026174545,1.4867358207702637,,,,,,,,,,,,,,,,,,,,,,,,,,,,,
,5.22418816878496e-07,5.22418816878496e-06,1.044837633756992e-06,5.22418816878496e-08,20979,,,,,,,,,,,,,,,,,,,,,,,,,,,,,,,,,,,,,,,,,,,,
,5.22418816878496e-07,5.22418816878496e-06,1.044837633756992e-06,5.22418816878496e-08,20979,,,,,,,,,,,,,,,,,,,,,,,,,,,,,,,,,,,,,,,,,,,,
10,,,,,20979,,,,,0.6484352946281433,,0.08141181617975235,,2.2263455390930176,,0.00014396195183508098,,,0.040633928030729294,2.9561927318573,,,,,,,,,,,,,,,,,,,,,,,,,,,,,
,5.169220330574654e-07,5.169220330574654e-06,1.0338440661149309e-06,5.1692203305746534e-08,20999,,,,,,,,,,,,,,,,,,,,,,,,,,,,,,,,,,,,,,,,,,,,
,5.169220330574654e-07,5.169220330574654e-06,1.0338440661149309e-06,5.1692203305746534e-08,20999,,,,,,,,,,,,,,,,,,,,,,,,,,,,,,,,,,,,,,,,,,,,
10,,,,,20999,,,,,0.3941202163696289,,0.00906375888735056,,1.520750641822815,,4.5834198658667447e-07,,,0.004531650338321924,1.9239345788955688,,,,,,,,,,,,,,,,,,,,,,,,,,,,,
,5.114596749504542e-07,5.114596749504542e-06,1.0229193499009084e-06,5.114596749504542e-08,21019,,,,,,,,,,,,,,,,,,,,,,,,,,,,,,,,,,,,,,,,,,,,
,5.114596749504542e-07,5.114596749504542e-06,1.0229193499009084e-06,5.114596749504542e-08,21019,,,,,,,,,,,,,,,,,,,,,,,,,,,,,,,,,,,,,,,,,,,,
10,,,,,21019,,,,,0.3662090301513672,,0.02168540470302105,,1.4787073135375977,,9.397538633493241e-06,,,0.010838002897799015,1.8666017055511475,,,,,,,,,,,,,,,,,,,,,,,,,,,,,
,5.060317840404413e-07,5.0603178404044125e-06,1.0120635680808825e-06,5.060317840404412e-08,21039,,,,,,,,,,,,,,,,,,,,,,,,,,,,,,,,,,,,,,,,,,,,
,5.060317840404413e-07,5.0603178404044125e-06,1.0120635680808825e-06,5.060317840404412e-08,21039,,,,,,,,,,,,,,,,,,,,,,,,,,,,,,,,,,,,,,,,,,,,
10,,,,,21039,,,,,0.4757987856864929,,0.05483052134513855,,1.8109931945800781,,9.138827590504661e-05,,,0.02736956626176834,2.3416225910186768,,,,,,,,,,,,,,,,,,,,,,,,,,,,,
,5.006384015486493e-07,5.006384015486492e-06,1.0012768030972985e-06,5.006384015486491e-08,21059,,,,,,,,,,,,,,,,,,,,,,,,,,,,,,,,,,,,,,,,,,,,
,5.006384015486493e-07,5.006384015486492e-06,1.0012768030972985e-06,5.006384015486491e-08,21059,,,,,,,,,,,,,,,,,,,,,,,,,,,,,,,,,,,,,,,,,,,,
10,,,,,21059,,,,,0.9160895943641663,,0.02385193295776844,,3.2414133548736572,,3.203692529041291e-07,,,0.011925806291401386,4.181354999542236,,,,,,,,,,,,,,,,,,,,,,,,,,,,,
,4.952795684342333e-07,4.952795684342333e-06,9.905591368684666e-07,4.952795684342333e-08,21079,,,,,,,,,,,,,,,,,,,,,,,,,,,,,,,,,,,,,,,,,,,,
,4.952795684342333e-07,4.952795684342333e-06,9.905591368684666e-07,4.952795684342333e-08,21079,,,,,,,,,,,,,,,,,,,,,,,,,,,,,,,,,,,,,,,,,,,,
10,,,,,21079,,,,,0.5092968344688416,,0.06640131771564484,,2.0591788291931152,,0.00028265369473956525,,,0.03305933251976967,2.6348769664764404,,,,,,,,,,,,,,,,,,,,,,,,,,,,,
,4.899553253939705e-07,4.8995532539397045e-06,9.79910650787941e-07,4.899553253939704e-08,21099,,,,,,,,,,,,,,,,,,,,,,,,,,,,,,,,,,,,,,,,,,,,
,4.899553253939705e-07,4.8995532539397045e-06,9.79910650787941e-07,4.899553253939704e-08,21099,,,,,,,,,,,,,,,,,,,,,,,,,,,,,,,,,,,,,,,,,,,,
10,,,,,21099,,,,,0.9657555818557739,,0.0017239953158423305,,3.212249279022217,,3.932128493033815e-06,,,0.000860031577758491,4.179728984832764,,,,,,,,,,,,,,,,,,,,,,,,,,,,,
,4.846657128619456e-07,4.8466571286194556e-06,9.693314257238912e-07,4.846657128619455e-08,21119,,,,,,,,,,,,,,,,,,,,,,,,,,,,,,,,,,,,,,,,,,,,
,4.846657128619456e-07,4.8466571286194556e-06,9.693314257238912e-07,4.846657128619455e-08,21119,,,,,,,,,,,,,,,,,,,,,,,,,,,,,,,,,,,,,,,,,,,,
10,,,,,21119,,,,,0.6569962501525879,,0.010563232935965061,,2.5562705993652344,,8.848657307680696e-05,,,0.005237373523414135,3.223829984664917,,,,,,,,,,,,,,,,,,,,,,,,,,,,,
,4.794107710092507e-07,4.794107710092507e-06,9.588215420185014e-07,4.794107710092506e-08,21139,,,,,,,,,,,,,,,,,,,,,,,,,,,,,,,,,,,,,,,,,,,,
,4.794107710092507e-07,4.794107710092507e-06,9.588215420185014e-07,4.794107710092506e-08,21139,,,,,,,,,,,,,,,,,,,,,,,,,,,,,,,,,,,,,,,,,,,,
10,,,,,21139,,,,,0.4856716990470886,,0.029939748346805573,,1.9787427186965942,,2.0102919506825856e-07,,,0.014969773590564728,2.494354248046875,,,,,,,,,,,,,,,,,,,,,,,,,,,,,
,4.741905397436781e-07,4.7419053974367804e-06,9.483810794873562e-07,4.7419053974367804e-08,21159,,,,,,,,,,,,,,,,,,,,,,,,,,,,,,,,,,,,,,,,,,,,
,4.741905397436781e-07,4.7419053974367804e-06,9.483810794873562e-07,4.7419053974367804e-08,21159,,,,,,,,,,,,,,,,,,,,,,,,,,,,,,,,,,,,,,,,,,,,
10,,,,,21159,,,,,0.447805792093277,,0.0025484394282102585,,1.5270112752914429,,0.00045968362246640027,,,0.0010443779174238443,1.977365493774414,,,,,,,,,,,,,,,,,,,,,,,,,,,,,
,4.6900505870941027e-07,4.690050587094103e-06,9.380101174188205e-07,4.690050587094102e-08,21179,,,,,,,,,,,,,,,,,,,,,,,,,,,,,,,,,,,,,,,,,,,,
,4.6900505870941027e-07,4.690050587094103e-06,9.380101174188205e-07,4.690050587094102e-08,21179,,,,,,,,,,,,,,,,,,,,,,,,,,,,,,,,,,,,,,,,,,,,
10,,,,,21179,,,,,0.5757881999015808,,0.02694249525666237,,1.9039995670318604,,1.3039733630648698e-06,,,0.013470595702528954,2.506730318069458,,,,,,,,,,,,,,,,,,,,,,,,,,,,,
,4.6385436728673137e-07,4.638543672867313e-06,9.277087345734627e-07,4.638543672867313e-08,21199,,,,,,,,,,,,,,,,,,,,,,,,,,,,,,,,,,,,,,,,,,,,
,4.6385436728673137e-07,4.638543672867313e-06,9.277087345734627e-07,4.638543672867313e-08,21199,,,,,,,,,,,,,,,,,,,,,,,,,,,,,,,,,,,,,,,,,,,,
10,,,,,21199,,,,,0.8406442403793335,,0.048420969396829605,,3.3338663578033447,,5.863028036401374e-06,,,0.024207552894949913,4.222931385040283,,,,,,,,,,,,,,,,,,,,,,,,,,,,,
,4.587385045917197e-07,4.587385045917197e-06,9.174770091834394e-07,4.5873850459171964e-08,21219,,,,,,,,,,,,,,,,,,,,,,,,,,,,,,,,,,,,,,,,,,,,
,4.587385045917197e-07,4.587385045917197e-06,9.174770091834394e-07,4.5873850459171964e-08,21219,,,,,,,,,,,,,,,,,,,,,,,,,,,,,,,,,,,,,,,,,,,,
10,,,,,21219,,,,,0.5775432586669922,,0.01879960112273693,,2.575716018676758,,0.00010350123920943588,,,0.009348049759864807,3.1720588207244873,,,,,,,,,,,,,,,,,,,,,,,,,,,,,
,4.536575094759506e-07,4.536575094759506e-06,9.073150189519012e-07,4.536575094759505e-08,21239,,,,,,,,,,,,,,,,,,,,,,,,,,,,,,,,,,,,,,,,,,,,
,4.536575094759506e-07,4.536575094759506e-06,9.073150189519012e-07,4.536575094759505e-08,21239,,,,,,,,,,,,,,,,,,,,,,,,,,,,,,,,,,,,,,,,,,,,
10,,,,,21239,,,,,0.7597271203994751,,0.03574617579579353,,3.4945263862609863,,4.042200089315884e-06,,,0.01787106692790985,4.289999485015869,,,,,,,,,,,,,,,,,,,,,,,,,,,,,
,4.486114205262043e-07,4.486114205262043e-06,8.972228410524086e-07,4.4861142052620426e-08,21259,,,,,,,,,,,,,,,,,,,,,,,,,,,,,,,,,,,,,,,,,,,,
,4.486114205262043e-07,4.486114205262043e-06,8.972228410524086e-07,4.4861142052620426e-08,21259,,,,,,,,,,,,,,,,,,,,,,,,,,,,,,,,,,,,,,,,,,,,
10,,,,,21259,,,,,0.46760836243629456,,0.02642657235264778,,2.027101516723633,,1.0050980563391931e-06,,,0.013212783262133598,2.521136522293091,,,,,,,,,,,,,,,,,,,,,,,,,,,,,
,4.436002760641743e-07,4.436002760641743e-06,8.872005521283486e-07,4.436002760641742e-08,21279,,,,,,,,,,,,,,,,,,,,,,,,,,,,,,,,,,,,,,,,,,,,
,4.436002760641743e-07,4.436002760641743e-06,8.872005521283486e-07,4.436002760641742e-08,21279,,,,,,,,,,,,,,,,,,,,,,,,,,,,,,,,,,,,,,,,,,,,
10,,,,,21279,,,,,0.6369113922119141,,0.0033915441017597914,,2.607133150100708,,2.8711425329674967e-05,,,0.0016814162954688072,3.247436046600342,,,,,,,,,,,,,,,,,,,,,,,,,,,,,
,4.386241141461696e-07,4.386241141461696e-06,8.772482282923392e-07,4.386241141461695e-08,21299,,,,,,,,,,,,,,,,,,,,,,,,,,,,,,,,,,,,,,,,,,,,
,4.386241141461696e-07,4.386241141461696e-06,8.772482282923392e-07,4.386241141461695e-08,21299,,,,,,,,,,,,,,,,,,,,,,,,,,,,,,,,,,,,,,,,,,,,
10,,,,,21299,,,,,0.5977979898452759,,0.005155821796506643,,2.3617255687713623,,1.2140828857809538e-06,,,0.002577303908765316,2.96467924118042,,,,,,,,,,,,,,,,,,,,,,,,,,,,,
,4.3368297256283337e-07,4.336829725628334e-06,8.673659451256667e-07,4.336829725628333e-08,21319,,,,,,,,,,,,,,,,,,,,,,,,,,,,,,,,,,,,,,,,,,,,
,4.3368297256283337e-07,4.336829725628334e-06,8.673659451256667e-07,4.336829725628333e-08,21319,,,,,,,,,,,,,,,,,,,,,,,,,,,,,,,,,,,,,,,,,,,,
10,,,,,21319,,,,,0.4249579906463623,,0.019617469981312752,,1.727669596672058,,4.572165835270425e-06,,,0.009806448593735695,2.1722450256347656,,,,,,,,,,,,,,,,,,,,,,,,,,,,,
,4.287768888388519e-07,4.287768888388519e-06,8.575537776777039e-07,4.287768888388519e-08,21339,,,,,,,,,,,,,,,,,,,,,,,,,,,,,,,,,,,,,,,,,,,,
,4.287768888388519e-07,4.287768888388519e-06,8.575537776777039e-07,4.287768888388519e-08,21339,,,,,,,,,,,,,,,,,,,,,,,,,,,,,,,,,,,,,,,,,,,,
10,,,,,21339,,,,,0.5565590858459473,,0.14662879705429077,,1.8663976192474365,,4.366950633993838e-06,,,0.07331221550703049,2.5695855617523193,,,,,,,,,,,,,,,,,,,,,,,,,,,,,
,4.239059002326694e-07,4.239059002326694e-06,8.478118004653388e-07,4.239059002326694e-08,21359,,,,,,,,,,,,,,,,,,,,,,,,,,,,,,,,,,,,,,,,,,,,
,4.239059002326694e-07,4.239059002326694e-06,8.478118004653388e-07,4.239059002326694e-08,21359,,,,,,,,,,,,,,,,,,,,,,,,,,,,,,,,,,,,,,,,,,,,
10,,,,,21359,,,,,0.7876357436180115,,0.04825126752257347,,2.4185009002685547,,2.3599150154041126e-05,,,0.024113833904266357,3.254387855529785,,,,,,,,,,,,,,,,,,,,,,,,,,,,,
,4.19070043736206e-07,4.19070043736206e-06,8.38140087472412e-07,4.1907004373620596e-08,21379,,,,,,,,,,,,,,,,,,,,,,,,,,,,,,,,,,,,,,,,,,,,
,4.19070043736206e-07,4.19070043736206e-06,8.38140087472412e-07,4.1907004373620596e-08,21379,,,,,,,,,,,,,,,,,,,,,,,,,,,,,,,,,,,,,,,,,,,,
10,,,,,21379,,,,,0.8990283608436584,,0.048041146248579025,,3.257704257965088,,7.4269796641601715e-06,,,0.024016859009861946,4.204773902893066,,,,,,,,,,,,,,,,,,,,,,,,,,,,,
,4.142693560745795e-07,4.142693560745795e-06,8.28538712149159e-07,4.142693560745795e-08,21399,,,,,,,,,,,,,,,,,,,,,,,,,,,,,,,,,,,,,,,,,,,,
,4.142693560745795e-07,4.142693560745795e-06,8.28538712149159e-07,4.142693560745795e-08,21399,,,,,,,,,,,,,,,,,,,,,,,,,,,,,,,,,,,,,,,,,,,,
10,,,,,21399,,,,,0.6102744936943054,,0.009775574319064617,,1.950823187828064,,0.00010469836706761271,,,0.00483543798327446,2.570873260498047,,,,,,,,,,,,,,,,,,,,,,,,,,,,,
,4.095038737058191e-07,4.09503873705819e-06,8.190077474116382e-07,4.0950387370581904e-08,21419,,,,,,,,,,,,,,,,,,,,,,,,,,,,,,,,,,,,,,,,,,,,
,4.095038737058191e-07,4.09503873705819e-06,8.190077474116382e-07,4.0950387370581904e-08,21419,,,,,,,,,,,,,,,,,,,,,,,,,,,,,,,,,,,,,,,,,,,,
10,,,,,21419,,,,,1.1517835855484009,,0.025865737348794937,,18.388214111328125,,9.281330335397797e-07,,,0.01293240487575531,19.56586265563965,,,,,,,,,,,,,,,,,,,,,,,,,,,,,
,4.047736328205975e-07,4.0477363282059746e-06,8.09547265641195e-07,4.047736328205975e-08,21439,,,,,,,,,,,,,,,,,,,,,,,,,,,,,,,,,,,,,,,,,,,,
,4.047736328205975e-07,4.0477363282059746e-06,8.09547265641195e-07,4.047736328205975e-08,21439,,,,,,,,,,,,,,,,,,,,,,,,,,,,,,,,,,,,,,,,,,,,
10,,,,,21439,,,,,1.5357584953308105,,0.03313479572534561,,5.490089416503906,,6.177681939334434e-07,,,0.016567088663578033,7.058982849121094,,,,,,,,,,,,,,,,,,,,,,,,,,,,,
,4.000786693419496e-07,4.000786693419495e-06,8.001573386838992e-07,4.0007866934194954e-08,21459,,,,,,,,,,,,,,,,,,,,,,,,,,,,,,,,,,,,,,,,,,,,
,4.000786693419496e-07,4.000786693419495e-06,8.001573386838992e-07,4.0007866934194954e-08,21459,,,,,,,,,,,,,,,,,,,,,,,,,,,,,,,,,,,,,,,,,,,,
10,,,,,21459,,,,,0.547806978225708,,0.015201162546873093,,1.7551651000976562,,1.340394106819076e-07,,,0.007600514218211174,2.318173408508301,,,,,,,,,,,,,,,,,,,,,,,,,,,,,
,3.954190189250023e-07,3.954190189250022e-06,7.908380378500046e-07,3.954190189250022e-08,21479,,,,,,,,,,,,,,,,,,,,,,,,,,,,,,,,,,,,,,,,,,,,
,3.954190189250023e-07,3.954190189250022e-06,7.908380378500046e-07,3.954190189250022e-08,21479,,,,,,,,,,,,,,,,,,,,,,,,,,,,,,,,,,,,,,,,,,,,
10,,,,,21479,,,,,0.6834777593612671,,0.008214755915105343,,5.265627861022949,,1.0205521903117187e-06,,,0.004106867592781782,5.957320690155029,,,,,,,,,,,,,,,,,,,,,,,,,,,,,
,3.907947169567023e-07,3.907947169567023e-06,7.815894339134046e-07,3.907947169567023e-08,21499,,,,,,,,,,,,,,,,,,,,,,,,,,,,,,,,,,,,,,,,,,,,
,3.907947169567023e-07,3.907947169567023e-06,7.815894339134046e-07,3.907947169567023e-08,21499,,,,,,,,,,,,,,,,,,,,,,,,,,,,,,,,,,,,,,,,,,,,
10,,,,,21499,,,,,0.4382183849811554,,0.06677358597517014,,1.7141532897949219,,4.9741393013391644e-05,,,0.033361922949552536,2.2191452980041504,,,,,,,,,,,,,,,,,,,,,,,,,,,,,
,3.8620579855555125e-07,3.862057985555512e-06,7.724115971111025e-07,3.862057985555512e-08,21519,,,,,,,,,,,,,,,,,,,,,,,,,,,,,,,,,,,,,,,,,,,,
,3.8620579855555125e-07,3.862057985555512e-06,7.724115971111025e-07,3.862057985555512e-08,21519,,,,,,,,,,,,,,,,,,,,,,,,,,,,,,,,,,,,,,,,,,,,
10,,,,,21519,,,,,0.8282508254051208,,0.025014091283082962,,4.0863542556762695,,2.932349525508471e-05,,,0.01249238383024931,4.939619064331055,,,,,,,,,,,,,,,,,,,,,,,,,,,,,
,3.8165229857133193e-07,3.816522985713319e-06,7.633045971426639e-07,3.816522985713319e-08,21539,,,,,,,,,,,,,,,,,,,,,,,,,,,,,,,,,,,,,,,,,,,,
,3.8165229857133193e-07,3.816522985713319e-06,7.633045971426639e-07,3.816522985713319e-08,21539,,,,,,,,,,,,,,,,,,,,,,,,,,,,,,,,,,,,,,,,,,,,
10,,,,,21539,,,,,0.8986345529556274,,0.01833205483853817,,4.6766462326049805,,6.250752630876377e-05,,,0.009134774096310139,5.5936126708984375,,,,,,,,,,,,,,,,,,,,,,,,,,,,,
,3.771342515848517e-07,3.7713425158485165e-06,7.542685031697034e-07,3.771342515848516e-08,21559,,,,,,,,,,,,,,,,,,,,,,,,,,,,,,,,,,,,,,,,,,,,
,3.771342515848517e-07,3.7713425158485165e-06,7.542685031697034e-07,3.771342515848516e-08,21559,,,,,,,,,,,,,,,,,,,,,,,,,,,,,,,,,,,,,,,,,,,,
10,,,,,21559,,,,,0.6804966330528259,,0.03460686653852463,,2.4256372451782227,,5.310574238137633e-07,,,0.017303166911005974,3.1407408714294434,,,,,,,,,,,,,,,,,,,,,,,,,,,,,
,3.726516919076735e-07,3.7265169190767347e-06,7.45303383815347e-07,3.7265169190767345e-08,21579,,,,,,,,,,,,,,,,,,,,,,,,,,,,,,,,,,,,,,,,,,,,
,3.726516919076735e-07,3.7265169190767347e-06,7.45303383815347e-07,3.7265169190767345e-08,21579,,,,,,,,,,,,,,,,,,,,,,,,,,,,,,,,,,,,,,,,,,,,
10,,,,,21579,,,,,0.9496267437934875,,0.006351930554956198,,3.9569971561431885,,8.987363253254443e-05,,,0.0031310284975916147,4.912975788116455,,,,,,,,,,,,,,,,,,,,,,,,,,,,,
,3.6820465358185856e-07,3.6820465358185853e-06,7.364093071637171e-07,3.682046535818585e-08,21599,,,,,,,,,,,,,,,,,,,,,,,,,,,,,,,,,,,,,,,,,,,,
,3.6820465358185856e-07,3.6820465358185853e-06,7.364093071637171e-07,3.682046535818585e-08,21599,,,,,,,,,,,,,,,,,,,,,,,,,,,,,,,,,,,,,,,,,,,,
10,,,,,21599,,,,,0.5145724415779114,,0.017191482707858086,,1.9893805980682373,,7.974750587891322e-06,,,0.008591754361987114,2.521144390106201,,,,,,,,,,,,,,,,,,,,,,,,,,,,,
,3.637931703797068e-07,3.637931703797068e-06,7.275863407594136e-07,3.6379317037970677e-08,21619,,,,,,,,,,,,,,,,,,,,,,,,,,,,,,,,,,,,,,,,,,,,
,3.637931703797068e-07,3.637931703797068e-06,7.275863407594136e-07,3.6379317037970677e-08,21619,,,,,,,,,,,,,,,,,,,,,,,,,,,,,,,,,,,,,,,,,,,,
10,,,,,21619,,,,,0.2883891463279724,,0.029474828392267227,,1.0856720209121704,,3.487219828457455e-06,,,0.014735669828951359,1.403536081314087,,,,,,,,,,,,,,,,,,,,,,,,,,,,,
,3.5941727580350216e-07,3.5941727580350213e-06,7.188345516070043e-07,3.594172758035021e-08,21639,,,,,,,,,,,,,,,,,,,,,,,,,,,,,,,,,,,,,,,,,,,,
,3.5941727580350216e-07,3.5941727580350213e-06,7.188345516070043e-07,3.594172758035021e-08,21639,,,,,,,,,,,,,,,,,,,,,,,,,,,,,,,,,,,,,,,,,,,,
10,,,,,21639,,,,,1.273525595664978,,0.02017231285572052,,4.101349830627441,,0.00014779443154111505,,,0.01001225970685482,5.395047664642334,,,,,,,,,,,,,,,,,,,,,,,,,,,,,
,3.550770030852535e-07,3.5507700308525347e-06,7.10154006170507e-07,3.5507700308525345e-08,21659,,,,,,,,,,,,,,,,,,,,,,,,,,,,,,,,,,,,,,,,,,,,
,3.550770030852535e-07,3.5507700308525347e-06,7.10154006170507e-07,3.5507700308525345e-08,21659,,,,,,,,,,,,,,,,,,,,,,,,,,,,,,,,,,,,,,,,,,,,
10,,,,,21659,,,,,0.4347372353076935,,0.019040031358599663,,1.7910022735595703,,4.876245293417014e-05,,,0.009495634585618973,2.244779586791992,,,,,,,,,,,,,,,,,,,,,,,,,,,,,
,3.5077238518644765e-07,3.5077238518644764e-06,7.015447703728953e-07,3.507723851864476e-08,21679,,,,,,,,,,,,,,,,,,,,,,,,,,,,,,,,,,,,,,,,,,,,
,3.5077238518644765e-07,3.5077238518644764e-06,7.015447703728953e-07,3.507723851864476e-08,21679,,,,,,,,,,,,,,,,,,,,,,,,,,,,,,,,,,,,,,,,,,,,
10,,,,,21679,,,,,0.2795078456401825,,0.029046423733234406,,1.0323494672775269,,1.282859557250049e-05,,,0.014516797848045826,1.3409037590026855,,,,,,,,,,,,,,,,,,,,,,,,,,,,,
,3.4650345479779764e-07,3.4650345479779765e-06,6.930069095955953e-07,3.465034547977976e-08,21699,,,,,,,,,,,,,,,,,,,,,,,,,,,,,,,,,,,,,,,,,,,,
,3.4650345479779764e-07,3.4650345479779765e-06,6.930069095955953e-07,3.465034547977976e-08,21699,,,,,,,,,,,,,,,,,,,,,,,,,,,,,,,,,,,,,,,,,,,,
10,,,,,21699,,,,,0.44972923398017883,,0.03779744356870651,,6.8717498779296875,,0.00917249545454979,,,0.01431247591972351,7.35927677154541,,,,,,,,,,,,,,,,,,,,,,,,,,,,,
,3.4227024433899004e-07,3.4227024433899e-06,6.845404886779801e-07,3.4227024433899e-08,21719,,,,,,,,,,,,,,,,,,,,,,,,,,,,,,,,,,,,,,,,,,,,
,3.4227024433899004e-07,3.4227024433899e-06,6.845404886779801e-07,3.4227024433899e-08,21719,,,,,,,,,,,,,,,,,,,,,,,,,,,,,,,,,,,,,,,,,,,,
10,,,,,21719,,,,,0.7194682955741882,,0.03140685707330704,,3.4270312786102295,,0.00012847415928263217,,,0.01563918963074684,4.177906513214111,,,,,,,,,,,,,,,,,,,,,,,,,,,,,
,3.380727859584454e-07,3.3807278595844536e-06,6.761455719168908e-07,3.3807278595844535e-08,21739,,,,,,,,,,,,,,,,,,,,,,,,,,,,,,,,,,,,,,,,,,,,
,3.380727859584454e-07,3.3807278595844536e-06,6.761455719168908e-07,3.3807278595844535e-08,21739,,,,,,,,,,,,,,,,,,,,,,,,,,,,,,,,,,,,,,,,,,,,
10,,,,,21739,,,,,1.066681146621704,,0.013698283582925797,,4.6947431564331055,,0.0002223733317805454,,,0.006737955380231142,5.77512264251709,,,,,,,,,,,,,,,,,,,,,,,,,,,,,
,3.3391111153307146e-07,3.339111115330715e-06,6.678222230661429e-07,3.3391111153307143e-08,21759,,,,,,,,,,,,,,,,,,,,,,,,,,,,,,,,,,,,,,,,,,,,
,3.3391111153307146e-07,3.339111115330715e-06,6.678222230661429e-07,3.3391111153307143e-08,21759,,,,,,,,,,,,,,,,,,,,,,,,,,,,,,,,,,,,,,,,,,,,
10,,,,,21759,,,,,0.5459920763969421,,0.022531025111675262,,1.7298866510391235,,2.3361733383353567e-06,,,0.011264343746006489,2.2984097003936768,,,,,,,,,,,,,,,,,,,,,,,,,,,,,
,3.297852526680165e-07,3.2978525266801647e-06,6.59570505336033e-07,3.2978525266801645e-08,21779,,,,,,,,,,,,,,,,,,,,,,,,,,,,,,,,,,,,,,,,,,,,
,3.297852526680165e-07,3.2978525266801647e-06,6.59570505336033e-07,3.2978525266801645e-08,21779,,,,,,,,,,,,,,,,,,,,,,,,,,,,,,,,,,,,,,,,,,,,
10,,,,,21779,,,,,0.5632571578025818,,0.02386811375617981,,2.4425430297851562,,7.073182928252209e-08,,,0.01193402148783207,3.0296683311462402,,,,,,,,,,,,,,,,,,,,,,,,,,,,,
,3.256952406964379e-07,3.2569524069643786e-06,6.513904813928758e-07,3.2569524069643784e-08,21799,,,,,,,,,,,,,,,,,,,,,,,,,,,,,,,,,,,,,,,,,,,,
,3.256952406964379e-07,3.2569524069643786e-06,6.513904813928758e-07,3.2569524069643784e-08,21799,,,,,,,,,,,,,,,,,,,,,,,,,,,,,,,,,,,,,,,,,,,,
10,,,,,21799,,,,,0.8418514728546143,,0.08643782883882523,,6.288276195526123,,4.83434723719256e-06,,,0.04321649670600891,7.216565132141113,,,,,,,,,,,,,,,,,,,,,,,,,,,,,
,3.2164110667925854e-07,3.216411066792585e-06,6.432822133585171e-07,3.216411066792585e-08,21819,,,,,,,,,,,,,,,,,,,,,,,,,,,,,,,,,,,,,,,,,,,,
,3.2164110667925854e-07,3.216411066792585e-06,6.432822133585171e-07,3.216411066792585e-08,21819,,,,,,,,,,,,,,,,,,,,,,,,,,,,,,,,,,,,,,,,,,,,
10,,,,,21819,,,,,0.16575071215629578,,0.036564216017723083,,0.9114099144935608,,1.3273401009428198e-06,,,0.018281444907188416,1.1137248277664185,,,,,,,,,,,,,,,,,,,,,,,,,,,,,
,3.176228814049297e-07,3.1762288140492964e-06,6.352457628098594e-07,3.1762288140492964e-08,21839,,,,,,,,,,,,,,,,,,,,,,,,,,,,,,,,,,,,,,,,,,,,
,3.176228814049297e-07,3.1762288140492964e-06,6.352457628098594e-07,3.1762288140492964e-08,21839,,,,,,,,,,,,,,,,,,,,,,,,,,,,,,,,,,,,,,,,,,,,
10,,,,,21839,,,,,0.752857506275177,,0.01627679541707039,,3.2501916885375977,,2.063969475329941e-07,,,0.008138294331729412,4.019326210021973,,,,,,,,,,,,,,,,,,,,,,,,,,,,,
,3.136405953892026e-07,3.1364059538920265e-06,6.272811907784052e-07,3.1364059538920264e-08,21859,,,,,,,,,,,,,,,,,,,,,,,,,,,,,,,,,,,,,,,,,,,,
,3.136405953892026e-07,3.1364059538920265e-06,6.272811907784052e-07,3.1364059538920264e-08,21859,,,,,,,,,,,,,,,,,,,,,,,,,,,,,,,,,,,,,,,,,,,,
10,,,,,21859,,,,,0.4208310544490814,,0.048367731273174286,,1.3337944746017456,,0.001219634898006916,,,0.023574048653244972,1.8029932975769043,,,,,,,,,,,,,,,,,,,,,,,,,,,,,
,3.096942788748916e-07,3.096942788748916e-06,6.193885577497832e-07,3.096942788748916e-08,21879,,,,,,,,,,,,,,,,,,,,,,,,,,,,,,,,,,,,,,,,,,,,
,3.096942788748916e-07,3.096942788748916e-06,6.193885577497832e-07,3.096942788748916e-08,21879,,,,,,,,,,,,,,,,,,,,,,,,,,,,,,,,,,,,,,,,,,,,
10,,,,,21879,,,,,0.3368515968322754,,0.026489242911338806,,1.3171038627624512,,4.161803644819884e-06,,,0.013242540881037712,1.6804447174072266,,,,,,,,,,,,,,,,,,,,,,,,,,,,,
,3.057839618316491e-07,3.057839618316491e-06,6.115679236632982e-07,3.0578396183164904e-08,21899,,,,,,,,,,,,,,,,,,,,,,,,,,,,,,,,,,,,,,,,,,,,
,3.057839618316491e-07,3.057839618316491e-06,6.115679236632982e-07,3.0578396183164904e-08,21899,,,,,,,,,,,,,,,,,,,,,,,,,,,,,,,,,,,,,,,,,,,,
10,,,,,21899,,,,,0.48014476895332336,,0.009601648896932602,,1.9607024192810059,,5.114912710268982e-06,,,0.004798267036676407,2.450448751449585,,,,,,,,,,,,,,,,,,,,,,,,,,,,,
,3.019096739557324e-07,3.0190967395573233e-06,6.038193479114648e-07,3.019096739557323e-08,21919,,,,,,,,,,,,,,,,,,,,,,,,,,,,,,,,,,,,,,,,,,,,
,3.019096739557324e-07,3.0190967395573233e-06,6.038193479114648e-07,3.019096739557323e-08,21919,,,,,,,,,,,,,,,,,,,,,,,,,,,,,,,,,,,,,,,,,,,,
10,,,,,21919,,,,,0.5939263701438904,,0.011198931373655796,,2.176957607269287,,0.0001440190098946914,,,0.0055274562910199165,2.782083034515381,,,,,,,,,,,,,,,,,,,,,,,,,,,,,
,2.9807144466978285e-07,2.9807144466978283e-06,5.961428893395657e-07,2.980714446697828e-08,21939,,,,,,,,,,,,,,,,,,,,,,,,,,,,,,,,,,,,,,,,,,,,
,2.9807144466978285e-07,2.9807144466978283e-06,5.961428893395657e-07,2.980714446697828e-08,21939,,,,,,,,,,,,,,,,,,,,,,,,,,,,,,,,,,,,,,,,,,,,
10,,,,,21939,,,,,0.5184334516525269,,0.06303994357585907,,2.041675090789795,,3.30281509377528e-05,,,0.03150345757603645,2.6231484413146973,,,,,,,,,,,,,,,,,,,,,,,,,,,,,
,2.942693031226017e-07,2.942693031226017e-06,5.885386062452034e-07,2.9426930312260165e-08,21959,,,,,,,,,,,,,,,,,,,,,,,,,,,,,,,,,,,,,,,,,,,,
,2.942693031226017e-07,2.942693031226017e-06,5.885386062452034e-07,2.9426930312260165e-08,21959,,,,,,,,,,,,,,,,,,,,,,,,,,,,,,,,,,,,,,,,,,,,
10,,,,,21959,,,,,0.5133749842643738,,0.012434892356395721,,2.3115110397338867,,7.453038051608019e-06,,,0.006213719956576824,2.8373210430145264,,,,,,,,,,,,,,,,,,,,,,,,,,,,,
,2.905032781889258e-07,2.905032781889258e-06,5.810065563778516e-07,2.9050327818892578e-08,21979,,,,,,,,,,,,,,,,,,,,,,,,,,,,,,,,,,,,,,,,,,,,
,2.905032781889258e-07,2.905032781889258e-06,5.810065563778516e-07,2.9050327818892578e-08,21979,,,,,,,,,,,,,,,,,,,,,,,,,,,,,,,,,,,,,,,,,,,,
10,,,,,21979,,,,,0.673937976360321,,0.07387498021125793,,1.990954041481018,,9.269597285310738e-06,,,0.03693285584449768,2.738767147064209,,,,,,,,,,,,,,,,,,,,,,,,,,,,,
,2.8677339846921047e-07,2.8677339846921044e-06,5.735467969384209e-07,2.867733984692104e-08,21999,,,,,,,,,,,,,,,,,,,,,,,,,,,,,,,,,,,,,,,,,,,,
,2.8677339846921047e-07,2.8677339846921044e-06,5.735467969384209e-07,2.867733984692104e-08,21999,,,,,,,,,,,,,,,,,,,,,,,,,,,,,,,,,,,,,,,,,,,,
10,,,,,21999,,,,,0.6517783403396606,,0.006193048786371946,,2.2387242317199707,,3.847333402973163e-07,,,0.003096332075074315,2.896695613861084,,,,,,,,,,,,,,,,,,,,,,,,,,,,,
10,,,,,21999,,,,,,,,,,,,,,,,,,,0.0,4800.0,22.725427627563477,21.646743774414062,46.77698516845703,0.14291666448116302,0.20749999582767487,0.2602083384990692,0.2293652892112732,0.065914086997509,0.1583423614501953,0.005108957644551992,5.0,4800.0,0.0,0.0,5.0,4800.0,686.0,996.0,1249.0,1.0,1.0,5.0,0.759434700012207,0.759434700012207
10,,,,,21999,13.051275253295898,20.818359375,1.0,0.6400010585784912,,0.02783943898975849,,2.511085271835327,,0.0004459480696823448,,3.178929090499878,0.013696743175387383,,,0.08326417952775955,3.0,7830.0,,,,,,,,,,,,,,,,,,,,,,,,,,
,2.8307969228941476e-07,2.830796922894147e-06,5.661593845788295e-07,2.8307969228941473e-08,22019,,,,,,,,,,,,,,,,,,,,,,,,,,,,,,,,,,,,,,,,,,,,
,2.8307969228941476e-07,2.830796922894147e-06,5.661593845788295e-07,2.8307969228941473e-08,22019,,,,,,,,,,,,,,,,,,,,,,,,,,,,,,,,,,,,,,,,,,,,
11,,,,,22019,,,,,0.7040273547172546,,0.011816045269370079,,3.1969492435455322,,4.660797685573925e-07,,,0.005907789338380098,3.912792682647705,,,,,,,,,,,,,,,,,,,,,,,,,,,,,
,2.7942218770078073e-07,2.794221877007807e-06,5.588443754015615e-07,2.7942218770078068e-08,22039,,,,,,,,,,,,,,,,,,,,,,,,,,,,,,,,,,,,,,,,,,,,
,2.7942218770078073e-07,2.794221877007807e-06,5.588443754015615e-07,2.7942218770078068e-08,22039,,,,,,,,,,,,,,,,,,,,,,,,,,,,,,,,,,,,,,,,,,,,
11,,,,,22039,,,,,0.6306867599487305,,0.03067890927195549,,1.9482604265213013,,1.5675223608013766e-07,,,0.015339376404881477,2.609626054763794,,,,,,,,,,,,,,,,,,,,,,,,,,,,,
,2.758009124796242e-07,2.7580091247962416e-06,5.516018249592484e-07,2.7580091247962416e-08,22059,,,,,,,,,,,,,,,,,,,,,,,,,,,,,,,,,,,,,,,,,,,,
,2.758009124796242e-07,2.7580091247962416e-06,5.516018249592484e-07,2.7580091247962416e-08,22059,,,,,,,,,,,,,,,,,,,,,,,,,,,,,,,,,,,,,,,,,,,,
11,,,,,22059,,,,,0.4576396346092224,,0.03628566116094589,,1.8543574810028076,,4.965628613717854e-05,,,0.018118003383278847,2.348282814025879,,,,,,,,,,,,,,,,,,,,,,,,,,,,,
,2.7221589412712463e-07,2.722158941271246e-06,5.444317882542493e-07,2.7221589412712458e-08,22079,,,,,,,,,,,,,,,,,,,,,,,,,,,,,,,,,,,,,,,,,,,,
,2.7221589412712463e-07,2.722158941271246e-06,5.444317882542493e-07,2.7221589412712458e-08,22079,,,,,,,,,,,,,,,,,,,,,,,,,,,,,,,,,,,,,,,,,,,,
11,,,,,22079,,,,,0.41388753056526184,,0.05193297937512398,,1.3815572261810303,,9.647008118918166e-05,,,0.025918256491422653,1.8473776578903198,,,,,,,,,,,,,,,,,,,,,,,,,,,,,
,2.686671598691124e-07,2.686671598691124e-06,5.373343197382248e-07,2.6866715986911237e-08,22099,,,,,,,,,,,,,,,,,,,,,,,,,,,,,,,,,,,,,,,,,,,,
,2.686671598691124e-07,2.686671598691124e-06,5.373343197382248e-07,2.6866715986911237e-08,22099,,,,,,,,,,,,,,,,,,,,,,,,,,,,,,,,,,,,,,,,,,,,
11,,,,,22099,,,,,1.0030320882797241,,0.003730586962774396,,3.0708670616149902,,1.1622862530202838e-06,,,0.001864712336100638,4.077629566192627,,,,,,,,,,,,,,,,,,,,,,,,,,,,,
,2.651547366558657e-07,2.6515473665586572e-06,5.303094733117314e-07,2.651547366558657e-08,22119,,,,,,,,,,,,,,,,,,,,,,,,,,,,,,,,,,,,,,,,,,,,
,2.651547366558657e-07,2.6515473665586572e-06,5.303094733117314e-07,2.651547366558657e-08,22119,,,,,,,,,,,,,,,,,,,,,,,,,,,,,,,,,,,,,,,,,,,,
11,,,,,22119,,,,,0.7139184474945068,,0.0206293947994709,,2.413126230239868,,4.4993357732892036e-05,,,0.01029220037162304,3.147674083709717,,,,,,,,,,,,,,,,,,,,,,,,,,,,,
,2.6167865116190466e-07,2.616786511619047e-06,5.233573023238093e-07,2.6167865116190464e-08,22139,,,,,,,,,,,,,,,,,,,,,,,,,,,,,,,,,,,,,,,,,,,,
,2.6167865116190466e-07,2.616786511619047e-06,5.233573023238093e-07,2.6167865116190464e-08,22139,,,,,,,,,,,,,,,,,,,,,,,,,,,,,,,,,,,,,,,,,,,,
11,,,,,22139,,,,,0.5163578987121582,,0.21280501782894135,,1.9899206161499023,,5.72156895941589e-05,,,0.10637389868497849,2.719083547592163,,,,,,,,,,,,,,,,,,,,,,,,,,,,,
,2.582389297857874e-07,2.5823892978578733e-06,5.164778595715748e-07,2.582389297857873e-08,22159,,,,,,,,,,,,,,,,,,,,,,,,,,,,,,,,,,,,,,,,,,,,
,2.582389297857874e-07,2.5823892978578733e-06,5.164778595715748e-07,2.582389297857873e-08,22159,,,,,,,,,,,,,,,,,,,,,,,,,,,,,,,,,,,,,,,,,,,,
11,,,,,22159,,,,,0.41947633028030396,,0.04786277562379837,,1.4140342473983765,,2.386540032262019e-08,,,0.02393137663602829,1.881373405456543,,,,,,,,,,,,,,,,,,,,,,,,,,,,,
,2.548355986499109e-07,2.548355986499109e-06,5.096711972998218e-07,2.5483559864991088e-08,22179,,,,,,,,,,,,,,,,,,,,,,,,,,,,,,,,,,,,,,,,,,,,
,2.548355986499109e-07,2.548355986499109e-06,5.096711972998218e-07,2.5483559864991088e-08,22179,,,,,,,,,,,,,,,,,,,,,,,,,,,,,,,,,,,,,,,,,,,,
11,,,,,22179,,,,,0.5303252339363098,,0.021577538922429085,,2.0423150062561035,,5.516930832527578e-05,,,0.010761184617877007,2.5942177772521973,,,,,,,,,,,,,,,,,,,,,,,,,,,,,
,2.514686836003147e-07,2.5146868360031467e-06,5.029373672006294e-07,2.5146868360031464e-08,22199,,,,,,,,,,,,,,,,,,,,,,,,,,,,,,,,,,,,,,,,,,,,
,2.514686836003147e-07,2.5146868360031467e-06,5.029373672006294e-07,2.5146868360031464e-08,22199,,,,,,,,,,,,,,,,,,,,,,,,,,,,,,,,,,,,,,,,,,,,
11,,,,,22199,,,,,0.3911464214324951,,0.025712639093399048,,1.4224364757537842,,3.839890183598982e-08,,,0.012856300920248032,1.839295506477356,,,,,,,,,,,,,,,,,,,,,,,,,,,,,
,2.481382102064792e-07,2.4813821020647923e-06,4.962764204129585e-07,2.481382102064792e-08,22219,,,,,,,,,,,,,,,,,,,,,,,,,,,,,,,,,,,,,,,,,,,,
,2.481382102064792e-07,2.4813821020647923e-06,4.962764204129585e-07,2.481382102064792e-08,22219,,,,,,,,,,,,,,,,,,,,,,,,,,,,,,,,,,,,,,,,,,,,
11,,,,,22219,,,,,0.6039826273918152,,0.026352692395448685,,2.4772629737854004,,0.0003065864148084074,,,0.013023052364587784,3.107598304748535,,,,,,,,,,,,,,,,,,,,,,,,,,,,,
,2.448442037611361e-07,2.4484420376113605e-06,4.896884075222722e-07,2.4484420376113606e-08,22239,,,,,,,,,,,,,,,,,,,,,,,,,,,,,,,,,,,,,,,,,,,,
,2.448442037611361e-07,2.4484420376113605e-06,4.896884075222722e-07,2.4484420376113606e-08,22239,,,,,,,,,,,,,,,,,,,,,,,,,,,,,,,,,,,,,,,,,,,,
11,,,,,22239,,,,,0.6336154937744141,,0.021074511110782623,,2.6323962211608887,,9.36085962166544e-06,,,0.010532574728131294,3.287086248397827,,,,,,,,,,,,,,,,,,,,,,,,,,,,,
,2.4158668928007556e-07,2.4158668928007555e-06,4.831733785601511e-07,2.415866892800755e-08,22259,,,,,,,,,,,,,,,,,,,,,,,,,,,,,,,,,,,,,,,,,,,,
,2.4158668928007556e-07,2.4158668928007555e-06,4.831733785601511e-07,2.415866892800755e-08,22259,,,,,,,,,,,,,,,,,,,,,,,,,,,,,,,,,,,,,,,,,,,,
11,,,,,22259,,,,,0.47521427273750305,,0.009710418060421944,,1.5640509128570557,,2.5031895347638056e-06,,,0.004853957332670689,2.048975706100464,,,,,,,,,,,,,,,,,,,,,,,,,,,,,
,2.3836569150195394e-07,2.3836569150195396e-06,4.767313830039079e-07,2.383656915019539e-08,22279,,,,,,,,,,,,,,,,,,,,,,,,,,,,,,,,,,,,,,,,,,,,
,2.3836569150195394e-07,2.3836569150195396e-06,4.767313830039079e-07,2.383656915019539e-08,22279,,,,,,,,,,,,,,,,,,,,,,,,,,,,,,,,,,,,,,,,,,,,
11,,,,,22279,,,,,0.516607403755188,,0.04912088066339493,,1.3040573596954346,,2.8509989533631597e-06,,,0.024559013545513153,1.8697856664657593,,,,,,,,,,,,,,,,,,,,,,,,,,,,,
,2.3518123488810853e-07,2.3518123488810853e-06,4.7036246977621707e-07,2.351812348881085e-08,22299,,,,,,,,,,,,,,,,,,,,,,,,,,,,,,,,,,,,,,,,,,,,
,2.3518123488810853e-07,2.3518123488810853e-06,4.7036246977621707e-07,2.351812348881085e-08,22299,,,,,,,,,,,,,,,,,,,,,,,,,,,,,,,,,,,,,,,,,,,,
11,,,,,22299,,,,,0.6258761286735535,,0.007600789424031973,,2.7306506633758545,,3.310223291919101e-06,,,0.003798739518970251,3.3641276359558105,,,,,,,,,,,,,,,,,,,,,,,,,,,,,
,2.320333436223716e-07,2.3203334362237156e-06,4.640666872447432e-07,2.3203334362237154e-08,22319,,,,,,,,,,,,,,,,,,,,,,,,,,,,,,,,,,,,,,,,,,,,
,2.320333436223716e-07,2.3203334362237156e-06,4.640666872447432e-07,2.3203334362237154e-08,22319,,,,,,,,,,,,,,,,,,,,,,,,,,,,,,,,,,,,,,,,,,,,
11,,,,,22319,,,,,0.6207888722419739,,0.01859886385500431,,2.5732951164245605,,1.4008598554937635e-05,,,0.009292427450418472,3.2126827239990234,,,,,,,,,,,,,,,,,,,,,,,,,,,,,
,2.2892204161088364e-07,2.289220416108836e-06,4.5784408322176727e-07,2.2892204161088358e-08,22339,,,,,,,,,,,,,,,,,,,,,,,,,,,,,,,,,,,,,,,,,,,,
,2.2892204161088364e-07,2.289220416108836e-06,4.5784408322176727e-07,2.2892204161088358e-08,22339,,,,,,,,,,,,,,,,,,,,,,,,,,,,,,,,,,,,,,,,,,,,
11,,,,,22339,,,,,0.48436760902404785,,0.019189702346920967,,2.8986053466796875,,2.197549292759504e-06,,,0.009593752212822437,3.402162551879883,,,,,,,,,,,,,,,,,,,,,,,,,,,,,
,2.2584735248191588e-07,2.258473524819159e-06,4.5169470496383176e-07,2.2584735248191587e-08,22359,,,,,,,,,,,,,,,,,,,,,,,,,,,,,,,,,,,,,,,,,,,,
,2.2584735248191588e-07,2.258473524819159e-06,4.5169470496383176e-07,2.2584735248191587e-08,22359,,,,,,,,,,,,,,,,,,,,,,,,,,,,,,,,,,,,,,,,,,,,
11,,,,,22359,,,,,1.2775886058807373,,0.031272709369659424,,4.471440315246582,,4.401639444040484e-07,,,0.015636134892702103,5.780302047729492,,,,,,,,,,,,,,,,,,,,,,,,,,,,,
,2.2280929958568842e-07,2.228092995856884e-06,4.4561859917137683e-07,2.228092995856884e-08,22379,,,,,,,,,,,,,,,,,,,,,,,,,,,,,,,,,,,,,,,,,,,,
,2.2280929958568842e-07,2.228092995856884e-06,4.4561859917137683e-07,2.228092995856884e-08,22379,,,,,,,,,,,,,,,,,,,,,,,,,,,,,,,,,,,,,,,,,,,,
11,,,,,22379,,,,,1.0294643640518188,,0.006729403045028448,,4.922763347625732,,2.33612377087411e-06,,,0.0033635334111750126,5.958957195281982,,,,,,,,,,,,,,,,,,,,,,,,,,,,,
,2.198079059941937e-07,2.1980790599419368e-06,4.396158119883874e-07,2.198079059941937e-08,22399,,,,,,,,,,,,,,,,,,,,,,,,,,,,,,,,,,,,,,,,,,,,
,2.198079059941937e-07,2.1980790599419368e-06,4.396158119883874e-07,2.198079059941937e-08,22399,,,,,,,,,,,,,,,,,,,,,,,,,,,,,,,,,,,,,,,,,,,,
11,,,,,22399,,,,,0.9038593173027039,,0.026539277285337448,,4.015549659729004,,6.719739030813798e-05,,,0.013236040249466896,4.945948123931885,,,,,,,,,,,,,,,,,,,,,,,,,,,,,
,2.1684319450102128e-07,2.1684319450102127e-06,4.3368638900204256e-07,2.1684319450102125e-08,22419,,,,,,,,,,,,,,,,,,,,,,,,,,,,,,,,,,,,,,,,,,,,
,2.1684319450102128e-07,2.1684319450102127e-06,4.3368638900204256e-07,2.1684319450102125e-08,22419,,,,,,,,,,,,,,,,,,,,,,,,,,,,,,,,,,,,,,,,,,,,
11,,,,,22419,,,,,0.2893912196159363,,0.021801181137561798,,1.6558644771575928,,0.008588091470301151,,,0.006606545299291611,1.9670569896697998,,,,,,,,,,,,,,,,,,,,,,,,,,,,,
,2.139151876211836e-07,2.1391518762118363e-06,4.278303752423672e-07,2.139151876211836e-08,22439,,,,,,,,,,,,,,,,,,,,,,,,,,,,,,,,,,,,,,,,,,,,
,2.139151876211836e-07,2.1391518762118363e-06,4.278303752423672e-07,2.139151876211836e-08,22439,,,,,,,,,,,,,,,,,,,,,,,,,,,,,,,,,,,,,,,,,,,,
11,,,,,22439,,,,,0.9005983471870422,,0.031991902738809586,,3.4872164726257324,,0.0028003319166600704,,,0.014595785178244114,4.419806957244873,,,,,,,,,,,,,,,,,,,,,,,,,,,,,
,2.110239075909474e-07,2.110239075909474e-06,4.220478151818948e-07,2.1102390759094736e-08,22459,,,,,,,,,,,,,,,,,,,,,,,,,,,,,,,,,,,,,,,,,,,,
,2.110239075909474e-07,2.110239075909474e-06,4.220478151818948e-07,2.1102390759094736e-08,22459,,,,,,,,,,,,,,,,,,,,,,,,,,,,,,,,,,,,,,,,,,,,
11,,,,,22459,,,,,0.5730280876159668,,0.058308474719524384,,1.786759376525879,,8.609967153461184e-06,,,0.02914993278682232,2.4180960655212402,,,,,,,,,,,,,,,,,,,,,,,,,,,,,
,2.0816937636766183e-07,2.0816937636766182e-06,4.1633875273532366e-07,2.081693763676618e-08,22479,,,,,,,,,,,,,,,,,,,,,,,,,,,,,,,,,,,,,,,,,,,,
,2.0816937636766183e-07,2.0816937636766182e-06,4.1633875273532366e-07,2.081693763676618e-08,22479,,,,,,,,,,,,,,,,,,,,,,,,,,,,,,,,,,,,,,,,,,,,
11,,,,,22479,,,,,0.7179743647575378,,0.012174111790955067,,2.7559924125671387,,1.1845960301570813e-07,,,0.006086996290832758,3.4861409664154053,,,,,,,,,,,,,,,,,,,,,,,,,,,,,
,2.0535161562959533e-07,2.0535161562959534e-06,4.1070323125919066e-07,2.053516156295953e-08,22499,,,,,,,,,,,,,,,,,,,,,,,,,,,,,,,,,,,,,,,,,,,,
,2.0535161562959533e-07,2.0535161562959534e-06,4.1070323125919066e-07,2.053516156295953e-08,22499,,,,,,,,,,,,,,,,,,,,,,,,,,,,,,,,,,,,,,,,,,,,
11,,,,,22499,,,,,0.32302796840667725,,0.046228617429733276,,1.2532117366790771,,2.3467653591069393e-05,,,0.023102574050426483,1.62246835231781,,,,,,,,,,,,,,,,,,,,,,,,,,,,,
,2.0257064677576688e-07,2.0257064677576686e-06,4.0514129355153377e-07,2.0257064677576685e-08,22519,,,,,,,,,,,,,,,,,,,,,,,,,,,,,,,,,,,,,,,,,,,,
,2.0257064677576688e-07,2.0257064677576686e-06,4.0514129355153377e-07,2.0257064677576685e-08,22519,,,,,,,,,,,,,,,,,,,,,,,,,,,,,,,,,,,,,,,,,,,,
11,,,,,22519,,,,,0.8472136855125427,,0.06333525478839874,,3.158477544784546,,4.9840200517792255e-06,,,0.0316651314496994,4.069026470184326,,,,,,,,,,,,,,,,,,,,,,,,,,,,,
,1.9982649092578645e-07,1.9982649092578644e-06,3.996529818515729e-07,1.9982649092578645e-08,22539,,,,,,,,,,,,,,,,,,,,,,,,,,,,,,,,,,,,,,,,,,,,
,1.9982649092578645e-07,1.9982649092578644e-06,3.996529818515729e-07,1.9982649092578645e-08,22539,,,,,,,,,,,,,,,,,,,,,,,,,,,,,,,,,,,,,,,,,,,,
11,,,,,22539,,,,,0.5814747214317322,,0.007725856266915798,,3.934558391571045,,1.0260763701808173e-05,,,0.003857797710224986,4.523758888244629,,,,,,,,,,,,,,,,,,,,,,,,,,,,,
,1.9711916891969372e-07,1.971191689196937e-06,3.9423833783938743e-07,1.971191689196937e-08,22559,,,,,,,,,,,,,,,,,,,,,,,,,,,,,,,,,,,,,,,,,,,,
,1.9711916891969372e-07,1.971191689196937e-06,3.9423833783938743e-07,1.971191689196937e-08,22559,,,,,,,,,,,,,,,,,,,,,,,,,,,,,,,,,,,,,,,,,,,,
11,,,,,22559,,,,,0.7899563312530518,,0.012694865465164185,,4.0550103187561035,,0.00011783738591475412,,,0.006288513541221619,4.857661247253418,,,,,,,,,,,,,,,,,,,,,,,,,,,,,
,1.944487013178e-07,1.944487013178e-06,3.888974026356e-07,1.9444870131779998e-08,22579,,,,,,,,,,,,,,,,,,,,,,,,,,,,,,,,,,,,,,,,,,,,
,1.944487013178e-07,1.944487013178e-06,3.888974026356e-07,1.9444870131779998e-08,22579,,,,,,,,,,,,,,,,,,,,,,,,,,,,,,,,,,,,,,,,,,,,
11,,,,,22579,,,,,0.4955822825431824,,0.018753938376903534,,2.428053617477417,,7.138615387702885e-07,,,0.009376611560583115,2.942389965057373,,,,,,,,,,,,,,,,,,,,,,,,,,,,,
,1.9181510840053152e-07,1.9181510840053153e-06,3.8363021680106303e-07,1.918151084005315e-08,22599,,,,,,,,,,,,,,,,,,,,,,,,,,,,,,,,,,,,,,,,,,,,
,1.9181510840053152e-07,1.9181510840053153e-06,3.8363021680106303e-07,1.918151084005315e-08,22599,,,,,,,,,,,,,,,,,,,,,,,,,,,,,,,,,,,,,,,,,,,,
11,,,,,22599,,,,,0.23597468435764313,,0.03378436714410782,,0.8576332330703735,,1.9197656797587115e-07,,,0.01689208671450615,1.127392292022705,,,,,,,,,,,,,,,,,,,,,,,,,,,,,
,1.892184101682762e-07,1.8921841016827618e-06,3.784368203365524e-07,1.8921841016827618e-08,22619,,,,,,,,,,,,,,,,,,,,,,,,,,,,,,,,,,,,,,,,,,,,
,1.892184101682762e-07,1.8921841016827618e-06,3.784368203365524e-07,1.8921841016827618e-08,22619,,,,,,,,,,,,,,,,,,,,,,,,,,,,,,,,,,,,,,,,,,,,
11,,,,,22619,,,,,0.9441069960594177,,0.01918547973036766,,3.0427629947662354,,0.00022380966402124614,,,0.009480834007263184,4.0060553550720215,,,,,,,,,,,,,,,,,,,,,,,,,,,,,
,1.866586263412301e-07,1.866586263412301e-06,3.733172526824602e-07,1.866586263412301e-08,22639,,,,,,,,,,,,,,,,,,,,,,,,,,,,,,,,,,,,,,,,,,,,
,1.866586263412301e-07,1.866586263412301e-06,3.733172526824602e-07,1.866586263412301e-08,22639,,,,,,,,,,,,,,,,,,,,,,,,,,,,,,,,,,,,,,,,,,,,
11,,,,,22639,,,,,0.5688945651054382,,0.035463593900203705,,1.4548218250274658,,3.357004970894195e-06,,,0.017730118706822395,2.0591800212860107,,,,,,,,,,,,,,,,,,,,,,,,,,,,,
,1.8413577635925093e-07,1.8413577635925091e-06,3.6827155271850186e-07,1.841357763592509e-08,22659,,,,,,,,,,,,,,,,,,,,,,,,,,,,,,,,,,,,,,,,,,,,
,1.8413577635925093e-07,1.8413577635925091e-06,3.6827155271850186e-07,1.841357763592509e-08,22659,,,,,,,,,,,,,,,,,,,,,,,,,,,,,,,,,,,,,,,,,,,,
11,,,,,22659,,,,,0.8299708962440491,,0.023286910727620125,,2.9041872024536133,,2.2846383217256516e-05,,,0.011632032692432404,3.7574448585510254,,,,,,,,,,,,,,,,,,,,,,,,,,,,,
,1.816498793817073e-07,1.816498793817073e-06,3.632997587634146e-07,1.8164987938170728e-08,22679,,,,,,,,,,,,,,,,,,,,,,,,,,,,,,,,,,,,,,,,,,,,
,1.816498793817073e-07,1.816498793817073e-06,3.632997587634146e-07,1.8164987938170728e-08,22679,,,,,,,,,,,,,,,,,,,,,,,,,,,,,,,,,,,,,,,,,,,,
11,,,,,22679,,,,,0.8234888315200806,,0.028845857828855515,,2.7906150817871094,,0.000549683696590364,,,0.014148086309432983,3.6429495811462402,,,,,,,,,,,,,,,,,,,,,,,,,,,,,
,1.7920095428733428e-07,1.792009542873343e-06,3.5840190857466857e-07,1.7920095428733427e-08,22699,,,,,,,,,,,,,,,,,,,,,,,,,,,,,,,,,,,,,,,,,,,,
,1.7920095428733428e-07,1.792009542873343e-06,3.5840190857466857e-07,1.7920095428733427e-08,22699,,,,,,,,,,,,,,,,,,,,,,,,,,,,,,,,,,,,,,,,,,,,
11,,,,,22699,,,,,0.32597050070762634,,0.015942055732011795,,1.573555827140808,,7.167814146669116e-06,,,0.007967444136738777,1.915468454360962,,,,,,,,,,,,,,,,,,,,,,,,,,,,,
,1.7678901967408944e-07,1.7678901967408943e-06,3.535780393481789e-07,1.767890196740894e-08,22719,,,,,,,,,,,,,,,,,,,,,,,,,,,,,,,,,,,,,,,,,,,,
,1.7678901967408944e-07,1.7678901967408943e-06,3.535780393481789e-07,1.767890196740894e-08,22719,,,,,,,,,,,,,,,,,,,,,,,,,,,,,,,,,,,,,,,,,,,,
11,,,,,22719,,,,,1.1624785661697388,,0.11301203072071075,,4.26154088973999,,2.3354621589533053e-05,,,0.0564943365752697,5.537031173706055,,,,,,,,,,,,,,,,,,,,,,,,,,,,,
,1.744140938590142e-07,1.744140938590142e-06,3.488281877180284e-07,1.744140938590142e-08,22739,,,,,,,,,,,,,,,,,,,,,,,,,,,,,,,,,,,,,,,,,,,,
,1.744140938590142e-07,1.744140938590142e-06,3.488281877180284e-07,1.744140938590142e-08,22739,,,,,,,,,,,,,,,,,,,,,,,,,,,,,,,,,,,,,,,,,,,,
11,,,,,22739,,,,,0.6314441561698914,,0.03791147470474243,,2.4066410064697266,,1.1560718121472746e-05,,,0.018949957564473152,3.0759966373443604,,,,,,,,,,,,,,,,,,,,,,,,,,,,,
,1.720761948780901e-07,1.720761948780901e-06,3.441523897561802e-07,1.720761948780901e-08,22759,,,,,,,,,,,,,,,,,,,,,,,,,,,,,,,,,,,,,,,,,,,,
,1.720761948780901e-07,1.720761948780901e-06,3.441523897561802e-07,1.720761948780901e-08,22759,,,,,,,,,,,,,,,,,,,,,,,,,,,,,,,,,,,,,,,,,,,,
11,,,,,22759,,,,,0.6443178653717041,,0.010621154680848122,,1.9039334058761597,,8.607345080235973e-05,,,0.0052675409242510796,2.5588724613189697,,,,,,,,,,,,,,,,,,,,,,,,,,,,,
,1.6977534048610717e-07,1.6977534048610715e-06,3.3955068097221433e-07,1.6977534048610713e-08,22779,,,,,,,,,,,,,,,,,,,,,,,,,,,,,,,,,,,,,,,,,,,,
,1.6977534048610717e-07,1.6977534048610715e-06,3.3955068097221433e-07,1.6977534048610713e-08,22779,,,,,,,,,,,,,,,,,,,,,,,,,,,,,,,,,,,,,,,,,,,,
11,,,,,22779,,,,,0.49279794096946716,,0.02383274957537651,,1.9482338428497314,,5.624785330837767e-07,,,0.011916092596948147,2.464864492416382,,,,,,,,,,,,,,,,,,,,,,,,,,,,,
,1.6751154815652454e-07,1.6751154815652454e-06,3.350230963130491e-07,1.6751154815652453e-08,22799,,,,,,,,,,,,,,,,,,,,,,,,,,,,,,,,,,,,,,,,,,,,
,1.6751154815652454e-07,1.6751154815652454e-06,3.350230963130491e-07,1.6751154815652453e-08,22799,,,,,,,,,,,,,,,,,,,,,,,,,,,,,,,,,,,,,,,,,,,,
11,,,,,22799,,,,,0.4023652970790863,,0.07170524448156357,,1.2580878734588623,,0.008395724929869175,,,0.031654760241508484,1.7321584224700928,,,,,,,,,,,,,,,,,,,,,,,,,,,,,
,1.6528483508134012e-07,1.6528483508134012e-06,3.3056967016268024e-07,1.652848350813401e-08,22819,,,,,,,,,,,,,,,,,,,,,,,,,,,,,,,,,,,,,,,,,,,,
,1.6528483508134012e-07,1.6528483508134012e-06,3.3056967016268024e-07,1.652848350813401e-08,22819,,,,,,,,,,,,,,,,,,,,,,,,,,,,,,,,,,,,,,,,,,,,
11,,,,,22819,,,,,0.8136999607086182,,0.021653104573488235,,3.398376941680908,,1.8799306644723401e-06,,,0.010825611650943756,4.233730316162109,,,,,,,,,,,,,,,,,,,,,,,,,,,,,
,1.630952181709599e-07,1.6309521817095989e-06,3.261904363419198e-07,1.630952181709599e-08,22839,,,,,,,,,,,,,,,,,,,,,,,,,,,,,,,,,,,,,,,,,,,,
,1.630952181709599e-07,1.6309521817095989e-06,3.261904363419198e-07,1.630952181709599e-08,22839,,,,,,,,,,,,,,,,,,,,,,,,,,,,,,,,,,,,,,,,,,,,
11,,,,,22839,,,,,1.094516396522522,,0.019196445122361183,,3.692131280899048,,2.759582230282831e-06,,,0.009596842341125011,4.805844306945801,,,,,,,,,,,,,,,,,,,,,,,,,,,,,
,1.6094271405406858e-07,1.6094271405406859e-06,3.2188542810813717e-07,1.6094271405406858e-08,22859,,,,,,,,,,,,,,,,,,,,,,,,,,,,,,,,,,,,,,,,,,,,
,1.6094271405406858e-07,1.6094271405406859e-06,3.2188542810813717e-07,1.6094271405406858e-08,22859,,,,,,,,,,,,,,,,,,,,,,,,,,,,,,,,,,,,,,,,,,,,
11,,,,,22859,,,,,0.46363723278045654,,0.011317921802401543,,1.3013238906860352,,1.7993706933339126e-06,,,0.005658061243593693,1.776279091835022,,,,,,,,,,,,,,,,,,,,,,,,,,,,,
,1.5882733907750458e-07,1.5882733907750459e-06,3.1765467815500916e-07,1.5882733907750458e-08,22879,,,,,,,,,,,,,,,,,,,,,,,,,,,,,,,,,,,,,,,,,,,,
,1.5882733907750458e-07,1.5882733907750459e-06,3.1765467815500916e-07,1.5882733907750458e-08,22879,,,,,,,,,,,,,,,,,,,,,,,,,,,,,,,,,,,,,,,,,,,,
11,,,,,22879,,,,,0.811916708946228,,0.005971736274659634,,3.1240592002868652,,2.3787374914263637e-07,,,0.0029857491608709097,3.9419474601745605,,,,,,,,,,,,,,,,,,,,,,,,,,,,,
,1.5674910930613387e-07,1.5674910930613385e-06,3.1349821861226775e-07,1.5674910930613385e-08,22899,,,,,,,,,,,,,,,,,,,,,,,,,,,,,,,,,,,,,,,,,,,,
,1.5674910930613387e-07,1.5674910930613385e-06,3.1349821861226775e-07,1.5674910930613385e-08,22899,,,,,,,,,,,,,,,,,,,,,,,,,,,,,,,,,,,,,,,,,,,,
11,,,,,22899,,,,,0.3004177510738373,,0.04993301257491112,,1.0826998949050903,,9.968927088266355e-07,,,0.024966007098555565,1.4330506324768066,,,,,,,,,,,,,,,,,,,,,,,,,,,,,
,1.5470804052273098e-07,1.5470804052273097e-06,3.0941608104546195e-07,1.5470804052273097e-08,22919,,,,,,,,,,,,,,,,,,,,,,,,,,,,,,,,,,,,,,,,,,,,
,1.5470804052273098e-07,1.5470804052273097e-06,3.0941608104546195e-07,1.5470804052273097e-08,22919,,,,,,,,,,,,,,,,,,,,,,,,,,,,,,,,,,,,,,,,,,,,
11,,,,,22919,,,,,0.5869496464729309,,0.035283178091049194,,1.9778881072998047,,3.659556568891276e-08,,,0.017641570419073105,2.600120782852173,,,,,,,,,,,,,,,,,,,,,,,,,,,,,
,1.527041482278568e-07,1.527041482278568e-06,3.054082964557136e-07,1.527041482278568e-08,22939,,,,,,,,,,,,,,,,,,,,,,,,,,,,,,,,,,,,,,,,,,,,
,1.527041482278568e-07,1.527041482278568e-06,3.054082964557136e-07,1.527041482278568e-08,22939,,,,,,,,,,,,,,,,,,,,,,,,,,,,,,,,,,,,,,,,,,,,
11,,,,,22939,,,,,0.5100136399269104,,0.0006641359068453312,,8.845379829406738,,2.904650386881258e-08,,,0.0003320534306112677,9.356057167053223,,,,,,,,,,,,,,,,,,,,,,,,,,,,,
,1.5073744763974116e-07,1.5073744763974115e-06,3.014748952794823e-07,1.5073744763974112e-08,22959,,,,,,,,,,,,,,,,,,,,,,,,,,,,,,,,,,,,,,,,,,,,
,1.5073744763974116e-07,1.5073744763974115e-06,3.014748952794823e-07,1.5073744763974112e-08,22959,,,,,,,,,,,,,,,,,,,,,,,,,,,,,,,,,,,,,,,,,,,,
11,,,,,22959,,,,,0.9701720476150513,,0.017585499212145805,,3.3385586738586426,,4.555684427032247e-06,,,0.008790471591055393,4.3263163566589355,,,,,,,,,,,,,,,,,,,,,,,,,,,,,
,1.4880795369416667e-07,1.4880795369416665e-06,2.9761590738833334e-07,1.4880795369416663e-08,22979,,,,,,,,,,,,,,,,,,,,,,,,,,,,,,,,,,,,,,,,,,,,
,1.4880795369416667e-07,1.4880795369416665e-06,2.9761590738833334e-07,1.4880795369416663e-08,22979,,,,,,,,,,,,,,,,,,,,,,,,,,,,,,,,,,,,,,,,,,,,
11,,,,,22979,,,,,0.43074774742126465,,0.022957641631364822,,1.4728174209594727,,5.742822963838989e-07,,,0.01147853396832943,1.9265228509902954,,,,,,,,,,,,,,,,,,,,,,,,,,,,,
,1.4691568104435898e-07,1.4691568104435898e-06,2.9383136208871796e-07,1.4691568104435895e-08,22999,,,,,,,,,,,,,,,,,,,,,,,,,,,,,,,,,,,,,,,,,,,,
,1.4691568104435898e-07,1.4691568104435898e-06,2.9383136208871796e-07,1.4691568104435895e-08,22999,,,,,,,,,,,,,,,,,,,,,,,,,,,,,,,,,,,,,,,,,,,,
11,,,,,22999,,,,,0.676339328289032,,0.020706651732325554,,2.936993360519409,,7.383974320873676e-07,,,0.01035295706242323,3.6340394020080566,,,,,,,,,,,,,,,,,,,,,,,,,,,,,
,1.4506064406087018e-07,1.4506064406087018e-06,2.9012128812174036e-07,1.4506064406087017e-08,23019,,,,,,,,,,,,,,,,,,,,,,,,,,,,,,,,,,,,,,,,,,,,
,1.4506064406087018e-07,1.4506064406087018e-06,2.9012128812174036e-07,1.4506064406087017e-08,23019,,,,,,,,,,,,,,,,,,,,,,,,,,,,,,,,,,,,,,,,,,,,
11,,,,,23019,,,,,0.45545312762260437,,0.03489365428686142,,1.1523411273956299,,5.6998644140549004e-05,,,0.017418328672647476,1.6426879167556763,,,,,,,,,,,,,,,,,,,,,,,,,,,,,
,1.432428568314728e-07,1.432428568314728e-06,2.864857136629456e-07,1.4324285683147278e-08,23039,,,,,,,,,,,,,,,,,,,,,,,,,,,,,,,,,,,,,,,,,,,,
,1.432428568314728e-07,1.432428568314728e-06,2.864857136629456e-07,1.4324285683147278e-08,23039,,,,,,,,,,,,,,,,,,,,,,,,,,,,,,,,,,,,,,,,,,,,
11,,,,,23039,,,,,0.6660717725753784,,0.03472995385527611,,2.467115879058838,,5.00482030929561e-07,,,0.017364727333188057,3.1679177284240723,,,,,,,,,,,,,,,,,,,,,,,,,,,,,
,1.4146233316105311e-07,1.414623331610531e-06,2.8292466632210623e-07,1.4146233316105309e-08,23059,,,,,,,,,,,,,,,,,,,,,,,,,,,,,,,,,,,,,,,,,,,,
,1.4146233316105311e-07,1.414623331610531e-06,2.8292466632210623e-07,1.4146233316105309e-08,23059,,,,,,,,,,,,,,,,,,,,,,,,,,,,,,,,,,,,,,,,,,,,
11,,,,,23059,,,,,0.5930342078208923,,0.06087634712457657,,3.1091203689575195,,0.0007274925010278821,,,0.030074428766965866,3.763031005859375,,,,,,,,,,,,,,,,,,,,,,,,,,,,,
,1.397190865715051e-07,1.397190865715051e-06,2.794381731430102e-07,1.3971908657150509e-08,23079,,,,,,,,,,,,,,,,,,,,,,,,,,,,,,,,,,,,,,,,,,,,
,1.397190865715051e-07,1.397190865715051e-06,2.794381731430102e-07,1.3971908657150509e-08,23079,,,,,,,,,,,,,,,,,,,,,,,,,,,,,,,,,,,,,,,,,,,,
11,,,,,23079,,,,,0.7851560115814209,,0.02252144366502762,,3.8160901069641113,,1.462301952415146e-06,,,0.011259990744292736,4.623767852783203,,,,,,,,,,,,,,,,,,,,,,,,,,,,,
,1.380131303016272e-07,1.3801313030162718e-06,2.760262606032544e-07,1.3801313030162717e-08,23099,,,,,,,,,,,,,,,,,,,,,,,,,,,,,,,,,,,,,,,,,,,,
,1.380131303016272e-07,1.3801313030162718e-06,2.760262606032544e-07,1.3801313030162717e-08,23099,,,,,,,,,,,,,,,,,,,,,,,,,,,,,,,,,,,,,,,,,,,,
11,,,,,23099,,,,,1.1231576204299927,,0.0255583543330431,,4.848633766174316,,8.21374669612851e-06,,,0.012775070033967495,5.997349739074707,,,,,,,,,,,,,,,,,,,,,,,,,,,,,
,1.363444773070238e-07,1.3634447730702381e-06,2.726889546140476e-07,1.3634447730702379e-08,23119,,,,,,,,,,,,,,,,,,,,,,,,,,,,,,,,,,,,,,,,,,,,
,1.363444773070238e-07,1.3634447730702381e-06,2.726889546140476e-07,1.3634447730702379e-08,23119,,,,,,,,,,,,,,,,,,,,,,,,,,,,,,,,,,,,,,,,,,,,
11,,,,,23119,,,,,0.569970428943634,,0.040208443999290466,,2.1953346729278564,,0.0036745977122336626,,,0.01826692372560501,2.805513381958008,,,,,,,,,,,,,,,,,,,,,,,,,,,,,
,1.3471314026000486e-07,1.3471314026000485e-06,2.6942628052000973e-07,1.3471314026000485e-08,23139,,,,,,,,,,,,,,,,,,,,,,,,,,,,,,,,,,,,,,,,,,,,
,1.3471314026000486e-07,1.3471314026000485e-06,2.6942628052000973e-07,1.3471314026000485e-08,23139,,,,,,,,,,,,,,,,,,,,,,,,,,,,,,,,,,,,,,,,,,,,
11,,,,,23139,,,,,0.474368691444397,,0.03792966529726982,,1.2700719833374023,,2.4783727070598616e-08,,,0.018964821472764015,1.7823703289031982,,,,,,,,,,,,,,,,,,,,,,,,,,,,,
,1.331191315494912e-07,1.331191315494912e-06,2.662382630989824e-07,1.331191315494912e-08,23159,,,,,,,,,,,,,,,,,,,,,,,,,,,,,,,,,,,,,,,,,,,,
,1.331191315494912e-07,1.331191315494912e-06,2.662382630989824e-07,1.331191315494912e-08,23159,,,,,,,,,,,,,,,,,,,,,,,,,,,,,,,,,,,,,,,,,,,,
11,,,,,23159,,,,,0.6997401118278503,,0.024048596620559692,,2.197357416152954,,2.2513848563221472e-08,,,0.01202428713440895,2.9211461544036865,,,,,,,,,,,,,,,,,,,,,,,,,,,,,
,1.3156246328091952e-07,1.315624632809195e-06,2.6312492656183904e-07,1.315624632809195e-08,23179,,,,,,,,,,,,,,,,,,,,,,,,,,,,,,,,,,,,,,,,,,,,
,1.3156246328091952e-07,1.315624632809195e-06,2.6312492656183904e-07,1.315624632809195e-08,23179,,,,,,,,,,,,,,,,,,,,,,,,,,,,,,,,,,,,,,,,,,,,
11,,,,,23179,,,,,0.7384030818939209,,0.021835606545209885,,3.54050350189209,,3.056535206269473e-05,,,0.010902520269155502,4.300742149353027,,,,,,,,,,,,,,,,,,,,,,,,,,,,,
,1.3004314727615008e-07,1.3004314727615007e-06,2.6008629455230016e-07,1.3004314727615006e-08,23199,,,,,,,,,,,,,,,,,,,,,,,,,,,,,,,,,,,,,,,,,,,,
,1.3004314727615008e-07,1.3004314727615007e-06,2.6008629455230016e-07,1.3004314727615006e-08,23199,,,,,,,,,,,,,,,,,,,,,,,,,,,,,,,,,,,,,,,,,,,,
11,,,,,23199,,,,,0.5768674612045288,,0.04840269684791565,,2.2553110122680664,,4.871023406849417e-07,,,0.024201106280088425,2.8805813789367676,,,,,,,,,,,,,,,,,,,,,,,,,,,,,
,1.2856119507337865e-07,1.2856119507337865e-06,2.571223901467573e-07,1.2856119507337864e-08,23219,,,,,,,,,,,,,,,,,,,,,,,,,,,,,,,,,,,,,,,,,,,,
,1.2856119507337865e-07,1.2856119507337865e-06,2.571223901467573e-07,1.2856119507337864e-08,23219,,,,,,,,,,,,,,,,,,,,,,,,,,,,,,,,,,,,,,,,,,,,
11,,,,,23219,,,,,0.6710165143013,,0.041868627071380615,,1.930259108543396,,0.0003238630888517946,,,0.020772382616996765,2.643144130706787,,,,,,,,,,,,,,,,,,,,,,,,,,,,,
,1.2711661792704723e-07,1.2711661792704723e-06,2.5423323585409445e-07,1.2711661792704722e-08,23239,,,,,,,,,,,,,,,,,,,,,,,,,,,,,,,,,,,,,,,,,,,,
,1.2711661792704723e-07,1.2711661792704723e-06,2.5423323585409445e-07,1.2711661792704722e-08,23239,,,,,,,,,,,,,,,,,,,,,,,,,,,,,,,,,,,,,,,,,,,,
11,,,,,23239,,,,,0.36233532428741455,,0.01528149377554655,,4.9459123611450195,,5.7558485423214734e-05,,,0.007611967623233795,5.323529243469238,,,,,,,,,,,,,,,,,,,,,,,,,,,,,
,1.2570942680775845e-07,1.2570942680775846e-06,2.514188536155169e-07,1.2570942680775845e-08,23259,,,,,,,,,,,,,,,,,,,,,,,,,,,,,,,,,,,,,,,,,,,,
,1.2570942680775845e-07,1.2570942680775846e-06,2.514188536155169e-07,1.2570942680775845e-08,23259,,,,,,,,,,,,,,,,,,,,,,,,,,,,,,,,,,,,,,,,,,,,
11,,,,,23259,,,,,0.9846179485321045,,0.034106772392988205,,3.218604326248169,,8.339392479683738e-06,,,0.017049215734004974,4.237329006195068,,,,,,,,,,,,,,,,,,,,,,,,,,,,,
,1.243396324021935e-07,1.243396324021935e-06,2.48679264804387e-07,1.2433963240219348e-08,23279,,,,,,,,,,,,,,,,,,,,,,,,,,,,,,,,,,,,,,,,,,,,
,1.243396324021935e-07,1.243396324021935e-06,2.48679264804387e-07,1.2433963240219348e-08,23279,,,,,,,,,,,,,,,,,,,,,,,,,,,,,,,,,,,,,,,,,,,,
11,,,,,23279,,,,,0.5138468146324158,,0.082461416721344,,1.9683201313018799,,0.006392158567905426,,,0.038034629076719284,2.5646283626556396,,,,,,,,,,,,,,,,,,,,,,,,,,,,,
,1.2300724511303112e-07,1.2300724511303111e-06,2.4601449022606224e-07,1.230072451130311e-08,23299,,,,,,,,,,,,,,,,,,,,,,,,,,,,,,,,,,,,,,,,,,,,
,1.2300724511303112e-07,1.2300724511303111e-06,2.4601449022606224e-07,1.230072451130311e-08,23299,,,,,,,,,,,,,,,,,,,,,,,,,,,,,,,,,,,,,,,,,,,,
11,,,,,23299,,,,,0.4465433359146118,,0.03493756800889969,,1.5542280673980713,,1.4225481208995916e-05,,,0.01746167242527008,2.0357089042663574,,,,,,,,,,,,,,,,,,,,,,,,,,,,,
,1.217122750588664e-07,1.2171227505886639e-06,2.434245501177328e-07,1.2171227505886637e-08,23319,,,,,,,,,,,,,,,,,,,,,,,,,,,,,,,,,,,,,,,,,,,,
,1.217122750588664e-07,1.2171227505886639e-06,2.434245501177328e-07,1.2171227505886637e-08,23319,,,,,,,,,,,,,,,,,,,,,,,,,,,,,,,,,,,,,,,,,,,,
11,,,,,23319,,,,,0.8166093826293945,,0.037011127918958664,,3.944991111755371,,7.954145644362143e-07,,,0.018505167216062546,4.798611640930176,,,,,,,,,,,,,,,,,,,,,,,,,,,,,
,1.2045473207413646e-07,1.2045473207413647e-06,2.409094641482729e-07,1.2045473207413646e-08,23339,,,,,,,,,,,,,,,,,,,,,,,,,,,,,,,,,,,,,,,,,,,,
,1.2045473207413646e-07,1.2045473207413647e-06,2.409094641482729e-07,1.2045473207413646e-08,23339,,,,,,,,,,,,,,,,,,,,,,,,,,,,,,,,,,,,,,,,,,,,
11,,,,,23339,,,,,0.4574199914932251,,0.018237482756376266,,1.9072293043136597,,7.85515658208169e-05,,,0.00907946564257145,2.3828868865966797,,,,,,,,,,,,,,,,,,,,,,,,,,,,,
,1.1923462570904425e-07,1.1923462570904423e-06,2.384692514180885e-07,1.1923462570904424e-08,23359,,,,,,,,,,,,,,,,,,,,,,,,,,,,,,,,,,,,,,,,,,,,
,1.1923462570904425e-07,1.1923462570904423e-06,2.384692514180885e-07,1.1923462570904424e-08,23359,,,,,,,,,,,,,,,,,,,,,,,,,,,,,,,,,,,,,,,,,,,,
11,,,,,23359,,,,,0.8043295741081238,,0.02582741342484951,,3.0770630836486816,,1.7574859612068394e-07,,,0.012913619168102741,3.9072201251983643,,,,,,,,,,,,,,,,,,,,,,,,,,,,,
,1.1805196522948686e-07,1.1805196522948686e-06,2.3610393045897371e-07,1.1805196522948684e-08,23379,,,,,,,,,,,,,,,,,,,,,,,,,,,,,,,,,,,,,,,,,,,,
,1.1805196522948686e-07,1.1805196522948686e-06,2.3610393045897371e-07,1.1805196522948684e-08,23379,,,,,,,,,,,,,,,,,,,,,,,,,,,,,,,,,,,,,,,,,,,,
11,,,,,23379,,,,,0.387042760848999,,0.02571052312850952,,1.25106680393219,,3.385926561350061e-07,,,0.012855092994868755,1.6638200283050537,,,,,,,,,,,,,,,,,,,,,,,,,,,,,
,1.1690675961698428e-07,1.1690675961698427e-06,2.3381351923396856e-07,1.1690675961698427e-08,23399,,,,,,,,,,,,,,,,,,,,,,,,,,,,,,,,,,,,,,,,,,,,
,1.1690675961698428e-07,1.1690675961698427e-06,2.3381351923396856e-07,1.1690675961698427e-08,23399,,,,,,,,,,,,,,,,,,,,,,,,,,,,,,,,,,,,,,,,,,,,
11,,,,,23399,,,,,0.44157570600509644,,0.008589310571551323,,1.6910035610198975,,3.913837076652271e-07,,,0.004294459708034992,2.1411685943603516,,,,,,,,,,,,,,,,,,,,,,,,,,,,,
,1.1579901756861226e-07,1.1579901756861225e-06,2.3159803513722453e-07,1.1579901756861224e-08,23419,,,,,,,,,,,,,,,,,,,,,,,,,,,,,,,,,,,,,,,,,,,,
,1.1579901756861226e-07,1.1579901756861225e-06,2.3159803513722453e-07,1.1579901756861224e-08,23419,,,,,,,,,,,,,,,,,,,,,,,,,,,,,,,,,,,,,,,,,,,,
11,,,,,23419,,,,,0.7635190486907959,,0.026314903050661087,,2.772327423095703,,7.160010864026845e-05,,,0.0131216524168849,3.562161445617676,,,,,,,,,,,,,,,,,,,,,,,,,,,,,
,1.1472874749693422e-07,1.1472874749693423e-06,2.2945749499386844e-07,1.147287474969342e-08,23439,,,,,,,,,,,,,,,,,,,,,,,,,,,,,,,,,,,,,,,,,,,,
,1.1472874749693422e-07,1.1472874749693423e-06,2.2945749499386844e-07,1.147287474969342e-08,23439,,,,,,,,,,,,,,,,,,,,,,,,,,,,,,,,,,,,,,,,,,,,
11,,,,,23439,,,,,0.2427266538143158,,0.02170373871922493,,1.063427448272705,,0.00015761866234242916,,,0.010773059912025928,1.3278578519821167,,,,,,,,,,,,,,,,,,,,,,,,,,,,,
,1.136959575299413e-07,1.1369595752994129e-06,2.273919150598826e-07,1.1369595752994129e-08,23459,,,,,,,,,,,,,,,,,,,,,,,,,,,,,,,,,,,,,,,,,,,,
,1.136959575299413e-07,1.1369595752994129e-06,2.273919150598826e-07,1.1369595752994129e-08,23459,,,,,,,,,,,,,,,,,,,,,,,,,,,,,,,,,,,,,,,,,,,,
11,,,,,23459,,,,,0.5030689835548401,,0.008295034058392048,,1.9057685136795044,,2.6085150039989458e-08,,,0.004147503990679979,2.417132616043091,,,,,,,,,,,,,,,,,,,,,,,,,,,,,
,1.1270065551098691e-07,1.127006555109869e-06,2.2540131102197382e-07,1.1270065551098689e-08,23479,,,,,,,,,,,,,,,,,,,,,,,,,,,,,,,,,,,,,,,,,,,,
,1.1270065551098691e-07,1.127006555109869e-06,2.2540131102197382e-07,1.1270065551098689e-08,23479,,,,,,,,,,,,,,,,,,,,,,,,,,,,,,,,,,,,,,,,,,,,
11,,,,,23479,,,,,0.6239147782325745,,0.06918680667877197,,2.302324056625366,,0.00013151598977856338,,,0.03452764451503754,2.9954257011413574,,,,,,,,,,,,,,,,,,,,,,,,,,,,,
,1.1174284899872701e-07,1.11742848998727e-06,2.2348569799745401e-07,1.11742848998727e-08,23499,,,,,,,,,,,,,,,,,,,,,,,,,,,,,,,,,,,,,,,,,,,,
,1.1174284899872701e-07,1.11742848998727e-06,2.2348569799745401e-07,1.11742848998727e-08,23499,,,,,,,,,,,,,,,,,,,,,,,,,,,,,,,,,,,,,,,,,,,,
11,,,,,23499,,,,,0.48243993520736694,,0.03298787400126457,,2.0526857376098633,,0.00013324437895789742,,,0.016427313908934593,2.5681135654449463,,,,,,,,,,,,,,,,,,,,,,,,,,,,,
,1.1082254526706606e-07,1.1082254526706606e-06,2.2164509053413213e-07,1.1082254526706604e-08,23519,,,,,,,,,,,,,,,,,,,,,,,,,,,,,,,,,,,,,,,,,,,,
,1.1082254526706606e-07,1.1082254526706606e-06,2.2164509053413213e-07,1.1082254526706604e-08,23519,,,,,,,,,,,,,,,,,,,,,,,,,,,,,,,,,,,,,,,,,,,,
11,,,,,23519,,,,,0.5211784839630127,,0.026067448779940605,,1.9032808542251587,,0.0029895040206611156,,,0.011538972146809101,2.450526714324951,,,,,,,,,,,,,,,,,,,,,,,,,,,,,
,1.099397513050994e-07,1.099397513050994e-06,2.198795026101988e-07,1.099397513050994e-08,23539,,,,,,,,,,,,,,,,,,,,,,,,,,,,,,,,,,,,,,,,,,,,
,1.099397513050994e-07,1.099397513050994e-06,2.198795026101988e-07,1.099397513050994e-08,23539,,,,,,,,,,,,,,,,,,,,,,,,,,,,,,,,,,,,,,,,,,,,
11,,,,,23539,,,,,0.9471189379692078,,0.018275287002325058,,3.4646754264831543,,2.678119983556826e-07,,,0.009137509390711784,4.430069446563721,,,,,,,,,,,,,,,,,,,,,,,,,,,,,
,1.0909447381705996e-07,1.0909447381705997e-06,2.1818894763411993e-07,1.0909447381705995e-08,23559,,,,,,,,,,,,,,,,,,,,,,,,,,,,,,,,,,,,,,,,,,,,
,1.0909447381705996e-07,1.0909447381705997e-06,2.1818894763411993e-07,1.0909447381705995e-08,23559,,,,,,,,,,,,,,,,,,,,,,,,,,,,,,,,,,,,,,,,,,,,
11,,,,,23559,,,,,0.6927242875099182,,0.00825167540460825,,2.87906551361084,,0.00033864635042846203,,,0.003956514410674572,3.5800414085388184,,,,,,,,,,,,,,,,,,,,,,,,,,,,,
,1.0828671922226877e-07,1.0828671922226878e-06,2.1657343844453755e-07,1.0828671922226876e-08,23579,,,,,,,,,,,,,,,,,,,,,,,,,,,,,,,,,,,,,,,,,,,,
,1.0828671922226877e-07,1.0828671922226878e-06,2.1657343844453755e-07,1.0828671922226876e-08,23579,,,,,,,,,,,,,,,,,,,,,,,,,,,,,,,,,,,,,,,,,,,,
11,,,,,23579,,,,,0.39733201265335083,,0.033589426428079605,,1.178350806236267,,3.04993932331854e-07,,,0.016794560477137566,1.6092722415924072,,,,,,,,,,,,,,,,,,,,,,,,,,,,,
,1.0751649365508494e-07,1.0751649365508494e-06,2.1503298731016988e-07,1.0751649365508492e-08,23599,,,,,,,,,,,,,,,,,,,,,,,,,,,,,,,,,,,,,,,,,,,,
,1.0751649365508494e-07,1.0751649365508494e-06,2.1503298731016988e-07,1.0751649365508492e-08,23599,,,,,,,,,,,,,,,,,,,,,,,,,,,,,,,,,,,,,,,,,,,,
11,,,,,23599,,,,,0.4765733778476715,,0.0433218888938427,,1.7140088081359863,,1.7315047671218053e-06,,,0.021660078316926956,2.2339041233062744,,,,,,,,,,,,,,,,,,,,,,,,,,,,,
,1.0678380296485954e-07,1.0678380296485953e-06,2.1356760592971908e-07,1.0678380296485953e-08,23619,,,,,,,,,,,,,,,,,,,,,,,,,,,,,,,,,,,,,,,,,,,,
,1.0678380296485954e-07,1.0678380296485953e-06,2.1356760592971908e-07,1.0678380296485953e-08,23619,,,,,,,,,,,,,,,,,,,,,,,,,,,,,,,,,,,,,,,,,,,,
11,,,,,23619,,,,,0.38349828124046326,,0.027837708592414856,,1.0496466159820557,,1.8923819311567058e-07,,,0.013918759301304817,1.4609826803207397,,,,,,,,,,,,,,,,,,,,,,,,,,,,,
,1.0608865271589157e-07,1.0608865271589157e-06,2.1217730543178315e-07,1.0608865271589156e-08,23639,,,,,,,,,,,,,,,,,,,,,,,,,,,,,,,,,,,,,,,,,,,,
,1.0608865271589157e-07,1.0608865271589157e-06,2.1217730543178315e-07,1.0608865271589156e-08,23639,,,,,,,,,,,,,,,,,,,,,,,,,,,,,,,,,,,,,,,,,,,,
11,,,,,23639,,,,,0.6761399507522583,,0.02220745012164116,,1.886981725692749,,4.221429662720766e-06,,,0.0111016146838665,2.585329055786133,,,,,,,,,,,,,,,,,,,,,,,,,,,,,
,1.0543104818738461e-07,1.054310481873846e-06,2.1086209637476923e-07,1.0543104818738459e-08,23659,,,,,,,,,,,,,,,,,,,,,,,,,,,,,,,,,,,,,,,,,,,,
,1.0543104818738461e-07,1.054310481873846e-06,2.1086209637476923e-07,1.0543104818738459e-08,23659,,,,,,,,,,,,,,,,,,,,,,,,,,,,,,,,,,,,,,,,,,,,
11,,,,,23659,,,,,0.4658163785934448,,0.01592700555920601,,2.355227470397949,,1.60594645421952e-05,,,0.00795547291636467,2.836970806121826,,,,,,,,,,,,,,,,,,,,,,,,,,,,,
,1.0481099437340885e-07,1.0481099437340884e-06,2.096219887468177e-07,1.0481099437340885e-08,23679,,,,,,,,,,,,,,,,,,,,,,,,,,,,,,,,,,,,,,,,,,,,
,1.0481099437340885e-07,1.0481099437340884e-06,2.096219887468177e-07,1.0481099437340885e-08,23679,,,,,,,,,,,,,,,,,,,,,,,,,,,,,,,,,,,,,,,,,,,,
11,,,,,23679,,,,,0.43518102169036865,,0.0248214490711689,,2.0269014835357666,,0.000495551445055753,,,0.012162948027253151,2.4869041442871094,,,,,,,,,,,,,,,,,,,,,,,,,,,,,
,1.0422849598285996e-07,1.0422849598285995e-06,2.084569919657199e-07,1.0422849598285994e-08,23699,,,,,,,,,,,,,,,,,,,,,,,,,,,,,,,,,,,,,,,,,,,,
,1.0422849598285996e-07,1.0422849598285995e-06,2.084569919657199e-07,1.0422849598285994e-08,23699,,,,,,,,,,,,,,,,,,,,,,,,,,,,,,,,,,,,,,,,,,,,
11,,,,,23699,,,,,0.8174183368682861,,0.008255067281425,,4.329294681549072,,1.3708367987419479e-05,,,0.004120679572224617,5.15496826171875,,,,,,,,,,,,,,,,,,,,,,,,,,,,,
,1.0368355743942653e-07,1.0368355743942653e-06,2.0736711487885306e-07,1.0368355743942651e-08,23719,,,,,,,,,,,,,,,,,,,,,,,,,,,,,,,,,,,,,,,,,,,,
,1.0368355743942653e-07,1.0368355743942653e-06,2.0736711487885306e-07,1.0368355743942651e-08,23719,,,,,,,,,,,,,,,,,,,,,,,,,,,,,,,,,,,,,,,,,,,,
11,,,,,23719,,,,,0.5758821368217468,,0.07131566852331161,,1.9316980838775635,,0.0012695025652647018,,,0.03502308577299118,2.5788960456848145,,,,,,,,,,,,,,,,,,,,,,,,,,,,,
,1.0317618288155443e-07,1.0317618288155443e-06,2.0635236576310886e-07,1.0317618288155443e-08,23739,,,,,,,,,,,,,,,,,,,,,,,,,,,,,,,,,,,,,,,,,,,,
,1.0317618288155443e-07,1.0317618288155443e-06,2.0635236576310886e-07,1.0317618288155443e-08,23739,,,,,,,,,,,,,,,,,,,,,,,,,,,,,,,,,,,,,,,,,,,,
11,,,,,23739,,,,,0.35852083563804626,,0.006115303374826908,,1.697021722793579,,1.088760768652719e-06,,,0.0030571073293685913,2.0616579055786133,,,,,,,,,,,,,,,,,,,,,,,,,,,,,
,1.0270637616241606e-07,1.0270637616241606e-06,2.0541275232483212e-07,1.0270637616241605e-08,23759,,,,,,,,,,,,,,,,,,,,,,,,,,,,,,,,,,,,,,,,,,,,
,1.0270637616241606e-07,1.0270637616241606e-06,2.0541275232483212e-07,1.0270637616241605e-08,23759,,,,,,,,,,,,,,,,,,,,,,,,,,,,,,,,,,,,,,,,,,,,
11,,,,,23759,,,,,0.5141523480415344,,0.009225484915077686,,2.6158559322357178,,4.906700041829026e-07,,,0.004612497054040432,3.1392335891723633,,,,,,,,,,,,,,,,,,,,,,,,,,,,,
,1.0227414084988173e-07,1.0227414084988173e-06,2.0454828169976346e-07,1.0227414084988172e-08,23779,,,,,,,,,,,,,,,,,,,,,,,,,,,,,,,,,,,,,,,,,,,,
,1.0227414084988173e-07,1.0227414084988173e-06,2.0454828169976346e-07,1.0227414084988172e-08,23779,,,,,,,,,,,,,,,,,,,,,,,,,,,,,,,,,,,,,,,,,,,,
11,,,,,23779,,,,,0.13666653633117676,,0.062173210084438324,,0.8113017082214355,,8.15096209407784e-05,,,0.031045852228999138,1.010141372680664,,,,,,,,,,,,,,,,,,,,,,,,,,,,,
,1.0187948022649051e-07,1.018794802264905e-06,2.0375896045298102e-07,1.0187948022649049e-08,23799,,,,,,,,,,,,,,,,,,,,,,,,,,,,,,,,,,,,,,,,,,,,
,1.0187948022649051e-07,1.018794802264905e-06,2.0375896045298102e-07,1.0187948022649049e-08,23799,,,,,,,,,,,,,,,,,,,,,,,,,,,,,,,,,,,,,,,,,,,,
11,,,,,23799,,,,,0.9402002096176147,,0.034526098519563675,,2.9290614128112793,,2.3422277081408538e-05,,,0.017251338809728622,3.903787612915039,,,,,,,,,,,,,,,,,,,,,,,,,,,,,
,1.015223972894283e-07,1.015223972894283e-06,2.030447945788566e-07,1.0152239728942827e-08,23819,,,,,,,,,,,,,,,,,,,,,,,,,,,,,,,,,,,,,,,,,,,,
,1.015223972894283e-07,1.015223972894283e-06,2.030447945788566e-07,1.0152239728942827e-08,23819,,,,,,,,,,,,,,,,,,,,,,,,,,,,,,,,,,,,,,,,,,,,
11,,,,,23819,,,,,0.8083621263504028,,0.027295446023344994,,2.4115843772888184,,2.0373108782223426e-05,,,0.013637537136673927,3.247241973876953,,,,,,,,,,,,,,,,,,,,,,,,,,,,,
,1.0120289475050197e-07,1.0120289475050198e-06,2.0240578950100394e-07,1.0120289475050196e-08,23839,,,,,,,,,,,,,,,,,,,,,,,,,,,,,,,,,,,,,,,,,,,,
,1.0120289475050197e-07,1.0120289475050198e-06,2.0240578950100394e-07,1.0120289475050196e-08,23839,,,,,,,,,,,,,,,,,,,,,,,,,,,,,,,,,,,,,,,,,,,,
11,,,,,23839,,,,,0.4001040458679199,,0.02165517397224903,,1.9612160921096802,,2.4043367830017814e-07,,,0.01082746684551239,2.3829753398895264,,,,,,,,,,,,,,,,,,,,,,,,,,,,,
,1.0092097503612128e-07,1.0092097503612128e-06,2.0184195007224256e-07,1.0092097503612127e-08,23859,,,,,,,,,,,,,,,,,,,,,,,,,,,,,,,,,,,,,,,,,,,,
,1.0092097503612128e-07,1.0092097503612128e-06,2.0184195007224256e-07,1.0092097503612127e-08,23859,,,,,,,,,,,,,,,,,,,,,,,,,,,,,,,,,,,,,,,,,,,,
11,,,,,23859,,,,,0.5371237397193909,,0.09310746192932129,,1.8689556121826172,,7.530788934673183e-06,,,0.0465499684214592,2.4991867542266846,,,,,,,,,,,,,,,,,,,,,,,,,,,,,
,1.0067664028727844e-07,1.0067664028727844e-06,2.0135328057455687e-07,1.0067664028727844e-08,23879,,,,,,,,,,,,,,,,,,,,,,,,,,,,,,,,,,,,,,,,,,,,
,1.0067664028727844e-07,1.0067664028727844e-06,2.0135328057455687e-07,1.0067664028727844e-08,23879,,,,,,,,,,,,,,,,,,,,,,,,,,,,,,,,,,,,,,,,,,,,
11,,,,,23879,,,,,1.2079600095748901,,0.01606002263724804,,5.993395805358887,,1.9648400950700307e-07,,,0.008029913529753685,7.217415809631348,,,,,,,,,,,,,,,,,,,,,,,,,,,,,
,1.0046989235953444e-07,1.0046989235953444e-06,2.0093978471906888e-07,1.0046989235953444e-08,23899,,,,,,,,,,,,,,,,,,,,,,,,,,,,,,,,,,,,,,,,,,,,
,1.0046989235953444e-07,1.0046989235953444e-06,2.0093978471906888e-07,1.0046989235953444e-08,23899,,,,,,,,,,,,,,,,,,,,,,,,,,,,,,,,,,,,,,,,,,,,
11,,,,,23899,,,,,0.38042962551116943,,0.01716005429625511,,1.4011564254760742,,1.6982580746116582e-06,,,0.008579177781939507,1.798746109008789,,,,,,,,,,,,,,,,,,,,,,,,,,,,,
,1.0030073282300205e-07,1.0030073282300206e-06,2.006014656460041e-07,1.0030073282300204e-08,23919,,,,,,,,,,,,,,,,,,,,,,,,,,,,,,,,,,,,,,,,,,,,
,1.0030073282300205e-07,1.0030073282300206e-06,2.006014656460041e-07,1.0030073282300204e-08,23919,,,,,,,,,,,,,,,,,,,,,,,,,,,,,,,,,,,,,,,,,,,,
11,,,,,23919,,,,,0.9599961638450623,,0.019875090569257736,,3.921739101409912,,1.6883750504348427e-05,,,0.009929103776812553,4.901610374450684,,,,,,,,,,,,,,,,,,,,,,,,,,,,,
,1.0016916296233584e-07,1.0016916296233583e-06,2.003383259246717e-07,1.0016916296233583e-08,23939,,,,,,,,,,,,,,,,,,,,,,,,,,,,,,,,,,,,,,,,,,,,
,1.0016916296233584e-07,1.0016916296233583e-06,2.003383259246717e-07,1.0016916296233583e-08,23939,,,,,,,,,,,,,,,,,,,,,,,,,,,,,,,,,,,,,,,,,,,,
11,,,,,23939,,,,,0.2936444878578186,,0.01399252749979496,,1.5569573640823364,,4.7493085730820894e-06,,,0.0069938888773322105,1.8645944595336914,,,,,,,,,,,,,,,,,,,,,,,,,,,,,
,1.0007518377672014e-07,1.0007518377672015e-06,2.0015036755344027e-07,1.0007518377672013e-08,23959,,,,,,,,,,,,,,,,,,,,,,,,,,,,,,,,,,,,,,,,,,,,
,1.0007518377672014e-07,1.0007518377672015e-06,2.0015036755344027e-07,1.0007518377672013e-08,23959,,,,,,,,,,,,,,,,,,,,,,,,,,,,,,,,,,,,,,,,,,,,
11,,,,,23959,,,,,0.64668208360672,,0.056385062634944916,,2.023514747619629,,0.00014285418728832155,,,0.0281211044639349,2.7265818119049072,,,,,,,,,,,,,,,,,,,,,,,,,,,,,
,1.0001879597986574e-07,1.0001879597986574e-06,2.0003759195973148e-07,1.0001879597986573e-08,23979,,,,,,,,,,,,,,,,,,,,,,,,,,,,,,,,,,,,,,,,,,,,
,1.0001879597986574e-07,1.0001879597986574e-06,2.0003759195973148e-07,1.0001879597986573e-08,23979,,,,,,,,,,,,,,,,,,,,,,,,,,,,,,,,,,,,,,,,,,,,
11,,,,,23979,,,,,1.253306269645691,,0.019279219210147858,,3.9679102897644043,,0.002836186671629548,,,0.008221516385674477,5.240495681762695,,,,,,,,,,,,,,,,,,,,,,,,,,,,,
,1.0000000000000001e-07,1.0000000000000002e-06,2.0000000000000002e-07,1e-08,23999,,,,,,,,,,,,,,,,,,,,,,,,,,,,,,,,,,,,,,,,,,,,
,1.0000000000000001e-07,1.0000000000000002e-06,2.0000000000000002e-07,1e-08,23999,,,,,,,,,,,,,,,,,,,,,,,,,,,,,,,,,,,,,,,,,,,,
11,,,,,23999,,,,,0.7150494456291199,,0.029311373829841614,,2.525325059890747,,0.0015049476642161608,,,0.013903212733566761,3.269685983657837,,,,,,,,,,,,,,,,,,,,,,,,,,,,,
11,,,,,23999,,,,,,,,,,,,,,,,,,,0.0,4800.0,22.53534698486328,21.722412109375,46.750732421875,0.13958333432674408,0.2058333307504654,0.2581250071525574,0.22923126816749573,0.06590259820222855,0.15823006629943848,0.005098545458167791,5.0,4800.0,0.0,0.0,5.0,4800.0,670.0,988.0,1239.0,1.0,1.0,5.0,0.7597228288650513,0.7597228288650513
11,,,,,23999,12.855024337768555,20.8203125,1.0,0.6263786554336548,,0.027587899938225746,,2.4600746631622314,,0.0004395329160615802,,3.114043951034546,0.013574189506471157,,,0.028658784925937653,3.0,7830.0,,,,,,,,,,,,,,,,,,,,,,,,,,
